patient_id,visit,date,age,hba1c,glucose,bmi,systolic_bp,diastolic_bp,conditions,progression
REAL-0001,1,2019-03-06,50,5.034,148.33,33.32,108.89,70.78,none,1
REAL-0001,2,2019-09-02,50,5.196,148.0,33.6,97.81,74.8,none,1
REAL-0001,3,2020-02-29,50,5.213,155.08,33.71,97.95,77.49,none,1
REAL-0001,4,2020-08-27,50,5.105,145.6,34.15,100.66,74.11,none,1
REAL-0002,1,2019-02-27,31,3.5,87.7,27.35,102.42,66.05,none,0
REAL-0002,2,2019-08-27,31,3.5,85.0,26.6,97.53,64.64,none,0
REAL-0002,3,2020-02-23,31,3.679,86.97,27.52,96.43,64.92,none,0
REAL-0002,4,2020-08-21,31,3.515,84.35,26.58,96.37,63.63,none,0
REAL-0003,1,2019-03-04,32,6.708,185.89,23.09,89.95,63.44,none,1
REAL-0003,2,2019-09-01,32,6.737,183.0,23.3,94.71,63.76,none,1
REAL-0003,3,2020-02-28,32,6.882,183.1,23.17,96.82,65.59,none,1
REAL-0003,4,2020-08-26,32,6.706,186.51,23.32,94.46,66.85,none,1
REAL-0004,1,2019-02-27,21,3.61,92.85,28.55,98.62,61.14,none,0
REAL-0004,2,2019-08-24,21,3.5,89.0,28.1,99.07,68.44,none,0
REAL-0004,3,2020-02-20,21,3.572,89.22,28.21,99.8,71.9,none,0
REAL-0004,4,2020-08-18,21,3.5,88.53,28.6,99.43,66.7,none,0
REAL-0005,1,2019-02-27,33,4.879,135.38,43.98,76.79,38.83,none,1
REAL-0005,2,2019-08-29,33,4.997,137.0,43.1,73.38,39.03,none,1
REAL-0005,3,2020-02-25,33,4.807,138.8,43.4,80.0,40.06,none,1
REAL-0005,4,2020-08-23,33,4.95,138.73,43.14,80.0,41.09,none,1
REAL-0006,1,2019-03-04,30,4.101,116.05,25.35,106.82,73.69,none,0
REAL-0006,2,2019-08-28,30,4.065,116.0,25.6,96.31,70.48,none,0
REAL-0006,3,2020-02-24,30,4.226,118.52,25.69,98.12,70.32,none,0
REAL-0006,4,2020-08-22,30,4.028,115.23,25.21,96.51,72.8,none,0
REAL-0007,1,2019-03-04,26,3.5,75.3,31.06,85.95,50.36,none,1
REAL-0007,2,2019-08-27,26,3.5,78.0,31.0,76.53,48.28,none,1
REAL-0007,3,2020-02-23,26,3.5,77.08,30.74,80.0,45.65,none,1
REAL-0007,4,2020-08-21,26,3.556,77.41,30.48,80.0,48.74,none,1
REAL-0008,1,2019-02-28,29,4.474,123.15,36.41,66.14,36.23,none,0
REAL-0008,2,2019-08-29,29,4.157,115.0,35.3,28.21,-2.33,none,0
REAL-0008,3,2020-02-25,29,4.073,117.33,34.86,80.0,40.0,none,0
REAL-0008,4,2020-08-23,29,4.142,112.67,35.41,80.0,40.0,none,0
REAL-0009,1,2019-02-26,53,7.027,196.68,30.46,95.61,74.25,none,1
REAL-0009,2,2019-09-02,53,7.264,197.0,30.5,95.58,71.28,none,1
REAL-0009,3,2020-02-29,53,7.272,200.62,30.48,97.23,69.87,none,1
REAL-0009,4,2020-08-27,53,7.147,199.7,30.75,94.51,74.62,none,1
REAL-0010,1,2019-02-26,54,4.516,124.12,15.0,122.71,96.43,hypertension,1
REAL-0010,2,2019-08-31,54,4.462,125.0,0.0,122.81,96.61,hypertension,1
REAL-0010,3,2020-02-27,54,4.561,124.27,15.0,122.32,95.21,hypertension,1
REAL-0010,4,2020-08-25,54,4.405,124.95,15.0,122.41,97.22,hypertension,1
REAL-0011,1,2019-02-27,30,3.588,109.91,38.42,114.73,92.42,hypertension,0
REAL-0011,2,2019-08-26,30,3.948,110.0,37.6,125.64,88.54,hypertension,0
REAL-0011,3,2020-02-22,30,4.076,111.93,37.58,126.09,86.24,hypertension,0
REAL-0011,4,2020-08-20,30,3.96,110.09,37.37,125.59,87.71,hypertension,0
REAL-0012,1,2019-03-05,34,6.11,166.86,36.5,99.76,71.2,none,1
REAL-0012,2,2019-09-02,34,5.917,168.0,38.0,107.82,69.66,none,1
REAL-0012,3,2020-02-29,34,5.782,167.91,38.09,105.99,70.7,none,1
REAL-0012,4,2020-08-27,34,5.924,167.11,38.44,111.12,69.67,none,1
REAL-0013,1,2019-03-01,57,4.884,133.87,27.38,110.19,73.72,none,0
REAL-0013,2,2019-08-26,57,4.872,139.0,27.1,111.07,78.07,none,0
REAL-0013,3,2020-02-22,57,4.83,141.63,26.88,110.11,77.84,none,0
REAL-0013,4,2020-08-20,57,4.795,140.98,26.98,108.24,77.27,none,0
REAL-0014,1,2019-03-01,59,6.935,190.13,30.28,87.7,57.67,none,1
REAL-0014,2,2019-09-01,59,6.894,189.0,30.1,96.93,51.57,none,1
REAL-0014,3,2020-02-28,59,6.763,186.76,29.88,99.13,53.09,none,1
REAL-0014,4,2020-08-26,59,6.855,186.24,30.19,96.07,51.61,none,1
REAL-0015,1,2019-02-26,51,6.124,171.82,26.4,107.5,74.53,none,1
REAL-0015,2,2019-09-02,51,5.99,166.0,25.8,99.51,72.26,none,1
REAL-0015,3,2020-02-29,51,5.933,162.26,25.72,100.04,68.52,none,1
REAL-0015,4,2020-08-27,51,5.916,163.16,26.09,100.47,68.18,none,1
REAL-0016,1,2019-02-25,32,3.5,96.5,29.58,76.6,38.34,none,1
REAL-0016,2,2019-08-28,32,3.567,100.0,30.0,29.99,-6.57,none,1
REAL-0016,3,2020-02-24,32,3.5,104.67,30.17,80.0,40.0,none,1
REAL-0016,4,2020-08-22,32,3.517,106.25,30.09,80.0,40.0,none,1
REAL-0017,1,2019-03-02,31,4.563,128.47,45.45,109.66,84.69,hypertension,1
REAL-0017,2,2019-08-26,31,4.404,118.0,45.8,117.12,85.86,hypertension,1
REAL-0017,3,2020-02-22,31,4.503,120.63,45.5,118.78,83.31,hypertension,1
REAL-0017,4,2020-08-20,31,4.359,118.0,45.55,116.24,87.75,hypertension,1
REAL-0018,1,2019-02-25,31,4.097,109.0,28.55,102.4,72.29,none,1
REAL-0018,2,2019-08-26,31,3.903,107.0,29.6,106.79,75.44,none,1
REAL-0018,3,2020-02-22,31,3.899,108.04,29.29,107.61,77.18,none,1
REAL-0018,4,2020-08-20,31,3.731,115.48,29.79,100.68,79.5,none,1
REAL-0019,1,2019-02-24,33,3.54,98.58,43.88,64.66,36.76,none,0
REAL-0019,2,2019-08-24,33,3.694,103.0,43.3,56.71,27.33,none,0
REAL-0019,3,2020-02-20,33,3.687,99.19,42.84,80.0,40.0,none,0
REAL-0019,4,2020-08-18,33,3.645,101.44,43.17,80.0,40.0,none,0
REAL-0020,1,2019-02-28,32,3.95,116.82,35.27,104.81,72.15,none,1
REAL-0020,2,2019-08-31,32,4.0,115.0,34.6,98.79,68.85,none,1
REAL-0020,3,2020-02-27,32,3.996,112.65,34.8,97.56,67.34,none,1
REAL-0020,4,2020-08-25,32,3.938,113.75,34.69,99.23,70.54,none,1
REAL-0021,1,2019-02-28,27,4.55,121.8,38.13,123.67,89.67,hypertension,0
REAL-0021,2,2019-08-30,27,4.628,126.0,39.3,124.16,85.92,hypertension,0
REAL-0021,3,2020-02-26,27,4.634,123.58,39.18,123.62,80.86,hypertension,0
REAL-0021,4,2020-08-24,27,4.577,127.14,39.25,124.07,87.73,hypertension,0
REAL-0022,1,2019-02-25,50,3.597,97.95,35.56,108.2,81.28,hypertension,0
REAL-0022,2,2019-08-30,50,3.519,99.0,35.4,118.94,84.82,hypertension,0
REAL-0022,3,2020-02-26,50,3.654,97.56,35.25,119.85,82.41,hypertension,0
REAL-0022,4,2020-08-24,50,3.5,101.03,35.57,116.31,85.16,hypertension,0
REAL-0023,1,2019-03-03,41,7.419,196.53,39.63,118.19,90.02,hypertension,1
REAL-0023,2,2019-08-29,41,6.867,196.0,39.8,121.88,91.15,hypertension,1
REAL-0023,3,2020-02-25,41,6.891,195.72,40.41,123.12,90.18,hypertension,1
REAL-0023,4,2020-08-23,41,6.981,193.31,39.43,119.83,92.55,hypertension,1
REAL-0024,1,2019-03-04,29,4.294,115.54,30.21,119.22,86.25,none,1
REAL-0024,2,2019-08-28,29,4.331,119.0,29.0,110.58,80.03,none,1
REAL-0024,3,2020-02-24,29,4.398,112.6,28.94,111.26,78.26,none,1
REAL-0024,4,2020-08-22,29,4.245,118.28,29.11,110.47,79.58,none,1
REAL-0025,1,2019-03-05,51,5.068,137.26,36.34,125.8,92.89,hypertension,1
REAL-0025,2,2019-08-24,51,4.92,143.0,36.6,120.3,93.9,hypertension,1
REAL-0025,3,2020-02-20,51,4.911,144.96,37.02,117.8,96.54,hypertension,1
REAL-0025,4,2020-08-18,51,4.896,137.94,36.44,119.51,88.38,hypertension,1
REAL-0026,1,2019-03-02,41,4.33,124.15,29.47,103.49,69.31,none,1
REAL-0026,2,2019-08-28,41,4.66,125.0,31.1,96.81,69.46,none,1
REAL-0026,3,2020-02-24,41,4.616,126.75,30.88,96.18,69.98,none,1
REAL-0026,4,2020-08-22,41,4.663,126.92,30.95,96.15,70.1,none,1
REAL-0027,1,2019-03-04,43,5.552,152.76,39.96,109.31,79.66,none,1
REAL-0027,2,2019-09-02,43,5.495,147.0,39.4,102.45,73.5,none,1
REAL-0027,3,2020-02-29,43,5.536,149.81,38.86,100.58,71.99,none,1
REAL-0027,4,2020-08-27,43,5.511,148.29,39.09,104.08,73.6,none,1
REAL-0028,1,2019-02-26,22,3.5,99.12,23.02,85.37,54.5,none,0
REAL-0028,2,2019-09-02,22,3.5,97.0,23.2,98.5,60.57,none,0
REAL-0028,3,2020-02-29,22,3.573,96.58,23.65,102.08,59.42,none,0
REAL-0028,4,2020-08-27,22,3.551,93.94,22.97,96.88,62.2,none,0
REAL-0029,1,2019-03-03,57,5.279,143.74,21.28,110.03,88.44,hypertension,0
REAL-0029,2,2019-08-30,57,5.318,145.0,22.2,116.94,84.22,hypertension,0
REAL-0029,3,2020-02-26,57,5.284,143.08,22.14,119.04,85.2,hypertension,0
REAL-0029,4,2020-08-24,57,5.477,152.4,22.38,118.11,83.7,hypertension,0
REAL-0030,1,2019-02-25,38,3.685,115.97,33.81,117.31,89.16,hypertension,0
REAL-0030,2,2019-08-31,38,3.969,117.0,34.1,117.71,93.21,hypertension,0
REAL-0030,3,2020-02-27,38,3.908,114.01,33.9,116.42,94.49,hypertension,0
REAL-0030,4,2020-08-25,38,3.998,117.39,34.44,118.43,90.64,hypertension,0
REAL-0031,1,2019-03-01,60,3.944,111.42,36.19,110.22,68.04,none,0
REAL-0031,2,2019-08-26,60,3.974,109.0,36.0,103.2,76.91,none,0
REAL-0031,3,2020-02-22,60,3.857,114.45,35.91,100.54,80.3,none,0
REAL-0031,4,2020-08-20,60,3.996,108.12,36.03,104.93,76.76,none,0
REAL-0032,1,2019-02-25,28,5.639,164.87,31.89,111.58,76.98,none,1
REAL-0032,2,2019-08-24,28,5.717,158.0,31.6,102.06,80.03,none,1
REAL-0032,3,2020-02-20,28,5.72,157.68,31.26,100.63,80.0,none,1
REAL-0032,4,2020-08-18,28,5.64,155.05,31.76,99.93,79.61,none,1
REAL-0033,1,2019-02-27,22,3.5,85.8,26.06,87.7,54.73,none,0
REAL-0033,2,2019-08-29,22,3.5,88.0,24.8,93.88,61.39,none,0
REAL-0033,3,2020-02-25,22,3.5,86.73,25.04,93.67,60.72,none,0
REAL-0033,4,2020-08-23,22,3.5,89.62,25.11,93.85,62.19,none,0
REAL-0034,1,2019-02-26,28,3.5,89.56,19.19,122.3,92.68,hypertension,0
REAL-0034,2,2019-08-28,28,3.5,92.0,19.9,118.1,89.1,hypertension,0
REAL-0034,3,2020-02-24,28,3.5,87.86,19.66,117.59,91.39,hypertension,0
REAL-0034,4,2020-08-22,28,3.572,96.05,19.57,115.93,90.05,hypertension,0
REAL-0035,1,2019-03-01,45,4.695,123.29,27.81,94.13,68.69,none,0
REAL-0035,2,2019-08-26,45,4.47,122.0,27.6,104.91,76.89,none,0
REAL-0035,3,2020-02-22,45,4.484,121.82,27.89,103.14,77.83,none,0
REAL-0035,4,2020-08-20,45,4.384,118.23,27.35,107.41,78.35,none,0
REAL-0036,1,2019-02-27,33,3.591,102.16,22.9,88.28,59.06,none,0
REAL-0036,2,2019-08-26,33,3.69,103.0,24.0,87.01,60.6,none,0
REAL-0036,3,2020-02-22,33,3.725,102.55,24.2,84.21,59.67,none,0
REAL-0036,4,2020-08-20,33,3.733,107.23,23.8,88.83,61.06,none,0
REAL-0037,1,2019-02-28,35,5.032,146.09,32.68,89.36,64.75,none,0
REAL-0037,2,2019-08-24,35,4.796,138.0,33.2,105.64,77.41,none,0
REAL-0037,3,2020-02-20,35,4.835,134.07,33.03,103.66,76.65,none,0
REAL-0037,4,2020-08-18,35,4.785,138.83,33.17,103.53,75.69,none,0
REAL-0038,1,2019-02-25,46,3.756,111.68,33.28,100.84,74.66,none,1
REAL-0038,2,2019-08-27,46,3.5,102.0,32.9,106.66,80.0,none,1
REAL-0038,3,2020-02-23,46,3.6,100.96,32.39,106.88,82.79,none,1
REAL-0038,4,2020-08-21,46,3.5,107.91,32.74,106.62,79.2,none,1
REAL-0039,1,2019-03-06,27,3.5,91.98,39.0,99.87,69.93,none,1
REAL-0039,2,2019-08-25,27,3.5,90.0,38.2,92.09,64.79,none,1
REAL-0039,3,2020-02-21,27,3.5,91.3,38.25,90.44,62.49,none,1
REAL-0039,4,2020-08-19,27,3.545,88.69,38.24,92.96,67.59,none,1
REAL-0040,1,2019-02-26,56,4.125,115.11,37.41,107.03,69.31,none,1
REAL-0040,2,2019-08-29,56,3.903,111.0,37.1,103.31,72.71,none,1
REAL-0040,3,2020-02-25,56,3.946,111.88,36.75,104.61,77.49,none,1
REAL-0040,4,2020-08-23,56,3.764,107.22,37.38,103.32,75.25,none,1
REAL-0041,1,2019-02-28,26,6.431,176.94,33.88,97.77,65.85,none,0
REAL-0041,2,2019-08-31,26,6.508,180.0,34.0,93.25,58.71,none,0
REAL-0041,3,2020-02-27,26,6.469,180.48,33.39,93.09,58.73,none,0
REAL-0041,4,2020-08-25,26,6.611,179.04,34.34,96.79,56.38,none,0
REAL-0042,1,2019-02-26,37,4.907,134.09,39.35,109.79,87.13,hypertension,0
REAL-0042,2,2019-08-31,37,4.867,133.0,40.2,114.46,78.05,hypertension,0
REAL-0042,3,2020-02-27,37,4.961,131.67,40.17,112.1,80.29,hypertension,0
REAL-0042,4,2020-08-25,37,4.866,126.81,40.68,111.02,80.9,hypertension,0
REAL-0043,1,2019-02-26,48,3.856,109.23,23.03,125.48,90.82,hypertension,0
REAL-0043,2,2019-08-30,48,3.609,106.0,22.7,126.37,90.26,hypertension,0
REAL-0043,3,2020-02-26,48,3.659,104.46,22.48,124.99,91.4,hypertension,0
REAL-0043,4,2020-08-24,48,3.558,108.49,22.62,127.75,91.66,hypertension,0
REAL-0044,1,2019-02-28,54,6.165,168.96,45.63,138.08,119.32,hypertension,1
REAL-0044,2,2019-08-28,54,6.364,171.0,45.4,140.51,112.27,hypertension,1
REAL-0044,3,2020-02-24,54,6.515,172.77,45.37,142.59,111.51,hypertension,1
REAL-0044,4,2020-08-22,54,6.35,168.65,45.17,142.34,113.11,hypertension,1
REAL-0045,1,2019-03-01,40,5.523,154.92,27.0,95.26,63.26,none,0
REAL-0045,2,2019-08-25,40,5.887,159.0,27.4,87.48,68.07,none,0
REAL-0045,3,2020-02-21,40,5.975,160.98,27.97,87.65,66.16,none,0
REAL-0045,4,2020-08-19,40,5.855,154.23,27.49,84.82,68.89,none,0
REAL-0046,1,2019-03-06,25,6.513,184.35,42.01,97.74,65.92,none,1
REAL-0046,2,2019-08-25,25,6.302,180.0,42.0,102.07,68.49,none,1
REAL-0046,3,2020-02-21,25,6.198,180.05,42.42,102.14,63.07,none,1
REAL-0046,4,2020-08-19,25,6.369,176.8,41.71,99.7,72.21,none,1
REAL-0047,1,2019-03-05,29,5.284,147.23,30.78,91.29,62.15,none,0
REAL-0047,2,2019-08-23,29,5.351,146.0,29.7,87.64,56.53,none,0
REAL-0047,3,2020-02-19,29,5.332,140.38,29.38,88.99,58.88,none,0
REAL-0047,4,2020-08-17,29,5.43,142.56,29.42,88.48,56.91,none,0
REAL-0048,1,2019-03-06,22,3.5,65.68,27.83,97.36,65.57,none,0
REAL-0048,2,2019-08-30,22,3.5,71.0,28.0,95.26,74.88,none,0
REAL-0048,3,2020-02-26,22,3.594,63.92,27.8,95.23,75.15,none,0
REAL-0048,4,2020-08-24,22,3.5,69.45,28.15,93.84,74.96,none,0
REAL-0049,1,2019-03-05,31,3.851,101.54,39.96,95.07,71.25,none,1
REAL-0049,2,2019-09-02,31,3.571,103.0,39.1,98.02,67.96,none,1
REAL-0049,3,2020-02-29,31,3.586,102.57,39.21,98.43,65.57,none,1
REAL-0049,4,2020-08-27,31,3.639,105.24,39.17,97.52,68.43,none,1
REAL-0050,1,2019-02-24,24,3.784,105.54,15.0,64.36,39.91,none,0
REAL-0050,2,2019-08-24,24,3.5,105.0,0.0,34.85,1.78,none,0
REAL-0050,3,2020-02-20,24,3.5,99.23,15.0,80.0,40.0,none,0
REAL-0050,4,2020-08-18,24,3.515,107.09,15.0,80.0,40.0,none,0
REAL-0051,1,2019-02-26,22,3.742,108.79,19.38,111.15,80.9,none,0
REAL-0051,2,2019-08-26,22,3.803,103.0,19.4,114.38,81.75,none,0
REAL-0051,3,2020-02-22,22,3.901,104.17,19.53,114.02,81.98,none,0
REAL-0051,4,2020-08-20,22,3.859,106.51,19.99,111.05,86.61,none,0
REAL-0052,1,2019-03-02,26,3.633,96.85,24.16,87.72,54.52,none,0
REAL-0052,2,2019-08-26,26,3.518,101.0,24.2,84.92,44.4,none,0
REAL-0052,3,2020-02-22,26,3.605,100.52,24.37,85.58,41.69,none,0
REAL-0052,4,2020-08-20,26,3.606,101.44,24.18,86.74,43.87,none,0
REAL-0053,1,2019-02-24,30,3.5,83.15,24.73,92.89,65.53,none,0
REAL-0053,2,2019-08-28,30,3.5,88.0,24.4,98.6,68.76,none,0
REAL-0053,3,2020-02-24,30,3.503,87.09,24.65,101.22,63.51,none,0
REAL-0053,4,2020-08-22,30,3.5,85.35,24.3,99.94,67.91,none,0
REAL-0054,1,2019-03-03,58,6.408,175.14,33.2,123.13,94.02,hypertension,1
REAL-0054,2,2019-08-26,58,6.052,176.0,33.7,125.97,88.68,hypertension,1
REAL-0054,3,2020-02-22,58,5.958,179.92,33.71,127.07,84.83,hypertension,1
REAL-0054,4,2020-08-20,58,6.162,173.34,33.98,125.7,89.57,hypertension,1
REAL-0055,1,2019-02-28,42,5.449,148.36,33.63,93.39,62.63,none,0
REAL-0055,2,2019-09-02,42,5.534,150.0,34.7,90.24,62.41,none,0
REAL-0055,3,2020-02-29,42,5.593,150.36,34.83,93.51,60.09,none,0
REAL-0055,4,2020-08-27,42,5.691,153.81,35.03,90.53,62.48,none,0
REAL-0056,1,2019-03-03,21,3.5,70.18,23.66,73.1,46.84,none,0
REAL-0056,2,2019-08-25,21,3.5,73.0,23.0,74.41,49.88,none,0
REAL-0056,3,2020-02-21,21,3.5,68.38,22.7,80.0,49.55,none,0
REAL-0056,4,2020-08-19,21,3.515,75.17,23.31,80.0,51.67,none,0
REAL-0057,1,2019-03-03,41,6.426,177.47,37.08,104.7,72.29,none,1
REAL-0057,2,2019-09-01,41,6.724,187.0,37.7,100.64,68.28,none,1
REAL-0057,3,2020-02-28,41,6.781,186.01,37.63,100.26,65.9,none,1
REAL-0057,4,2020-08-26,41,6.661,194.89,37.97,101.88,68.17,none,1
REAL-0058,1,2019-03-05,31,3.745,98.49,47.22,120.55,96.26,hypertension,0
REAL-0058,2,2019-09-01,31,3.5,100.0,46.8,122.06,88.19,hypertension,0
REAL-0058,3,2020-02-28,31,3.5,100.0,46.66,119.86,87.15,hypertension,0
REAL-0058,4,2020-08-26,31,3.612,94.63,47.01,119.16,88.59,hypertension,0
REAL-0059,1,2019-03-02,44,5.438,149.96,40.28,113.89,86.44,hypertension,0
REAL-0059,2,2019-08-26,44,5.112,146.0,40.5,112.28,77.41,hypertension,0
REAL-0059,3,2020-02-22,44,5.068,139.97,40.25,111.22,76.75,hypertension,0
REAL-0059,4,2020-08-20,44,5.179,148.53,40.77,115.33,77.47,hypertension,0
REAL-0060,1,2019-03-04,22,3.5,100.48,40.68,95.94,70.79,none,0
REAL-0060,2,2019-09-01,22,3.728,105.0,41.5,89.1,62.06,none,0
REAL-0060,3,2020-02-28,22,3.702,103.41,41.47,88.88,64.87,none,0
REAL-0060,4,2020-08-26,22,3.733,102.53,41.6,87.07,61.84,none,0
REAL-0061,1,2019-03-06,21,3.5,84.77,15.0,68.95,35.21,none,0
REAL-0061,2,2019-08-29,21,3.5,84.0,0.0,28.04,-4.75,none,0
REAL-0061,3,2020-02-25,21,3.762,82.09,15.0,80.0,40.0,none,0
REAL-0061,4,2020-08-23,21,3.545,85.38,15.0,80.0,40.0,none,0
REAL-0062,1,2019-03-03,39,4.435,127.83,33.16,106.02,70.66,none,1
REAL-0062,2,2019-09-02,39,4.849,133.0,32.9,100.15,78.7,none,1
REAL-0062,3,2020-02-29,39,4.906,131.24,33.07,99.34,79.31,none,1
REAL-0062,4,2020-08-27,39,4.742,134.7,32.91,101.04,81.87,none,1
REAL-0063,1,2019-03-05,36,3.5,50.0,25.45,90.93,61.71,none,0
REAL-0063,2,2019-08-24,36,3.5,44.0,25.0,94.15,59.75,none,0
REAL-0063,3,2020-02-20,36,3.504,50.62,24.85,95.16,58.26,none,0
REAL-0063,4,2020-08-18,36,3.5,50.0,25.41,96.48,56.25,none,0
REAL-0064,1,2019-02-24,24,4.865,141.46,25.64,96.41,68.34,none,0
REAL-0064,2,2019-08-26,24,5.086,141.0,25.4,88.26,57.12,none,0
REAL-0064,3,2020-02-22,24,5.009,142.79,24.57,87.2,55.35,none,0
REAL-0064,4,2020-08-20,24,5.12,138.1,25.37,90.8,56.05,none,0
REAL-0065,1,2019-03-02,42,4.069,117.97,32.79,94.07,62.91,none,1
REAL-0065,2,2019-08-29,42,3.913,114.0,32.8,96.13,64.65,none,1
REAL-0065,3,2020-02-25,42,3.8,113.32,32.64,99.26,66.22,none,1
REAL-0065,4,2020-08-23,42,3.875,115.19,32.38,96.76,63.59,none,1
REAL-0066,1,2019-03-03,32,3.726,102.46,29.72,98.02,73.06,none,0
REAL-0066,2,2019-08-30,32,3.541,99.0,29.0,103.07,76.19,none,0
REAL-0066,3,2020-02-26,32,3.5,101.51,29.2,97.96,76.12,none,0
REAL-0066,4,2020-08-24,32,3.697,100.67,28.88,100.94,76.33,none,0
REAL-0067,1,2019-02-28,38,3.853,106.37,33.28,113.87,85.45,hypertension,1
REAL-0067,2,2019-08-30,38,4.123,109.0,32.5,119.6,89.26,hypertension,1
REAL-0067,3,2020-02-26,38,4.131,114.22,32.79,117.32,86.05,hypertension,1
REAL-0067,4,2020-08-24,38,4.157,106.37,32.53,119.19,89.45,hypertension,1
REAL-0068,1,2019-03-04,54,4.087,110.93,41.88,119.51,91.17,hypertension,0
REAL-0068,2,2019-09-02,54,3.91,109.0,42.7,119.52,96.35,hypertension,0
REAL-0068,3,2020-02-29,54,4.012,108.39,42.91,118.92,95.79,hypertension,0
REAL-0068,4,2020-08-27,54,3.905,105.39,42.3,120.43,98.26,hypertension,0
REAL-0069,1,2019-02-24,25,3.708,101.22,20.32,105.16,74.69,none,0
REAL-0069,2,2019-08-26,25,3.5,95.0,19.6,91.88,69.04,none,0
REAL-0069,3,2020-02-22,25,3.534,99.56,18.77,92.96,69.15,none,0
REAL-0069,4,2020-08-20,25,3.596,89.47,19.41,92.42,67.48,none,0
REAL-0070,1,2019-02-27,27,5.152,142.48,28.36,111.39,82.9,hypertension,0
REAL-0070,2,2019-08-25,27,5.368,146.0,28.9,111.18,83.74,hypertension,0
REAL-0070,3,2020-02-21,27,5.392,150.93,28.69,110.12,81.95,hypertension,0
REAL-0070,4,2020-08-19,27,5.319,150.37,28.49,110.71,85.09,hypertension,0
REAL-0071,1,2019-03-05,28,3.5,92.25,33.29,86.41,65.32,none,1
REAL-0071,2,2019-08-26,28,3.634,100.0,32.9,88.78,61.32,none,1
REAL-0071,3,2020-02-22,28,3.723,98.23,32.74,92.19,61.61,none,1
REAL-0071,4,2020-08-20,28,3.617,103.74,32.68,90.12,59.46,none,1
REAL-0072,1,2019-02-24,26,5.251,140.41,27.99,90.37,64.76,none,0
REAL-0072,2,2019-08-30,26,5.279,139.0,28.6,95.37,63.82,none,0
REAL-0072,3,2020-02-26,26,5.216,140.45,28.75,95.93,65.33,none,0
REAL-0072,4,2020-08-24,26,5.276,139.78,28.26,94.45,65.18,none,0
REAL-0073,1,2019-03-01,42,4.607,122.37,43.94,117.31,89.76,hypertension,1
REAL-0073,2,2019-08-28,42,4.53,126.0,43.4,122.26,90.5,hypertension,1
REAL-0073,3,2020-02-24,42,4.525,126.92,43.85,121.41,90.81,hypertension,1
REAL-0073,4,2020-08-22,42,4.495,127.51,43.24,120.27,92.03,hypertension,1
REAL-0074,1,2019-02-28,23,4.282,123.85,35.02,112.76,88.02,hypertension,0
REAL-0074,2,2019-09-01,23,4.273,129.0,35.1,118.07,85.34,hypertension,0
REAL-0074,3,2020-02-28,23,4.249,130.01,34.62,120.08,87.2,hypertension,0
REAL-0074,4,2020-08-26,23,4.368,127.62,34.62,114.12,85.26,hypertension,0
REAL-0075,1,2019-03-03,22,3.5,78.76,31.08,112.5,74.36,none,0
REAL-0075,2,2019-08-28,22,3.5,79.0,32.0,108.34,74.95,none,0
REAL-0075,3,2020-02-24,22,3.58,76.29,32.31,106.3,76.71,none,0
REAL-0075,4,2020-08-22,22,3.5,78.59,32.35,105.84,77.84,none,0
REAL-0076,1,2019-03-04,22,3.5,50.0,24.78,78.7,53.94,none,0
REAL-0076,2,2019-09-01,22,3.5,0.0,24.7,72.46,46.04,none,0
REAL-0076,3,2020-02-28,22,3.524,50.0,24.61,80.0,47.24,none,0
REAL-0076,4,2020-08-26,22,3.624,50.0,24.65,80.0,41.6,none,0
REAL-0077,1,2019-03-06,41,3.5,62.04,32.81,114.95,74.37,none,0
REAL-0077,2,2019-08-30,41,3.5,62.0,32.6,104.41,77.28,none,0
REAL-0077,3,2020-02-26,41,3.5,64.57,32.4,103.75,78.82,none,0
REAL-0077,4,2020-08-24,41,3.607,60.05,32.07,104.18,77.91,none,0
REAL-0078,1,2019-03-02,27,3.612,99.71,37.16,100.04,75.74,none,0
REAL-0078,2,2019-09-02,27,3.675,95.0,37.7,104.29,69.87,none,0
REAL-0078,3,2020-02-29,27,3.62,95.01,37.34,104.71,69.97,none,0
REAL-0078,4,2020-08-27,27,3.516,96.66,37.83,103.91,72.71,none,0
REAL-0079,1,2019-02-24,26,4.531,130.35,43.38,73.44,35.3,none,1
REAL-0079,2,2019-08-26,26,4.632,131.0,43.2,30.55,2.14,none,1
REAL-0079,3,2020-02-22,26,4.687,129.74,42.63,80.0,40.0,none,1
REAL-0079,4,2020-08-20,26,4.584,131.77,43.48,80.0,40.0,none,1
REAL-0080,1,2019-02-24,24,3.976,108.57,25.35,100.43,75.34,none,0
REAL-0080,2,2019-08-30,24,3.763,112.0,25.0,93.8,62.25,none,0
REAL-0080,3,2020-02-26,24,3.74,111.35,25.43,91.25,63.64,none,0
REAL-0080,4,2020-08-24,24,3.702,113.47,25.39,89.91,65.23,none,0
REAL-0081,1,2019-02-28,22,3.901,106.2,23.12,68.16,45.98,none,0
REAL-0081,2,2019-08-26,22,3.911,113.0,22.4,69.25,39.37,none,0
REAL-0081,3,2020-02-22,22,3.896,110.13,23.07,80.0,40.3,none,0
REAL-0081,4,2020-08-20,22,3.816,110.35,22.46,80.0,40.0,none,0
REAL-0082,1,2019-03-03,22,3.5,70.28,15.0,78.83,36.35,none,0
REAL-0082,2,2019-08-29,22,3.5,74.0,0.0,27.09,-1.22,none,0
REAL-0082,3,2020-02-25,22,3.5,76.4,15.0,80.0,40.0,none,0
REAL-0082,4,2020-08-23,22,3.595,74.01,15.0,80.0,40.0,none,0
REAL-0083,1,2019-03-05,36,3.5,81.76,29.22,104.1,81.26,none,0
REAL-0083,2,2019-08-25,36,3.5,83.0,29.3,111.86,78.05,none,0
REAL-0083,3,2020-02-21,36,3.552,80.19,29.53,114.13,77.08,none,0
REAL-0083,4,2020-08-19,36,3.549,82.73,29.04,111.61,80.12,none,0
REAL-0084,1,2019-03-03,22,3.588,99.62,25.92,96.97,65.83,none,0
REAL-0084,2,2019-08-31,22,3.761,101.0,24.6,97.69,61.32,none,0
REAL-0084,3,2020-02-27,22,3.837,104.7,24.55,96.87,60.14,none,0
REAL-0084,4,2020-08-25,22,3.666,101.04,24.64,96.34,60.15,none,0
REAL-0085,1,2019-03-04,37,4.839,135.36,48.75,142.62,106.37,hypertension,1
REAL-0085,2,2019-08-29,37,4.888,137.0,48.8,138.39,106.96,hypertension,1
REAL-0085,3,2020-02-25,37,5.013,143.63,48.88,140.01,104.22,hypertension,1
REAL-0085,4,2020-08-23,37,4.85,131.49,48.76,140.35,111.43,hypertension,1
REAL-0086,1,2019-02-25,27,3.919,109.26,32.01,96.21,70.5,none,0
REAL-0086,2,2019-08-27,27,3.79,110.0,32.4,108.81,82.73,none,0
REAL-0086,3,2020-02-23,27,3.91,110.17,32.2,110.36,83.53,none,0
REAL-0086,4,2020-08-21,27,3.783,110.84,32.61,111.2,82.26,none,0
REAL-0087,1,2019-03-03,45,3.5,104.22,37.61,96.38,70.75,none,0
REAL-0087,2,2019-08-30,45,3.646,106.0,36.6,104.49,73.01,none,0
REAL-0087,3,2020-02-26,45,3.587,97.29,36.92,103.34,75.35,none,0
REAL-0087,4,2020-08-24,45,3.635,106.43,37.27,103.38,74.15,none,0
REAL-0088,1,2019-03-04,26,3.748,101.93,38.6,90.8,67.9,none,0
REAL-0088,2,2019-08-29,26,3.5,100.0,38.5,103.08,63.97,none,0
REAL-0088,3,2020-02-25,26,3.5,99.6,38.82,105.14,63.59,none,0
REAL-0088,4,2020-08-23,26,3.54,96.57,38.65,104.14,67.52,none,0
REAL-0089,1,2019-02-28,43,4.759,134.89,37.32,95.3,69.55,none,1
REAL-0089,2,2019-08-29,43,4.833,136.0,37.1,99.63,73.19,none,1
REAL-0089,3,2020-02-25,43,4.929,134.74,37.18,98.28,71.49,none,1
REAL-0089,4,2020-08-23,43,4.899,137.84,37.3,100.98,71.79,none,1
REAL-0090,1,2019-03-03,24,3.671,101.26,26.66,94.35,67.88,none,0
REAL-0090,2,2019-08-29,24,3.886,107.0,26.5,100.13,66.75,none,0
REAL-0090,3,2020-02-25,24,3.897,104.93,27.02,98.14,71.35,none,0
REAL-0090,4,2020-08-23,24,3.827,106.73,26.55,102.59,68.29,none,0
REAL-0091,1,2019-02-24,21,3.5,79.29,18.49,86.52,57.61,none,0
REAL-0091,2,2019-08-30,21,3.5,80.0,19.1,87.83,52.82,none,0
REAL-0091,3,2020-02-26,21,3.593,78.06,18.69,86.93,54.28,none,0
REAL-0091,4,2020-08-24,21,3.5,79.82,18.83,86.73,53.96,none,0
REAL-0092,1,2019-02-28,34,4.578,121.3,32.57,110.49,78.78,none,0
REAL-0092,2,2019-08-31,34,4.338,123.0,32.0,114.43,81.91,none,0
REAL-0092,3,2020-02-27,34,4.284,121.44,31.91,116.65,81.7,none,0
REAL-0092,4,2020-08-25,34,4.399,121.95,32.51,113.02,77.92,none,0
REAL-0093,1,2019-03-01,42,3.5,77.59,46.31,111.29,79.08,none,0
REAL-0093,2,2019-08-25,42,3.5,81.0,46.7,110.89,78.03,none,0
REAL-0093,3,2020-02-21,42,3.583,82.04,46.74,111.3,78.59,none,0
REAL-0093,4,2020-08-19,42,3.5,78.48,46.69,109.44,74.86,none,0
REAL-0094,1,2019-03-03,60,4.999,134.65,23.67,99.27,72.17,none,1
REAL-0094,2,2019-08-30,60,4.628,134.0,23.8,110.15,73.08,none,1
REAL-0094,3,2020-02-26,60,4.595,130.88,24.35,109.79,71.35,none,1
REAL-0094,4,2020-08-24,60,4.404,138.23,23.96,109.45,70.75,none,1
REAL-0095,1,2019-03-05,21,4.852,135.13,23.61,107.52,82.9,hypertension,0
REAL-0095,2,2019-08-30,21,5.205,142.0,24.7,110.4,82.55,hypertension,0
REAL-0095,3,2020-02-26,21,5.173,141.7,24.77,106.61,84.72,hypertension,0
REAL-0095,4,2020-08-24,21,5.073,142.28,24.78,113.12,83.91,hypertension,0
REAL-0096,1,2019-03-03,40,4.865,140.35,33.07,104.24,62.96,none,0
REAL-0096,2,2019-09-01,40,4.888,144.0,33.9,106.84,71.13,none,0
REAL-0096,3,2020-02-28,40,4.812,142.39,33.91,105.01,67.79,none,0
REAL-0096,4,2020-08-26,40,4.762,144.58,33.43,110.22,75.37,none,0
REAL-0097,1,2019-03-01,24,3.5,90.52,32.73,89.2,62.25,none,0
REAL-0097,2,2019-08-24,24,3.5,92.0,31.6,89.71,63.63,none,0
REAL-0097,3,2020-02-20,24,3.5,93.31,31.66,89.16,62.13,none,0
REAL-0097,4,2020-08-18,24,3.614,93.36,31.75,87.8,62.05,none,0
REAL-0098,1,2019-02-26,22,3.5,64.45,21.56,78.13,42.83,none,0
REAL-0098,2,2019-09-02,22,3.5,71.0,20.4,75.85,43.24,none,0
REAL-0098,3,2020-02-29,22,3.522,75.72,20.74,80.0,42.4,none,0
REAL-0098,4,2020-08-27,22,3.5,76.37,20.34,80.0,43.71,none,0
REAL-0099,1,2019-03-01,23,3.5,92.01,28.69,79.32,55.18,none,0
REAL-0099,2,2019-08-28,23,3.5,93.0,28.7,81.18,50.95,none,0
REAL-0099,3,2020-02-24,23,3.568,94.41,28.61,80.0,54.14,none,0
REAL-0099,4,2020-08-22,23,3.504,94.97,28.73,83.71,50.0,none,0
REAL-0100,1,2019-03-06,31,4.191,120.03,49.99,121.7,93.85,hypertension,1
REAL-0100,2,2019-09-02,31,4.376,122.0,49.7,115.17,85.22,hypertension,1
REAL-0100,3,2020-02-29,31,4.497,118.73,49.76,115.42,84.68,hypertension,1
REAL-0100,4,2020-08-27,31,4.366,117.59,49.92,112.05,82.28,hypertension,1
REAL-0101,1,2019-03-03,33,5.634,163.9,38.94,103.44,76.85,none,1
REAL-0101,2,2019-08-29,33,5.754,163.0,39.0,100.95,74.97,none,1
REAL-0101,3,2020-02-25,33,5.855,162.91,38.78,100.54,72.15,none,1
REAL-0101,4,2020-08-23,33,5.773,166.26,39.09,102.28,74.03,none,1
REAL-0102,1,2019-03-05,22,5.528,149.05,25.33,96.52,60.88,none,0
REAL-0102,2,2019-08-31,22,5.295,151.0,26.1,81.32,59.74,none,0
REAL-0102,3,2020-02-27,22,5.198,146.36,26.19,82.05,60.99,none,0
REAL-0102,4,2020-08-25,22,5.35,150.86,25.9,80.58,60.07,none,0
REAL-0103,1,2019-02-24,21,4.65,128.37,22.32,120.53,87.77,hypertension,0
REAL-0103,2,2019-08-28,21,4.178,125.0,22.5,128.88,95.85,hypertension,0
REAL-0103,3,2020-02-24,21,4.129,127.79,21.86,128.73,93.12,hypertension,0
REAL-0103,4,2020-08-22,21,4.178,124.49,22.31,129.27,94.97,hypertension,0
REAL-0104,1,2019-02-27,24,3.5,78.06,27.03,111.8,78.44,none,0
REAL-0104,2,2019-08-24,24,3.5,81.0,26.6,96.68,71.2,none,0
REAL-0104,3,2020-02-20,24,3.613,81.04,26.29,99.49,69.66,none,0
REAL-0104,4,2020-08-18,24,3.608,82.78,26.85,94.46,72.65,none,0
REAL-0105,1,2019-03-05,27,3.5,93.51,40.54,91.03,57.58,none,0
REAL-0105,2,2019-08-25,27,3.5,85.0,39.6,96.03,65.31,none,0
REAL-0105,3,2020-02-21,27,3.5,83.36,39.35,98.3,66.97,none,0
REAL-0105,4,2020-08-19,27,3.652,79.1,39.45,95.31,68.55,none,0
REAL-0106,1,2019-02-28,21,4.287,120.88,28.69,79.4,53.15,none,0
REAL-0106,2,2019-08-23,21,4.674,126.0,28.7,87.79,53.69,none,0
REAL-0106,3,2020-02-19,21,4.786,126.31,28.48,88.38,52.37,none,0
REAL-0106,4,2020-08-17,21,4.489,122.78,29.42,91.01,49.4,none,0
REAL-0107,1,2019-03-06,27,3.5,95.51,22.31,152.56,118.37,hypertension,0
REAL-0107,2,2019-08-25,27,3.5,96.0,22.4,155.84,123.22,hypertension,0
REAL-0107,3,2020-02-21,27,3.654,94.73,22.21,154.73,123.19,hypertension,0
REAL-0107,4,2020-08-19,27,3.5,95.14,22.5,157.53,122.41,hypertension,0
REAL-0108,1,2019-02-27,37,5.405,148.52,30.66,92.1,63.69,none,0
REAL-0108,2,2019-08-25,37,5.194,144.0,29.5,90.56,56.96,none,0
REAL-0108,3,2020-02-21,37,5.22,146.97,29.13,91.8,58.76,none,0
REAL-0108,4,2020-08-19,37,5.134,141.72,29.72,91.19,55.86,none,0
REAL-0109,1,2019-03-05,25,3.5,85.3,33.82,80.31,50.11,none,0
REAL-0109,2,2019-08-30,25,3.5,83.0,34.3,85.85,57.39,none,0
REAL-0109,3,2020-02-26,25,3.619,81.83,34.2,84.62,59.31,none,0
REAL-0109,4,2020-08-24,25,3.5,80.85,34.47,89.74,56.82,none,0
REAL-0110,1,2019-02-27,24,3.5,98.66,37.52,122.83,92.98,hypertension,1
REAL-0110,2,2019-08-23,24,3.5,95.0,37.4,108.54,82.26,hypertension,1
REAL-0110,3,2020-02-19,24,3.5,95.53,36.42,105.44,83.49,hypertension,1
REAL-0110,4,2020-08-17,24,3.5,93.25,37.16,106.66,77.72,hypertension,1
REAL-0111,1,2019-02-27,24,6.1,165.17,33.03,100.68,75.03,none,1
REAL-0111,2,2019-08-30,24,6.007,171.0,33.3,100.72,75.64,none,1
REAL-0111,3,2020-02-26,24,6.074,168.62,32.81,103.1,80.75,none,1
REAL-0111,4,2020-08-24,24,6.005,169.23,33.26,99.42,74.11,none,1
REAL-0112,1,2019-02-24,46,5.21,150.0,32.96,88.01,61.44,none,1
REAL-0112,2,2019-09-01,46,5.575,155.0,34.0,89.56,67.0,none,1
REAL-0112,3,2020-02-28,46,5.542,152.08,34.56,89.33,64.73,none,1
REAL-0112,4,2020-08-26,46,5.548,154.53,34.32,89.74,68.44,none,1
REAL-0113,1,2019-02-26,23,3.5,93.58,31.94,109.99,78.95,none,0
REAL-0113,2,2019-08-31,23,3.5,89.0,31.2,102.1,77.25,none,0
REAL-0113,3,2020-02-27,23,3.563,86.53,31.55,100.62,74.07,none,0
REAL-0113,4,2020-08-25,23,3.5,87.24,31.76,100.45,77.63,none,0
REAL-0114,1,2019-02-27,25,3.5,71.35,34.09,85.28,54.23,none,0
REAL-0114,2,2019-09-01,25,3.5,76.0,34.0,96.83,62.99,none,0
REAL-0114,3,2020-02-28,25,3.5,80.01,34.39,98.11,64.4,none,0
REAL-0114,4,2020-08-26,25,3.5,69.89,34.2,95.48,65.56,none,0
REAL-0115,1,2019-03-02,39,5.547,161.6,29.87,90.63,56.26,none,1
REAL-0115,2,2019-08-24,39,5.872,160.0,30.5,93.34,50.94,none,1
REAL-0115,3,2020-02-20,39,5.877,163.26,30.45,94.42,53.97,none,1
REAL-0115,4,2020-08-18,39,5.812,160.98,30.32,93.21,51.3,none,1
REAL-0116,1,2019-03-05,61,5.191,143.52,30.37,127.44,96.67,hypertension,1
REAL-0116,2,2019-08-30,61,4.921,146.0,31.2,118.94,92.29,hypertension,1
REAL-0116,3,2020-02-26,61,4.894,144.42,31.03,120.01,92.05,hypertension,1
REAL-0116,4,2020-08-24,61,4.927,144.4,31.3,119.54,92.14,hypertension,1
REAL-0117,1,2019-02-24,38,4.376,123.45,34.74,110.12,76.07,none,1
REAL-0117,2,2019-08-28,38,4.609,124.0,34.0,105.01,77.32,none,1
REAL-0117,3,2020-02-24,38,4.547,124.95,34.46,105.77,78.47,none,1
REAL-0117,4,2020-08-22,38,4.48,119.71,33.61,106.65,75.67,none,1
REAL-0118,1,2019-02-27,25,3.5,81.68,33.53,76.47,44.01,none,0
REAL-0118,2,2019-08-30,25,3.5,78.0,33.7,83.7,42.65,none,0
REAL-0118,3,2020-02-26,25,3.669,77.87,33.88,85.18,43.29,none,0
REAL-0118,4,2020-08-24,25,3.516,76.11,33.43,85.65,43.65,none,0
REAL-0119,1,2019-03-06,22,3.5,98.9,28.54,90.43,63.9,none,0
REAL-0119,2,2019-08-24,22,3.5,97.0,28.2,87.77,60.99,none,0
REAL-0119,3,2020-02-20,22,3.5,97.57,28.23,87.63,58.62,none,0
REAL-0119,4,2020-08-18,22,3.508,98.99,28.27,87.76,61.34,none,0
REAL-0120,1,2019-03-05,21,3.5,100.09,23.63,99.98,81.15,none,0
REAL-0120,2,2019-09-01,21,3.877,99.0,23.2,110.33,80.63,none,0
REAL-0120,3,2020-02-28,21,3.985,99.34,22.72,113.6,79.58,none,0
REAL-0120,4,2020-08-26,21,3.99,99.65,23.47,111.24,80.35,none,0
REAL-0121,1,2019-03-03,25,5.739,158.55,52.76,100.65,74.84,none,1
REAL-0121,2,2019-08-23,25,6.033,162.0,53.2,114.15,76.62,none,1
REAL-0121,3,2020-02-19,25,6.051,169.18,53.71,109.51,78.4,none,1
REAL-0121,4,2020-08-17,25,6.226,165.53,53.03,116.16,73.15,none,1
REAL-0122,1,2019-03-01,24,3.676,106.75,34.18,89.01,58.87,none,0
REAL-0122,2,2019-08-26,24,4.048,111.0,34.2,85.18,68.61,none,0
REAL-0122,3,2020-02-22,24,4.084,105.17,33.87,83.33,69.18,none,0
REAL-0122,4,2020-08-20,24,4.095,108.63,34.57,89.91,69.83,none,0
REAL-0123,1,2019-02-25,23,4.224,118.29,34.07,114.77,76.58,none,0
REAL-0123,2,2019-08-31,23,3.689,107.0,33.6,105.87,69.84,none,0
REAL-0123,3,2020-02-27,23,3.629,113.7,34.36,104.17,70.09,none,0
REAL-0123,4,2020-08-25,23,3.728,103.99,33.05,105.57,70.64,none,0
REAL-0124,1,2019-02-28,69,4.598,132.31,26.6,116.03,80.4,none,0
REAL-0124,2,2019-09-02,69,4.954,132.0,26.8,112.96,80.49,none,0
REAL-0124,3,2020-02-29,69,4.887,133.55,26.35,112.82,79.49,none,0
REAL-0124,4,2020-08-27,69,5.022,128.63,26.39,114.57,82.18,none,0
REAL-0125,1,2019-02-26,23,4.119,112.94,33.24,110.17,76.18,none,1
REAL-0125,2,2019-09-02,23,3.986,113.0,33.3,108.89,76.45,none,1
REAL-0125,3,2020-02-29,23,3.879,113.87,33.0,109.25,77.23,none,1
REAL-0125,4,2020-08-27,23,4.023,116.83,33.39,113.89,75.82,none,1
REAL-0126,1,2019-03-04,26,3.5,85.86,54.97,70.66,40.03,none,1
REAL-0126,2,2019-09-02,26,3.5,88.0,55.0,61.67,27.95,none,1
REAL-0126,3,2020-02-29,26,3.535,86.88,55.0,80.0,40.0,none,1
REAL-0126,4,2020-08-27,26,3.5,91.53,55.0,80.0,40.0,none,1
REAL-0127,1,2019-02-24,30,4.528,120.11,41.8,103.09,66.8,none,0
REAL-0127,2,2019-08-24,30,4.314,120.0,42.9,102.11,72.71,none,0
REAL-0127,3,2020-02-20,30,4.355,120.19,42.92,103.43,73.59,none,0
REAL-0127,4,2020-08-18,30,4.17,120.7,43.28,102.91,72.84,none,0
REAL-0128,1,2019-03-02,23,4.047,113.02,32.85,90.4,62.02,none,0
REAL-0128,2,2019-09-02,23,4.06,118.0,33.3,86.78,54.07,none,0
REAL-0128,3,2020-02-29,23,4.037,119.41,33.17,85.65,53.91,none,0
REAL-0128,4,2020-08-27,23,4.008,118.59,33.44,88.3,57.08,none,0
REAL-0129,1,2019-03-03,40,4.036,109.55,35.06,121.94,86.48,hypertension,1
REAL-0129,2,2019-08-30,40,4.077,117.0,34.5,111.86,89.45,hypertension,1
REAL-0129,3,2020-02-26,40,4.057,120.47,34.71,113.05,87.61,hypertension,1
REAL-0129,4,2020-08-24,40,4.031,114.87,34.01,112.7,88.16,hypertension,1
REAL-0130,1,2019-03-01,62,3.732,98.97,28.92,111.83,82.9,hypertension,1
REAL-0130,2,2019-08-27,62,3.552,105.0,27.9,115.23,81.88,hypertension,1
REAL-0130,3,2020-02-23,62,3.5,99.71,28.07,117.77,81.72,hypertension,1
REAL-0130,4,2020-08-21,62,3.543,108.45,27.27,115.98,81.4,hypertension,1
REAL-0131,1,2019-02-24,33,6.089,173.5,29.79,95.69,66.1,none,1
REAL-0131,2,2019-08-28,33,6.084,173.0,29.7,98.9,74.64,none,1
REAL-0131,3,2020-02-24,33,6.103,168.0,29.67,98.05,75.3,none,1
REAL-0131,4,2020-08-22,33,5.991,170.07,29.91,99.3,80.11,none,1
REAL-0132,1,2019-03-02,33,4.489,127.87,33.25,83.09,54.91,none,1
REAL-0132,2,2019-08-31,33,4.349,122.0,33.3,83.75,58.24,none,1
REAL-0132,3,2020-02-27,33,4.34,121.22,33.22,81.27,58.72,none,1
REAL-0132,4,2020-08-25,33,4.422,119.77,34.08,83.45,54.74,none,1
REAL-0133,1,2019-03-04,30,6.463,173.6,35.34,90.72,64.15,none,1
REAL-0133,2,2019-09-01,30,6.238,170.0,34.5,89.79,64.07,none,1
REAL-0133,3,2020-02-28,30,6.242,172.61,34.5,87.84,63.88,none,1
REAL-0133,4,2020-08-26,30,6.267,168.89,34.71,90.4,66.29,none,1
REAL-0134,1,2019-02-28,39,3.5,87.0,37.67,102.99,78.57,none,0
REAL-0134,2,2019-08-25,39,3.5,84.0,38.3,99.51,72.75,none,0
REAL-0134,3,2020-02-21,39,3.548,80.65,38.21,95.43,74.94,none,0
REAL-0134,4,2020-08-19,39,3.507,81.73,38.07,98.19,69.48,none,0
REAL-0135,1,2019-02-28,26,3.512,93.77,20.56,94.81,77.04,none,0
REAL-0135,2,2019-08-29,26,3.5,96.0,21.1,94.92,71.71,none,0
REAL-0135,3,2020-02-25,26,3.678,92.26,20.96,91.09,69.32,none,0
REAL-0135,4,2020-08-23,26,3.623,93.26,20.59,95.54,72.53,none,0
REAL-0136,1,2019-03-02,31,4.487,125.88,33.69,84.57,55.13,none,0
REAL-0136,2,2019-08-27,31,4.385,125.0,33.8,94.62,60.77,none,0
REAL-0136,3,2020-02-23,31,4.195,124.14,33.97,94.76,58.0,none,0
REAL-0136,4,2020-08-21,31,4.491,128.56,33.22,94.35,59.38,none,0
REAL-0137,1,2019-03-05,21,3.645,99.58,30.25,109.12,75.85,none,0
REAL-0137,2,2019-09-01,21,3.72,100.0,30.8,95.24,68.13,none,0
REAL-0137,3,2020-02-28,21,3.66,99.14,30.65,98.26,66.35,none,0
REAL-0137,4,2020-08-26,21,3.702,94.14,30.37,91.33,70.41,none,0
REAL-0138,1,2019-02-27,22,3.5,91.11,29.31,86.42,57.49,none,0
REAL-0138,2,2019-08-24,22,3.5,93.0,28.7,94.56,60.11,none,0
REAL-0138,3,2020-02-20,22,3.5,95.45,29.0,95.31,61.35,none,0
REAL-0138,4,2020-08-18,22,3.5,95.05,28.66,95.16,60.19,none,0
REAL-0139,1,2019-03-04,29,4.502,126.6,31.66,112.55,80.02,none,0
REAL-0139,2,2019-08-27,29,4.266,129.0,31.2,104.85,76.51,none,0
REAL-0139,3,2020-02-23,29,4.239,128.16,31.02,103.61,75.8,none,0
REAL-0139,4,2020-08-21,29,4.294,126.99,31.16,106.22,76.12,none,0
REAL-0140,1,2019-02-25,28,3.5,103.0,37.66,99.3,70.69,none,0
REAL-0140,2,2019-08-27,28,3.568,105.0,36.9,103.24,73.33,none,0
REAL-0140,3,2020-02-23,28,3.649,110.28,36.8,102.37,74.6,none,0
REAL-0140,4,2020-08-21,28,3.565,102.33,36.72,106.01,78.42,none,0
REAL-0141,1,2019-03-03,55,4.169,122.12,20.98,111.8,82.58,none,0
REAL-0141,2,2019-09-01,55,4.446,128.0,21.1,102.26,79.35,none,0
REAL-0141,3,2020-02-28,55,4.41,129.68,21.17,103.13,77.54,none,0
REAL-0141,4,2020-08-26,55,4.413,128.34,21.84,98.62,79.01,none,0
REAL-0142,1,2019-03-02,38,3.573,103.48,39.15,114.14,77.54,hypertension,0
REAL-0142,2,2019-08-30,38,3.811,106.0,39.5,107.57,85.72,hypertension,0
REAL-0142,3,2020-02-26,38,3.86,102.21,39.42,106.1,84.8,hypertension,0
REAL-0142,4,2020-08-24,38,3.733,104.37,39.03,106.63,84.66,hypertension,0
REAL-0143,1,2019-02-27,22,3.805,109.75,32.73,82.28,56.89,none,0
REAL-0143,2,2019-08-27,22,3.86,108.0,32.5,83.16,51.24,none,0
REAL-0143,3,2020-02-23,22,3.671,107.96,32.7,82.76,50.54,none,0
REAL-0143,4,2020-08-21,22,3.878,107.92,32.35,83.34,50.77,none,0
REAL-0144,1,2019-03-01,42,3.729,110.34,32.71,103.84,66.01,none,1
REAL-0144,2,2019-08-31,42,4.068,108.0,32.4,97.04,67.22,none,1
REAL-0144,3,2020-02-27,42,4.095,108.74,32.48,97.08,67.2,none,1
REAL-0144,4,2020-08-25,42,4.067,105.77,32.18,96.38,66.72,none,1
REAL-0145,1,2019-02-25,23,5.518,152.14,32.2,87.23,55.97,none,0
REAL-0145,2,2019-08-30,23,5.628,154.0,32.8,84.88,58.71,none,0
REAL-0145,3,2020-02-26,23,5.521,155.05,32.97,83.26,56.46,none,0
REAL-0145,4,2020-08-24,23,5.646,149.06,32.26,83.41,60.33,none,0
REAL-0146,1,2019-02-25,21,3.502,100.56,15.0,99.02,73.61,none,0
REAL-0146,2,2019-08-27,21,3.621,102.0,0.0,106.05,72.13,none,0
REAL-0146,3,2020-02-23,21,3.631,104.38,15.0,104.55,72.82,none,0
REAL-0146,4,2020-08-21,21,3.607,101.34,15.0,104.14,71.02,none,0
REAL-0147,1,2019-02-24,41,3.5,55.63,33.41,109.49,72.75,none,0
REAL-0147,2,2019-08-24,41,3.5,57.0,32.8,115.38,83.02,none,0
REAL-0147,3,2020-02-20,41,3.522,57.17,33.14,117.42,83.41,none,0
REAL-0147,4,2020-08-18,41,3.554,57.56,31.89,117.51,81.52,none,0
REAL-0148,1,2019-03-01,34,4.103,109.08,30.27,100.56,63.51,none,0
REAL-0148,2,2019-08-24,34,3.588,106.0,30.5,94.71,65.31,none,0
REAL-0148,3,2020-02-20,34,3.5,103.11,31.16,99.04,64.94,none,0
REAL-0148,4,2020-08-18,34,3.66,111.0,29.93,94.89,64.2,none,0
REAL-0149,1,2019-02-24,65,5.147,142.6,33.27,112.9,79.78,none,0
REAL-0149,2,2019-08-27,65,5.106,147.0,33.7,104.14,78.44,none,0
REAL-0149,3,2020-02-23,65,5.095,151.38,33.98,104.05,77.81,none,0
REAL-0149,4,2020-08-21,65,5.115,148.27,33.68,105.82,77.72,none,0
REAL-0150,1,2019-03-04,22,3.558,96.79,27.32,107.8,74.35,none,0
REAL-0150,2,2019-08-24,22,3.5,90.0,27.3,97.12,70.78,none,0
REAL-0150,3,2020-02-20,22,3.514,86.81,27.44,94.81,71.57,none,0
REAL-0150,4,2020-08-18,22,3.503,93.32,27.68,97.69,71.02,none,0
REAL-0151,1,2019-03-06,24,5.063,144.92,37.29,99.0,72.65,none,0
REAL-0151,2,2019-08-25,24,4.828,136.0,37.4,101.29,75.87,none,0
REAL-0151,3,2020-02-21,24,4.757,129.58,37.41,100.29,75.8,none,0
REAL-0151,4,2020-08-19,24,4.75,136.25,37.16,103.42,77.08,none,0
REAL-0152,1,2019-03-01,37,3.858,111.91,22.29,91.31,62.88,none,0
REAL-0152,2,2019-08-28,37,3.94,114.0,21.9,99.86,62.93,none,0
REAL-0152,3,2020-02-24,37,3.946,114.47,21.64,99.05,60.39,none,0
REAL-0152,4,2020-08-22,37,3.817,115.76,21.85,102.2,61.94,none,0
REAL-0153,1,2019-02-25,42,5.636,159.11,34.2,124.0,88.67,hypertension,1
REAL-0153,2,2019-08-31,42,5.757,156.0,34.3,108.97,83.73,hypertension,1
REAL-0153,3,2020-02-27,42,5.655,156.65,34.22,107.64,82.0,hypertension,1
REAL-0153,4,2020-08-25,42,5.7,152.03,34.88,112.25,82.57,hypertension,1
REAL-0154,1,2019-03-04,23,5.306,153.25,39.48,108.5,85.4,hypertension,0
REAL-0154,2,2019-08-29,23,5.546,153.0,40.6,114.9,71.54,hypertension,0
REAL-0154,3,2020-02-25,23,5.535,154.13,40.93,117.66,71.92,hypertension,0
REAL-0154,4,2020-08-23,23,5.535,156.72,40.36,113.69,69.33,hypertension,0
REAL-0155,1,2019-03-03,43,6.989,189.64,47.87,116.23,76.86,none,1
REAL-0155,2,2019-08-25,43,6.828,188.0,47.9,112.12,76.77,none,1
REAL-0155,3,2020-02-21,43,6.722,186.41,47.79,109.24,77.5,none,1
REAL-0155,4,2020-08-19,43,6.827,188.53,47.68,111.26,73.89,none,1
REAL-0156,1,2019-03-06,36,5.608,149.69,50.42,121.64,89.03,hypertension,1
REAL-0156,2,2019-08-27,36,5.507,152.0,50.0,115.92,84.36,hypertension,1
REAL-0156,3,2020-02-23,36,5.51,151.07,49.96,113.66,87.29,hypertension,1
REAL-0156,4,2020-08-21,36,5.623,153.25,50.2,111.14,82.24,hypertension,1
REAL-0157,1,2019-03-03,21,3.671,99.21,25.27,85.99,46.32,none,0
REAL-0157,2,2019-08-27,21,3.651,99.0,24.6,84.32,56.88,none,0
REAL-0157,3,2020-02-23,21,3.729,97.2,24.29,87.72,58.33,none,0
REAL-0157,4,2020-08-21,21,3.668,98.96,24.87,84.78,56.94,none,0
REAL-0158,1,2019-02-25,23,3.857,111.28,24.69,80.43,55.81,none,0
REAL-0158,2,2019-08-28,23,3.867,109.0,25.2,84.83,60.64,none,0
REAL-0158,3,2020-02-24,23,3.744,110.94,25.57,84.78,57.37,none,0
REAL-0158,4,2020-08-22,23,3.895,112.43,25.56,82.05,61.21,none,0
REAL-0159,1,2019-03-03,22,3.5,87.76,28.98,110.69,73.63,none,0
REAL-0159,2,2019-08-26,22,3.5,88.0,29.0,96.61,72.25,none,0
REAL-0159,3,2020-02-22,22,3.5,83.93,28.69,96.99,73.75,none,0
REAL-0159,4,2020-08-20,22,3.5,88.49,29.24,93.56,73.89,none,0
REAL-0160,1,2019-03-05,47,5.877,164.92,41.09,110.65,81.55,none,1
REAL-0160,2,2019-08-28,47,5.885,163.0,40.9,105.3,66.74,none,1
REAL-0160,3,2020-02-24,47,5.952,159.87,40.91,105.16,67.95,none,1
REAL-0160,4,2020-08-22,47,5.944,161.85,40.97,106.18,64.76,none,1
REAL-0161,1,2019-03-06,36,5.309,147.89,29.07,118.83,91.56,hypertension,0
REAL-0161,2,2019-08-29,36,5.479,151.0,29.7,112.67,92.63,hypertension,0
REAL-0161,3,2020-02-25,36,5.503,158.4,29.88,108.49,93.4,hypertension,0
REAL-0161,4,2020-08-23,36,5.447,153.99,30.01,114.0,91.44,hypertension,0
REAL-0162,1,2019-03-01,45,3.5,100.99,37.66,106.75,81.07,none,0
REAL-0162,2,2019-08-30,45,3.564,102.0,37.2,105.9,73.75,none,0
REAL-0162,3,2020-02-26,45,3.5,103.69,36.93,105.42,71.84,none,0
REAL-0162,4,2020-08-24,45,3.577,103.83,37.16,108.23,74.16,none,0
REAL-0163,1,2019-02-26,27,4.362,116.68,44.08,107.31,79.54,none,0
REAL-0163,2,2019-09-02,27,3.966,114.0,44.2,111.48,83.85,none,0
REAL-0163,3,2020-02-29,27,3.934,116.88,44.44,109.74,84.86,none,0
REAL-0163,4,2020-08-27,27,3.937,113.62,44.16,115.15,82.59,none,0
REAL-0164,1,2019-03-03,21,3.5,95.45,29.62,91.45,66.04,none,0
REAL-0164,2,2019-08-28,21,3.757,100.0,29.7,89.9,67.25,none,0
REAL-0164,3,2020-02-24,21,3.786,101.86,29.71,88.84,66.11,none,0
REAL-0164,4,2020-08-22,21,3.701,100.51,29.87,88.49,67.15,none,0
REAL-0165,1,2019-03-04,32,4.66,131.09,31.03,107.14,85.83,hypertension,1
REAL-0165,2,2019-08-27,32,4.589,131.0,31.6,118.58,88.06,hypertension,1
REAL-0165,3,2020-02-23,32,4.43,131.64,31.01,115.88,86.63,hypertension,1
REAL-0165,4,2020-08-21,32,4.545,133.67,31.15,116.78,88.81,hypertension,1
REAL-0166,1,2019-02-27,41,4.009,113.24,29.19,106.06,75.52,none,1
REAL-0166,2,2019-08-31,41,3.736,104.0,29.9,106.97,73.25,none,1
REAL-0166,3,2020-02-27,41,3.857,106.77,29.74,107.18,73.85,none,1
REAL-0166,4,2020-08-25,41,3.905,110.03,30.03,108.9,70.09,none,1
REAL-0167,1,2019-02-25,22,5.437,144.09,32.82,101.48,69.03,none,0
REAL-0167,2,2019-08-31,22,5.134,148.0,32.5,91.39,67.87,none,0
REAL-0167,3,2020-02-27,22,5.089,149.43,32.25,92.25,71.07,none,0
REAL-0167,4,2020-08-25,22,5.148,146.45,31.82,89.46,72.37,none,0
REAL-0168,1,2019-03-02,34,4.096,118.25,29.34,96.75,68.73,none,0
REAL-0168,2,2019-08-30,34,4.228,120.0,29.6,89.64,65.12,none,0
REAL-0168,3,2020-02-26,34,4.138,118.44,28.86,89.22,63.22,none,0
REAL-0168,4,2020-08-24,34,4.186,118.96,29.86,90.67,64.33,none,0
REAL-0169,1,2019-02-27,29,3.692,110.91,32.04,95.84,62.21,none,0
REAL-0169,2,2019-09-02,29,3.908,110.0,31.9,89.45,63.84,none,0
REAL-0169,3,2020-02-29,29,3.898,109.36,32.19,92.02,65.11,none,0
REAL-0169,4,2020-08-27,29,3.935,105.22,32.34,86.72,57.32,none,0
REAL-0170,1,2019-02-25,29,3.746,110.39,28.45,114.17,95.43,hypertension,0
REAL-0170,2,2019-08-27,29,3.852,111.0,28.4,116.73,89.26,hypertension,0
REAL-0170,3,2020-02-23,29,3.907,108.92,28.03,115.12,90.16,hypertension,0
REAL-0170,4,2020-08-21,29,3.819,112.04,28.69,115.75,88.63,hypertension,0
REAL-0171,1,2019-03-05,36,3.914,103.4,31.92,109.41,73.17,hypertension,1
REAL-0171,2,2019-08-31,36,3.565,102.0,30.8,110.99,83.47,hypertension,1
REAL-0171,3,2020-02-27,36,3.5,101.02,30.28,108.74,86.84,hypertension,1
REAL-0171,4,2020-08-25,36,3.607,103.33,30.68,112.03,82.64,hypertension,1
REAL-0172,1,2019-03-05,29,4.719,134.27,36.07,87.2,67.02,none,1
REAL-0172,2,2019-08-26,29,4.814,134.0,35.4,102.08,74.22,none,1
REAL-0172,3,2020-02-22,29,4.931,139.42,35.52,100.21,72.13,none,1
REAL-0172,4,2020-08-20,29,4.845,133.01,34.81,105.19,70.69,none,1
REAL-0173,1,2019-03-05,25,3.569,95.68,28.76,65.85,42.32,none,0
REAL-0173,2,2019-08-28,25,3.5,87.0,28.9,24.77,-1.42,none,0
REAL-0173,3,2020-02-24,25,3.5,86.31,28.95,80.0,40.0,none,0
REAL-0173,4,2020-08-22,25,3.5,88.52,29.32,80.0,40.0,none,0
REAL-0174,1,2019-02-28,23,3.5,73.3,42.63,89.86,60.29,none,0
REAL-0174,2,2019-08-28,23,3.5,79.0,43.5,92.21,60.15,none,0
REAL-0174,3,2020-02-24,23,3.5,76.3,43.38,94.6,60.82,none,0
REAL-0174,4,2020-08-22,23,3.54,76.41,43.72,91.55,61.18,none,0
REAL-0175,1,2019-02-26,33,3.5,74.14,29.0,95.92,65.79,none,0
REAL-0175,2,2019-09-02,33,3.5,75.0,29.7,89.85,63.65,none,0
REAL-0175,3,2020-02-29,33,3.541,72.5,29.73,93.1,63.56,none,0
REAL-0175,4,2020-08-27,33,3.5,75.69,29.69,92.12,62.8,none,0
REAL-0176,1,2019-03-03,36,6.589,184.95,33.03,100.64,72.47,none,1
REAL-0176,2,2019-08-25,36,6.563,179.0,32.7,101.28,77.86,none,1
REAL-0176,3,2020-02-21,36,6.571,175.94,33.0,100.92,77.44,none,1
REAL-0176,4,2020-08-19,36,6.507,179.46,32.79,102.3,76.57,none,1
REAL-0177,1,2019-03-01,42,3.5,91.77,30.97,102.61,74.45,none,0
REAL-0177,2,2019-08-24,42,3.5,85.0,31.2,104.92,79.79,none,0
REAL-0177,3,2020-02-20,42,3.677,86.11,31.0,105.66,82.71,none,0
REAL-0177,4,2020-08-18,42,3.565,85.96,31.18,104.39,78.43,none,0
REAL-0178,1,2019-03-04,26,4.445,129.36,55.0,139.02,106.25,hypertension,1
REAL-0178,2,2019-08-27,26,4.555,129.0,67.1,143.48,106.29,hypertension,1
REAL-0178,3,2020-02-23,26,4.564,131.53,55.0,141.13,106.3,hypertension,1
REAL-0178,4,2020-08-21,26,4.461,130.8,55.0,144.41,108.15,hypertension,1
REAL-0179,1,2019-03-06,47,5.47,147.44,45.15,108.41,73.78,none,0
REAL-0179,2,2019-09-01,47,5.044,143.0,45.0,117.15,78.52,none,0
REAL-0179,3,2020-02-28,47,5.003,142.35,45.56,117.38,78.23,none,0
REAL-0179,4,2020-08-26,47,5.029,145.43,45.28,113.85,79.83,none,0
REAL-0180,1,2019-03-03,37,4.953,139.51,39.54,105.79,83.69,hypertension,1
REAL-0180,2,2019-08-29,37,4.74,130.0,39.1,110.71,83.13,hypertension,1
REAL-0180,3,2020-02-25,37,4.886,128.72,39.17,109.85,88.38,hypertension,1
REAL-0180,4,2020-08-23,37,4.721,136.68,39.36,110.39,81.85,hypertension,1
REAL-0181,1,2019-02-24,32,3.5,82.83,22.98,112.71,78.83,none,0
REAL-0181,2,2019-08-29,32,3.5,87.0,23.2,113.61,77.82,none,0
REAL-0181,3,2020-02-25,32,3.533,87.02,23.95,113.6,80.49,none,0
REAL-0181,4,2020-08-23,32,3.5,85.9,23.24,112.65,78.92,none,0
REAL-0182,1,2019-02-24,23,4.375,122.05,35.78,93.51,62.96,none,0
REAL-0182,2,2019-08-28,23,4.272,119.0,34.9,86.66,59.62,none,0
REAL-0182,3,2020-02-24,23,4.312,123.18,34.91,89.93,59.67,none,0
REAL-0182,4,2020-08-22,23,4.277,117.3,34.95,86.67,54.94,none,0
REAL-0183,1,2019-03-05,21,3.5,50.0,27.58,107.37,73.44,none,0
REAL-0183,2,2019-09-01,21,3.5,0.0,27.7,102.44,75.0,none,0
REAL-0183,3,2020-02-28,21,3.525,50.0,27.11,104.95,74.94,none,0
REAL-0183,4,2020-08-26,21,3.5,50.0,28.37,101.46,73.8,none,0
REAL-0184,1,2019-02-26,27,3.5,73.54,26.67,82.98,54.88,none,0
REAL-0184,2,2019-08-29,27,3.5,73.0,26.8,92.18,62.91,none,0
REAL-0184,3,2020-02-25,27,3.5,70.98,26.4,91.84,66.18,none,0
REAL-0184,4,2020-08-23,27,3.5,75.96,27.34,90.06,63.37,none,0
REAL-0185,1,2019-03-01,40,5.481,147.87,28.58,100.74,74.51,none,0
REAL-0185,2,2019-09-01,40,4.891,141.0,27.6,103.39,71.74,none,0
REAL-0185,3,2020-02-28,40,4.873,138.22,27.34,101.38,69.67,none,0
REAL-0185,4,2020-08-26,40,4.953,140.07,27.44,100.46,70.71,none,0
REAL-0186,1,2019-03-01,41,6.729,189.14,36.69,96.54,63.54,none,1
REAL-0186,2,2019-08-23,41,6.966,194.0,35.9,103.32,66.78,none,1
REAL-0186,3,2020-02-19,41,6.909,195.75,35.92,104.65,63.72,none,1
REAL-0186,4,2020-08-17,41,6.924,195.35,35.95,103.68,66.42,none,1
REAL-0187,1,2019-03-01,60,6.381,180.95,29.2,92.98,61.63,none,1
REAL-0187,2,2019-08-26,60,6.236,181.0,30.1,101.67,62.81,none,1
REAL-0187,3,2020-02-22,60,6.366,176.33,29.57,99.54,61.29,none,1
REAL-0187,4,2020-08-20,60,6.324,176.43,30.18,102.29,61.27,none,1
REAL-0188,1,2019-02-28,33,4.323,122.96,32.17,131.94,101.13,hypertension,1
REAL-0188,2,2019-08-28,33,4.533,128.0,32.0,130.87,95.47,hypertension,1
REAL-0188,3,2020-02-24,33,4.381,126.88,32.03,128.63,94.05,hypertension,1
REAL-0188,4,2020-08-22,33,4.497,127.32,32.12,133.17,93.85,hypertension,1
REAL-0189,1,2019-02-27,31,4.281,116.2,28.2,102.99,67.19,none,1
REAL-0189,2,2019-08-27,31,3.755,109.0,27.9,102.39,71.92,none,1
REAL-0189,3,2020-02-23,31,3.754,109.7,28.05,99.74,71.81,none,1
REAL-0189,4,2020-08-21,31,3.717,111.39,28.22,107.05,73.9,none,1
REAL-0190,1,2019-03-05,25,5.178,141.22,32.18,108.9,81.38,none,1
REAL-0190,2,2019-08-29,25,4.886,139.0,31.6,109.99,86.14,none,1
REAL-0190,3,2020-02-25,25,4.967,139.07,31.67,109.92,86.9,none,1
REAL-0190,4,2020-08-23,25,4.959,139.65,31.22,107.59,86.3,none,1
REAL-0191,1,2019-02-24,21,3.86,115.57,23.51,88.31,61.11,none,0
REAL-0191,2,2019-08-30,21,3.819,111.0,22.6,87.16,60.97,none,0
REAL-0191,3,2020-02-26,21,3.905,109.77,22.04,86.75,58.47,none,0
REAL-0191,4,2020-08-24,21,3.823,113.19,22.58,86.63,60.22,none,0
REAL-0192,1,2019-02-24,40,4.321,126.93,33.17,94.24,62.63,none,0
REAL-0192,2,2019-08-27,40,4.607,123.0,33.1,93.55,67.31,none,0
REAL-0192,3,2020-02-23,40,4.657,124.78,33.51,93.96,69.7,none,0
REAL-0192,4,2020-08-21,40,4.618,125.15,32.79,94.26,67.07,none,0
REAL-0193,1,2019-03-01,36,5.643,159.42,29.87,103.33,72.6,none,1
REAL-0193,2,2019-08-24,36,5.801,159.0,30.4,90.0,68.22,none,1
REAL-0193,3,2020-02-20,36,5.745,161.3,29.91,88.98,70.59,none,1
REAL-0193,4,2020-08-18,36,5.764,152.6,30.19,86.18,68.86,none,1
REAL-0194,1,2019-02-24,40,4.75,133.16,52.42,74.08,36.25,none,1
REAL-0194,2,2019-08-24,40,4.908,135.0,52.3,29.59,-2.48,none,1
REAL-0194,3,2020-02-20,40,4.881,132.81,52.56,80.0,40.0,none,1
REAL-0194,4,2020-08-18,40,4.976,133.86,51.68,80.0,40.0,none,1
REAL-0195,1,2019-03-03,42,3.5,83.02,24.34,83.7,54.66,none,0
REAL-0195,2,2019-09-02,42,3.5,85.0,24.4,90.26,54.28,none,0
REAL-0195,3,2020-02-29,42,3.5,83.73,24.92,88.77,54.84,none,0
REAL-0195,4,2020-08-27,42,3.5,74.66,24.43,92.33,55.11,none,0
REAL-0196,1,2019-02-27,29,5.633,154.48,38.65,116.17,84.16,hypertension,1
REAL-0196,2,2019-08-29,29,5.686,158.0,39.4,117.66,81.56,hypertension,1
REAL-0196,3,2020-02-25,29,5.617,155.91,39.12,119.46,81.1,hypertension,1
REAL-0196,4,2020-08-23,29,5.541,160.58,39.22,120.91,83.13,hypertension,1
REAL-0197,1,2019-02-26,21,3.5,92.7,24.81,89.87,56.47,none,0
REAL-0197,2,2019-08-27,21,3.884,105.0,24.3,81.9,63.39,none,0
REAL-0197,3,2020-02-23,21,3.747,104.37,23.62,84.4,62.72,none,0
REAL-0197,4,2020-08-21,21,3.804,107.38,24.39,82.96,60.5,none,0
REAL-0198,1,2019-03-01,23,3.936,107.37,22.34,89.03,61.25,none,1
REAL-0198,2,2019-08-30,23,3.787,107.0,22.9,91.04,60.24,none,1
REAL-0198,3,2020-02-26,23,3.86,113.3,23.49,89.03,60.81,none,1
REAL-0198,4,2020-08-24,23,3.785,105.5,22.76,90.96,60.73,none,1
REAL-0199,1,2019-02-28,26,3.895,110.71,35.09,90.42,64.93,none,1
REAL-0199,2,2019-08-31,26,3.747,109.0,34.8,91.13,62.89,none,1
REAL-0199,3,2020-02-27,26,3.79,107.02,34.95,91.54,62.43,none,1
REAL-0199,4,2020-08-25,26,3.647,107.48,34.66,92.07,67.59,none,1
REAL-0200,1,2019-02-25,29,5.541,151.6,31.54,93.21,65.42,none,1
REAL-0200,2,2019-08-25,29,5.2,148.0,30.9,89.71,58.1,none,1
REAL-0200,3,2020-02-21,29,5.314,151.54,30.96,89.9,62.89,none,1
REAL-0200,4,2020-08-19,29,5.245,152.64,30.63,86.94,54.41,none,1
REAL-0201,1,2019-02-24,21,3.911,110.6,31.13,107.22,78.49,none,0
REAL-0201,2,2019-09-02,21,3.821,113.0,31.0,111.94,80.6,none,0
REAL-0201,3,2020-02-29,21,3.761,109.24,31.22,111.58,78.5,none,0
REAL-0201,4,2020-08-27,21,3.947,115.4,30.9,111.07,80.91,none,0
REAL-0202,1,2019-02-28,28,5.149,139.57,40.44,111.86,90.21,hypertension,0
REAL-0202,2,2019-08-31,28,4.962,138.0,40.1,114.43,85.42,hypertension,0
REAL-0202,3,2020-02-27,28,5.093,140.53,40.0,117.4,87.28,hypertension,0
REAL-0202,4,2020-08-25,28,4.939,136.74,40.02,113.93,83.87,hypertension,0
REAL-0203,1,2019-02-26,32,4.303,116.79,28.03,96.98,66.9,none,0
REAL-0203,2,2019-09-01,32,3.688,108.0,27.3,97.09,67.36,none,0
REAL-0203,3,2020-02-28,32,3.696,107.68,27.31,96.41,68.84,none,0
REAL-0203,4,2020-08-26,32,3.766,103.19,27.28,98.56,66.44,none,0
REAL-0204,1,2019-02-28,27,3.5,93.18,20.71,108.39,74.74,none,0
REAL-0204,2,2019-09-01,27,3.657,99.0,20.4,105.8,68.3,none,0
REAL-0204,3,2020-02-28,27,3.765,98.17,20.44,107.33,67.38,none,0
REAL-0204,4,2020-08-26,27,3.617,99.64,20.39,109.74,67.95,none,0
REAL-0205,1,2019-02-26,55,3.843,110.81,38.27,108.3,77.65,none,0
REAL-0205,2,2019-08-26,55,3.863,103.0,37.7,107.75,71.08,none,0
REAL-0205,3,2020-02-22,55,3.735,107.39,37.81,104.91,69.97,none,0
REAL-0205,4,2020-08-20,55,3.803,106.77,38.26,107.23,71.25,none,0
REAL-0206,1,2019-02-26,27,4.142,111.46,24.93,109.26,76.87,none,0
REAL-0206,2,2019-08-29,27,4.142,111.0,23.9,104.23,73.35,none,0
REAL-0206,3,2020-02-25,27,4.106,109.41,23.37,101.99,72.5,none,0
REAL-0206,4,2020-08-23,27,4.038,109.69,23.7,105.53,74.66,none,0
REAL-0207,1,2019-03-03,57,7.133,202.59,38.55,110.3,79.68,none,1
REAL-0207,2,2019-08-27,57,6.938,196.0,37.5,98.27,82.27,none,1
REAL-0207,3,2020-02-23,57,6.929,193.61,37.08,97.5,77.95,none,1
REAL-0207,4,2020-08-21,57,6.907,198.07,36.99,99.06,79.42,none,1
REAL-0208,1,2019-03-01,52,5.196,152.8,38.42,141.96,105.56,hypertension,1
REAL-0208,2,2019-08-28,52,5.564,162.0,37.7,129.82,106.08,hypertension,1
REAL-0208,3,2020-02-24,52,5.667,157.3,38.25,130.0,106.49,hypertension,1
REAL-0208,4,2020-08-22,52,5.532,164.81,37.77,127.21,102.68,hypertension,1
REAL-0209,1,2019-03-05,21,3.5,95.21,33.24,91.25,54.86,none,0
REAL-0209,2,2019-09-01,21,3.596,96.0,33.2,93.46,63.32,none,0
REAL-0209,3,2020-02-28,21,3.719,98.96,33.28,95.88,63.3,none,0
REAL-0209,4,2020-08-26,21,3.633,93.16,32.85,93.58,61.06,none,0
REAL-0210,1,2019-03-06,41,6.749,182.95,35.26,108.68,87.02,hypertension,1
REAL-0210,2,2019-08-31,41,6.36,184.0,35.5,113.76,85.4,hypertension,1
REAL-0210,3,2020-02-27,41,6.377,187.18,35.78,111.07,83.94,hypertension,1
REAL-0210,4,2020-08-25,41,6.315,183.56,34.78,115.09,82.38,hypertension,1
REAL-0211,1,2019-03-05,25,3.5,79.79,27.7,88.6,55.62,none,0
REAL-0211,2,2019-08-27,25,3.5,81.0,27.7,83.86,59.53,none,0
REAL-0211,3,2020-02-23,25,3.505,79.51,27.33,84.49,63.07,none,0
REAL-0211,4,2020-08-21,25,3.597,84.38,27.31,83.71,61.52,none,0
REAL-0212,1,2019-03-03,24,5.397,150.18,42.72,111.45,84.91,hypertension,0
REAL-0212,2,2019-09-01,24,5.302,147.0,42.8,117.67,83.77,hypertension,0
REAL-0212,3,2020-02-28,24,5.141,145.98,42.82,118.53,86.54,hypertension,0
REAL-0212,4,2020-08-26,24,5.429,144.55,43.03,120.37,79.98,hypertension,0
REAL-0213,1,2019-02-24,60,6.386,181.86,33.28,133.65,95.93,hypertension,0
REAL-0213,2,2019-08-30,60,6.202,179.0,34.2,127.85,96.11,hypertension,0
REAL-0213,3,2020-02-26,60,6.137,180.16,33.51,124.63,97.49,hypertension,0
REAL-0213,4,2020-08-24,60,6.245,183.68,34.11,124.56,93.24,hypertension,0
REAL-0214,1,2019-03-03,24,4.807,142.66,42.65,98.11,66.85,none,1
REAL-0214,2,2019-09-01,24,4.983,140.0,42.6,93.31,67.36,none,1
REAL-0214,3,2020-02-28,24,5.155,137.35,42.8,92.54,67.46,none,1
REAL-0214,4,2020-08-26,24,5.097,141.75,42.04,90.56,67.86,none,1
REAL-0215,1,2019-03-05,36,4.283,119.07,34.52,125.17,82.61,hypertension,1
REAL-0215,2,2019-09-02,36,4.236,112.0,34.2,109.68,81.15,hypertension,1
REAL-0215,3,2020-02-29,36,4.24,109.82,34.71,113.9,79.9,hypertension,1
REAL-0215,4,2020-08-27,36,4.239,107.79,34.03,110.99,80.19,hypertension,1
REAL-0216,1,2019-02-28,38,5.289,148.81,41.78,104.73,76.01,none,1
REAL-0216,2,2019-08-23,38,5.444,151.0,41.8,98.21,73.0,none,1
REAL-0216,3,2020-02-19,38,5.38,151.41,41.58,97.46,74.1,none,1
REAL-0216,4,2020-08-17,38,5.421,148.67,41.61,99.26,72.19,none,1
REAL-0217,1,2019-03-04,25,4.21,110.84,35.86,95.09,63.18,none,1
REAL-0217,2,2019-08-29,25,3.641,109.0,35.8,98.77,61.06,none,1
REAL-0217,3,2020-02-25,25,3.708,111.26,35.69,99.24,59.24,none,1
REAL-0217,4,2020-08-23,25,3.609,109.18,35.88,100.24,56.58,none,1
REAL-0218,1,2019-02-25,32,4.351,122.38,31.0,95.2,68.91,none,0
REAL-0218,2,2019-08-24,32,4.394,125.0,30.0,97.66,69.37,none,0
REAL-0218,3,2020-02-20,32,4.425,125.37,30.01,94.93,69.1,none,0
REAL-0218,4,2020-08-18,32,4.316,123.4,30.02,99.41,68.47,none,0
REAL-0219,1,2019-03-04,32,3.5,82.93,29.58,106.51,72.97,none,1
REAL-0219,2,2019-08-23,32,3.5,85.0,29.0,104.62,74.16,none,1
REAL-0219,3,2020-02-19,32,3.5,86.83,29.11,106.12,75.91,none,1
REAL-0219,4,2020-08-17,32,3.5,90.05,29.28,106.22,76.24,none,1
REAL-0220,1,2019-02-28,41,3.584,109.25,37.71,94.08,61.19,none,1
REAL-0220,2,2019-09-02,41,3.892,112.0,37.8,95.47,61.45,none,1
REAL-0220,3,2020-02-29,41,3.828,108.77,37.85,93.06,60.63,none,1
REAL-0220,4,2020-08-27,41,3.809,107.84,37.79,96.35,58.48,none,1
REAL-0221,1,2019-03-04,21,6.365,175.75,34.8,79.97,60.93,none,1
REAL-0221,2,2019-08-27,21,6.558,177.0,34.6,83.35,61.23,none,1
REAL-0221,3,2020-02-23,21,6.449,173.72,34.2,80.0,59.61,none,1
REAL-0221,4,2020-08-21,21,6.61,176.78,34.3,83.18,62.62,none,1
REAL-0222,1,2019-02-26,66,5.594,150.9,32.4,122.32,85.02,hypertension,1
REAL-0222,2,2019-08-27,66,5.707,158.0,31.6,118.76,88.57,hypertension,1
REAL-0222,3,2020-02-23,66,5.694,162.92,32.34,120.12,89.56,hypertension,1
REAL-0222,4,2020-08-21,66,5.699,161.73,31.45,115.45,90.54,hypertension,1
REAL-0223,1,2019-03-01,37,4.358,116.82,24.69,71.43,42.14,none,0
REAL-0223,2,2019-08-27,37,4.08,119.0,25.2,35.28,0.1,none,0
REAL-0223,3,2020-02-23,37,4.179,119.73,25.32,80.0,40.0,none,0
REAL-0223,4,2020-08-21,37,4.029,115.63,25.55,80.0,40.0,none,0
REAL-0224,1,2019-02-28,61,4.945,143.99,28.27,95.82,63.95,none,0
REAL-0224,2,2019-08-30,61,5.08,142.0,28.8,83.42,56.76,none,0
REAL-0224,3,2020-02-26,61,5.075,143.12,29.06,86.35,58.57,none,0
REAL-0224,4,2020-08-24,61,5.181,139.76,28.61,85.35,56.53,none,0
REAL-0225,1,2019-03-03,26,3.798,107.04,23.69,101.39,73.49,none,0
REAL-0225,2,2019-08-25,26,3.675,100.0,23.6,96.48,67.62,none,0
REAL-0225,3,2020-02-21,26,3.642,99.31,23.89,98.11,68.86,none,0
REAL-0225,4,2020-08-19,26,3.84,105.87,23.41,98.45,65.53,none,0
REAL-0226,1,2019-02-26,22,3.5,90.87,33.8,112.34,74.94,none,0
REAL-0226,2,2019-09-01,22,3.5,87.0,34.6,113.83,72.03,none,0
REAL-0226,3,2020-02-28,22,3.5,87.37,34.83,113.65,73.09,none,0
REAL-0226,4,2020-08-26,22,3.5,85.63,34.67,112.11,74.12,none,0
REAL-0227,1,2019-02-26,26,3.5,98.57,35.99,104.76,74.36,none,0
REAL-0227,2,2019-08-31,26,3.597,101.0,35.7,106.03,78.44,none,0
REAL-0227,3,2020-02-27,26,3.648,102.84,35.95,105.27,75.46,none,0
REAL-0227,4,2020-08-25,26,3.5,98.43,35.59,102.87,76.48,none,0
REAL-0228,1,2019-03-03,24,5.828,162.92,37.8,86.84,52.13,none,1
REAL-0228,2,2019-08-29,24,5.747,162.0,37.2,82.2,59.53,none,1
REAL-0228,3,2020-02-25,24,5.608,159.61,37.51,83.0,57.72,none,1
REAL-0228,4,2020-08-23,24,5.866,158.5,36.54,81.52,59.82,none,1
REAL-0229,1,2019-03-01,31,6.777,190.36,36.48,104.97,71.72,none,0
REAL-0229,2,2019-08-31,31,7.041,197.0,36.7,96.75,69.01,none,0
REAL-0229,3,2020-02-27,31,7.202,195.11,37.1,99.53,69.05,none,0
REAL-0229,4,2020-08-25,31,7.039,197.27,36.75,98.27,72.02,none,0
REAL-0230,1,2019-02-28,24,4.43,125.03,44.24,107.93,79.37,none,0
REAL-0230,2,2019-08-26,24,4.119,117.0,45.2,102.19,75.44,none,0
REAL-0230,3,2020-02-22,24,4.113,121.34,44.84,100.8,76.75,none,0
REAL-0230,4,2020-08-20,24,4.113,115.51,45.14,98.09,77.97,none,0
REAL-0231,1,2019-02-24,22,4.799,140.98,42.71,116.66,87.87,hypertension,1
REAL-0231,2,2019-08-23,22,5.126,142.0,44.0,121.91,89.93,hypertension,1
REAL-0231,3,2020-02-19,22,5.061,144.63,43.79,118.62,93.3,hypertension,1
REAL-0231,4,2020-08-17,22,5.086,137.63,44.07,121.59,89.13,hypertension,1
REAL-0232,1,2019-02-27,46,4.632,130.28,46.05,106.62,76.66,none,1
REAL-0232,2,2019-08-26,46,4.82,134.0,46.2,102.2,81.9,none,1
REAL-0232,3,2020-02-22,46,4.779,130.58,46.22,102.92,84.47,none,1
REAL-0232,4,2020-08-20,46,4.865,134.42,45.64,100.15,86.15,none,1
REAL-0233,1,2019-02-25,22,3.5,80.11,25.64,114.64,81.02,none,0
REAL-0233,2,2019-08-30,22,3.5,79.0,25.4,109.43,80.32,none,0
REAL-0233,3,2020-02-26,22,3.5,77.57,25.2,110.28,82.53,none,0
REAL-0233,4,2020-08-24,22,3.5,83.83,25.17,106.57,81.01,none,0
REAL-0234,1,2019-02-25,29,4.453,124.1,35.03,92.67,64.39,none,0
REAL-0234,2,2019-08-29,29,4.494,122.0,35.0,95.76,63.52,none,0
REAL-0234,3,2020-02-25,29,4.44,127.22,35.09,94.34,63.26,none,0
REAL-0234,4,2020-08-23,29,4.509,119.87,34.92,92.73,67.5,none,0
REAL-0235,1,2019-02-25,23,3.5,78.7,29.48,95.16,65.38,none,0
REAL-0235,2,2019-08-27,23,3.5,74.0,29.7,97.21,71.3,none,0
REAL-0235,3,2020-02-23,23,3.516,77.04,29.9,93.7,71.04,none,0
REAL-0235,4,2020-08-21,23,3.546,69.14,29.24,97.86,72.24,none,0
REAL-0236,1,2019-03-03,26,6.387,176.25,43.47,91.27,67.58,none,1
REAL-0236,2,2019-08-26,26,6.163,171.0,43.6,104.25,73.02,none,1
REAL-0236,3,2020-02-22,26,6.199,165.81,44.05,102.79,71.97,none,1
REAL-0236,4,2020-08-20,26,6.228,173.53,43.77,101.88,71.48,none,1
REAL-0237,1,2019-03-01,51,5.94,170.66,35.13,118.89,88.92,hypertension,1
REAL-0237,2,2019-09-02,51,6.412,181.0,35.9,110.77,81.03,hypertension,1
REAL-0237,3,2020-02-29,51,6.429,183.8,35.72,109.48,81.09,hypertension,1
REAL-0237,4,2020-08-27,51,6.267,178.64,36.01,112.92,75.02,hypertension,1
REAL-0238,1,2019-03-03,23,6.476,179.36,44.05,122.8,88.84,hypertension,1
REAL-0238,2,2019-08-26,23,6.4,179.0,44.1,122.43,90.12,hypertension,1
REAL-0238,3,2020-02-22,23,6.498,177.78,44.09,122.4,91.09,hypertension,1
REAL-0238,4,2020-08-20,23,6.389,179.09,43.83,118.33,89.25,hypertension,1
REAL-0239,1,2019-03-03,32,5.837,162.05,31.19,115.75,83.57,hypertension,1
REAL-0239,2,2019-08-23,32,5.796,164.0,30.8,105.71,86.91,hypertension,1
REAL-0239,3,2020-02-19,32,5.771,157.31,30.9,105.31,87.89,hypertension,1
REAL-0239,4,2020-08-17,32,5.782,165.96,30.89,106.19,82.7,hypertension,1
REAL-0240,1,2019-03-06,27,3.745,104.57,18.76,102.75,71.29,none,0
REAL-0240,2,2019-08-23,27,3.5,104.0,18.4,103.42,73.98,none,0
REAL-0240,3,2020-02-19,27,3.5,107.29,18.57,104.28,72.54,none,0
REAL-0240,4,2020-08-17,27,3.5,102.06,18.31,103.01,72.47,none,0
REAL-0241,1,2019-02-24,21,3.5,87.26,29.33,94.07,66.93,none,0
REAL-0241,2,2019-09-02,21,3.5,91.0,29.2,99.49,63.35,none,0
REAL-0241,3,2020-02-29,21,3.6,84.88,29.07,102.37,64.85,none,0
REAL-0241,4,2020-08-27,21,3.544,92.81,29.16,97.96,63.74,none,0
REAL-0242,1,2019-02-26,22,3.5,85.63,33.6,91.44,71.63,none,0
REAL-0242,2,2019-08-28,22,3.5,91.0,33.1,94.88,71.34,none,0
REAL-0242,3,2020-02-24,22,3.5,92.04,33.08,90.21,71.92,none,0
REAL-0242,4,2020-08-22,22,3.542,86.89,32.96,99.1,72.79,none,0
REAL-0243,1,2019-03-02,22,5.194,139.61,26.09,89.02,52.32,none,1
REAL-0243,2,2019-08-29,22,5.057,139.0,25.6,85.76,47.48,none,1
REAL-0243,3,2020-02-25,22,5.174,135.45,26.13,84.05,49.17,none,1
REAL-0243,4,2020-08-23,22,5.15,139.94,25.84,86.86,44.82,none,1
REAL-0244,1,2019-02-26,33,4.343,120.23,27.23,74.45,39.31,none,1
REAL-0244,2,2019-08-31,33,4.449,119.0,27.1,79.78,52.72,none,1
REAL-0244,3,2020-02-27,33,4.364,120.68,26.82,81.17,52.68,none,1
REAL-0244,4,2020-08-25,33,4.423,116.9,26.99,81.03,49.72,none,1
REAL-0245,1,2019-03-05,29,5.051,144.84,38.92,107.57,81.77,none,0
REAL-0245,2,2019-09-01,29,5.135,146.0,38.2,106.69,77.63,none,0
REAL-0245,3,2020-02-28,29,5.128,145.05,38.17,103.6,77.67,none,0
REAL-0245,4,2020-08-26,29,5.162,146.67,38.05,109.93,75.88,none,0
REAL-0246,1,2019-02-28,49,6.262,180.1,30.2,116.87,88.47,hypertension,1
REAL-0246,2,2019-08-31,49,6.443,184.0,30.0,113.29,86.03,hypertension,1
REAL-0246,3,2020-02-27,49,6.307,181.88,29.89,110.96,86.48,hypertension,1
REAL-0246,4,2020-08-25,49,6.261,185.85,29.82,108.93,83.9,hypertension,1
REAL-0247,1,2019-03-01,41,3.968,114.64,31.04,97.19,70.49,none,0
REAL-0247,2,2019-08-31,41,4.269,122.0,31.2,103.95,68.7,none,0
REAL-0247,3,2020-02-27,41,4.322,121.51,31.23,104.8,69.47,none,0
REAL-0247,4,2020-08-25,41,4.232,118.09,30.7,104.55,68.87,none,0
REAL-0248,1,2019-03-03,23,5.7,163.43,51.19,116.45,87.79,hypertension,0
REAL-0248,2,2019-08-26,23,5.528,165.0,52.3,120.58,94.75,hypertension,0
REAL-0248,3,2020-02-22,23,5.551,158.85,52.07,120.05,96.38,hypertension,0
REAL-0248,4,2020-08-20,23,5.627,163.9,52.95,117.81,94.82,hypertension,0
REAL-0249,1,2019-02-28,34,4.413,121.3,35.74,100.79,72.72,none,0
REAL-0249,2,2019-08-28,34,4.438,124.0,35.4,99.82,69.45,none,0
REAL-0249,3,2020-02-24,34,4.477,124.9,35.28,103.0,70.23,none,0
REAL-0249,4,2020-08-22,34,4.54,125.04,34.97,101.53,70.95,none,0
REAL-0250,1,2019-03-01,23,4.123,115.13,29.6,114.41,87.1,hypertension,0
REAL-0250,2,2019-08-28,23,3.991,111.0,30.1,119.25,83.79,hypertension,0
REAL-0250,3,2020-02-24,23,4.029,104.49,29.58,119.48,82.95,hypertension,0
REAL-0250,4,2020-08-22,23,3.818,108.3,30.44,122.68,82.67,hypertension,0
REAL-0251,1,2019-03-06,42,3.982,108.61,31.29,81.96,57.67,none,0
REAL-0251,2,2019-08-23,42,3.77,106.0,31.2,88.04,51.17,none,0
REAL-0251,3,2020-02-19,42,3.816,111.27,30.71,89.99,52.66,none,0
REAL-0251,4,2020-08-17,42,3.697,107.72,31.09,88.19,50.45,none,0
REAL-0252,1,2019-03-05,27,4.382,125.31,27.77,119.13,82.84,hypertension,0
REAL-0252,2,2019-08-25,27,4.779,129.0,28.0,118.86,83.87,hypertension,0
REAL-0252,3,2020-02-21,27,4.704,133.31,28.0,119.22,83.21,hypertension,0
REAL-0252,4,2020-08-19,27,4.716,132.39,27.82,119.59,83.45,hypertension,0
REAL-0253,1,2019-02-24,24,3.5,93.33,24.42,110.75,83.45,none,0
REAL-0253,2,2019-09-01,24,3.5,90.0,24.4,109.96,82.08,none,0
REAL-0253,3,2020-02-28,24,3.518,87.28,24.54,110.1,82.41,none,0
REAL-0253,4,2020-08-26,24,3.525,87.94,23.99,113.37,80.48,none,0
REAL-0254,1,2019-03-01,25,3.5,86.56,35.2,94.78,56.71,none,0
REAL-0254,2,2019-09-01,25,3.5,86.0,35.8,94.75,70.23,none,0
REAL-0254,3,2020-02-28,25,3.5,86.01,35.24,92.41,70.01,none,0
REAL-0254,4,2020-08-26,25,3.5,88.24,35.84,97.77,69.9,none,0
REAL-0255,1,2019-03-02,44,3.5,94.85,27.0,101.25,69.65,none,1
REAL-0255,2,2019-08-23,44,3.5,92.0,27.6,85.77,65.67,none,1
REAL-0255,3,2020-02-19,44,3.546,94.15,27.4,85.8,64.81,none,1
REAL-0255,4,2020-08-17,44,3.5,95.01,28.0,89.26,62.58,none,1
REAL-0256,1,2019-03-05,21,4.23,114.46,34.11,89.65,56.26,none,1
REAL-0256,2,2019-08-27,21,3.864,113.0,33.6,92.86,65.91,none,1
REAL-0256,3,2020-02-23,21,3.816,115.72,33.73,94.47,65.87,none,1
REAL-0256,4,2020-08-21,21,3.862,109.09,33.32,94.23,62.98,none,1
REAL-0257,1,2019-03-06,30,3.97,111.68,29.83,94.6,56.16,none,0
REAL-0257,2,2019-08-26,30,3.858,111.0,30.1,87.61,53.84,none,0
REAL-0257,3,2020-02-22,30,3.83,114.45,30.13,89.11,53.74,none,0
REAL-0257,4,2020-08-20,30,3.826,115.58,29.64,90.16,47.91,none,0
REAL-0258,1,2019-02-25,25,4.266,120.38,28.69,106.07,71.81,none,0
REAL-0258,2,2019-09-02,25,4.516,114.0,28.7,93.91,69.25,none,0
REAL-0258,3,2020-02-29,25,4.555,108.24,28.24,93.84,75.59,none,0
REAL-0258,4,2020-08-27,25,4.463,114.73,28.64,93.07,70.23,none,0
REAL-0259,1,2019-03-03,24,7.054,192.81,25.7,69.49,48.59,none,0
REAL-0259,2,2019-08-27,24,6.989,193.0,25.9,87.01,51.84,none,0
REAL-0259,3,2020-02-23,24,6.974,193.84,25.73,82.2,48.08,none,0
REAL-0259,4,2020-08-21,24,6.916,191.94,26.08,88.01,51.84,none,0
REAL-0260,1,2019-02-28,51,5.745,154.86,33.09,106.16,78.0,none,1
REAL-0260,2,2019-08-29,51,5.574,155.0,33.3,106.92,76.26,none,1
REAL-0260,3,2020-02-25,51,5.563,152.9,33.09,106.72,79.05,none,1
REAL-0260,4,2020-08-23,51,5.48,155.6,33.81,107.43,75.47,none,1
REAL-0261,1,2019-03-06,34,6.431,179.91,30.86,92.61,62.95,none,0
REAL-0261,2,2019-08-23,34,6.933,191.0,30.9,90.21,64.85,none,0
REAL-0261,3,2020-02-19,34,6.871,194.56,30.82,88.59,63.98,none,0
REAL-0261,4,2020-08-17,34,6.936,186.26,30.93,90.69,64.39,none,0
REAL-0262,1,2019-03-01,27,4.768,134.29,29.96,66.07,44.49,none,1
REAL-0262,2,2019-08-31,27,5.126,141.0,30.0,24.43,-3.31,none,1
REAL-0262,3,2020-02-27,27,5.034,142.61,29.79,80.0,40.0,none,1
REAL-0262,4,2020-08-25,27,5.208,142.61,30.18,80.0,40.0,none,1
REAL-0263,1,2019-02-27,24,3.5,96.15,30.74,100.71,73.19,none,0
REAL-0263,2,2019-08-31,24,3.5,95.0,32.1,100.93,64.24,none,0
REAL-0263,3,2020-02-27,24,3.579,98.33,31.93,104.23,63.24,none,0
REAL-0263,4,2020-08-25,24,3.5,96.44,31.93,104.39,62.03,none,0
REAL-0264,1,2019-02-28,63,4.87,139.51,32.97,111.23,79.43,none,0
REAL-0264,2,2019-08-24,63,5.287,142.0,32.4,112.1,78.28,none,0
REAL-0264,3,2020-02-20,63,5.232,142.19,32.92,112.32,77.95,none,0
REAL-0264,4,2020-08-18,63,5.289,145.14,32.2,109.47,74.83,none,0
REAL-0265,1,2019-03-04,35,4.306,123.29,31.58,101.87,70.96,none,1
REAL-0265,2,2019-08-29,35,4.414,123.0,32.0,90.05,64.05,none,1
REAL-0265,3,2020-02-25,35,4.466,126.53,32.03,92.84,65.29,none,1
REAL-0265,4,2020-08-23,35,4.459,122.49,31.86,89.41,64.13,none,1
REAL-0266,1,2019-03-01,43,3.672,105.59,33.72,105.18,66.81,none,0
REAL-0266,2,2019-08-25,43,3.5,96.0,33.6,115.78,77.5,none,0
REAL-0266,3,2020-02-21,43,3.553,93.18,33.54,115.37,76.07,none,0
REAL-0266,4,2020-08-19,43,3.552,103.68,33.57,117.08,77.53,none,0
REAL-0267,1,2019-03-01,25,5.199,143.51,36.51,70.05,41.82,none,1
REAL-0267,2,2019-08-23,25,4.697,138.0,36.3,29.66,1.51,none,1
REAL-0267,3,2020-02-19,25,4.803,136.3,36.35,80.0,40.0,none,1
REAL-0267,4,2020-08-17,25,4.652,141.98,36.23,80.0,40.0,none,1
REAL-0268,1,2019-03-01,24,4.892,130.41,39.66,85.17,58.96,none,0
REAL-0268,2,2019-08-27,24,4.481,128.0,40.0,92.74,66.27,none,0
REAL-0268,3,2020-02-23,24,4.484,128.86,39.82,92.51,63.32,none,0
REAL-0268,4,2020-08-21,24,4.407,126.6,40.16,98.73,69.23,none,0
REAL-0269,1,2019-02-27,21,3.69,98.96,24.64,84.17,55.12,none,0
REAL-0269,2,2019-08-24,21,4.017,102.0,25.1,83.81,49.81,none,0
REAL-0269,3,2020-02-20,21,3.944,103.37,25.55,84.45,52.55,none,0
REAL-0269,4,2020-08-18,21,4.085,98.62,24.68,84.68,45.26,none,0
REAL-0270,1,2019-03-02,28,5.161,145.67,27.98,69.2,40.68,none,1
REAL-0270,2,2019-09-01,28,5.257,146.0,27.5,28.67,1.81,none,1
REAL-0270,3,2020-02-28,28,5.201,146.92,28.02,80.0,40.0,none,1
REAL-0270,4,2020-08-26,28,5.407,145.86,27.47,80.0,40.0,none,1
REAL-0271,1,2019-02-28,38,3.805,105.06,45.26,119.7,93.17,hypertension,1
REAL-0271,2,2019-08-28,38,3.572,101.0,45.6,105.77,89.38,hypertension,1
REAL-0271,3,2020-02-24,38,3.559,102.37,45.79,104.71,84.64,hypertension,1
REAL-0271,4,2020-08-22,38,3.567,104.82,45.9,108.68,90.88,hypertension,1
REAL-0272,1,2019-03-03,21,3.577,100.29,24.71,89.16,60.5,none,0
REAL-0272,2,2019-08-23,21,3.942,108.0,25.2,89.61,60.82,none,0
REAL-0272,3,2020-02-19,21,3.97,107.76,25.61,87.98,60.55,none,0
REAL-0272,4,2020-08-17,21,3.978,104.54,24.93,86.66,62.92,none,0
REAL-0273,1,2019-03-06,40,4.13,120.71,22.89,106.63,79.77,none,0
REAL-0273,2,2019-08-29,40,4.801,122.0,23.0,108.4,79.98,none,0
REAL-0273,3,2020-02-25,40,4.934,120.27,23.11,105.61,78.08,none,0
REAL-0273,4,2020-08-23,40,4.82,123.28,22.77,115.33,80.36,none,0
REAL-0274,1,2019-02-28,21,3.5,72.53,33.07,103.23,79.11,none,0
REAL-0274,2,2019-08-30,21,3.5,71.0,33.2,108.26,81.18,none,0
REAL-0274,3,2020-02-26,21,3.508,73.46,32.89,110.19,80.07,none,0
REAL-0274,4,2020-08-24,21,3.589,77.24,33.35,109.11,78.27,none,0
REAL-0275,1,2019-02-27,52,3.687,105.33,34.02,90.49,68.87,none,0
REAL-0275,2,2019-08-28,52,3.92,106.0,34.2,100.57,66.05,none,0
REAL-0275,3,2020-02-24,52,3.932,103.76,34.0,102.37,63.85,none,0
REAL-0275,4,2020-08-22,52,3.961,103.32,33.69,103.05,66.8,none,0
REAL-0276,1,2019-03-04,25,3.755,102.07,40.98,86.71,69.58,none,0
REAL-0276,2,2019-08-26,25,3.618,100.0,40.5,95.91,71.06,none,0
REAL-0276,3,2020-02-22,25,3.66,99.98,39.92,96.18,69.49,none,0
REAL-0276,4,2020-08-20,25,3.571,100.69,40.19,94.86,69.47,none,0
REAL-0277,1,2019-03-04,29,4.091,112.93,26.94,90.69,61.75,none,1
REAL-0277,2,2019-09-02,29,3.782,106.0,26.5,88.31,60.1,none,1
REAL-0277,3,2020-02-29,29,3.806,102.89,26.2,88.6,58.1,none,1
REAL-0277,4,2020-08-27,29,3.76,102.96,26.3,88.51,58.89,none,1
REAL-0278,1,2019-02-28,23,3.759,103.26,28.97,94.74,66.71,none,0
REAL-0278,2,2019-08-23,23,3.828,104.0,27.8,100.12,68.86,none,0
REAL-0278,3,2020-02-19,23,3.712,104.31,27.74,101.45,69.05,none,0
REAL-0278,4,2020-08-17,23,3.829,104.12,27.49,102.13,64.62,none,0
REAL-0279,1,2019-03-02,57,3.753,108.82,24.91,100.54,79.62,none,0
REAL-0279,2,2019-09-02,57,4.109,114.0,24.9,104.99,72.25,none,0
REAL-0279,3,2020-02-29,57,4.096,108.49,24.18,105.69,71.88,none,0
REAL-0279,4,2020-08-27,57,4.133,112.87,25.29,104.05,72.71,none,0
REAL-0280,1,2019-03-01,22,4.194,110.48,25.31,92.26,63.0,none,0
REAL-0280,2,2019-08-28,22,4.024,108.0,25.3,92.21,62.42,none,0
REAL-0280,3,2020-02-24,22,3.955,103.62,25.2,91.96,66.71,none,0
REAL-0280,4,2020-08-22,22,4.006,102.27,24.82,92.48,63.89,none,0
REAL-0281,1,2019-03-05,28,5.012,143.69,38.05,98.72,68.38,none,1
REAL-0281,2,2019-08-25,28,5.213,146.0,37.9,100.66,65.06,none,1
REAL-0281,3,2020-02-21,28,5.366,142.65,37.75,102.51,62.44,none,1
REAL-0281,4,2020-08-19,28,5.169,147.86,37.59,104.58,66.53,none,1
REAL-0282,1,2019-02-27,39,4.541,123.01,36.48,103.52,76.42,none,0
REAL-0282,2,2019-09-01,39,4.737,129.0,35.9,101.7,80.27,none,0
REAL-0282,3,2020-02-28,39,4.633,129.97,35.76,99.73,76.89,none,0
REAL-0282,4,2020-08-26,39,4.806,129.55,35.78,97.5,81.63,none,0
REAL-0283,1,2019-02-27,37,4.681,129.99,33.09,119.18,87.02,hypertension,0
REAL-0283,2,2019-08-29,37,4.692,133.0,32.4,117.15,88.94,hypertension,0
REAL-0283,3,2020-02-25,37,4.757,137.94,32.17,112.83,85.31,hypertension,0
REAL-0283,4,2020-08-23,37,4.658,136.68,32.24,116.27,90.54,hypertension,0
REAL-0284,1,2019-03-04,47,6.001,163.52,30.65,106.16,88.22,hypertension,1
REAL-0284,2,2019-08-27,47,5.777,161.0,30.4,115.08,87.56,hypertension,1
REAL-0284,3,2020-02-23,47,5.777,159.2,30.21,118.18,87.8,hypertension,1
REAL-0284,4,2020-08-21,47,5.723,161.05,30.08,114.12,89.69,hypertension,1
REAL-0285,1,2019-03-02,52,3.949,106.68,26.46,106.86,80.53,none,1
REAL-0285,2,2019-08-27,52,3.829,108.0,27.0,103.16,78.21,none,1
REAL-0285,3,2020-02-23,52,3.694,106.98,27.04,103.23,76.64,none,1
REAL-0285,4,2020-08-21,52,3.654,111.36,27.38,103.98,80.53,none,1
REAL-0286,1,2019-03-04,51,5.503,147.78,25.95,101.64,76.08,none,0
REAL-0286,2,2019-08-30,51,4.862,136.0,26.0,101.82,78.68,none,0
REAL-0286,3,2020-02-26,51,4.843,138.58,25.82,105.29,79.14,none,0
REAL-0286,4,2020-08-24,51,4.914,144.41,26.05,99.05,75.37,none,0
REAL-0287,1,2019-02-26,34,5.549,154.27,38.36,115.52,90.4,hypertension,0
REAL-0287,2,2019-08-25,34,5.34,155.0,38.7,116.74,84.6,hypertension,0
REAL-0287,3,2020-02-21,34,5.396,155.21,39.35,117.93,84.58,hypertension,0
REAL-0287,4,2020-08-19,34,5.284,152.79,38.61,119.72,89.29,hypertension,0
REAL-0288,1,2019-02-25,29,3.975,113.94,46.04,121.64,83.02,hypertension,1
REAL-0288,2,2019-09-02,29,4.046,119.0,45.6,118.21,82.7,hypertension,1
REAL-0288,3,2020-02-29,29,4.21,119.83,45.34,119.13,84.6,hypertension,1
REAL-0288,4,2020-08-27,29,4.049,119.31,46.0,120.59,87.22,hypertension,1
REAL-0289,1,2019-02-25,26,3.5,94.28,20.32,88.63,61.52,none,0
REAL-0289,2,2019-08-24,26,3.5,96.0,20.8,85.97,53.45,none,0
REAL-0289,3,2020-02-20,26,3.532,93.46,20.71,86.19,53.26,none,0
REAL-0289,4,2020-08-18,26,3.514,95.05,20.97,87.71,55.1,none,0
REAL-0290,1,2019-03-02,33,3.949,109.11,35.42,100.46,74.66,none,0
REAL-0290,2,2019-08-25,33,3.586,108.0,36.1,105.52,72.35,none,0
REAL-0290,3,2020-02-21,33,3.627,106.44,36.32,105.64,73.91,none,0
REAL-0290,4,2020-08-19,33,3.576,108.92,35.9,104.95,75.04,none,0
REAL-0291,1,2019-02-26,21,3.5,79.33,35.98,123.33,80.81,hypertension,0
REAL-0291,2,2019-09-02,21,3.5,78.0,36.9,118.83,84.62,hypertension,0
REAL-0291,3,2020-02-29,21,3.5,79.25,36.69,120.28,81.71,hypertension,0
REAL-0291,4,2020-08-27,21,3.5,80.05,36.93,114.01,84.82,hypertension,0
REAL-0292,1,2019-02-25,25,3.85,102.98,36.5,95.25,59.82,none,1
REAL-0292,2,2019-08-29,25,3.87,107.0,36.6,84.33,64.37,none,1
REAL-0292,3,2020-02-25,25,3.827,103.97,37.21,86.68,63.51,none,1
REAL-0292,4,2020-08-23,25,3.825,106.54,36.42,85.35,63.34,none,1
REAL-0293,1,2019-03-03,31,4.38,119.74,44.37,119.69,84.06,none,1
REAL-0293,2,2019-08-23,31,4.622,128.0,43.3,113.02,78.49,none,1
REAL-0293,3,2020-02-19,31,4.613,123.67,42.97,112.34,77.78,none,1
REAL-0293,4,2020-08-17,31,4.572,127.36,43.39,113.15,80.47,none,1
REAL-0294,1,2019-03-04,24,4.625,131.15,41.01,74.12,45.83,none,1
REAL-0294,2,2019-08-27,24,4.475,128.0,40.5,78.28,53.64,none,1
REAL-0294,3,2020-02-23,24,4.428,131.26,40.57,80.0,53.55,none,1
REAL-0294,4,2020-08-21,24,4.5,122.44,40.15,80.0,54.39,none,1
REAL-0295,1,2019-03-06,65,5.656,161.4,22.95,84.94,55.45,none,0
REAL-0295,2,2019-09-01,65,5.809,161.0,21.9,76.7,48.3,none,0
REAL-0295,3,2020-02-28,65,5.817,159.14,21.85,80.0,45.77,none,0
REAL-0295,4,2020-08-26,65,5.858,162.55,21.79,80.0,50.56,none,0
REAL-0296,1,2019-03-05,28,5.629,148.69,35.43,93.61,64.02,none,0
REAL-0296,2,2019-08-23,28,5.345,151.0,35.5,84.62,63.54,none,0
REAL-0296,3,2020-02-19,28,5.506,150.76,35.4,84.34,63.7,none,0
REAL-0296,4,2020-08-17,28,5.399,148.09,35.97,85.35,65.7,none,0
REAL-0297,1,2019-02-27,29,5.877,150.49,27.74,93.22,74.12,none,1
REAL-0297,2,2019-09-02,29,5.366,146.0,28.0,98.41,68.13,none,1
REAL-0297,3,2020-02-29,29,5.181,147.41,27.61,102.44,65.16,none,1
REAL-0297,4,2020-08-27,29,5.405,143.21,27.67,102.19,66.91,none,1
REAL-0298,1,2019-02-27,24,4.394,123.46,30.29,108.45,76.67,hypertension,0
REAL-0298,2,2019-08-30,24,4.403,126.0,30.7,111.18,82.01,hypertension,0
REAL-0298,3,2020-02-26,24,4.396,126.04,30.68,110.62,80.04,hypertension,0
REAL-0298,4,2020-08-24,24,4.433,124.24,31.0,109.24,81.06,hypertension,0
REAL-0299,1,2019-03-02,46,3.76,98.48,36.34,115.62,90.17,none,1
REAL-0299,2,2019-08-25,46,3.633,100.0,36.6,106.34,73.35,none,1
REAL-0299,3,2020-02-21,46,3.561,103.58,36.22,102.47,73.09,none,1
REAL-0299,4,2020-08-19,46,3.694,102.57,35.71,108.29,72.77,none,1
REAL-0300,1,2019-02-25,58,3.84,113.75,23.26,96.87,69.51,none,0
REAL-0300,2,2019-08-30,58,3.967,112.0,23.6,94.21,72.21,none,0
REAL-0300,3,2020-02-26,58,4.018,110.13,23.73,94.0,73.84,none,0
REAL-0300,4,2020-08-24,58,4.145,115.57,23.99,95.28,70.75,none,0
REAL-0301,1,2019-02-24,30,6.346,177.89,32.59,71.87,48.95,none,1
REAL-0301,2,2019-09-01,30,6.195,167.0,32.3,36.8,-1.23,none,1
REAL-0301,3,2020-02-28,30,6.212,170.72,32.43,80.0,40.0,none,1
REAL-0301,4,2020-08-26,30,6.163,167.13,32.27,80.0,40.0,none,1
REAL-0302,1,2019-03-03,25,4.966,141.14,31.72,99.79,63.6,none,1
REAL-0302,2,2019-08-29,25,5.096,144.0,31.6,83.1,63.78,none,1
REAL-0302,3,2020-02-25,25,5.153,142.21,31.73,80.28,62.27,none,1
REAL-0302,4,2020-08-23,25,5.191,145.65,31.03,82.86,62.39,none,1
REAL-0303,1,2019-03-04,35,3.5,77.24,35.3,104.94,76.92,hypertension,0
REAL-0303,2,2019-08-28,35,3.5,77.0,35.8,113.44,84.45,hypertension,0
REAL-0303,3,2020-02-24,35,3.5,69.61,35.88,112.01,84.72,hypertension,0
REAL-0303,4,2020-08-22,35,3.536,77.73,35.77,113.31,86.03,hypertension,0
REAL-0304,1,2019-03-01,28,4.137,119.56,53.17,129.25,96.25,hypertension,1
REAL-0304,2,2019-08-31,28,4.128,115.0,52.9,135.57,96.69,hypertension,1
REAL-0304,3,2020-02-27,28,4.134,117.93,53.21,138.78,98.24,hypertension,1
REAL-0304,4,2020-08-25,28,4.052,117.06,52.56,135.96,96.37,hypertension,1
REAL-0305,1,2019-03-02,37,5.504,150.94,21.51,109.36,79.76,none,0
REAL-0305,2,2019-08-26,37,5.336,150.0,21.0,106.16,72.99,none,0
REAL-0305,3,2020-02-22,37,5.265,151.41,21.58,107.17,74.28,none,0
REAL-0305,4,2020-08-20,37,5.186,149.0,21.09,106.86,69.33,none,0
REAL-0306,1,2019-02-28,29,4.27,116.87,39.48,105.19,77.14,none,0
REAL-0306,2,2019-08-26,29,4.478,120.0,39.7,102.57,75.1,none,0
REAL-0306,3,2020-02-22,29,4.412,114.66,39.83,102.26,71.55,none,0
REAL-0306,4,2020-08-20,29,4.405,121.85,39.6,104.31,72.39,none,0
REAL-0307,1,2019-02-27,47,5.278,158.7,26.08,107.6,73.78,none,1
REAL-0307,2,2019-09-01,47,5.526,161.0,25.5,103.4,74.45,none,1
REAL-0307,3,2020-02-28,47,5.595,162.75,24.98,101.73,75.21,none,1
REAL-0307,4,2020-08-26,47,5.616,163.98,24.78,100.6,72.02,none,1
REAL-0308,1,2019-02-25,21,4.651,134.25,25.38,104.55,71.23,none,0
REAL-0308,2,2019-08-27,21,4.861,137.0,24.8,95.82,61.93,none,0
REAL-0308,3,2020-02-23,21,4.859,137.53,24.85,96.1,62.01,none,0
REAL-0308,4,2020-08-21,21,4.952,138.65,24.34,95.07,62.98,none,0
REAL-0309,1,2019-02-28,25,4.225,129.33,30.27,104.68,74.24,none,1
REAL-0309,2,2019-08-25,25,4.318,128.0,30.5,101.43,61.93,none,1
REAL-0309,3,2020-02-21,25,4.327,128.55,30.73,102.51,61.84,none,1
REAL-0309,4,2020-08-19,25,4.403,126.85,30.32,101.85,62.42,none,1
REAL-0310,1,2019-03-05,30,4.475,128.75,33.5,98.43,73.98,none,1
REAL-0310,2,2019-08-26,30,4.473,124.0,32.9,97.69,72.58,none,1
REAL-0310,3,2020-02-22,30,4.622,118.05,32.64,95.76,72.18,none,1
REAL-0310,4,2020-08-20,30,4.537,124.44,33.18,95.58,69.58,none,1
REAL-0311,1,2019-02-25,41,3.5,80.58,25.47,93.02,61.84,none,0
REAL-0311,2,2019-08-26,41,3.5,80.0,26.2,95.33,67.01,none,0
REAL-0311,3,2020-02-22,41,3.5,80.11,25.93,98.57,67.55,none,0
REAL-0311,4,2020-08-20,41,3.5,80.21,26.48,93.72,70.45,none,0
REAL-0312,1,2019-02-25,22,3.824,102.7,39.74,101.04,65.93,none,0
REAL-0312,2,2019-08-31,22,3.784,106.0,39.4,90.74,70.47,none,0
REAL-0312,3,2020-02-27,22,3.779,108.44,39.06,92.76,68.93,none,0
REAL-0312,4,2020-08-25,22,3.588,103.14,39.44,89.84,70.74,none,0
REAL-0313,1,2019-02-24,27,5.653,155.24,26.15,108.12,78.33,none,1
REAL-0313,2,2019-08-30,27,5.563,155.0,26.6,113.65,79.22,none,1
REAL-0313,3,2020-02-26,27,5.672,156.88,26.37,112.37,77.3,none,1
REAL-0313,4,2020-08-24,27,5.319,157.69,26.65,111.74,84.12,none,1
REAL-0314,1,2019-02-27,25,3.951,112.73,29.72,82.94,52.09,none,0
REAL-0314,2,2019-08-30,25,4.171,113.0,29.5,72.79,54.8,none,0
REAL-0314,3,2020-02-26,25,4.072,108.46,29.69,80.0,54.32,none,0
REAL-0314,4,2020-08-24,25,4.171,111.9,29.7,80.0,53.84,none,0
REAL-0315,1,2019-02-26,43,3.5,101.99,35.23,115.71,83.49,none,1
REAL-0315,2,2019-09-02,43,4.116,109.0,35.9,112.21,82.27,none,1
REAL-0315,3,2020-02-29,43,4.097,110.58,35.2,112.54,81.37,none,1
REAL-0315,4,2020-08-27,43,4.111,106.73,36.03,113.37,82.04,none,1
REAL-0316,1,2019-02-25,26,3.725,111.7,33.42,99.28,64.5,none,0
REAL-0316,2,2019-08-25,26,3.826,112.0,34.1,97.6,72.89,none,0
REAL-0316,3,2020-02-21,26,3.715,112.78,34.47,97.76,73.12,none,0
REAL-0316,4,2020-08-19,26,3.883,108.71,34.5,96.19,71.39,none,0
REAL-0317,1,2019-02-27,30,3.5,101.14,19.01,102.11,81.12,none,0
REAL-0317,2,2019-08-31,30,3.513,99.0,19.3,108.86,81.69,none,0
REAL-0317,3,2020-02-27,30,3.612,95.2,19.33,108.56,81.84,none,0
REAL-0317,4,2020-08-25,30,3.505,96.35,19.35,104.9,80.72,none,0
REAL-0318,1,2019-03-04,29,6.497,179.36,30.64,105.14,66.79,none,1
REAL-0318,2,2019-08-25,29,6.328,182.0,30.5,97.18,70.25,none,1
REAL-0318,3,2020-02-21,29,6.35,183.88,29.94,95.64,68.32,none,1
REAL-0318,4,2020-08-19,29,6.399,184.55,30.25,99.34,69.88,none,1
REAL-0319,1,2019-03-03,28,3.933,111.46,38.63,98.53,62.41,none,0
REAL-0319,2,2019-08-29,28,4.093,115.0,38.1,98.49,59.19,none,0
REAL-0319,3,2020-02-25,28,4.026,113.84,37.98,97.55,57.92,none,0
REAL-0319,4,2020-08-23,28,4.152,111.39,37.96,97.62,57.61,none,0
REAL-0320,1,2019-03-03,59,7.085,196.29,23.51,107.75,79.66,none,1
REAL-0320,2,2019-08-27,59,7.049,194.0,23.5,104.36,74.81,none,1
REAL-0320,3,2020-02-23,59,7.002,197.62,23.63,104.04,72.75,none,1
REAL-0320,4,2020-08-21,59,6.919,193.86,23.71,104.38,73.94,none,1
REAL-0321,1,2019-02-24,31,4.858,126.57,28.32,94.26,62.63,none,0
REAL-0321,2,2019-08-29,31,4.553,129.0,27.5,93.62,60.63,none,0
REAL-0321,3,2020-02-25,31,4.611,132.44,27.15,92.24,58.76,none,0
REAL-0321,4,2020-08-23,31,4.6,135.36,27.16,91.09,59.17,none,0
REAL-0322,1,2019-03-06,25,3.988,113.67,32.49,108.48,74.88,none,1
REAL-0322,2,2019-08-23,25,4.129,112.0,31.6,101.11,72.65,none,1
REAL-0322,3,2020-02-19,25,4.077,111.05,31.89,102.59,70.34,none,1
REAL-0322,4,2020-08-17,25,4.182,113.58,31.69,99.88,71.23,none,1
REAL-0323,1,2019-02-25,36,4.515,126.05,27.64,100.65,72.6,none,1
REAL-0323,2,2019-08-29,36,4.147,124.0,27.4,102.49,65.46,none,1
REAL-0323,3,2020-02-25,36,4.091,120.74,27.46,102.74,63.79,none,1
REAL-0323,4,2020-08-23,36,4.254,128.03,27.39,103.58,64.83,none,1
REAL-0324,1,2019-03-06,43,5.736,154.63,27.94,117.72,89.08,hypertension,1
REAL-0324,2,2019-08-29,43,5.572,152.0,26.8,119.51,93.81,hypertension,1
REAL-0324,3,2020-02-25,43,5.616,151.62,26.31,117.73,95.31,hypertension,1
REAL-0324,4,2020-08-23,43,5.505,150.57,26.97,119.43,92.12,hypertension,1
REAL-0325,1,2019-03-03,21,3.977,114.3,36.71,101.4,79.44,none,0
REAL-0325,2,2019-08-29,21,4.135,112.0,35.7,103.84,74.86,none,0
REAL-0325,3,2020-02-25,21,4.308,108.84,35.9,99.74,78.54,none,0
REAL-0325,4,2020-08-23,21,4.098,110.34,35.75,107.21,73.32,none,0
REAL-0326,1,2019-02-25,24,5.737,154.86,25.48,91.8,57.72,none,0
REAL-0326,2,2019-09-02,24,5.504,157.0,25.6,108.44,77.01,none,0
REAL-0326,3,2020-02-29,24,5.428,158.61,25.41,107.12,80.44,none,0
REAL-0326,4,2020-08-27,24,5.465,158.06,25.38,109.79,77.51,none,0
REAL-0327,1,2019-03-01,30,4.131,118.65,35.11,95.42,62.85,none,1
REAL-0327,2,2019-08-26,30,4.621,122.0,35.1,91.54,63.98,none,1
REAL-0327,3,2020-02-22,30,4.391,124.26,35.12,85.12,65.27,none,1
REAL-0327,4,2020-08-20,30,4.564,122.35,35.04,94.21,65.37,none,1
REAL-0328,1,2019-03-03,37,6.644,178.97,35.82,103.89,65.83,none,0
REAL-0328,2,2019-09-02,37,6.202,179.0,35.1,102.0,66.24,none,0
REAL-0328,3,2020-02-29,37,6.183,181.01,34.85,99.08,67.49,none,0
REAL-0328,4,2020-08-27,37,6.231,182.41,34.91,100.68,68.16,none,0
REAL-0329,1,2019-02-25,23,3.576,99.41,45.43,114.96,90.28,hypertension,1
REAL-0329,2,2019-08-27,23,3.596,102.0,45.5,113.76,85.27,hypertension,1
REAL-0329,3,2020-02-23,23,3.594,100.48,45.09,111.5,83.87,hypertension,1
REAL-0329,4,2020-08-21,23,3.537,103.64,45.06,115.01,82.84,hypertension,1
REAL-0330,1,2019-03-05,37,3.748,107.9,30.66,99.51,75.72,none,0
REAL-0330,2,2019-08-29,37,3.574,105.0,30.8,103.33,71.87,none,0
REAL-0330,3,2020-02-25,37,3.637,106.04,30.62,100.5,73.48,none,0
REAL-0330,4,2020-08-23,37,3.5,109.12,31.08,102.64,73.02,none,0
REAL-0331,1,2019-02-24,46,4.292,123.94,22.1,103.27,73.07,none,0
REAL-0331,2,2019-08-26,46,4.297,118.0,23.1,99.71,72.97,none,0
REAL-0331,3,2020-02-22,46,4.336,117.83,23.27,98.41,76.83,none,0
REAL-0331,4,2020-08-20,46,4.178,120.43,22.83,101.28,74.87,none,0
REAL-0332,1,2019-02-28,25,3.5,86.19,32.12,82.83,57.84,none,0
REAL-0332,2,2019-08-25,25,3.5,87.0,32.7,90.09,61.91,none,0
REAL-0332,3,2020-02-21,25,3.593,87.0,32.77,94.92,63.05,none,0
REAL-0332,4,2020-08-19,25,3.5,93.11,32.57,90.73,64.83,none,0
REAL-0333,1,2019-02-28,41,6.76,180.71,41.96,71.27,36.14,none,1
REAL-0333,2,2019-09-01,41,6.435,180.0,43.3,33.02,3.39,none,1
REAL-0333,3,2020-02-28,41,6.485,174.95,43.28,80.0,40.0,none,1
REAL-0333,4,2020-08-26,41,6.487,181.63,43.23,80.0,40.0,none,1
REAL-0334,1,2019-03-01,44,3.528,103.66,22.63,105.88,79.18,none,0
REAL-0334,2,2019-08-28,44,4.051,106.0,23.6,114.51,83.42,none,0
REAL-0334,3,2020-02-24,44,4.15,107.1,24.15,115.39,83.19,none,0
REAL-0334,4,2020-08-22,44,3.958,111.23,23.61,116.17,84.82,none,0
REAL-0335,1,2019-03-03,22,3.5,95.65,24.2,89.29,58.84,none,0
REAL-0335,2,2019-08-28,22,3.608,95.0,23.9,90.87,59.76,none,0
REAL-0335,3,2020-02-24,22,3.685,95.82,23.76,88.5,60.78,none,0
REAL-0335,4,2020-08-22,22,3.5,93.7,24.18,91.51,59.79,none,0
REAL-0336,1,2019-02-27,26,5.779,166.57,48.25,98.02,68.25,none,0
REAL-0336,2,2019-08-24,26,5.975,165.0,47.9,101.72,75.62,none,0
REAL-0336,3,2020-02-20,26,5.936,170.36,47.87,100.14,75.51,none,0
REAL-0336,4,2020-08-18,26,5.845,163.43,47.99,102.44,73.4,none,0
REAL-0337,1,2019-03-04,44,4.023,110.51,33.69,67.21,41.69,none,0
REAL-0337,2,2019-09-01,44,4.05,117.0,33.8,24.86,-1.03,none,0
REAL-0337,3,2020-02-28,44,3.906,115.94,34.02,80.0,40.0,none,0
REAL-0337,4,2020-08-26,44,4.098,119.71,33.96,80.0,40.0,none,0
REAL-0338,1,2019-02-27,44,4.065,117.34,31.27,109.08,71.93,none,1
REAL-0338,2,2019-08-27,44,4.086,115.0,31.2,106.86,74.06,none,1
REAL-0338,3,2020-02-23,44,4.091,111.18,30.88,103.15,76.97,none,1
REAL-0338,4,2020-08-21,44,4.158,116.12,31.37,104.65,71.69,none,1
REAL-0339,1,2019-02-27,33,5.285,149.16,34.73,105.61,80.43,none,1
REAL-0339,2,2019-08-29,33,5.566,152.0,34.2,104.15,81.84,none,1
REAL-0339,3,2020-02-25,33,5.564,154.93,34.67,105.1,84.46,none,1
REAL-0339,4,2020-08-23,33,5.517,151.54,34.27,103.63,79.43,none,1
REAL-0340,1,2019-03-06,41,6.438,177.54,40.57,110.62,83.57,hypertension,1
REAL-0340,2,2019-09-02,41,6.465,178.0,39.9,108.6,80.45,hypertension,1
REAL-0340,3,2020-02-29,41,6.419,170.25,40.24,106.99,82.41,hypertension,1
REAL-0340,4,2020-08-27,41,6.477,179.55,39.51,107.77,78.96,hypertension,1
REAL-0341,1,2019-03-02,22,4.924,135.2,25.42,94.5,68.61,none,0
REAL-0341,2,2019-08-26,22,4.877,130.0,25.9,103.63,61.77,none,0
REAL-0341,3,2020-02-22,22,4.788,129.26,25.93,105.62,61.51,none,0
REAL-0341,4,2020-08-20,22,4.71,128.44,26.13,102.53,62.56,none,0
REAL-0342,1,2019-03-05,36,3.846,101.13,26.29,103.19,71.3,none,0
REAL-0342,2,2019-08-26,36,3.5,95.0,25.9,102.85,74.01,none,0
REAL-0342,3,2020-02-22,36,3.679,93.78,26.36,104.26,72.68,none,0
REAL-0342,4,2020-08-20,36,3.538,90.74,26.17,104.33,76.62,none,0
REAL-0343,1,2019-03-03,22,3.5,50.0,32.5,107.39,67.83,none,0
REAL-0343,2,2019-08-27,22,3.5,0.0,32.0,97.39,70.77,none,0
REAL-0343,3,2020-02-23,22,3.505,50.0,32.06,96.06,70.6,none,0
REAL-0343,4,2020-08-21,22,3.602,50.0,32.26,97.0,72.7,none,0
REAL-0344,1,2019-02-24,33,4.447,129.54,35.19,116.06,87.64,hypertension,0
REAL-0344,2,2019-08-31,33,4.258,122.0,34.7,114.14,86.64,hypertension,0
REAL-0344,3,2020-02-27,33,4.153,119.5,34.84,109.93,88.82,hypertension,0
REAL-0344,4,2020-08-25,33,4.279,121.94,34.58,115.24,83.64,hypertension,0
REAL-0345,1,2019-02-27,57,3.727,98.32,37.13,104.39,65.79,none,0
REAL-0345,2,2019-08-29,57,3.5,95.0,36.8,106.9,70.0,none,0
REAL-0345,3,2020-02-25,57,3.5,94.07,37.01,106.42,70.35,none,0
REAL-0345,4,2020-08-23,57,3.5,93.03,36.49,108.75,71.26,none,0
REAL-0346,1,2019-03-03,49,4.504,123.08,39.58,119.71,88.15,hypertension,0
REAL-0346,2,2019-09-02,49,4.716,126.0,38.5,116.85,90.38,hypertension,0
REAL-0346,3,2020-02-29,49,4.906,128.4,39.05,115.16,91.33,hypertension,0
REAL-0346,4,2020-08-27,49,4.767,124.25,37.82,118.53,91.92,hypertension,0
REAL-0347,1,2019-03-06,22,4.883,138.5,28.89,71.64,46.79,none,0
REAL-0347,2,2019-08-25,22,4.932,139.0,28.7,81.05,48.23,none,0
REAL-0347,3,2020-02-21,22,5.052,139.53,28.43,80.81,48.17,none,0
REAL-0347,4,2020-08-19,22,4.949,135.93,28.45,82.33,48.59,none,0
REAL-0348,1,2019-03-01,23,4.074,112.6,22.38,65.06,36.16,none,0
REAL-0348,2,2019-08-29,23,4.309,116.0,23.5,24.89,-1.44,none,0
REAL-0348,3,2020-02-25,23,4.411,115.96,23.36,80.0,40.0,none,0
REAL-0348,4,2020-08-23,23,4.272,114.67,23.29,80.0,40.0,none,0
REAL-0349,1,2019-02-25,26,3.771,98.04,22.31,89.41,61.76,none,0
REAL-0349,2,2019-08-26,26,3.5,99.0,21.8,91.06,63.26,none,0
REAL-0349,3,2020-02-22,26,3.633,103.64,21.9,92.9,65.41,none,0
REAL-0349,4,2020-08-20,26,3.513,104.64,21.92,90.14,61.85,none,0
REAL-0350,1,2019-02-24,37,3.5,50.0,40.4,107.12,80.67,none,1
REAL-0350,2,2019-09-01,37,3.5,0.0,41.0,114.08,78.16,none,1
REAL-0350,3,2020-02-28,37,3.501,50.0,41.04,113.01,81.75,none,1
REAL-0350,4,2020-08-26,37,3.5,50.0,41.34,114.06,77.67,none,1
REAL-0351,1,2019-02-28,29,3.5,86.27,42.48,108.85,86.47,none,0
REAL-0351,2,2019-08-25,29,3.5,92.0,42.2,110.64,83.96,none,0
REAL-0351,3,2020-02-21,29,3.558,92.99,42.03,107.2,85.2,none,0
REAL-0351,4,2020-08-19,29,3.539,96.7,42.57,111.32,83.36,none,0
REAL-0352,1,2019-03-01,30,4.287,127.1,31.88,118.81,89.69,hypertension,0
REAL-0352,2,2019-08-24,30,4.853,137.0,31.2,114.29,79.44,hypertension,0
REAL-0352,3,2020-02-20,30,4.996,138.32,30.44,115.98,81.69,hypertension,0
REAL-0352,4,2020-08-18,30,4.924,136.06,31.74,111.16,78.42,hypertension,0
REAL-0353,1,2019-02-24,46,3.5,65.51,34.35,118.73,86.22,hypertension,0
REAL-0353,2,2019-08-28,46,3.5,61.0,34.4,113.98,86.89,hypertension,0
REAL-0353,3,2020-02-24,46,3.51,62.09,34.68,118.35,85.5,hypertension,0
REAL-0353,4,2020-08-22,46,3.59,61.8,34.31,115.99,88.43,hypertension,0
REAL-0354,1,2019-03-04,24,3.5,88.7,26.16,78.95,58.84,none,0
REAL-0354,2,2019-08-31,24,3.5,90.0,27.2,94.87,64.83,none,0
REAL-0354,3,2020-02-27,24,3.5,90.01,26.82,95.53,61.78,none,0
REAL-0354,4,2020-08-25,24,3.585,96.28,27.54,94.43,66.34,none,0
REAL-0355,1,2019-02-25,21,3.5,87.08,42.41,107.7,80.78,none,0
REAL-0355,2,2019-08-23,21,3.5,90.0,42.7,114.18,75.1,none,0
REAL-0355,3,2020-02-19,21,3.5,88.36,43.2,113.45,75.87,none,0
REAL-0355,4,2020-08-17,21,3.5,92.4,42.51,114.21,74.37,none,0
REAL-0356,1,2019-02-27,49,6.09,168.42,30.07,120.55,90.37,hypertension,1
REAL-0356,2,2019-09-02,49,5.79,165.0,30.4,120.39,84.36,hypertension,1
REAL-0356,3,2020-02-29,49,5.9,165.62,30.4,119.02,83.42,hypertension,1
REAL-0356,4,2020-08-27,49,5.881,160.69,30.42,119.41,83.01,hypertension,1
REAL-0357,1,2019-03-03,28,4.422,127.21,33.07,88.34,57.97,none,1
REAL-0357,2,2019-08-31,28,4.705,125.0,33.3,79.5,52.58,none,1
REAL-0357,3,2020-02-27,28,4.629,124.88,33.21,80.0,52.33,none,1
REAL-0357,4,2020-08-25,28,4.724,125.88,33.32,80.0,52.64,none,1
REAL-0358,1,2019-03-01,44,4.731,130.87,40.5,64.97,44.37,none,1
REAL-0358,2,2019-08-27,44,4.572,129.0,39.9,33.54,1.89,none,1
REAL-0358,3,2020-02-23,44,4.574,127.07,39.94,80.0,40.0,none,1
REAL-0358,4,2020-08-21,44,4.619,135.96,39.33,80.0,40.0,none,1
REAL-0359,1,2019-03-01,48,3.5,89.74,36.26,108.81,68.88,none,0
REAL-0359,2,2019-08-31,48,3.5,88.0,35.3,100.47,73.99,none,0
REAL-0359,3,2020-02-27,48,3.582,94.17,35.14,100.51,76.11,none,0
REAL-0359,4,2020-08-25,48,3.5,87.33,35.46,98.85,75.5,none,0
REAL-0360,1,2019-03-01,29,6.994,196.76,36.09,105.8,77.85,none,1
REAL-0360,2,2019-08-24,29,6.832,196.0,36.5,112.16,77.18,none,1
REAL-0360,3,2020-02-20,29,6.843,194.18,36.65,111.29,80.91,none,1
REAL-0360,4,2020-08-18,29,6.816,195.16,36.62,110.12,76.53,none,1
REAL-0361,1,2019-03-01,29,6.664,194.06,31.24,92.79,60.48,none,1
REAL-0361,2,2019-09-02,29,6.996,189.0,31.2,98.12,62.07,none,1
REAL-0361,3,2020-02-29,29,6.871,191.35,31.42,97.68,64.33,none,1
REAL-0361,4,2020-08-27,29,7.01,185.26,31.09,94.66,62.91,none,1
REAL-0362,1,2019-03-05,63,5.393,155.93,29.67,102.27,74.1,none,0
REAL-0362,2,2019-08-31,63,5.592,158.0,29.8,104.04,69.92,none,0
REAL-0362,3,2020-02-27,63,5.52,158.5,29.84,107.97,68.9,none,0
REAL-0362,4,2020-08-25,63,5.73,155.36,29.69,103.15,65.44,none,0
REAL-0363,1,2019-03-04,65,3.649,99.58,39.75,136.79,110.32,hypertension,0
REAL-0363,2,2019-08-24,65,3.765,103.0,39.2,129.28,111.06,hypertension,0
REAL-0363,3,2020-02-20,65,3.715,103.69,39.42,127.59,113.53,hypertension,0
REAL-0363,4,2020-08-18,65,3.724,103.36,39.71,130.73,108.53,hypertension,0
REAL-0364,1,2019-03-03,67,5.214,148.49,38.1,109.0,77.8,none,1
REAL-0364,2,2019-08-27,67,5.185,146.0,38.5,108.63,73.4,none,1
REAL-0364,3,2020-02-23,67,5.233,146.48,38.57,108.82,73.59,none,1
REAL-0364,4,2020-08-21,67,5.179,145.35,38.11,111.96,75.97,none,1
REAL-0365,1,2019-03-06,30,5.275,148.43,34.63,99.51,63.91,none,0
REAL-0365,2,2019-08-23,30,5.044,147.0,34.9,108.46,70.35,none,0
REAL-0365,3,2020-02-19,30,4.93,146.89,34.92,107.85,69.93,none,0
REAL-0365,4,2020-08-17,30,4.976,148.04,34.97,109.37,69.05,none,0
REAL-0366,1,2019-03-06,30,3.803,101.03,33.94,89.27,59.15,none,0
REAL-0366,2,2019-08-26,30,3.55,99.0,34.0,82.26,56.59,none,0
REAL-0366,3,2020-02-22,30,3.69,97.09,33.72,83.79,55.31,none,0
REAL-0366,4,2020-08-20,30,3.5,100.83,34.04,81.28,55.75,none,0
REAL-0367,1,2019-02-26,29,4.509,121.78,28.45,107.0,70.36,none,1
REAL-0367,2,2019-08-31,29,4.459,124.0,27.6,98.74,76.23,none,1
REAL-0367,3,2020-02-27,29,4.538,120.45,27.68,98.05,75.86,none,1
REAL-0367,4,2020-08-25,29,4.463,123.96,27.58,99.34,76.43,none,1
REAL-0368,1,2019-03-06,21,3.663,101.86,21.59,84.46,61.94,none,0
REAL-0368,2,2019-08-25,21,3.741,101.0,21.0,99.04,65.13,none,0
REAL-0368,3,2020-02-21,21,3.647,101.86,20.87,101.66,66.91,none,0
REAL-0368,4,2020-08-19,21,3.681,99.65,20.51,97.99,64.38,none,0
REAL-0369,1,2019-03-04,22,3.5,83.99,26.74,110.91,93.77,hypertension,0
REAL-0369,2,2019-09-02,22,3.5,81.0,27.5,120.38,88.19,hypertension,0
REAL-0369,3,2020-02-29,22,3.5,76.98,27.85,118.28,86.07,hypertension,0
REAL-0369,4,2020-08-27,22,3.714,79.56,27.27,122.7,88.12,hypertension,0
REAL-0370,1,2019-03-01,45,4.772,130.97,32.48,133.82,102.3,hypertension,1
REAL-0370,2,2019-08-27,45,4.586,133.0,32.8,126.81,101.25,hypertension,1
REAL-0370,3,2020-02-23,45,4.507,134.06,32.99,126.13,104.15,hypertension,1
REAL-0370,4,2020-08-21,45,4.459,133.2,33.41,128.97,103.42,hypertension,1
REAL-0371,1,2019-03-05,25,6.472,175.3,38.86,118.57,74.98,hypertension,1
REAL-0371,2,2019-08-29,25,6.103,173.0,38.4,110.63,85.54,hypertension,1
REAL-0371,3,2020-02-25,25,6.224,171.86,38.06,110.98,87.01,hypertension,1
REAL-0371,4,2020-08-23,25,6.212,168.1,38.75,109.81,83.82,hypertension,1
REAL-0372,1,2019-03-03,21,4.216,116.29,15.0,87.98,62.56,none,0
REAL-0372,2,2019-08-26,21,4.045,118.0,0.0,94.8,67.9,none,0
REAL-0372,3,2020-02-22,21,4.11,121.37,15.0,95.71,65.26,none,0
REAL-0372,4,2020-08-20,21,3.985,116.7,15.0,94.93,65.64,none,0
REAL-0373,1,2019-03-06,21,3.5,87.2,34.82,96.55,67.76,none,0
REAL-0373,2,2019-08-31,21,3.5,84.0,35.8,98.93,64.94,none,0
REAL-0373,3,2020-02-27,21,3.592,84.49,35.44,99.6,65.89,none,0
REAL-0373,4,2020-08-25,21,3.5,79.64,35.89,96.57,65.48,none,0
REAL-0374,1,2019-03-06,25,3.718,110.8,35.77,92.69,58.73,none,0
REAL-0374,2,2019-09-01,25,3.808,105.0,34.9,83.7,57.9,none,0
REAL-0374,3,2020-02-28,25,3.92,105.18,34.75,82.6,57.39,none,0
REAL-0374,4,2020-08-26,25,3.746,105.12,35.07,84.4,57.15,none,0
REAL-0375,1,2019-03-02,28,4.254,117.9,36.69,83.02,54.08,none,0
REAL-0375,2,2019-08-25,28,4.381,122.0,36.2,76.8,55.51,none,0
REAL-0375,3,2020-02-21,28,4.289,116.67,36.48,80.0,56.68,none,0
REAL-0375,4,2020-08-19,28,4.39,121.9,36.53,80.0,55.42,none,0
REAL-0376,1,2019-02-27,58,5.016,140.59,39.58,106.93,76.51,hypertension,1
REAL-0376,2,2019-09-02,58,4.916,140.0,39.2,111.55,83.66,hypertension,1
REAL-0376,3,2020-02-29,58,4.929,135.84,39.76,113.45,84.66,hypertension,1
REAL-0376,4,2020-08-27,58,4.979,136.89,39.09,108.71,91.46,hypertension,1
REAL-0377,1,2019-03-02,22,3.5,96.59,24.51,110.9,83.62,hypertension,0
REAL-0377,2,2019-08-26,22,3.631,98.0,25.2,117.98,86.9,hypertension,0
REAL-0377,3,2020-02-22,22,3.51,94.05,25.58,117.76,84.87,hypertension,0
REAL-0377,4,2020-08-20,22,3.643,95.12,25.61,118.38,90.07,hypertension,0
REAL-0378,1,2019-03-01,22,3.5,95.53,36.18,93.63,67.35,none,0
REAL-0378,2,2019-09-01,22,3.5,87.0,37.2,87.16,58.42,none,0
REAL-0378,3,2020-02-28,22,3.5,89.17,36.94,89.64,58.65,none,0
REAL-0378,4,2020-08-26,22,3.5,88.06,37.25,87.62,53.91,none,0
REAL-0379,1,2019-03-01,32,5.651,155.1,47.44,108.47,76.66,none,1
REAL-0379,2,2019-08-24,32,5.428,156.0,48.3,106.02,79.66,none,1
REAL-0379,3,2020-02-20,32,5.464,153.81,48.09,106.96,81.77,none,1
REAL-0379,4,2020-08-18,32,5.442,150.41,48.53,105.34,80.07,none,1
REAL-0380,1,2019-03-05,35,3.5,93.78,43.2,132.39,106.82,hypertension,0
REAL-0380,2,2019-09-02,35,3.5,93.0,43.4,138.22,100.33,hypertension,0
REAL-0380,3,2020-02-29,35,3.5,89.6,44.13,138.58,98.31,hypertension,0
REAL-0380,4,2020-08-27,35,3.619,95.43,42.96,138.0,99.97,hypertension,0
REAL-0381,1,2019-03-04,24,3.95,109.43,30.9,105.75,74.41,none,0
REAL-0381,2,2019-08-26,24,3.814,107.0,30.8,104.85,72.59,none,0
REAL-0381,3,2020-02-22,24,3.81,106.33,30.98,106.08,70.22,none,0
REAL-0381,4,2020-08-20,24,3.976,106.78,30.77,106.25,73.49,none,0
REAL-0382,1,2019-02-27,22,4.262,112.12,20.46,109.22,70.16,none,0
REAL-0382,2,2019-09-02,22,3.734,105.0,20.0,97.56,64.2,none,0
REAL-0382,3,2020-02-29,22,3.791,105.26,20.45,98.51,65.71,none,0
REAL-0382,4,2020-08-27,22,3.681,109.76,19.84,99.16,68.05,none,0
REAL-0383,1,2019-02-27,21,4.067,112.4,25.32,98.56,72.38,none,0
REAL-0383,2,2019-08-23,21,3.682,109.0,25.4,93.01,65.61,none,0
REAL-0383,3,2020-02-19,21,3.683,109.38,24.8,92.24,65.03,none,0
REAL-0383,4,2020-08-17,21,3.672,108.43,25.57,95.49,66.91,none,0
REAL-0384,1,2019-02-28,25,3.5,91.98,25.34,96.87,64.04,none,0
REAL-0384,2,2019-08-26,25,3.5,90.0,25.1,90.33,58.42,none,0
REAL-0384,3,2020-02-22,25,3.5,91.91,24.93,91.6,60.62,none,0
REAL-0384,4,2020-08-20,25,3.5,87.78,24.9,85.01,57.41,none,0
REAL-0385,1,2019-03-04,25,4.365,124.44,24.25,100.43,76.27,none,0
REAL-0385,2,2019-08-25,25,4.484,125.0,24.3,97.39,74.0,none,0
REAL-0385,3,2020-02-21,25,4.508,119.78,24.54,97.78,74.15,none,0
REAL-0385,4,2020-08-19,25,4.576,124.41,24.28,94.01,75.52,none,0
REAL-0386,1,2019-03-06,24,4.154,117.99,21.37,87.65,51.62,none,0
REAL-0386,2,2019-09-01,24,4.275,119.0,22.3,79.72,55.9,none,0
REAL-0386,3,2020-02-28,24,4.181,119.14,22.53,80.26,59.37,none,0
REAL-0386,4,2020-08-26,24,4.202,117.31,22.37,81.78,57.45,none,0
REAL-0387,1,2019-03-01,35,4.053,117.17,32.39,110.29,71.03,none,1
REAL-0387,2,2019-08-31,35,4.166,116.0,32.3,97.53,74.83,none,1
REAL-0387,3,2020-02-27,35,4.095,112.94,32.29,100.68,76.54,none,1
REAL-0387,4,2020-08-25,35,4.045,121.16,32.02,94.71,74.42,none,1
REAL-0388,1,2019-03-04,45,3.852,109.38,43.81,129.44,107.31,hypertension,1
REAL-0388,2,2019-09-02,45,3.5,105.0,43.3,132.12,100.84,hypertension,1
REAL-0388,3,2020-02-29,45,3.5,103.84,43.65,129.06,101.66,hypertension,1
REAL-0388,4,2020-08-27,45,3.532,102.43,42.98,132.93,100.39,hypertension,1
REAL-0389,1,2019-03-03,58,5.425,151.33,32.52,114.23,83.64,hypertension,1
REAL-0389,2,2019-08-31,58,4.907,144.0,32.0,110.3,82.13,hypertension,1
REAL-0389,3,2020-02-27,58,4.826,140.77,32.24,108.61,80.54,hypertension,1
REAL-0389,4,2020-08-25,58,4.91,143.63,31.82,108.28,84.96,hypertension,1
REAL-0390,1,2019-02-26,28,3.515,101.79,31.65,99.96,74.5,none,0
REAL-0390,2,2019-09-02,28,3.767,100.0,31.6,96.07,72.11,none,0
REAL-0390,3,2020-02-29,28,3.786,102.06,31.47,96.02,68.17,none,0
REAL-0390,4,2020-08-27,28,3.807,102.83,32.21,92.68,71.3,none,0
REAL-0391,1,2019-03-01,42,3.5,92.15,31.81,93.79,66.07,none,0
REAL-0391,2,2019-08-28,42,3.649,100.0,32.0,97.04,66.54,none,0
REAL-0391,3,2020-02-24,42,3.761,97.81,32.13,98.39,68.95,none,0
REAL-0391,4,2020-08-22,42,3.513,99.95,31.88,94.79,68.09,none,0
REAL-0392,1,2019-02-25,27,5.631,163.16,46.34,103.84,71.46,none,1
REAL-0392,2,2019-09-02,27,5.795,166.0,45.7,105.04,74.48,none,1
REAL-0392,3,2020-02-29,27,5.782,166.43,45.99,103.68,72.18,none,1
REAL-0392,4,2020-08-27,27,5.81,165.43,45.83,105.52,73.64,none,1
REAL-0393,1,2019-02-28,21,4.801,131.29,23.22,90.54,65.16,none,0
REAL-0393,2,2019-08-30,21,4.507,131.0,23.7,97.61,61.98,none,0
REAL-0393,3,2020-02-26,21,4.506,131.25,23.63,97.88,64.45,none,0
REAL-0393,4,2020-08-24,21,4.509,128.85,23.25,93.83,62.01,none,0
REAL-0394,1,2019-02-25,37,3.957,115.29,21.97,100.05,69.38,none,0
REAL-0394,2,2019-08-30,37,3.96,116.0,22.1,101.63,74.57,none,0
REAL-0394,3,2020-02-26,37,4.039,117.53,21.91,98.42,71.78,none,0
REAL-0394,4,2020-08-24,37,4.039,119.76,21.85,99.29,75.34,none,0
REAL-0395,1,2019-02-25,31,5.518,159.94,32.79,103.56,82.29,none,1
REAL-0395,2,2019-08-23,31,5.596,158.0,32.9,111.01,80.72,none,1
REAL-0395,3,2020-02-19,31,5.591,162.16,32.78,112.93,81.07,none,1
REAL-0395,4,2020-08-17,31,5.5,158.18,33.43,110.71,82.54,none,1
REAL-0396,1,2019-02-25,25,4.732,132.34,27.08,88.96,55.9,none,0
REAL-0396,2,2019-08-27,25,4.534,127.0,27.7,89.02,56.45,none,0
REAL-0396,3,2020-02-23,25,4.554,122.07,28.0,85.08,55.15,none,0
REAL-0396,4,2020-08-21,25,4.579,134.01,27.84,86.09,53.09,none,0
REAL-0397,1,2019-02-26,39,3.5,93.38,24.05,87.19,59.68,none,0
REAL-0397,2,2019-08-26,39,3.5,96.0,24.7,82.66,57.75,none,0
REAL-0397,3,2020-02-22,39,3.5,94.57,24.73,82.65,55.72,none,0
REAL-0397,4,2020-08-20,39,3.5,99.68,24.52,83.36,62.92,none,0
REAL-0398,1,2019-03-02,22,4.596,131.2,34.36,91.26,64.62,none,1
REAL-0398,2,2019-08-29,22,4.7,131.0,34.3,102.83,61.72,none,1
REAL-0398,3,2020-02-25,22,4.739,129.61,34.48,105.15,63.67,none,1
REAL-0398,4,2020-08-23,22,4.637,136.47,33.72,101.31,60.57,none,1
REAL-0399,1,2019-02-28,25,3.5,79.02,21.56,107.53,71.46,none,0
REAL-0399,2,2019-08-31,25,3.5,82.0,21.1,104.81,70.43,none,0
REAL-0399,3,2020-02-27,25,3.544,78.6,21.66,104.52,70.64,none,0
REAL-0399,4,2020-08-25,25,3.5,77.21,20.73,102.62,69.24,none,0
REAL-0400,1,2019-02-28,25,7.235,194.71,34.93,103.52,69.92,none,1
REAL-0400,2,2019-08-29,25,6.863,193.0,34.9,97.31,75.6,none,1
REAL-0400,3,2020-02-25,25,6.918,192.73,35.09,95.71,69.98,none,1
REAL-0400,4,2020-08-23,25,6.92,191.99,35.26,98.59,79.13,none,1
REAL-0401,1,2019-03-06,31,3.657,96.94,32.43,94.52,66.28,none,1
REAL-0401,2,2019-09-02,31,3.5,95.0,32.0,90.61,65.88,none,1
REAL-0401,3,2020-02-29,31,3.5,94.04,31.42,88.47,65.9,none,1
REAL-0401,4,2020-08-27,31,3.602,97.12,31.93,92.05,65.94,none,1
REAL-0402,1,2019-02-28,55,5.257,145.24,24.68,99.06,58.04,none,0
REAL-0402,2,2019-08-28,55,4.93,137.0,24.2,91.78,60.1,none,0
REAL-0402,3,2020-02-24,55,4.969,138.33,24.05,91.71,57.63,none,0
REAL-0402,4,2020-08-22,55,5.058,134.01,24.01,93.29,61.24,none,0
REAL-0403,1,2019-03-06,35,4.656,135.85,35.7,113.09,89.79,hypertension,1
REAL-0403,2,2019-08-25,35,4.761,136.0,35.0,113.72,84.04,hypertension,1
REAL-0403,3,2020-02-21,35,4.77,131.28,34.7,111.41,84.37,hypertension,1
REAL-0403,4,2020-08-19,35,4.766,141.05,35.71,117.32,84.58,hypertension,1
REAL-0404,1,2019-02-24,38,3.5,66.46,30.81,98.06,75.17,none,0
REAL-0404,2,2019-08-29,38,3.5,72.0,31.6,110.25,78.37,none,0
REAL-0404,3,2020-02-25,38,3.5,73.33,31.04,110.72,77.06,none,0
REAL-0404,4,2020-08-23,38,3.5,72.75,31.55,111.44,78.21,none,0
REAL-0405,1,2019-03-06,41,5.935,164.72,31.96,94.8,61.47,none,1
REAL-0405,2,2019-08-27,41,6.058,168.0,32.9,99.74,65.79,none,1
REAL-0405,3,2020-02-23,41,6.086,168.58,32.89,100.19,68.36,none,1
REAL-0405,4,2020-08-21,41,5.993,166.88,32.85,99.16,67.56,none,1
REAL-0406,1,2019-03-05,26,4.537,124.71,41.94,63.05,41.04,none,0
REAL-0406,2,2019-09-01,26,4.277,123.0,42.1,75.29,48.85,none,0
REAL-0406,3,2020-02-28,26,4.18,122.64,42.5,80.0,50.91,none,0
REAL-0406,4,2020-08-26,26,4.209,123.79,42.31,80.0,49.49,none,0
REAL-0407,1,2019-02-24,46,4.149,114.35,29.28,96.34,70.31,none,1
REAL-0407,2,2019-08-31,46,4.133,115.0,28.9,101.55,68.48,none,1
REAL-0407,3,2020-02-27,46,4.241,119.58,28.54,102.63,67.02,none,1
REAL-0407,4,2020-08-25,46,4.155,112.88,28.52,103.54,68.52,none,1
REAL-0408,1,2019-02-24,25,3.716,98.39,21.94,82.43,54.22,none,0
REAL-0408,2,2019-08-25,25,3.5,101.0,21.9,97.24,65.43,none,0
REAL-0408,3,2020-02-21,25,3.5,105.53,22.48,95.31,64.7,none,0
REAL-0408,4,2020-08-19,25,3.5,105.51,21.96,97.29,63.46,none,0
REAL-0409,1,2019-02-27,39,7.021,196.95,26.11,101.92,75.09,none,1
REAL-0409,2,2019-08-30,39,6.728,197.0,25.9,106.07,76.66,none,1
REAL-0409,3,2020-02-26,39,6.732,190.47,25.75,109.09,78.24,none,1
REAL-0409,4,2020-08-24,39,6.71,203.1,25.88,106.5,78.7,none,1
REAL-0410,1,2019-02-26,28,6.506,176.58,42.55,89.28,67.02,none,1
REAL-0410,2,2019-08-24,28,6.185,172.0,42.4,101.17,68.84,none,1
REAL-0410,3,2020-02-20,28,6.232,174.99,42.98,102.42,67.2,none,1
REAL-0410,4,2020-08-18,28,6.193,170.96,41.99,103.39,69.33,none,1
REAL-0411,1,2019-03-04,28,3.908,105.37,36.28,114.48,92.16,hypertension,0
REAL-0411,2,2019-09-01,28,3.624,102.0,35.7,114.21,90.48,hypertension,0
REAL-0411,3,2020-02-28,28,3.681,104.25,35.62,116.5,91.32,hypertension,0
REAL-0411,4,2020-08-26,28,3.638,98.62,35.9,110.77,90.19,hypertension,0
REAL-0412,1,2019-03-02,25,3.935,115.09,33.8,101.12,67.56,none,0
REAL-0412,2,2019-09-02,25,4.137,112.0,34.4,104.64,70.95,none,0
REAL-0412,3,2020-02-29,25,4.15,114.81,34.52,103.45,74.92,none,0
REAL-0412,4,2020-08-27,25,4.003,117.55,35.03,102.65,72.25,none,0
REAL-0413,1,2019-03-02,22,4.855,137.07,42.93,115.21,85.47,hypertension,0
REAL-0413,2,2019-08-31,22,5.092,143.0,42.4,118.24,82.31,hypertension,0
REAL-0413,3,2020-02-27,22,5.058,145.9,42.52,116.67,80.23,hypertension,0
REAL-0413,4,2020-08-25,22,5.012,140.23,42.34,117.58,81.44,hypertension,0
REAL-0414,1,2019-03-05,21,5.073,146.33,26.16,95.72,69.1,none,0
REAL-0414,2,2019-09-02,21,5.248,143.0,26.2,100.47,79.69,none,0
REAL-0414,3,2020-02-29,21,5.399,144.42,25.89,98.34,78.92,none,0
REAL-0414,4,2020-08-27,21,5.171,139.51,26.62,97.64,82.16,none,0
REAL-0415,1,2019-02-24,21,5.107,147.17,33.59,89.42,62.08,none,1
REAL-0415,2,2019-08-24,21,4.779,138.0,34.6,85.87,54.99,none,1
REAL-0415,3,2020-02-20,21,4.776,133.02,34.2,86.89,54.75,none,1
REAL-0415,4,2020-08-18,21,4.759,140.83,34.8,85.53,54.2,none,1
REAL-0416,1,2019-03-01,22,6.259,173.39,36.72,115.65,83.62,hypertension,1
REAL-0416,2,2019-08-31,22,6.399,173.0,35.7,109.44,77.89,hypertension,1
REAL-0416,3,2020-02-27,22,6.47,174.57,35.63,106.89,78.66,hypertension,1
REAL-0416,4,2020-08-25,22,6.501,173.42,35.85,111.65,79.19,hypertension,1
REAL-0417,1,2019-03-01,22,3.5,97.08,27.89,102.03,71.85,none,0
REAL-0417,2,2019-09-01,22,3.724,97.0,27.2,103.37,65.14,none,0
REAL-0417,3,2020-02-28,22,3.737,100.48,27.11,105.82,61.6,none,0
REAL-0417,4,2020-08-26,22,3.705,100.92,27.06,104.43,66.41,none,0
REAL-0418,1,2019-03-02,37,4.93,138.03,39.15,109.93,81.64,hypertension,1
REAL-0418,2,2019-08-31,37,4.825,144.0,38.5,116.54,80.28,hypertension,1
REAL-0418,3,2020-02-27,37,4.851,144.82,38.5,115.2,76.03,hypertension,1
REAL-0418,4,2020-08-25,37,4.866,142.92,38.53,113.76,80.22,hypertension,1
REAL-0419,1,2019-02-26,27,3.5,83.68,17.63,91.91,65.61,none,0
REAL-0419,2,2019-09-01,27,3.5,83.0,18.2,103.99,68.93,none,0
REAL-0419,3,2020-02-28,27,3.5,84.59,18.27,103.34,68.83,none,0
REAL-0419,4,2020-08-26,27,3.565,84.04,18.04,107.07,67.74,none,0
REAL-0420,1,2019-03-02,28,4.652,126.47,27.59,87.51,57.04,none,1
REAL-0420,2,2019-09-01,28,4.462,129.0,26.4,89.31,64.51,none,1
REAL-0420,3,2020-02-28,28,4.392,127.89,26.36,87.59,65.74,none,1
REAL-0420,4,2020-08-26,28,4.501,127.5,26.37,89.03,62.51,none,1
REAL-0421,1,2019-02-27,26,4.328,121.19,45.03,126.12,91.17,hypertension,0
REAL-0421,2,2019-08-31,26,4.267,119.0,45.3,109.78,93.75,hypertension,0
REAL-0421,3,2020-02-27,26,4.128,116.33,45.86,107.26,92.55,hypertension,0
REAL-0421,4,2020-08-25,26,4.272,118.96,45.43,107.98,93.33,hypertension,0
REAL-0422,1,2019-03-01,21,3.5,91.99,25.79,107.63,77.56,none,0
REAL-0422,2,2019-08-25,21,3.5,94.0,26.0,101.13,71.22,none,0
REAL-0422,3,2020-02-21,21,3.5,91.07,26.29,98.81,69.48,none,0
REAL-0422,4,2020-08-19,21,3.573,94.55,25.93,100.01,68.7,none,0
REAL-0423,1,2019-03-03,21,3.694,100.86,41.01,92.89,67.58,none,0
REAL-0423,2,2019-08-23,21,3.5,102.0,40.6,95.56,59.51,none,0
REAL-0423,3,2020-02-19,21,3.621,106.45,41.08,92.83,57.06,none,0
REAL-0423,4,2020-08-17,21,3.5,102.1,40.58,98.58,59.9,none,0
REAL-0424,1,2019-02-28,21,4.216,116.85,30.85,90.74,53.75,none,0
REAL-0424,2,2019-08-31,21,3.879,115.0,30.8,98.03,65.44,none,0
REAL-0424,3,2020-02-27,21,3.977,109.73,30.63,95.09,63.3,none,0
REAL-0424,4,2020-08-25,21,3.972,119.47,31.15,98.54,65.35,none,0
REAL-0425,1,2019-03-04,36,5.551,149.24,42.77,112.9,83.91,none,1
REAL-0425,2,2019-08-23,36,5.268,151.0,42.9,108.25,76.31,none,1
REAL-0425,3,2020-02-19,36,5.297,146.83,42.6,110.03,76.39,none,1
REAL-0425,4,2020-08-17,36,5.154,152.65,42.9,108.51,76.35,none,1
REAL-0426,1,2019-02-25,31,6.42,185.25,36.84,105.49,76.86,none,1
REAL-0426,2,2019-08-31,31,6.623,184.0,37.0,108.71,77.99,none,1
REAL-0426,3,2020-02-27,31,6.651,187.0,37.31,106.72,74.42,none,1
REAL-0426,4,2020-08-25,31,6.461,185.69,36.98,107.51,78.39,none,1
REAL-0427,1,2019-03-04,25,3.5,93.99,15.0,67.03,43.67,none,0
REAL-0427,2,2019-09-01,25,3.5,94.0,0.0,27.85,-1.36,none,0
REAL-0427,3,2020-02-28,25,3.51,90.53,15.0,80.0,40.0,none,0
REAL-0427,4,2020-08-26,25,3.551,93.26,15.0,80.0,40.0,none,0
REAL-0428,1,2019-03-06,38,6.189,175.46,33.1,98.26,65.01,none,1
REAL-0428,2,2019-08-27,38,6.48,181.0,34.1,98.88,63.9,none,1
REAL-0428,3,2020-02-23,38,6.4,184.58,34.21,100.65,66.81,none,1
REAL-0428,4,2020-08-21,38,6.404,186.56,33.89,100.54,59.86,none,1
REAL-0429,1,2019-03-04,26,4.906,131.1,40.2,126.89,98.48,hypertension,0
REAL-0429,2,2019-08-31,26,4.589,135.0,40.6,122.02,95.1,hypertension,0
REAL-0429,3,2020-02-27,26,4.717,133.59,40.46,124.1,96.72,hypertension,0
REAL-0429,4,2020-08-25,26,4.644,136.63,40.58,121.39,97.42,hypertension,0
REAL-0430,1,2019-03-06,43,3.5,93.92,35.16,109.64,83.7,hypertension,1
REAL-0430,2,2019-08-25,43,3.65,95.0,35.0,110.58,84.19,hypertension,1
REAL-0430,3,2020-02-21,43,3.659,99.08,34.99,110.88,85.87,hypertension,1
REAL-0430,4,2020-08-19,43,3.594,92.86,35.12,109.75,83.76,hypertension,1
REAL-0431,1,2019-03-06,23,3.5,97.63,21.49,67.03,37.45,none,0
REAL-0431,2,2019-08-31,23,3.796,99.0,22.2,23.62,1.86,none,0
REAL-0431,3,2020-02-27,23,4.07,97.54,22.37,80.0,40.0,none,0
REAL-0431,4,2020-08-25,23,3.718,102.54,22.39,80.0,40.0,none,0
REAL-0432,1,2019-02-25,38,3.5,86.0,29.81,105.99,79.44,none,0
REAL-0432,2,2019-09-01,38,3.5,89.0,30.4,101.92,73.24,none,0
REAL-0432,3,2020-02-28,38,3.64,88.39,30.31,103.89,76.07,none,0
REAL-0432,4,2020-08-26,38,3.5,84.86,30.69,102.87,74.74,none,0
REAL-0433,1,2019-02-27,22,3.5,83.28,30.85,102.89,70.91,none,0
REAL-0433,2,2019-08-24,22,3.5,80.0,30.0,110.94,70.87,none,0
REAL-0433,3,2020-02-20,22,3.544,81.44,29.92,114.27,69.26,none,0
REAL-0433,4,2020-08-18,22,3.5,80.39,29.8,112.6,72.21,none,0
REAL-0434,1,2019-03-01,29,5.02,143.45,25.76,101.65,73.44,none,0
REAL-0434,2,2019-08-24,29,5.041,139.0,25.6,97.22,75.26,none,0
REAL-0434,3,2020-02-20,29,5.074,137.3,26.35,94.06,75.14,none,0
REAL-0434,4,2020-08-18,29,5.056,131.76,25.44,98.0,76.33,none,0
REAL-0435,1,2019-02-26,36,3.647,95.7,24.2,85.27,57.47,none,0
REAL-0435,2,2019-09-01,36,3.5,90.0,24.5,104.96,71.81,none,0
REAL-0435,3,2020-02-28,36,3.568,87.32,24.78,107.92,72.07,none,0
REAL-0435,4,2020-08-26,36,3.5,90.47,23.99,104.59,71.8,none,0
REAL-0436,1,2019-03-04,29,5.207,146.52,41.41,69.54,39.87,none,1
REAL-0436,2,2019-09-01,29,4.81,141.0,42.4,31.62,5.28,none,1
REAL-0436,3,2020-02-28,29,4.787,141.64,41.9,80.0,40.0,none,1
REAL-0436,4,2020-08-26,29,4.873,140.74,42.23,80.0,40.0,none,1
REAL-0437,1,2019-03-05,41,4.487,133.8,37.37,118.51,92.43,hypertension,0
REAL-0437,2,2019-08-25,41,4.777,140.0,37.4,112.9,84.24,hypertension,0
REAL-0437,3,2020-02-21,41,4.764,136.18,37.15,113.06,83.95,hypertension,0
REAL-0437,4,2020-08-19,41,4.819,135.86,37.52,116.73,83.7,hypertension,0
REAL-0438,1,2019-03-06,28,5.332,144.03,30.13,100.69,74.02,none,0
REAL-0438,2,2019-08-31,28,5.325,147.0,29.9,102.34,78.55,none,0
REAL-0438,3,2020-02-27,28,5.47,143.93,29.56,102.25,80.1,none,0
REAL-0438,4,2020-08-25,28,5.319,152.73,30.24,103.64,81.54,none,0
REAL-0439,1,2019-03-02,21,3.506,98.43,17.35,95.68,64.99,none,0
REAL-0439,2,2019-08-25,21,3.718,97.0,18.2,111.03,72.19,none,0
REAL-0439,3,2020-02-21,21,3.601,97.19,18.1,111.04,74.07,none,0
REAL-0439,4,2020-08-19,21,3.718,93.61,17.56,109.47,71.99,none,0
REAL-0440,1,2019-03-01,31,3.84,105.13,36.44,112.52,89.13,hypertension,0
REAL-0440,2,2019-08-30,31,3.71,107.0,36.8,114.76,88.69,hypertension,0
REAL-0440,3,2020-02-26,31,3.767,109.58,37.29,115.09,84.5,hypertension,0
REAL-0440,4,2020-08-24,31,3.793,107.37,37.44,116.66,87.84,hypertension,0
REAL-0441,1,2019-02-25,41,7.042,190.38,34.91,130.77,100.07,hypertension,1
REAL-0441,2,2019-08-28,41,6.762,189.0,34.3,134.92,109.2,hypertension,1
REAL-0441,3,2020-02-24,41,6.868,187.54,33.99,131.79,110.84,hypertension,1
REAL-0441,4,2020-08-22,41,6.766,187.37,34.44,139.0,110.22,hypertension,1
REAL-0442,1,2019-03-05,22,3.5,84.44,31.53,93.66,62.4,none,0
REAL-0442,2,2019-09-02,22,3.5,83.0,32.2,98.62,68.84,none,0
REAL-0442,3,2020-02-29,22,3.5,82.96,31.88,100.03,68.64,none,0
REAL-0442,4,2020-08-27,22,3.5,82.97,32.37,99.91,71.8,none,0
REAL-0443,1,2019-03-01,24,4.077,119.78,32.89,98.32,66.64,none,0
REAL-0443,2,2019-08-28,24,4.254,117.0,33.2,88.65,63.93,none,0
REAL-0443,3,2020-02-24,24,4.196,117.47,33.16,84.63,60.22,none,0
REAL-0443,4,2020-08-22,24,4.531,111.99,33.57,88.32,65.53,none,0
REAL-0444,1,2019-03-06,33,3.562,107.37,30.3,99.77,76.29,none,1
REAL-0444,2,2019-08-30,33,3.545,108.0,30.5,96.77,75.1,none,1
REAL-0444,3,2020-02-26,33,3.571,105.29,29.99,97.47,76.29,none,1
REAL-0444,4,2020-08-24,33,3.506,108.18,30.81,96.7,71.45,none,1
REAL-0445,1,2019-03-06,30,4.239,119.52,30.24,86.6,60.4,none,1
REAL-0445,2,2019-08-27,30,3.872,117.0,29.7,88.07,65.77,none,1
REAL-0445,3,2020-02-23,30,3.764,117.56,29.35,89.91,67.88,none,1
REAL-0445,4,2020-08-21,30,3.913,115.63,29.78,90.47,65.22,none,1
REAL-0446,1,2019-02-24,25,6.155,178.19,55.0,104.15,77.2,none,1
REAL-0446,2,2019-08-29,25,6.523,180.0,59.4,109.53,81.46,none,1
REAL-0446,3,2020-02-25,25,6.393,179.95,55.0,108.83,81.64,none,1
REAL-0446,4,2020-08-23,25,6.513,183.67,55.0,111.83,82.45,none,1
REAL-0447,1,2019-02-25,28,3.56,103.52,25.31,107.28,74.66,none,0
REAL-0447,2,2019-08-25,28,3.606,100.0,25.3,98.91,70.83,none,0
REAL-0447,3,2020-02-21,28,3.69,99.54,25.8,105.04,73.52,none,0
REAL-0447,4,2020-08-19,28,3.666,103.08,25.72,95.96,72.14,none,0
REAL-0448,1,2019-03-03,26,3.584,99.13,36.55,103.41,85.67,none,0
REAL-0448,2,2019-08-24,26,3.5,95.0,36.5,107.83,77.44,none,0
REAL-0448,3,2020-02-20,26,3.564,96.28,36.38,107.26,77.5,none,0
REAL-0448,4,2020-08-18,26,3.5,99.41,36.36,109.47,78.8,none,0
REAL-0449,1,2019-03-05,22,3.603,101.41,33.26,90.16,64.79,none,1
REAL-0449,2,2019-08-30,22,3.818,104.0,33.6,91.68,65.58,none,1
REAL-0449,3,2020-02-26,22,3.744,103.74,33.57,90.66,64.58,none,1
REAL-0449,4,2020-08-24,22,3.896,100.22,33.1,92.02,64.53,none,1
REAL-0450,1,2019-02-27,26,4.407,124.64,30.39,100.74,75.17,none,0
REAL-0450,2,2019-08-24,26,4.301,120.0,30.5,108.47,76.32,none,0
REAL-0450,3,2020-02-20,26,4.156,117.98,30.79,110.43,76.67,none,0
REAL-0450,4,2020-08-18,26,4.294,115.47,29.76,109.99,78.03,none,0
REAL-0451,1,2019-03-04,23,3.5,83.94,21.64,98.01,65.98,none,0
REAL-0451,2,2019-08-26,23,3.5,82.0,21.2,95.91,67.73,none,0
REAL-0451,3,2020-02-22,23,3.513,84.06,21.59,96.37,67.34,none,0
REAL-0451,4,2020-08-20,23,3.5,83.54,21.06,94.52,67.67,none,0
REAL-0452,1,2019-03-03,23,4.667,135.54,30.09,98.15,74.18,none,1
REAL-0452,2,2019-09-02,23,4.459,134.0,28.9,94.58,73.77,none,1
REAL-0452,3,2020-02-29,23,4.468,136.31,28.74,95.28,73.22,none,1
REAL-0452,4,2020-08-27,23,4.377,131.68,28.51,93.55,73.1,none,1
REAL-0453,1,2019-02-26,25,3.563,95.04,38.62,101.45,74.15,none,0
REAL-0453,2,2019-09-01,25,3.5,91.0,39.9,105.56,68.36,none,0
REAL-0453,3,2020-02-28,25,3.5,91.11,38.93,103.41,66.26,none,0
REAL-0453,4,2020-08-26,25,3.55,90.25,40.48,106.68,69.51,none,0
REAL-0454,1,2019-03-02,72,3.998,115.35,18.69,74.06,35.79,none,0
REAL-0454,2,2019-08-27,72,4.535,119.0,19.6,27.24,0.75,none,0
REAL-0454,3,2020-02-23,72,4.421,114.81,19.54,80.0,40.0,none,0
REAL-0454,4,2020-08-21,72,4.548,121.43,19.24,80.0,40.0,none,0
REAL-0455,1,2019-03-06,24,3.588,104.29,37.34,78.39,52.4,none,0
REAL-0455,2,2019-08-29,24,3.6,100.0,37.8,90.45,57.96,none,0
REAL-0455,3,2020-02-25,24,3.614,97.88,38.21,93.5,56.8,none,0
REAL-0455,4,2020-08-23,24,3.571,99.22,37.51,88.88,58.79,none,0
REAL-0456,1,2019-03-02,38,6.456,180.1,34.12,105.47,68.25,none,1
REAL-0456,2,2019-08-30,38,6.203,175.0,33.6,91.53,61.79,none,1
REAL-0456,3,2020-02-26,38,6.07,176.54,33.84,91.39,61.59,none,1
REAL-0456,4,2020-08-24,38,6.116,175.48,33.7,93.85,61.89,none,1
REAL-0457,1,2019-02-27,62,5.101,145.02,25.91,83.74,53.48,none,0
REAL-0457,2,2019-08-31,62,4.715,135.0,26.7,81.08,50.74,none,0
REAL-0457,3,2020-02-27,62,4.833,139.85,26.81,80.0,49.26,none,0
REAL-0457,4,2020-08-25,62,4.654,129.53,26.72,81.79,50.5,none,0
REAL-0458,1,2019-03-03,24,3.5,89.34,29.2,102.9,73.08,none,0
REAL-0458,2,2019-08-28,24,3.5,86.0,30.2,92.71,69.66,none,0
REAL-0458,3,2020-02-24,24,3.543,87.31,30.21,93.8,68.27,none,0
REAL-0458,4,2020-08-22,24,3.512,88.96,29.85,92.63,71.38,none,0
REAL-0459,1,2019-03-05,51,5.009,142.26,37.83,117.63,88.09,hypertension,1
REAL-0459,2,2019-08-24,51,5.169,148.0,37.6,114.3,82.12,hypertension,1
REAL-0459,3,2020-02-20,51,5.241,148.91,37.42,114.91,85.98,hypertension,1
REAL-0459,4,2020-08-18,51,5.269,151.7,37.99,118.93,84.2,hypertension,1
REAL-0460,1,2019-02-25,81,4.629,129.13,25.97,104.45,69.24,none,0
REAL-0460,2,2019-08-26,81,4.641,134.0,25.9,105.3,78.13,none,0
REAL-0460,3,2020-02-22,81,4.559,139.19,25.72,105.46,79.25,none,0
REAL-0460,4,2020-08-20,81,4.511,136.51,25.5,105.17,78.64,none,0
REAL-0461,1,2019-02-24,48,4.438,122.19,20.92,104.17,78.03,none,0
REAL-0461,2,2019-08-25,48,4.232,120.0,20.8,105.73,70.56,none,0
REAL-0461,3,2020-02-21,48,4.266,117.86,20.75,106.28,72.6,none,0
REAL-0461,4,2020-08-19,48,4.334,119.77,20.68,105.54,69.59,none,0
REAL-0462,1,2019-02-25,26,3.5,67.37,21.6,93.36,66.86,none,0
REAL-0462,2,2019-08-28,26,3.5,71.0,21.8,97.2,63.04,none,0
REAL-0462,3,2020-02-24,26,3.5,70.39,21.82,95.09,65.82,none,0
REAL-0462,4,2020-08-22,26,3.647,74.92,22.41,98.43,61.46,none,0
REAL-0463,1,2019-02-28,39,3.5,60.22,35.07,103.9,72.63,none,0
REAL-0463,2,2019-08-28,39,3.5,74.0,35.3,107.75,71.26,none,0
REAL-0463,3,2020-02-24,39,3.5,81.27,34.85,103.65,72.17,none,0
REAL-0463,4,2020-08-22,39,3.5,75.21,35.32,108.32,69.21,none,0
REAL-0464,1,2019-02-28,37,3.5,86.42,26.65,111.07,78.21,none,0
REAL-0464,2,2019-08-30,37,3.5,88.0,27.6,106.29,77.72,none,0
REAL-0464,3,2020-02-26,37,3.634,83.11,27.6,108.06,76.96,none,0
REAL-0464,4,2020-08-24,37,3.511,86.2,27.45,104.33,78.61,none,0
REAL-0465,1,2019-03-02,34,4.299,114.43,24.59,121.22,99.39,hypertension,0
REAL-0465,2,2019-09-02,34,4.272,115.0,24.0,121.92,99.21,hypertension,0
REAL-0465,3,2020-02-29,34,4.309,114.04,24.16,121.44,100.21,hypertension,0
REAL-0465,4,2020-08-27,34,4.444,108.3,23.5,120.51,102.14,hypertension,0
REAL-0466,1,2019-02-28,21,4.419,124.71,21.42,93.33,61.58,none,0
REAL-0466,2,2019-09-02,21,4.527,124.0,21.8,94.06,59.68,none,0
REAL-0466,3,2020-02-29,21,4.543,131.3,22.02,94.76,61.4,none,0
REAL-0466,4,2020-08-27,21,4.526,121.87,21.92,87.63,58.88,none,0
REAL-0467,1,2019-03-01,22,3.5,73.9,27.78,80.34,48.32,none,0
REAL-0467,2,2019-08-23,22,3.5,74.0,27.8,76.85,52.0,none,0
REAL-0467,3,2020-02-19,22,3.5,65.99,27.92,80.0,53.25,none,0
REAL-0467,4,2020-08-17,22,3.527,73.39,27.8,80.0,55.01,none,0
REAL-0468,1,2019-03-01,25,3.5,99.79,37.27,93.12,74.85,none,0
REAL-0468,2,2019-08-31,25,3.5,97.0,36.8,85.73,64.77,none,0
REAL-0468,3,2020-02-27,25,3.5,95.04,37.01,84.15,68.09,none,0
REAL-0468,4,2020-08-25,25,3.5,96.99,36.74,87.11,64.68,none,0
REAL-0469,1,2019-02-28,38,4.232,120.89,29.22,75.16,41.21,none,1
REAL-0469,2,2019-08-24,38,4.321,120.0,30.0,32.25,-5.32,none,1
REAL-0469,3,2020-02-20,38,4.379,120.57,29.94,80.0,40.0,none,1
REAL-0469,4,2020-08-18,38,4.271,125.56,30.94,80.0,40.0,none,1
REAL-0470,1,2019-03-03,27,5.552,153.54,45.88,118.05,80.34,none,0
REAL-0470,2,2019-09-01,27,5.523,154.0,46.1,110.26,76.83,none,0
REAL-0470,3,2020-02-28,27,5.4,148.59,46.42,109.38,77.91,none,0
REAL-0470,4,2020-08-26,27,5.655,157.41,46.24,114.23,76.0,none,0
REAL-0471,1,2019-02-24,28,5.144,144.86,41.47,112.81,80.66,hypertension,0
REAL-0471,2,2019-08-26,28,5.212,144.0,41.3,112.4,83.16,hypertension,0
REAL-0471,3,2020-02-22,28,5.179,145.51,40.73,112.8,84.1,hypertension,0
REAL-0471,4,2020-08-20,28,5.202,145.96,41.32,112.99,81.22,hypertension,0
REAL-0472,1,2019-02-25,22,4.973,136.26,33.2,102.12,77.25,none,0
REAL-0472,2,2019-09-02,22,5.141,137.0,33.2,104.71,71.77,none,0
REAL-0472,3,2020-02-29,22,5.161,136.76,33.01,103.54,71.51,none,0
REAL-0472,4,2020-08-27,22,5.218,137.65,33.04,102.96,74.62,none,0
REAL-0473,1,2019-03-04,22,4.429,118.87,38.65,82.9,56.54,none,0
REAL-0473,2,2019-08-27,22,4.36,119.0,38.8,99.87,63.41,none,0
REAL-0473,3,2020-02-23,22,4.412,121.29,38.78,102.0,62.83,none,0
REAL-0473,4,2020-08-21,22,4.503,115.74,39.45,103.18,64.32,none,0
REAL-0474,1,2019-03-05,50,4.753,136.48,29.17,125.59,92.52,hypertension,0
REAL-0474,2,2019-08-24,50,4.995,136.0,29.9,117.28,87.23,hypertension,0
REAL-0474,3,2020-02-20,50,4.91,137.98,30.04,120.07,88.03,hypertension,0
REAL-0474,4,2020-08-18,50,5.129,136.3,29.64,117.7,85.37,hypertension,0
REAL-0475,1,2019-02-27,24,4.032,112.02,29.55,96.64,69.35,none,0
REAL-0475,2,2019-08-29,24,4.249,114.0,28.9,93.07,68.32,none,0
REAL-0475,3,2020-02-25,24,4.185,116.01,28.65,94.23,67.91,none,0
REAL-0475,4,2020-08-23,24,4.364,121.01,28.77,92.3,66.03,none,0
REAL-0476,1,2019-03-04,59,4.612,131.89,26.52,111.37,85.74,hypertension,0
REAL-0476,2,2019-08-29,59,4.739,137.0,27.3,114.19,85.99,hypertension,0
REAL-0476,3,2020-02-25,59,4.819,137.36,27.64,112.58,84.28,hypertension,0
REAL-0476,4,2020-08-23,59,4.738,135.22,27.17,114.32,89.8,hypertension,0
REAL-0477,1,2019-03-06,29,3.989,111.53,34.29,105.54,82.49,none,1
REAL-0477,2,2019-08-28,29,3.738,105.0,33.7,112.02,81.82,none,1
REAL-0477,3,2020-02-24,29,3.736,105.59,33.35,111.66,79.12,none,1
REAL-0477,4,2020-08-22,29,3.733,108.37,33.41,114.04,84.52,none,1
REAL-0478,1,2019-03-06,31,3.718,106.07,22.67,116.7,82.26,none,0
REAL-0478,2,2019-08-28,31,3.919,114.0,23.8,106.88,76.51,none,0
REAL-0478,3,2020-02-24,31,3.97,112.54,23.96,104.34,77.11,none,0
REAL-0478,4,2020-08-22,31,3.848,114.84,23.74,108.47,80.15,none,0
REAL-0479,1,2019-03-05,39,4.507,123.88,25.09,93.57,70.18,none,0
REAL-0479,2,2019-08-31,39,4.578,126.0,25.9,103.25,73.79,none,0
REAL-0479,3,2020-02-27,39,4.592,119.21,25.76,100.34,74.72,none,0
REAL-0479,4,2020-08-25,39,4.455,128.06,26.29,103.91,75.92,none,0
REAL-0480,1,2019-03-03,63,4.653,129.58,27.69,118.04,92.68,hypertension,0
REAL-0480,2,2019-08-31,63,4.673,132.0,28.0,113.04,85.08,hypertension,0
REAL-0480,3,2020-02-27,63,4.746,134.69,27.83,109.14,83.3,hypertension,0
REAL-0480,4,2020-08-25,63,4.583,133.29,28.29,113.14,83.88,hypertension,0
REAL-0481,1,2019-02-28,35,5.724,154.07,34.87,99.72,69.61,none,1
REAL-0481,2,2019-08-27,35,5.324,158.0,35.5,95.4,67.68,none,1
REAL-0481,3,2020-02-23,35,5.345,157.67,35.33,95.97,67.11,none,1
REAL-0481,4,2020-08-21,35,5.348,159.88,35.46,93.52,67.79,none,1
REAL-0482,1,2019-02-27,29,4.276,120.89,36.38,120.56,84.21,hypertension,0
REAL-0482,2,2019-08-25,29,4.141,123.0,35.2,116.56,88.55,hypertension,0
REAL-0482,3,2020-02-21,29,4.138,123.3,35.26,116.93,86.19,hypertension,0
REAL-0482,4,2020-08-19,29,3.968,125.3,35.12,117.12,88.57,hypertension,0
REAL-0483,1,2019-03-02,28,3.5,85.72,28.91,96.72,64.74,none,0
REAL-0483,2,2019-08-29,28,3.5,85.0,27.8,91.08,53.49,none,0
REAL-0483,3,2020-02-25,28,3.549,85.58,27.04,96.18,52.17,none,0
REAL-0483,4,2020-08-23,28,3.521,82.76,27.29,93.0,54.07,none,0
REAL-0484,1,2019-03-03,23,3.5,84.89,38.13,111.93,83.7,hypertension,0
REAL-0484,2,2019-08-27,23,3.5,84.0,38.2,108.99,87.57,hypertension,0
REAL-0484,3,2020-02-23,23,3.5,80.4,38.39,110.23,88.37,hypertension,0
REAL-0484,4,2020-08-21,23,3.556,81.08,38.28,108.08,86.37,hypertension,0
REAL-0485,1,2019-03-06,31,5.152,145.88,44.52,81.06,41.31,none,1
REAL-0485,2,2019-08-29,31,5.048,145.0,44.2,25.83,-5.58,none,1
REAL-0485,3,2020-02-25,31,5.066,144.27,44.41,80.0,40.0,none,1
REAL-0485,4,2020-08-23,31,5.156,141.12,44.12,80.0,40.0,none,1
REAL-0486,1,2019-03-01,24,4.982,140.0,42.74,96.22,58.12,none,1
REAL-0486,2,2019-09-01,24,4.722,135.0,42.3,95.92,66.33,none,1
REAL-0486,3,2020-02-28,24,4.785,132.74,42.24,94.94,61.57,none,1
REAL-0486,4,2020-08-26,24,4.715,140.4,42.29,95.53,66.69,none,1
REAL-0487,1,2019-03-02,21,4.673,131.15,40.99,89.0,60.72,none,0
REAL-0487,2,2019-09-02,21,4.846,139.0,40.7,90.62,65.79,none,0
REAL-0487,3,2020-02-29,21,4.745,142.6,40.84,88.81,66.79,none,0
REAL-0487,4,2020-08-27,21,4.852,137.87,40.59,93.85,66.65,none,0
REAL-0488,1,2019-02-26,58,6.266,173.9,46.12,112.87,81.61,none,0
REAL-0488,2,2019-08-23,58,6.293,173.0,46.5,109.87,78.62,none,0
REAL-0488,3,2020-02-19,58,6.34,171.76,47.09,111.8,79.47,none,0
REAL-0488,4,2020-08-17,58,6.257,171.54,46.02,113.76,77.58,none,0
REAL-0489,1,2019-03-01,28,3.718,100.38,25.93,102.77,68.65,none,0
REAL-0489,2,2019-08-24,28,3.559,99.0,25.6,103.07,74.24,none,0
REAL-0489,3,2020-02-20,28,3.5,102.01,25.52,104.04,76.11,none,0
REAL-0489,4,2020-08-18,28,3.584,99.6,25.66,107.7,73.01,none,0
REAL-0490,1,2019-03-04,67,6.953,196.17,25.28,108.82,78.08,none,0
REAL-0490,2,2019-08-31,67,6.874,194.0,26.1,106.87,82.62,none,0
REAL-0490,3,2020-02-27,67,6.903,192.16,26.46,107.38,82.87,none,0
REAL-0490,4,2020-08-25,67,6.772,198.15,26.15,106.38,81.9,none,0
REAL-0491,1,2019-02-26,24,3.5,81.62,35.52,93.3,67.82,none,0
REAL-0491,2,2019-08-27,24,3.5,83.0,36.8,101.74,66.31,none,0
REAL-0491,3,2020-02-23,24,3.5,85.28,36.72,106.26,67.22,none,0
REAL-0491,4,2020-08-21,24,3.525,84.35,36.69,101.53,66.1,none,0
REAL-0492,1,2019-02-26,42,3.5,88.96,33.41,118.28,94.07,hypertension,0
REAL-0492,2,2019-08-29,42,3.5,89.0,33.5,120.26,84.73,hypertension,0
REAL-0492,3,2020-02-25,42,3.5,87.78,32.98,120.86,84.62,hypertension,0
REAL-0492,4,2020-08-23,42,3.5,88.96,33.61,118.11,82.07,hypertension,0
REAL-0493,1,2019-03-02,33,3.552,104.47,33.04,99.3,69.89,none,0
REAL-0493,2,2019-08-24,33,3.708,99.0,32.8,99.99,70.9,none,0
REAL-0493,3,2020-02-20,33,3.698,97.9,33.17,103.89,69.99,none,0
REAL-0493,4,2020-08-18,33,3.744,100.61,32.76,98.92,68.86,none,0
REAL-0494,1,2019-03-06,45,4.83,124.66,28.59,99.81,67.85,none,1
REAL-0494,2,2019-09-02,45,4.229,125.0,28.9,105.72,67.94,none,1
REAL-0494,3,2020-02-29,45,4.248,120.41,28.94,105.48,71.51,none,1
REAL-0494,4,2020-08-27,45,4.288,127.0,28.94,109.45,69.36,none,1
REAL-0495,1,2019-02-24,22,3.5,79.48,15.0,66.96,38.15,none,0
REAL-0495,2,2019-08-25,22,3.5,80.0,0.0,32.57,-0.03,none,0
REAL-0495,3,2020-02-21,22,3.5,78.61,15.0,80.0,40.0,none,0
REAL-0495,4,2020-08-19,22,3.5,81.31,15.0,80.0,40.0,none,0
REAL-0496,1,2019-03-04,66,6.026,166.94,26.74,91.39,72.31,none,0
REAL-0496,2,2019-08-24,66,5.824,166.0,26.6,100.99,73.23,none,0
REAL-0496,3,2020-02-20,66,5.797,165.77,26.91,99.65,73.27,none,0
REAL-0496,4,2020-08-18,66,5.787,169.05,26.34,99.18,75.26,none,0
REAL-0497,1,2019-03-05,30,4.187,119.94,25.93,92.37,72.19,none,0
REAL-0497,2,2019-08-30,30,3.858,110.0,26.0,99.88,69.97,none,0
REAL-0497,3,2020-02-26,30,3.729,105.84,25.92,99.13,74.15,none,0
REAL-0497,4,2020-08-24,30,3.792,111.09,26.01,104.22,70.4,none,0
REAL-0498,1,2019-02-25,25,3.5,79.17,30.38,103.03,72.46,none,0
REAL-0498,2,2019-09-02,25,3.5,81.0,30.1,95.43,73.29,none,0
REAL-0498,3,2020-02-29,25,3.5,81.54,30.65,94.98,67.87,none,0
REAL-0498,4,2020-08-27,25,3.535,78.25,30.38,96.04,74.32,none,0
REAL-0499,1,2019-02-24,55,7.053,195.79,26.05,106.07,72.18,none,1
REAL-0499,2,2019-08-27,55,6.563,195.0,25.1,99.69,69.88,none,1
REAL-0499,3,2020-02-23,55,6.57,193.45,25.63,100.52,70.86,none,1
REAL-0499,4,2020-08-21,55,6.457,197.02,25.37,101.83,69.47,none,1
REAL-0500,1,2019-03-03,39,5.408,156.69,28.97,107.29,73.11,none,0
REAL-0500,2,2019-08-29,39,5.324,154.0,29.3,104.27,77.51,none,0
REAL-0500,3,2020-02-25,39,5.352,155.61,30.11,104.73,78.51,none,0
REAL-0500,4,2020-08-23,39,5.396,156.4,29.24,106.25,77.07,none,0
REAL-0501,1,2019-02-27,21,4.26,115.61,25.93,129.54,98.34,hypertension,0
REAL-0501,2,2019-08-28,21,4.199,117.0,25.2,115.92,86.3,hypertension,0
REAL-0501,3,2020-02-24,21,4.303,120.84,24.75,116.43,85.64,hypertension,0
REAL-0501,4,2020-08-22,21,4.313,116.79,24.79,117.88,87.45,hypertension,0
REAL-0502,1,2019-02-26,28,3.5,85.49,36.16,103.11,73.15,none,0
REAL-0502,2,2019-08-29,28,3.5,84.0,37.2,105.05,67.69,none,0
REAL-0502,3,2020-02-25,28,3.5,80.66,37.32,104.49,67.31,none,0
REAL-0502,4,2020-08-23,28,3.581,80.77,37.01,107.32,69.42,none,0
REAL-0503,1,2019-03-01,41,3.5,50.0,38.94,86.63,66.07,none,1
REAL-0503,2,2019-08-30,41,3.5,0.0,39.0,99.62,71.64,none,1
REAL-0503,3,2020-02-26,41,3.511,50.0,39.49,98.17,74.28,none,1
REAL-0503,4,2020-08-24,41,3.578,50.0,39.32,97.37,71.76,none,1
REAL-0504,1,2019-02-27,41,3.5,95.22,33.03,86.28,60.63,none,0
REAL-0504,2,2019-08-28,41,3.5,94.0,33.3,98.15,64.78,none,0
REAL-0504,3,2020-02-24,41,3.5,90.97,33.28,94.68,67.16,none,0
REAL-0504,4,2020-08-22,41,3.5,92.77,32.85,98.12,64.17,none,0
REAL-0505,1,2019-03-05,40,3.576,96.42,37.5,107.68,78.02,none,0
REAL-0505,2,2019-08-28,40,3.552,96.0,37.3,103.37,75.46,none,0
REAL-0505,3,2020-02-24,40,3.517,98.17,37.79,102.51,74.49,none,0
REAL-0505,4,2020-08-22,40,3.505,93.73,37.31,104.37,75.61,none,0
REAL-0506,1,2019-03-02,38,3.5,74.86,33.8,114.31,85.96,hypertension,0
REAL-0506,2,2019-08-31,38,3.5,75.0,33.3,111.19,83.27,hypertension,0
REAL-0506,3,2020-02-27,38,3.514,78.38,33.55,113.19,84.05,hypertension,0
REAL-0506,4,2020-08-25,38,3.5,70.52,33.65,110.67,85.04,hypertension,0
REAL-0507,1,2019-03-02,35,6.266,178.13,36.71,114.13,89.24,hypertension,1
REAL-0507,2,2019-08-25,35,6.431,180.0,36.5,121.08,90.68,hypertension,1
REAL-0507,3,2020-02-21,35,6.39,177.16,35.98,120.95,91.11,hypertension,1
REAL-0507,4,2020-08-19,35,6.361,180.9,36.18,116.92,88.4,hypertension,1
REAL-0508,1,2019-02-27,21,4.652,133.06,29.0,95.77,67.36,none,0
REAL-0508,2,2019-08-29,21,4.885,130.0,28.6,86.76,59.44,none,0
REAL-0508,3,2020-02-25,21,4.925,126.61,28.5,82.59,64.64,none,0
REAL-0508,4,2020-08-23,21,4.916,131.04,28.45,88.21,59.21,none,0
REAL-0509,1,2019-02-28,21,3.5,83.98,30.02,72.86,46.51,none,0
REAL-0509,2,2019-08-27,21,3.5,84.0,30.4,77.09,53.25,none,0
REAL-0509,3,2020-02-23,21,3.583,78.64,30.0,80.0,52.42,none,0
REAL-0509,4,2020-08-21,21,3.575,81.48,30.13,80.21,53.33,none,0
REAL-0510,1,2019-02-25,64,4.272,114.78,24.91,111.03,79.1,none,0
REAL-0510,2,2019-08-25,64,4.206,120.0,25.0,106.57,80.46,none,0
REAL-0510,3,2020-02-21,64,4.258,118.68,25.03,106.08,77.51,none,0
REAL-0510,4,2020-08-19,64,4.198,119.47,24.81,104.55,78.65,none,0
REAL-0511,1,2019-02-24,46,3.5,82.17,30.6,98.96,77.44,none,1
REAL-0511,2,2019-08-29,46,3.5,84.0,29.7,110.51,68.79,none,1
REAL-0511,3,2020-02-25,46,3.598,82.83,29.74,107.21,66.96,none,1
REAL-0511,4,2020-08-23,46,3.542,87.75,29.47,108.98,68.97,none,1
REAL-0512,1,2019-03-02,21,4.901,139.22,22.52,98.13,66.08,none,0
REAL-0512,2,2019-09-02,21,5.034,139.0,22.1,98.14,62.52,none,0
REAL-0512,3,2020-02-29,21,5.046,134.47,22.02,98.49,65.62,none,0
REAL-0512,4,2020-08-27,21,5.07,140.28,22.09,99.56,64.37,none,0
REAL-0513,1,2019-03-05,58,3.5,89.08,24.1,98.55,66.17,none,0
REAL-0513,2,2019-08-30,58,3.5,91.0,24.2,95.24,64.82,none,0
REAL-0513,3,2020-02-26,58,3.5,90.89,24.25,92.43,69.0,none,0
REAL-0513,4,2020-08-24,58,3.524,85.07,24.05,98.05,66.3,none,0
REAL-0514,1,2019-02-25,22,3.5,90.81,28.34,83.71,59.7,none,0
REAL-0514,2,2019-08-23,22,3.5,91.0,27.3,90.75,62.75,none,0
REAL-0514,3,2020-02-19,22,3.5,90.82,26.73,93.91,61.41,none,0
REAL-0514,4,2020-08-17,22,3.5,88.04,27.14,93.95,60.1,none,0
REAL-0515,1,2019-02-27,24,3.5,94.98,25.77,85.78,49.95,none,0
REAL-0515,2,2019-08-25,24,3.5,99.0,25.6,82.37,54.3,none,0
REAL-0515,3,2020-02-21,24,3.5,97.16,25.8,83.94,53.96,none,0
REAL-0515,4,2020-08-19,24,3.5,101.28,25.38,80.0,55.93,none,0
REAL-0516,1,2019-03-01,28,6.32,172.77,31.14,108.14,68.41,none,1
REAL-0516,2,2019-09-01,28,6.066,163.0,31.6,101.56,69.82,none,1
REAL-0516,3,2020-02-28,28,5.888,161.99,32.01,100.24,71.22,none,1
REAL-0516,4,2020-08-26,28,6.182,160.56,31.08,104.25,71.13,none,1
REAL-0517,1,2019-03-05,53,5.215,148.59,30.67,115.93,92.21,hypertension,1
REAL-0517,2,2019-08-28,53,5.044,145.0,30.3,117.53,86.11,hypertension,1
REAL-0517,3,2020-02-24,53,4.933,149.77,30.06,113.22,88.95,hypertension,1
REAL-0517,4,2020-08-22,53,5.049,151.67,30.75,112.4,88.05,hypertension,1
REAL-0518,1,2019-02-27,51,4.159,123.82,35.85,125.3,93.23,hypertension,0
REAL-0518,2,2019-09-01,51,4.595,125.0,37.6,116.86,90.12,hypertension,0
REAL-0518,3,2020-02-28,51,4.591,118.49,38.02,114.76,88.37,hypertension,0
REAL-0518,4,2020-08-26,51,4.646,127.88,37.76,118.77,88.81,hypertension,0
REAL-0519,1,2019-02-25,41,3.5,76.3,32.79,83.76,58.45,none,0
REAL-0519,2,2019-08-23,41,3.5,76.0,32.8,90.03,60.47,none,0
REAL-0519,3,2020-02-19,41,3.604,67.57,32.56,95.0,60.21,none,0
REAL-0519,4,2020-08-17,41,3.5,77.1,32.84,90.66,59.24,none,0
REAL-0520,1,2019-02-28,60,4.728,128.8,19.93,125.23,91.67,hypertension,0
REAL-0520,2,2019-08-28,60,4.751,129.0,19.6,119.5,96.45,hypertension,0
REAL-0520,3,2020-02-24,60,4.758,129.2,19.49,119.67,100.05,hypertension,0
REAL-0520,4,2020-08-22,60,4.632,128.53,19.62,118.65,97.83,hypertension,0
REAL-0521,1,2019-03-03,25,3.5,65.27,24.68,100.06,68.12,none,0
REAL-0521,2,2019-08-25,25,3.5,68.0,25.0,93.69,69.38,none,0
REAL-0521,3,2020-02-21,25,3.5,69.36,24.88,95.98,73.0,none,0
REAL-0521,4,2020-08-19,25,3.5,68.0,24.36,93.59,70.06,none,0
REAL-0522,1,2019-03-02,26,4.299,121.85,32.4,105.94,74.24,none,0
REAL-0522,2,2019-08-24,26,4.32,124.0,33.2,109.87,78.73,none,0
REAL-0522,3,2020-02-20,26,4.141,126.71,33.25,110.27,80.62,none,0
REAL-0522,4,2020-08-18,26,4.51,119.75,33.27,113.55,76.84,none,0
REAL-0523,1,2019-03-05,26,3.894,110.34,15.0,62.98,39.08,none,0
REAL-0523,2,2019-08-25,26,4.024,114.0,0.0,29.39,-2.04,none,0
REAL-0523,3,2020-02-21,26,3.979,118.6,15.0,80.0,40.0,none,0
REAL-0523,4,2020-08-19,26,4.036,112.65,15.0,80.0,40.0,none,0
REAL-0524,1,2019-03-04,45,4.414,125.91,33.72,100.38,80.48,none,1
REAL-0524,2,2019-09-02,45,4.53,130.0,34.2,105.99,75.63,none,1
REAL-0524,3,2020-02-29,45,4.487,124.65,34.1,104.87,74.99,none,1
REAL-0524,4,2020-08-27,45,4.518,128.17,34.5,107.56,71.03,none,1
REAL-0525,1,2019-03-06,24,4.398,130.23,31.41,88.76,63.75,none,0
REAL-0525,2,2019-09-02,24,4.384,125.0,31.6,87.6,57.4,none,0
REAL-0525,3,2020-02-29,24,4.318,123.4,32.17,87.56,56.8,none,0
REAL-0525,4,2020-08-27,24,4.315,128.55,31.77,88.95,58.31,none,0
REAL-0526,1,2019-03-01,21,3.5,83.75,22.13,89.05,60.01,none,0
REAL-0526,2,2019-08-30,21,3.5,87.0,21.8,88.28,59.32,none,0
REAL-0526,3,2020-02-26,21,3.5,84.57,21.2,83.86,58.8,none,0
REAL-0526,4,2020-08-24,21,3.5,84.42,21.77,89.26,62.41,none,0
REAL-0527,1,2019-03-04,21,3.5,89.92,17.82,96.42,62.73,none,0
REAL-0527,2,2019-08-25,21,3.5,97.0,18.2,97.52,60.45,none,0
REAL-0527,3,2020-02-21,21,3.5,102.36,18.03,103.2,61.09,none,0
REAL-0527,4,2020-08-19,21,3.5,93.38,18.43,99.08,57.86,none,0
REAL-0528,1,2019-03-04,24,4.351,122.1,26.55,104.32,71.08,none,0
REAL-0528,2,2019-08-29,24,4.081,116.0,26.3,92.37,74.62,none,0
REAL-0528,3,2020-02-25,24,4.122,115.29,26.04,94.7,71.68,none,0
REAL-0528,4,2020-08-23,24,4.1,109.08,26.22,95.76,70.71,none,0
REAL-0529,1,2019-02-27,22,4.19,113.26,30.45,93.0,62.4,none,0
REAL-0529,2,2019-08-29,22,4.41,117.0,30.8,95.93,67.0,none,0
REAL-0529,3,2020-02-25,22,4.498,113.32,30.54,95.0,65.0,none,0
REAL-0529,4,2020-08-23,22,4.463,112.94,30.98,93.61,67.89,none,0
REAL-0530,1,2019-03-05,31,4.001,110.3,24.75,99.35,65.0,none,0
REAL-0530,2,2019-08-30,31,3.889,111.0,24.6,96.41,65.53,none,0
REAL-0530,3,2020-02-26,31,3.817,115.09,24.73,95.68,64.94,none,0
REAL-0530,4,2020-08-24,31,3.817,104.64,24.82,95.86,65.44,none,0
REAL-0531,1,2019-02-28,22,4.098,118.39,29.07,83.79,55.93,none,0
REAL-0531,2,2019-08-26,22,4.446,122.0,29.8,91.39,59.39,none,0
REAL-0531,3,2020-02-22,22,4.409,120.55,30.05,91.19,61.15,none,0
REAL-0531,4,2020-08-20,22,4.482,122.39,29.78,91.56,59.0,none,0
REAL-0532,1,2019-03-05,24,4.035,114.31,45.32,105.02,71.14,none,0
REAL-0532,2,2019-08-28,24,3.628,107.0,45.3,103.49,76.44,none,0
REAL-0532,3,2020-02-24,24,3.594,109.19,45.37,104.89,75.77,none,0
REAL-0532,4,2020-08-22,24,3.633,105.68,45.19,103.56,74.24,none,0
REAL-0533,1,2019-02-25,29,3.5,85.71,40.57,91.67,63.93,none,0
REAL-0533,2,2019-08-26,29,3.5,86.0,41.3,98.32,64.7,none,0
REAL-0533,3,2020-02-22,29,3.554,84.72,41.86,100.22,62.12,none,0
REAL-0533,4,2020-08-20,29,3.545,88.11,41.04,98.12,63.17,none,0
REAL-0534,1,2019-03-01,31,3.5,90.36,29.33,68.22,43.64,none,0
REAL-0534,2,2019-08-31,31,3.5,91.0,29.8,31.55,-0.17,none,0
REAL-0534,3,2020-02-27,31,3.583,95.79,29.94,80.0,40.0,none,0
REAL-0534,4,2020-08-25,31,3.601,93.1,30.36,80.0,40.0,none,0
REAL-0535,1,2019-03-06,24,3.5,73.97,33.69,89.79,54.17,none,0
REAL-0535,2,2019-08-30,24,3.5,77.0,33.3,88.48,55.45,none,0
REAL-0535,3,2020-02-26,24,3.525,79.23,33.15,88.56,54.72,none,0
REAL-0535,4,2020-08-24,24,3.56,78.47,33.48,89.22,57.59,none,0
REAL-0536,1,2019-02-25,23,4.782,133.03,33.66,61.61,37.96,none,1
REAL-0536,2,2019-09-01,23,4.406,132.0,32.9,35.03,-1.56,none,1
REAL-0536,3,2020-02-28,23,4.434,137.14,32.9,80.0,40.0,none,1
REAL-0536,4,2020-08-26,23,4.369,129.1,33.45,80.0,40.0,none,1
REAL-0537,1,2019-02-26,46,3.719,104.48,29.05,115.96,87.22,hypertension,0
REAL-0537,2,2019-08-28,46,3.8,105.0,29.6,110.23,90.43,hypertension,0
REAL-0537,3,2020-02-24,46,3.868,110.26,29.79,114.39,92.56,hypertension,0
REAL-0537,4,2020-08-22,46,3.76,103.32,29.11,109.68,90.72,hypertension,0
REAL-0538,1,2019-02-24,67,3.5,56.65,21.8,92.85,59.28,none,0
REAL-0538,2,2019-08-31,67,3.5,57.0,21.7,84.97,65.45,none,0
REAL-0538,3,2020-02-27,67,3.5,56.79,21.44,81.31,67.85,none,0
REAL-0538,4,2020-08-25,67,3.5,55.75,21.51,83.71,65.82,none,0
REAL-0539,1,2019-02-24,23,4.385,121.25,37.28,109.8,82.69,none,0
REAL-0539,2,2019-09-02,23,4.629,127.0,36.3,107.9,81.2,none,0
REAL-0539,3,2020-02-29,23,4.69,122.9,36.15,106.41,81.67,none,0
REAL-0539,4,2020-08-27,23,4.567,128.28,36.16,103.58,80.74,none,0
REAL-0540,1,2019-02-24,32,4.487,134.31,36.24,122.39,95.47,hypertension,1
REAL-0540,2,2019-09-01,32,4.681,129.0,36.4,127.05,90.09,hypertension,1
REAL-0540,3,2020-02-28,32,4.825,132.49,36.33,129.79,91.09,hypertension,1
REAL-0540,4,2020-08-26,32,4.726,130.05,36.33,128.64,91.87,hypertension,1
REAL-0541,1,2019-03-01,43,3.5,98.74,39.44,112.36,76.54,none,1
REAL-0541,2,2019-08-28,43,3.672,100.0,39.4,99.14,73.34,none,1
REAL-0541,3,2020-02-24,43,3.621,102.91,39.51,100.21,71.3,none,1
REAL-0541,4,2020-08-22,43,3.51,91.41,39.22,98.32,72.35,none,1
REAL-0542,1,2019-02-24,27,4.597,127.74,31.16,107.28,82.61,none,1
REAL-0542,2,2019-08-29,27,4.569,128.0,32.4,105.3,72.68,none,1
REAL-0542,3,2020-02-25,27,4.607,128.89,32.57,105.65,70.35,none,1
REAL-0542,4,2020-08-23,27,4.608,129.47,32.4,106.31,74.22,none,1
REAL-0543,1,2019-02-26,56,3.545,89.78,34.21,113.92,83.33,hypertension,1
REAL-0543,2,2019-08-29,56,3.5,90.0,34.9,118.2,84.58,hypertension,1
REAL-0543,3,2020-02-25,56,3.5,92.12,34.56,120.07,83.96,hypertension,1
REAL-0543,4,2020-08-23,56,3.5,90.04,34.58,114.91,84.03,hypertension,1
REAL-0544,1,2019-02-26,25,3.5,82.51,40.94,114.92,88.95,hypertension,0
REAL-0544,2,2019-08-31,25,3.5,84.0,39.5,120.27,89.37,hypertension,0
REAL-0544,3,2020-02-27,25,3.533,75.88,39.67,121.85,86.02,hypertension,0
REAL-0544,4,2020-08-25,25,3.5,79.19,39.94,122.57,87.56,hypertension,0
REAL-0545,1,2019-02-28,29,3.5,79.32,32.16,102.85,74.4,none,0
REAL-0545,2,2019-08-26,29,3.5,88.0,32.0,108.76,77.66,none,0
REAL-0545,3,2020-02-22,29,3.6,88.34,31.65,109.17,74.87,none,0
REAL-0545,4,2020-08-20,29,3.545,87.69,32.28,109.75,78.8,none,0
REAL-0546,1,2019-03-04,37,6.78,187.21,34.83,116.13,85.8,hypertension,1
REAL-0546,2,2019-08-29,37,6.635,186.0,34.5,111.13,92.29,hypertension,1
REAL-0546,3,2020-02-25,37,6.599,188.63,34.47,114.99,91.88,hypertension,1
REAL-0546,4,2020-08-23,37,6.681,186.39,34.37,111.15,93.61,hypertension,1
REAL-0547,1,2019-02-27,53,6.584,186.79,43.46,103.46,73.1,none,1
REAL-0547,2,2019-08-27,53,6.44,187.0,43.6,104.39,77.31,none,1
REAL-0547,3,2020-02-23,53,6.513,189.91,43.75,102.88,75.93,none,1
REAL-0547,4,2020-08-21,53,6.402,189.56,44.01,104.74,77.97,none,1
REAL-0548,1,2019-02-27,28,4.793,134.04,33.33,102.89,65.86,none,0
REAL-0548,2,2019-08-28,28,4.71,131.0,33.1,96.59,61.73,none,0
REAL-0548,3,2020-02-24,28,4.869,122.78,33.21,96.06,64.93,none,0
REAL-0548,4,2020-08-22,28,4.704,134.75,33.49,94.65,61.45,none,0
REAL-0549,1,2019-03-01,50,5.972,166.8,33.0,109.78,80.42,hypertension,0
REAL-0549,2,2019-08-30,50,5.767,164.0,32.8,114.02,78.51,hypertension,0
REAL-0549,3,2020-02-26,50,5.77,163.58,33.1,111.77,78.16,hypertension,0
REAL-0549,4,2020-08-24,50,5.773,159.62,32.56,112.3,79.6,hypertension,0
REAL-0550,1,2019-03-02,37,6.529,183.72,28.74,135.34,101.69,hypertension,0
REAL-0550,2,2019-08-31,37,6.722,189.0,28.5,143.33,106.85,hypertension,0
REAL-0550,3,2020-02-27,37,6.618,190.0,28.47,147.53,105.93,hypertension,0
REAL-0550,4,2020-08-25,37,6.781,195.57,28.97,143.06,108.32,hypertension,0
REAL-0551,1,2019-02-27,21,4.194,116.69,27.36,90.06,68.87,none,0
REAL-0551,2,2019-08-25,21,4.136,116.0,27.4,100.24,72.06,none,0
REAL-0551,3,2020-02-21,21,4.221,112.17,27.59,97.75,70.62,none,0
REAL-0551,4,2020-08-19,21,4.201,113.87,27.17,101.53,74.01,none,0
REAL-0552,1,2019-02-25,25,3.5,82.15,32.1,103.15,67.42,none,0
REAL-0552,2,2019-08-29,25,3.5,84.0,31.9,98.46,63.91,none,0
REAL-0552,3,2020-02-25,25,3.5,85.15,32.36,96.82,60.22,none,0
REAL-0552,4,2020-08-23,25,3.581,86.27,31.8,100.01,63.72,none,0
REAL-0553,1,2019-03-02,66,4.243,114.46,27.76,113.5,82.0,hypertension,0
REAL-0553,2,2019-08-28,66,3.993,114.0,27.8,122.34,84.54,hypertension,0
REAL-0553,3,2020-02-24,66,3.75,112.32,28.2,120.05,83.33,hypertension,0
REAL-0553,4,2020-08-22,66,4.022,113.4,27.5,123.93,85.99,hypertension,0
REAL-0554,1,2019-03-05,23,3.5,94.07,30.03,87.25,53.07,none,0
REAL-0554,2,2019-08-24,23,3.5,88.0,29.9,92.4,67.24,none,0
REAL-0554,3,2020-02-20,23,3.5,87.76,30.04,94.0,66.65,none,0
REAL-0554,4,2020-08-18,23,3.5,88.02,30.24,91.22,67.37,none,0
REAL-0555,1,2019-03-05,28,3.5,80.02,36.99,96.94,68.73,none,0
REAL-0555,2,2019-08-25,28,3.5,84.0,36.9,96.65,66.79,none,0
REAL-0555,3,2020-02-21,28,3.559,85.46,36.94,96.16,67.4,none,0
REAL-0555,4,2020-08-19,28,3.584,77.33,37.14,98.07,64.47,none,0
REAL-0556,1,2019-02-27,37,4.065,117.04,25.92,104.36,74.18,none,0
REAL-0556,2,2019-08-27,37,4.303,124.0,25.5,98.18,67.41,none,0
REAL-0556,3,2020-02-23,37,4.275,122.66,25.47,99.22,70.09,none,0
REAL-0556,4,2020-08-21,37,4.258,122.39,25.45,97.06,68.57,none,0
REAL-0557,1,2019-02-27,30,3.5,92.06,37.85,94.05,70.9,none,0
REAL-0557,2,2019-08-31,30,3.5,97.0,38.1,100.0,67.1,none,0
REAL-0557,3,2020-02-27,30,3.585,99.08,38.24,98.62,66.68,none,0
REAL-0557,4,2020-08-25,30,3.5,97.27,37.85,100.41,65.39,none,0
REAL-0558,1,2019-03-05,58,3.814,105.37,27.85,98.07,71.31,none,0
REAL-0558,2,2019-08-29,58,3.94,110.0,27.8,100.6,71.2,none,0
REAL-0558,3,2020-02-25,58,3.804,114.08,27.64,102.22,74.47,none,0
REAL-0558,4,2020-08-23,58,3.906,110.49,27.62,100.26,71.74,none,0
REAL-0559,1,2019-03-04,42,3.774,103.86,46.86,90.97,72.04,none,0
REAL-0559,2,2019-08-23,42,3.513,103.0,46.2,99.83,62.85,none,0
REAL-0559,3,2020-02-19,42,3.5,101.27,45.68,100.04,67.28,none,0
REAL-0559,4,2020-08-17,42,3.5,103.31,46.61,98.55,61.18,none,0
REAL-0560,1,2019-03-01,35,3.5,82.35,30.15,105.08,81.24,none,0
REAL-0560,2,2019-08-30,35,3.5,85.0,30.1,107.4,70.22,none,0
REAL-0560,3,2020-02-26,35,3.5,86.4,29.84,103.73,68.77,none,0
REAL-0560,4,2020-08-24,35,3.5,85.9,29.94,109.22,71.37,none,0
REAL-0561,1,2019-03-03,54,4.621,129.89,33.64,110.63,84.08,none,1
REAL-0561,2,2019-09-01,54,4.19,125.0,33.8,104.25,73.02,none,1
REAL-0561,3,2020-02-28,54,4.216,124.44,33.83,104.74,71.24,none,1
REAL-0561,4,2020-08-26,54,4.222,125.32,33.73,104.26,74.68,none,1
REAL-0562,1,2019-02-25,28,6.746,187.56,41.3,90.08,59.36,none,1
REAL-0562,2,2019-08-31,28,6.993,198.0,41.3,88.28,63.58,none,1
REAL-0562,3,2020-02-27,28,6.946,202.32,40.9,86.18,61.91,none,1
REAL-0562,4,2020-08-25,28,7.003,194.19,41.32,88.16,65.1,none,1
REAL-0563,1,2019-03-01,24,3.5,89.64,37.52,103.13,68.57,none,0
REAL-0563,2,2019-08-24,24,3.5,87.0,37.6,98.23,67.85,none,0
REAL-0563,3,2020-02-20,24,3.5,85.1,37.29,100.86,64.5,none,0
REAL-0563,4,2020-08-18,24,3.513,80.44,37.78,98.83,63.8,none,0
REAL-0564,1,2019-02-25,32,3.5,92.58,26.71,85.84,51.97,none,0
REAL-0564,2,2019-08-28,32,3.5,99.0,26.9,95.08,57.71,none,0
REAL-0564,3,2020-02-24,32,3.543,101.67,26.39,98.4,55.57,none,0
REAL-0564,4,2020-08-22,32,3.5,104.84,27.27,96.34,54.37,none,0
REAL-0565,1,2019-03-04,27,3.5,89.79,32.46,105.84,73.28,none,0
REAL-0565,2,2019-08-31,27,3.5,91.0,32.4,116.78,80.75,none,0
REAL-0565,3,2020-02-27,27,3.527,92.98,32.59,115.69,81.13,none,0
REAL-0565,4,2020-08-25,27,3.519,92.1,32.06,119.17,80.41,none,0
REAL-0566,1,2019-02-28,22,3.5,99.0,26.05,84.82,54.53,none,0
REAL-0566,2,2019-09-02,22,3.5,95.0,26.1,81.89,50.45,none,0
REAL-0566,3,2020-02-29,22,3.5,94.69,25.31,81.42,51.25,none,0
REAL-0566,4,2020-08-27,22,3.659,96.23,26.21,81.2,51.49,none,0
REAL-0567,1,2019-03-06,21,3.625,100.96,38.34,108.93,74.47,none,0
REAL-0567,2,2019-08-31,21,3.509,99.0,38.6,101.94,72.7,none,0
REAL-0567,3,2020-02-27,21,3.509,99.72,37.94,100.95,73.63,none,0
REAL-0567,4,2020-08-25,21,3.597,100.88,38.56,103.5,71.72,none,0
REAL-0568,1,2019-03-04,46,3.5,92.56,32.0,92.15,70.69,none,0
REAL-0568,2,2019-08-27,46,3.5,92.0,32.0,88.5,60.85,none,0
REAL-0568,3,2020-02-23,46,3.5,87.76,32.23,89.95,63.16,none,0
REAL-0568,4,2020-08-21,46,3.5,92.81,31.64,87.81,59.52,none,0
REAL-0569,1,2019-02-25,37,5.763,159.53,31.53,97.13,61.99,none,0
REAL-0569,2,2019-08-28,37,5.284,154.0,31.3,100.91,69.72,none,0
REAL-0569,3,2020-02-24,37,5.269,149.93,31.0,100.81,70.55,none,0
REAL-0569,4,2020-08-22,37,5.35,150.72,30.95,101.89,68.99,none,0
REAL-0570,1,2019-03-04,33,4.045,116.01,34.3,95.81,69.4,none,1
REAL-0570,2,2019-08-23,33,4.439,121.0,34.3,96.61,67.07,none,1
REAL-0570,3,2020-02-19,33,4.462,121.69,34.35,97.74,68.26,none,1
REAL-0570,4,2020-08-17,33,4.362,119.53,33.72,99.41,69.34,none,1
REAL-0571,1,2019-03-04,39,3.5,79.36,33.65,106.34,70.53,none,0
REAL-0571,2,2019-08-28,39,3.5,78.0,32.5,107.13,72.91,none,0
REAL-0571,3,2020-02-24,39,3.5,75.51,32.05,109.76,73.61,none,0
REAL-0571,4,2020-08-22,39,3.5,80.17,32.65,101.94,72.55,none,0
REAL-0572,1,2019-03-06,21,4.354,116.78,22.35,133.08,96.25,hypertension,0
REAL-0572,2,2019-08-25,21,4.831,130.0,22.6,124.23,102.67,hypertension,0
REAL-0572,3,2020-02-21,21,4.798,130.13,22.52,128.39,103.5,hypertension,0
REAL-0572,4,2020-08-19,21,4.898,136.71,22.58,126.13,104.69,hypertension,0
REAL-0573,1,2019-02-24,22,3.858,111.14,29.67,84.77,65.18,none,0
REAL-0573,2,2019-09-01,22,3.924,111.0,29.5,94.46,55.01,none,0
REAL-0573,3,2020-02-28,22,3.908,111.57,29.61,93.04,55.65,none,0
REAL-0573,4,2020-08-26,22,3.979,109.62,29.09,90.94,52.26,none,0
REAL-0574,1,2019-03-04,22,3.5,88.61,34.9,79.55,57.6,none,0
REAL-0574,2,2019-08-24,22,3.515,98.0,34.7,92.52,59.5,none,0
REAL-0574,3,2020-02-20,22,3.5,101.93,35.15,92.91,56.2,none,0
REAL-0574,4,2020-08-18,22,3.5,97.51,35.02,92.29,59.02,none,0
REAL-0575,1,2019-03-02,23,5.101,146.42,30.13,117.18,86.54,hypertension,0
REAL-0575,2,2019-08-23,23,5.029,143.0,30.1,114.78,90.27,hypertension,0
REAL-0575,3,2020-02-19,23,5.058,140.01,29.78,117.26,88.29,hypertension,0
REAL-0575,4,2020-08-17,23,4.919,143.16,30.11,113.0,91.96,hypertension,0
REAL-0576,1,2019-02-24,25,4.151,117.62,34.91,69.14,47.32,none,0
REAL-0576,2,2019-08-31,25,4.196,119.0,35.5,68.35,46.56,none,0
REAL-0576,3,2020-02-27,25,4.283,125.19,35.47,80.0,48.72,none,0
REAL-0576,4,2020-08-25,25,4.197,119.29,36.04,80.0,47.48,none,0
REAL-0577,1,2019-02-28,35,4.116,111.06,24.08,68.93,40.94,none,0
REAL-0577,2,2019-08-29,35,3.965,108.0,24.0,76.38,44.23,none,0
REAL-0577,3,2020-02-25,35,3.86,106.8,24.28,80.0,45.22,none,0
REAL-0577,4,2020-08-23,35,4.044,109.18,24.15,80.0,48.95,none,0
REAL-0578,1,2019-02-28,21,4.407,113.98,42.1,116.93,77.73,none,1
REAL-0578,2,2019-08-31,21,3.923,118.0,42.9,108.73,79.78,none,1
REAL-0578,3,2020-02-27,21,4.088,122.65,42.82,109.51,79.05,none,1
REAL-0578,4,2020-08-25,21,3.743,117.98,43.01,110.53,80.98,none,1
REAL-0579,1,2019-03-03,36,5.118,138.61,27.25,96.92,72.68,none,0
REAL-0579,2,2019-09-02,36,4.543,133.0,27.0,100.1,69.03,none,0
REAL-0579,3,2020-02-29,36,4.615,129.41,27.16,100.78,70.22,none,0
REAL-0579,4,2020-08-27,36,4.391,131.61,27.06,98.76,69.54,none,0
REAL-0580,1,2019-03-06,62,7.29,206.38,34.7,103.96,73.76,none,1
REAL-0580,2,2019-08-23,62,7.046,197.0,34.7,101.37,69.09,none,1
REAL-0580,3,2020-02-19,62,7.074,195.94,34.92,104.13,70.52,none,1
REAL-0580,4,2020-08-17,62,6.885,197.46,34.57,98.74,68.69,none,1
REAL-0581,1,2019-02-26,21,5.113,144.25,42.82,121.53,90.84,hypertension,1
REAL-0581,2,2019-08-23,21,5.645,151.0,42.1,127.28,89.29,hypertension,1
REAL-0581,3,2020-02-19,21,5.673,154.54,41.68,127.41,87.06,hypertension,1
REAL-0581,4,2020-08-17,21,5.623,150.58,42.49,123.75,88.66,hypertension,1
REAL-0582,1,2019-03-04,27,3.827,103.73,24.54,95.68,66.21,none,0
REAL-0582,2,2019-08-29,27,3.682,109.0,25.0,79.01,60.87,none,0
REAL-0582,3,2020-02-25,27,3.806,107.61,24.57,81.14,62.96,none,0
REAL-0582,4,2020-08-23,27,3.623,108.97,24.59,80.0,58.57,none,0
REAL-0583,1,2019-02-26,62,4.545,128.57,27.29,107.68,79.42,none,0
REAL-0583,2,2019-08-25,62,4.241,121.0,26.5,110.96,75.02,none,0
REAL-0583,3,2020-02-21,62,4.355,121.49,26.48,111.38,74.31,none,0
REAL-0583,4,2020-08-19,62,4.143,123.11,27.0,109.47,78.94,none,0
REAL-0584,1,2019-02-27,42,3.5,94.56,39.09,98.9,67.23,none,0
REAL-0584,2,2019-08-23,42,3.5,100.0,38.7,107.53,78.26,none,0
REAL-0584,3,2020-02-19,42,3.5,99.3,38.51,106.4,76.9,none,0
REAL-0584,4,2020-08-17,42,3.5,100.27,38.8,108.82,81.27,none,0
REAL-0585,1,2019-02-25,52,4.996,128.67,28.47,105.92,75.43,none,1
REAL-0585,2,2019-09-01,52,4.449,124.0,28.7,110.77,76.9,none,1
REAL-0585,3,2020-02-28,52,4.52,121.16,28.46,112.17,74.2,none,1
REAL-0585,4,2020-08-26,52,4.324,126.06,28.52,110.51,78.52,none,1
REAL-0586,1,2019-02-25,22,3.528,93.97,23.17,85.03,57.79,none,0
REAL-0586,2,2019-08-23,22,3.5,93.0,22.5,88.44,56.34,none,0
REAL-0586,3,2020-02-19,22,3.593,94.25,22.74,90.17,54.66,none,0
REAL-0586,4,2020-08-17,22,3.554,89.77,22.44,85.44,60.78,none,0
REAL-0587,1,2019-03-05,41,5.386,150.22,35.17,100.69,71.25,none,1
REAL-0587,2,2019-08-23,41,4.884,143.0,34.9,97.04,66.96,none,1
REAL-0587,3,2020-02-19,41,4.994,149.4,34.93,100.73,63.28,none,1
REAL-0587,4,2020-08-17,41,4.962,141.73,34.51,96.73,69.24,none,1
REAL-0588,1,2019-02-26,29,3.766,107.99,23.73,94.04,64.71,none,0
REAL-0588,2,2019-09-01,29,3.74,103.0,24.3,96.87,64.47,none,0
REAL-0588,3,2020-02-28,29,3.637,101.33,24.12,93.05,63.54,none,0
REAL-0588,4,2020-08-26,29,3.721,104.0,24.24,94.84,68.42,none,0
REAL-0589,1,2019-03-01,52,6.286,169.43,33.13,112.13,87.82,hypertension,1
REAL-0589,2,2019-08-24,52,6.524,176.0,33.3,112.06,82.53,hypertension,1
REAL-0589,3,2020-02-20,52,6.751,170.82,33.64,111.99,79.99,hypertension,1
REAL-0589,4,2020-08-18,52,6.602,177.49,33.18,110.87,81.83,hypertension,1
REAL-0590,1,2019-02-28,25,3.5,73.38,21.11,74.41,42.48,none,0
REAL-0590,2,2019-08-29,25,3.5,73.0,21.1,24.86,0.25,none,0
REAL-0590,3,2020-02-25,25,3.5,73.47,20.95,80.0,40.0,none,0
REAL-0590,4,2020-08-23,25,3.522,74.9,20.84,80.0,40.0,none,0
REAL-0591,1,2019-03-03,45,3.755,110.0,46.44,110.12,84.26,hypertension,1
REAL-0591,2,2019-09-01,45,3.941,111.0,46.8,111.32,79.62,hypertension,1
REAL-0591,3,2020-02-28,45,3.997,108.55,46.38,106.76,82.55,hypertension,1
REAL-0591,4,2020-08-26,45,3.97,112.52,46.77,111.06,79.97,hypertension,1
REAL-0592,1,2019-03-05,24,3.726,106.94,40.15,114.11,81.35,none,0
REAL-0592,2,2019-09-02,24,4.05,112.0,39.4,106.77,77.98,none,0
REAL-0592,3,2020-02-29,24,3.983,114.27,39.15,106.3,77.59,none,0
REAL-0592,4,2020-08-27,24,4.057,112.56,39.1,107.12,77.06,none,0
REAL-0593,1,2019-02-27,44,4.555,135.98,33.93,109.56,82.72,none,1
REAL-0593,2,2019-08-23,44,4.695,132.0,34.4,109.25,79.13,none,1
REAL-0593,3,2020-02-19,44,4.627,131.8,33.82,112.98,80.3,none,1
REAL-0593,4,2020-08-17,44,4.793,137.4,34.32,109.15,81.9,none,1
REAL-0594,1,2019-03-06,25,3.5,83.98,29.09,78.78,46.07,none,0
REAL-0594,2,2019-08-26,25,3.5,82.0,28.5,83.86,52.86,none,0
REAL-0594,3,2020-02-22,25,3.5,82.28,28.7,83.39,52.2,none,0
REAL-0594,4,2020-08-20,25,3.626,83.65,28.51,82.95,50.4,none,0
REAL-0595,1,2019-02-25,34,4.077,117.72,34.06,108.18,78.61,none,0
REAL-0595,2,2019-08-26,34,4.442,123.0,33.6,103.41,70.29,none,0
REAL-0595,3,2020-02-22,34,4.383,117.94,33.13,104.31,72.93,none,0
REAL-0595,4,2020-08-20,34,4.415,121.51,33.82,101.17,71.25,none,0
REAL-0596,1,2019-02-24,22,6.911,190.99,32.6,112.56,77.85,hypertension,1
REAL-0596,2,2019-08-25,22,6.696,188.0,32.0,113.33,86.52,hypertension,1
REAL-0596,3,2020-02-21,22,6.827,191.44,32.59,113.14,90.34,hypertension,1
REAL-0596,4,2020-08-19,22,6.693,185.43,31.96,114.39,88.0,hypertension,1
REAL-0597,1,2019-02-24,46,3.5,73.6,43.96,106.65,69.18,none,0
REAL-0597,2,2019-08-24,46,3.5,67.0,45.3,99.76,76.41,none,0
REAL-0597,3,2020-02-20,46,3.5,73.74,45.75,100.65,72.89,none,0
REAL-0597,4,2020-08-18,46,3.545,64.76,45.33,100.5,73.28,none,0
REAL-0598,1,2019-02-26,21,3.5,82.5,28.7,68.75,36.93,none,0
REAL-0598,2,2019-08-26,21,3.5,89.0,27.8,55.16,20.73,none,0
REAL-0598,3,2020-02-22,21,3.584,87.04,27.65,80.0,40.0,none,0
REAL-0598,4,2020-08-20,21,3.5,86.55,27.93,80.0,40.0,none,0
REAL-0599,1,2019-02-25,38,6.218,172.92,37.09,101.47,75.6,none,1
REAL-0599,2,2019-08-31,38,6.38,173.0,36.8,105.12,71.27,none,1
REAL-0599,3,2020-02-27,38,6.437,171.93,36.74,105.9,65.79,none,1
REAL-0599,4,2020-08-25,38,6.265,171.67,36.41,105.04,71.5,none,1
REAL-0600,1,2019-03-02,26,4.036,111.61,23.23,67.19,38.61,none,0
REAL-0600,2,2019-08-25,26,3.938,109.0,23.1,72.8,37.38,none,0
REAL-0600,3,2020-02-21,26,3.987,111.89,23.45,80.0,40.0,none,0
REAL-0600,4,2020-08-19,26,3.982,110.05,22.75,80.0,40.0,none,0
REAL-0601,1,2019-02-24,24,3.807,110.9,27.73,117.53,92.01,hypertension,0
REAL-0601,2,2019-08-30,24,3.836,108.0,27.1,115.03,91.8,hypertension,0
REAL-0601,3,2020-02-26,24,3.937,110.54,27.08,116.03,92.34,hypertension,0
REAL-0601,4,2020-08-24,24,3.942,107.11,27.15,116.49,90.28,hypertension,0
REAL-0602,1,2019-02-27,28,3.5,104.42,22.94,69.54,39.83,none,0
REAL-0602,2,2019-09-01,28,3.517,96.0,23.7,33.33,-0.08,none,0
REAL-0602,3,2020-02-28,28,3.5,92.81,23.89,80.0,40.0,none,0
REAL-0602,4,2020-08-26,28,3.528,100.13,23.08,80.0,40.0,none,0
REAL-0603,1,2019-02-24,30,4.451,122.13,27.81,98.04,65.27,none,0
REAL-0603,2,2019-08-30,30,4.48,124.0,27.8,100.35,74.5,none,0
REAL-0603,3,2020-02-26,30,4.521,121.58,27.99,101.3,74.61,none,0
REAL-0603,4,2020-08-24,30,4.478,122.64,28.01,102.18,76.4,none,0
REAL-0604,1,2019-02-24,54,5.729,157.5,35.21,113.41,78.14,none,1
REAL-0604,2,2019-08-27,54,5.474,150.0,35.2,105.77,82.82,none,1
REAL-0604,3,2020-02-23,54,5.606,150.17,34.99,103.99,81.47,none,1
REAL-0604,4,2020-08-21,54,5.465,150.04,35.45,102.19,82.33,none,1
REAL-0605,1,2019-03-05,36,6.213,180.28,27.25,72.48,34.15,none,1
REAL-0605,2,2019-09-02,36,6.587,183.0,28.4,28.39,3.67,none,1
REAL-0605,3,2020-02-29,36,6.591,184.03,28.77,80.0,40.0,none,1
REAL-0605,4,2020-08-27,36,6.608,183.8,27.83,80.0,40.0,none,1
REAL-0606,1,2019-03-05,21,4.876,128.69,35.41,94.54,66.2,none,0
REAL-0606,2,2019-08-27,21,4.587,124.0,35.8,86.27,60.09,none,0
REAL-0606,3,2020-02-23,21,4.605,120.51,35.57,85.34,57.67,none,0
REAL-0606,4,2020-08-21,21,4.406,120.87,36.23,86.8,60.77,none,0
REAL-0607,1,2019-03-05,22,6.77,184.21,39.91,114.38,81.0,none,1
REAL-0607,2,2019-08-28,22,6.47,181.0,40.0,114.12,76.96,none,1
REAL-0607,3,2020-02-24,22,6.455,180.45,40.34,113.75,75.8,none,1
REAL-0607,4,2020-08-22,22,6.324,181.17,40.04,116.87,73.93,none,1
REAL-0608,1,2019-03-04,25,3.5,87.14,19.77,92.87,66.68,none,0
REAL-0608,2,2019-08-26,25,3.51,92.0,19.5,93.22,58.88,none,0
REAL-0608,3,2020-02-22,25,3.5,91.92,19.65,97.16,59.77,none,0
REAL-0608,4,2020-08-20,25,3.5,92.72,19.67,94.6,57.88,none,0
REAL-0609,1,2019-02-27,27,5.303,149.71,41.25,109.21,79.65,hypertension,0
REAL-0609,2,2019-08-27,27,5.359,152.0,41.5,118.56,80.77,hypertension,0
REAL-0609,3,2020-02-23,27,5.281,153.49,41.38,118.19,80.59,hypertension,0
REAL-0609,4,2020-08-21,27,5.408,150.93,41.38,120.01,78.39,hypertension,0
REAL-0610,1,2019-02-25,23,4.018,114.27,23.95,98.08,62.77,none,0
REAL-0610,2,2019-09-01,23,3.863,111.0,24.0,90.66,58.92,none,0
REAL-0610,3,2020-02-28,23,3.871,107.53,23.86,92.15,56.71,none,0
REAL-0610,4,2020-08-26,23,3.903,104.81,24.31,88.75,58.08,none,0
REAL-0611,1,2019-02-26,24,3.873,104.58,30.46,81.5,53.88,none,0
REAL-0611,2,2019-09-01,24,3.784,106.0,30.9,78.62,55.76,none,0
REAL-0611,3,2020-02-28,24,3.578,99.13,30.76,80.0,54.59,none,0
REAL-0611,4,2020-08-26,24,3.668,103.57,30.97,80.0,52.97,none,0
REAL-0612,1,2019-03-04,36,6.345,179.39,32.24,87.38,60.25,none,1
REAL-0612,2,2019-08-29,36,6.411,174.0,32.9,90.8,54.58,none,1
REAL-0612,3,2020-02-25,36,6.153,177.15,33.26,91.09,53.37,none,1
REAL-0612,4,2020-08-23,36,6.364,177.17,33.15,90.12,56.08,none,1
REAL-0613,1,2019-03-02,40,6.134,169.28,37.97,118.1,87.62,hypertension,1
REAL-0613,2,2019-08-28,40,5.903,168.0,38.2,115.27,90.18,hypertension,1
REAL-0613,3,2020-02-24,40,5.941,170.15,37.81,113.78,94.02,hypertension,1
REAL-0613,4,2020-08-22,40,5.762,167.92,38.32,115.75,95.17,hypertension,1
REAL-0614,1,2019-03-02,26,3.695,106.06,32.57,118.49,81.74,none,0
REAL-0614,2,2019-09-01,26,3.691,105.0,32.5,111.12,85.95,none,0
REAL-0614,3,2020-02-28,26,3.595,101.04,32.29,111.25,86.63,none,0
REAL-0614,4,2020-08-26,26,3.67,110.04,32.78,110.21,82.69,none,0
REAL-0615,1,2019-03-05,50,5.018,142.93,35.59,115.91,82.13,none,1
REAL-0615,2,2019-08-27,50,5.173,138.0,36.1,102.74,75.53,none,1
REAL-0615,3,2020-02-23,50,5.255,137.98,35.84,103.48,77.07,none,1
REAL-0615,4,2020-08-21,50,5.095,140.13,36.09,105.06,73.6,none,1
REAL-0616,1,2019-02-26,27,3.5,100.64,25.89,112.97,71.73,none,0
REAL-0616,2,2019-08-24,27,3.608,106.0,25.8,103.31,72.06,none,0
REAL-0616,3,2020-02-20,27,3.512,102.63,25.76,103.52,70.57,none,0
REAL-0616,4,2020-08-18,27,3.655,108.36,25.55,103.12,69.91,none,0
REAL-0617,1,2019-03-01,30,4.629,121.57,28.36,128.15,96.77,hypertension,0
REAL-0617,2,2019-08-29,30,4.055,117.0,28.7,126.46,98.2,hypertension,0
REAL-0617,3,2020-02-25,30,4.09,117.56,28.59,125.86,100.95,hypertension,0
REAL-0617,4,2020-08-23,30,4.005,116.71,28.69,129.37,95.24,hypertension,0
REAL-0618,1,2019-02-26,23,3.5,66.68,21.09,99.25,66.67,none,0
REAL-0618,2,2019-08-26,23,3.5,68.0,20.1,89.22,59.72,none,0
REAL-0618,3,2020-02-22,23,3.5,69.36,20.06,91.82,60.67,none,0
REAL-0618,4,2020-08-20,23,3.546,62.92,20.16,87.81,59.59,none,0
REAL-0619,1,2019-02-27,50,3.785,110.62,28.07,109.0,74.04,hypertension,1
REAL-0619,2,2019-08-29,50,3.685,112.0,28.2,114.47,79.86,hypertension,1
REAL-0619,3,2020-02-25,50,3.846,105.49,27.75,115.0,75.63,hypertension,1
REAL-0619,4,2020-08-23,50,3.66,111.25,27.91,113.23,84.81,hypertension,1
REAL-0620,1,2019-02-25,24,4.301,124.08,32.83,70.4,44.44,none,1
REAL-0620,2,2019-08-26,24,4.438,119.0,32.4,28.23,5.55,none,1
REAL-0620,3,2020-02-22,24,4.538,118.11,32.95,80.0,40.0,none,1
REAL-0620,4,2020-08-20,24,4.424,114.93,32.33,80.0,40.0,none,1
REAL-0621,1,2019-03-05,28,4.004,109.16,37.56,120.4,89.92,hypertension,0
REAL-0621,2,2019-08-27,28,3.95,112.0,38.4,116.57,91.91,hypertension,0
REAL-0621,3,2020-02-23,28,4.002,112.96,38.32,117.9,94.85,hypertension,0
REAL-0621,4,2020-08-21,28,4.025,112.65,38.69,117.36,95.51,hypertension,0
REAL-0622,1,2019-03-03,28,3.5,93.3,24.21,100.58,70.28,none,0
REAL-0622,2,2019-08-30,28,3.595,92.0,24.2,112.23,77.42,none,0
REAL-0622,3,2020-02-26,28,3.587,92.13,24.56,108.38,79.29,none,0
REAL-0622,4,2020-08-24,28,3.546,91.41,23.65,112.13,76.24,none,0
REAL-0623,1,2019-03-05,45,6.161,172.28,40.88,124.19,93.24,hypertension,0
REAL-0623,2,2019-08-29,45,6.469,183.0,40.8,123.95,94.55,hypertension,0
REAL-0623,3,2020-02-25,45,6.54,182.53,41.23,120.66,94.27,hypertension,0
REAL-0623,4,2020-08-23,45,6.422,178.72,40.96,123.36,91.14,hypertension,0
REAL-0624,1,2019-03-02,21,3.5,97.59,43.21,94.94,64.1,none,0
REAL-0624,2,2019-08-30,21,3.5,94.0,43.5,95.98,77.83,none,0
REAL-0624,3,2020-02-26,21,3.543,99.02,43.56,94.43,76.64,none,0
REAL-0624,4,2020-08-24,21,3.529,98.23,43.65,97.67,77.07,none,0
REAL-0625,1,2019-02-24,21,3.911,114.08,30.12,99.66,68.55,none,0
REAL-0625,2,2019-08-26,21,3.812,108.0,30.8,95.94,57.42,none,0
REAL-0625,3,2020-02-22,21,3.88,110.92,31.01,103.58,59.89,none,0
REAL-0625,4,2020-08-20,21,3.873,111.01,30.65,94.86,64.4,none,0
REAL-0626,1,2019-03-02,29,3.5,90.15,38.0,116.27,84.04,hypertension,0
REAL-0626,2,2019-08-24,29,3.5,90.0,37.7,121.98,89.63,hypertension,0
REAL-0626,3,2020-02-20,29,3.601,85.51,37.61,117.56,87.15,hypertension,0
REAL-0626,4,2020-08-18,29,3.512,89.01,37.83,122.2,86.94,hypertension,0
REAL-0627,1,2019-03-03,21,4.424,128.56,24.93,97.07,71.04,none,0
REAL-0627,2,2019-08-24,21,4.597,125.0,24.7,95.27,66.08,none,0
REAL-0627,3,2020-02-20,21,4.462,120.27,24.71,95.7,66.65,none,0
REAL-0627,4,2020-08-18,21,4.603,125.22,25.05,92.1,65.77,none,0
REAL-0628,1,2019-02-28,21,5.047,137.71,32.66,112.42,81.38,none,0
REAL-0628,2,2019-08-23,21,4.586,132.0,32.4,111.44,77.2,none,0
REAL-0628,3,2020-02-19,21,4.566,132.91,32.46,113.2,74.85,none,0
REAL-0628,4,2020-08-17,21,4.706,133.95,31.8,115.12,80.49,none,0
REAL-0629,1,2019-02-28,45,4.749,126.51,33.68,114.73,76.67,none,0
REAL-0629,2,2019-08-24,45,4.665,128.0,34.6,112.22,80.96,none,0
REAL-0629,3,2020-02-20,45,4.678,123.33,34.16,110.92,83.21,none,0
REAL-0629,4,2020-08-18,45,4.691,125.72,34.92,112.31,81.29,none,0
REAL-0630,1,2019-03-04,21,3.5,92.05,25.0,94.01,68.49,none,0
REAL-0630,2,2019-08-25,21,3.5,94.0,24.7,98.26,62.95,none,0
REAL-0630,3,2020-02-21,21,3.551,93.74,24.52,100.05,59.28,none,0
REAL-0630,4,2020-08-19,21,3.5,90.76,24.76,98.34,64.38,none,0
REAL-0631,1,2019-02-24,34,4.222,117.82,29.28,88.5,68.13,none,1
REAL-0631,2,2019-08-31,34,4.171,114.0,27.4,92.17,65.26,none,1
REAL-0631,3,2020-02-27,34,4.187,112.65,27.5,92.39,65.56,none,1
REAL-0631,4,2020-08-25,34,4.227,114.16,28.19,91.04,65.78,none,1
REAL-0632,1,2019-03-03,24,3.879,105.63,34.87,108.72,79.17,none,0
REAL-0632,2,2019-08-25,24,3.735,102.0,34.5,110.34,78.87,none,0
REAL-0632,3,2020-02-21,24,3.78,102.2,34.63,109.09,77.51,none,0
REAL-0632,4,2020-08-19,24,3.652,110.66,34.35,111.81,80.52,none,0
REAL-0633,1,2019-02-28,23,3.898,110.01,27.35,93.97,67.05,none,0
REAL-0633,2,2019-08-24,23,3.951,111.0,26.2,90.98,51.66,none,0
REAL-0633,3,2020-02-20,23,4.015,111.33,26.4,90.16,52.26,none,0
REAL-0633,4,2020-08-18,23,3.95,115.6,26.51,87.55,51.18,none,0
REAL-0634,1,2019-03-03,22,4.271,118.4,27.33,120.91,85.48,hypertension,0
REAL-0634,2,2019-08-23,22,4.738,128.0,27.5,118.53,85.71,hypertension,0
REAL-0634,3,2020-02-19,22,4.578,127.59,27.26,117.66,84.48,hypertension,0
REAL-0634,4,2020-08-17,22,4.797,131.12,27.61,117.8,83.6,hypertension,0
REAL-0635,1,2019-03-04,31,3.5,96.19,26.95,88.04,61.36,none,0
REAL-0635,2,2019-08-25,31,3.5,92.0,25.9,94.33,59.19,none,0
REAL-0635,3,2020-02-21,31,3.658,94.77,25.85,92.64,61.92,none,0
REAL-0635,4,2020-08-19,31,3.5,88.74,26.03,97.38,54.53,none,0
REAL-0636,1,2019-03-01,38,3.706,100.74,32.78,98.06,71.37,none,1
REAL-0636,2,2019-08-31,38,3.932,104.0,31.2,96.24,73.26,none,1
REAL-0636,3,2020-02-27,38,3.952,105.26,31.48,97.33,71.22,none,1
REAL-0636,4,2020-08-25,38,3.964,105.98,30.76,94.35,74.63,none,1
REAL-0637,1,2019-02-28,48,3.764,105.43,28.72,108.56,77.06,none,0
REAL-0637,2,2019-08-24,48,3.79,104.0,28.8,104.17,77.46,none,0
REAL-0637,3,2020-02-20,48,3.874,106.06,28.69,106.2,75.2,none,0
REAL-0637,4,2020-08-18,48,3.691,107.6,29.23,104.74,77.35,none,0
REAL-0638,1,2019-02-26,23,3.5,95.52,32.76,97.33,80.01,none,0
REAL-0638,2,2019-08-30,23,3.5,94.0,31.6,103.87,82.28,none,0
REAL-0638,3,2020-02-26,23,3.5,93.07,31.1,101.14,84.11,none,0
REAL-0638,4,2020-08-24,23,3.532,93.15,32.02,105.2,84.0,none,0
REAL-0639,1,2019-03-03,32,3.642,99.47,40.4,93.05,74.58,none,1
REAL-0639,2,2019-08-30,32,3.5,97.0,40.9,106.22,76.57,none,1
REAL-0639,3,2020-02-26,32,3.5,92.49,41.5,106.14,74.18,none,1
REAL-0639,4,2020-08-24,32,3.5,99.81,40.73,110.42,73.78,none,1
REAL-0640,1,2019-02-26,28,3.735,100.56,20.36,102.4,71.56,none,0
REAL-0640,2,2019-08-31,28,3.5,100.0,19.5,102.21,77.59,none,0
REAL-0640,3,2020-02-27,28,3.5,95.88,19.62,104.29,77.62,none,0
REAL-0640,4,2020-08-25,28,3.5,95.69,19.25,99.15,82.15,none,0
REAL-0641,1,2019-03-06,27,3.634,101.1,29.92,115.55,84.89,hypertension,0
REAL-0641,2,2019-08-25,27,3.693,102.0,29.3,115.79,84.66,hypertension,0
REAL-0641,3,2020-02-21,27,3.752,100.84,29.45,111.43,88.53,hypertension,0
REAL-0641,4,2020-08-19,27,3.619,99.82,29.2,115.75,84.21,hypertension,0
REAL-0642,1,2019-03-06,24,4.316,121.43,34.76,95.84,61.69,none,0
REAL-0642,2,2019-09-02,24,4.656,128.0,34.3,98.14,71.08,none,0
REAL-0642,3,2020-02-29,24,4.753,126.38,34.06,99.61,70.4,none,0
REAL-0642,4,2020-08-27,24,4.641,125.64,34.53,98.64,71.31,none,0
REAL-0643,1,2019-02-24,50,5.646,151.24,30.21,107.85,78.69,none,1
REAL-0643,2,2019-08-26,50,5.131,147.0,29.5,110.41,81.03,none,1
REAL-0643,3,2020-02-22,50,5.135,141.42,29.5,110.96,77.61,none,1
REAL-0643,4,2020-08-20,50,5.304,150.81,29.41,111.28,83.53,none,1
REAL-0644,1,2019-02-26,31,3.5,91.46,27.45,64.92,44.18,none,0
REAL-0644,2,2019-08-29,31,3.5,90.0,28.0,31.0,0.51,none,0
REAL-0644,3,2020-02-25,31,3.5,84.63,28.13,80.0,40.0,none,0
REAL-0644,4,2020-08-23,31,3.524,90.06,28.29,80.0,40.0,none,0
REAL-0645,1,2019-03-05,27,3.783,104.64,27.44,108.48,72.76,none,0
REAL-0645,2,2019-09-01,27,3.775,103.0,27.6,100.82,72.41,none,0
REAL-0645,3,2020-02-28,27,3.733,104.15,27.8,99.8,71.67,none,0
REAL-0645,4,2020-08-26,27,3.772,105.22,28.17,102.34,72.82,none,0
REAL-0646,1,2019-03-05,30,5.821,161.5,40.0,111.22,76.68,none,0
REAL-0646,2,2019-08-23,30,5.541,157.0,39.4,107.53,69.14,none,0
REAL-0646,3,2020-02-19,30,5.557,155.28,39.75,110.76,72.62,none,0
REAL-0646,4,2020-08-17,30,5.541,153.55,39.03,108.18,70.35,none,0
REAL-0647,1,2019-03-06,33,6.016,164.47,23.65,98.43,66.28,none,1
REAL-0647,2,2019-08-30,33,6.052,167.0,23.4,102.82,73.01,none,1
REAL-0647,3,2020-02-26,33,6.072,165.39,23.14,106.31,71.33,none,1
REAL-0647,4,2020-08-24,33,5.964,167.13,23.23,104.29,70.54,none,1
REAL-0648,1,2019-02-25,22,6.037,171.97,38.01,85.63,45.84,none,1
REAL-0648,2,2019-08-30,22,6.444,179.0,37.8,80.44,47.75,none,1
REAL-0648,3,2020-02-26,22,6.525,182.73,37.99,81.51,48.0,none,1
REAL-0648,4,2020-08-24,22,6.594,178.7,38.05,81.28,51.04,none,1
REAL-0649,1,2019-02-27,42,4.674,131.75,27.94,109.05,84.86,hypertension,1
REAL-0649,2,2019-08-26,42,4.865,136.0,28.3,121.14,81.78,hypertension,1
REAL-0649,3,2020-02-22,42,4.871,138.57,28.4,119.67,78.86,hypertension,1
REAL-0649,4,2020-08-20,42,4.842,134.81,28.11,121.71,82.73,hypertension,1
REAL-0650,1,2019-03-02,23,3.637,106.62,27.23,89.42,57.13,none,0
REAL-0650,2,2019-09-02,23,3.773,107.0,26.4,87.66,56.26,none,0
REAL-0650,3,2020-02-29,23,3.802,104.7,26.8,87.47,53.58,none,0
REAL-0650,4,2020-08-27,23,3.764,108.24,26.4,90.34,57.71,none,0
REAL-0651,1,2019-03-06,23,3.5,94.02,24.17,94.05,52.75,none,0
REAL-0651,2,2019-08-25,23,3.5,91.0,25.2,80.34,55.52,none,0
REAL-0651,3,2020-02-21,23,3.569,89.36,25.19,80.99,54.14,none,0
REAL-0651,4,2020-08-19,23,3.5,93.04,25.23,80.0,55.57,none,0
REAL-0652,1,2019-02-24,27,3.913,113.6,33.67,86.91,57.66,none,0
REAL-0652,2,2019-08-23,27,4.107,117.0,33.8,91.31,59.43,none,0
REAL-0652,3,2020-02-19,27,4.026,121.04,33.89,92.01,59.72,none,0
REAL-0652,4,2020-08-17,27,4.139,114.72,33.46,89.54,62.1,none,0
REAL-0653,1,2019-03-02,28,4.52,126.74,34.36,103.26,79.76,none,0
REAL-0653,2,2019-08-30,28,4.325,123.0,34.1,104.36,69.77,none,0
REAL-0653,3,2020-02-26,28,4.263,129.62,34.45,105.28,72.18,none,0
REAL-0653,4,2020-08-24,28,4.404,130.73,33.96,103.19,71.36,none,0
REAL-0654,1,2019-03-03,27,4.473,124.42,26.16,89.37,56.99,none,0
REAL-0654,2,2019-08-29,27,4.421,120.0,26.8,81.52,57.89,none,0
REAL-0654,3,2020-02-25,27,4.435,123.15,27.16,83.65,54.93,none,0
REAL-0654,4,2020-08-23,27,4.362,119.5,26.67,82.24,59.74,none,0
REAL-0655,1,2019-03-06,22,3.882,99.95,34.58,98.65,70.45,none,0
REAL-0655,2,2019-08-28,22,3.576,106.0,34.2,99.91,70.06,none,0
REAL-0655,3,2020-02-24,22,3.5,101.01,33.88,99.24,70.2,none,0
REAL-0655,4,2020-08-22,22,3.597,109.59,33.91,101.15,70.66,none,0
REAL-0656,1,2019-03-03,25,5.664,152.25,37.94,80.87,51.12,none,1
REAL-0656,2,2019-08-28,25,5.755,155.0,38.7,81.92,52.93,none,1
REAL-0656,3,2020-02-24,25,5.746,153.61,38.33,83.34,51.67,none,1
REAL-0656,4,2020-08-22,25,5.91,152.93,38.44,82.04,52.57,none,1
REAL-0657,1,2019-02-24,22,3.5,94.64,22.56,88.57,54.4,none,0
REAL-0657,2,2019-08-30,22,3.541,101.0,21.8,91.29,59.05,none,0
REAL-0657,3,2020-02-26,22,3.5,106.76,21.82,92.07,59.38,none,0
REAL-0657,4,2020-08-24,22,3.549,100.47,21.58,93.39,56.95,none,0
REAL-0658,1,2019-03-04,41,4.22,118.36,39.47,110.22,78.45,none,0
REAL-0658,2,2019-08-31,41,4.128,120.0,38.9,109.6,81.35,none,0
REAL-0658,3,2020-02-27,41,4.146,122.63,39.24,107.72,81.12,none,0
REAL-0658,4,2020-08-25,41,4.27,115.42,38.19,107.46,81.69,none,0
REAL-0659,1,2019-03-06,51,4.48,132.32,37.8,140.4,106.67,hypertension,0
REAL-0659,2,2019-09-02,51,4.534,127.0,39.0,138.1,106.16,hypertension,0
REAL-0659,3,2020-02-29,51,4.592,128.79,39.29,138.04,109.74,hypertension,0
REAL-0659,4,2020-08-27,51,4.55,128.14,38.99,140.95,107.85,hypertension,0
REAL-0660,1,2019-03-01,27,3.5,79.35,34.21,126.22,87.15,hypertension,1
REAL-0660,2,2019-08-27,27,3.5,80.0,34.2,110.67,80.8,hypertension,1
REAL-0660,3,2020-02-23,27,3.5,82.88,33.93,107.66,82.37,hypertension,1
REAL-0660,4,2020-08-21,27,3.5,77.81,34.57,112.94,79.11,hypertension,1
REAL-0661,1,2019-03-05,54,5.716,161.32,28.12,116.34,86.15,hypertension,0
REAL-0661,2,2019-08-26,54,5.889,162.0,27.7,113.17,85.17,hypertension,0
REAL-0661,3,2020-02-22,54,5.855,158.65,27.48,113.57,83.09,hypertension,0
REAL-0661,4,2020-08-20,54,5.944,157.68,28.01,116.98,83.93,hypertension,0
REAL-0662,1,2019-03-04,22,6.879,193.6,43.07,102.9,78.99,none,1
REAL-0662,2,2019-08-24,22,7.034,199.0,42.9,109.02,74.79,none,1
REAL-0662,3,2020-02-20,22,7.155,196.13,42.84,107.73,73.86,none,1
REAL-0662,4,2020-08-18,22,7.048,205.07,42.6,108.54,72.38,none,1
REAL-0663,1,2019-02-25,43,5.767,164.29,37.37,134.15,105.96,hypertension,1
REAL-0663,2,2019-08-26,43,5.795,167.0,37.6,132.25,106.21,hypertension,1
REAL-0663,3,2020-02-22,43,5.847,168.09,38.02,133.82,105.59,hypertension,1
REAL-0663,4,2020-08-20,43,5.847,166.55,37.33,133.2,106.66,hypertension,1
REAL-0664,1,2019-02-26,40,5.086,149.71,38.16,111.64,87.03,none,1
REAL-0664,2,2019-09-02,40,5.439,145.0,37.9,107.67,74.41,none,1
REAL-0664,3,2020-02-29,40,5.46,146.78,38.4,108.68,73.23,none,1
REAL-0664,4,2020-08-27,40,5.403,145.12,38.05,110.04,72.85,none,1
REAL-0665,1,2019-03-04,40,3.683,114.53,33.09,88.7,56.42,none,1
REAL-0665,2,2019-08-31,40,4.084,115.0,33.7,86.98,60.78,none,1
REAL-0665,3,2020-02-27,40,4.136,112.96,33.59,90.41,58.76,none,1
REAL-0665,4,2020-08-25,40,4.118,118.87,33.59,86.39,59.67,none,1
REAL-0666,1,2019-03-06,24,4.167,115.55,34.95,107.03,81.98,none,0
REAL-0666,2,2019-08-25,24,4.025,112.0,34.8,109.25,76.23,none,0
REAL-0666,3,2020-02-21,24,4.055,110.57,34.87,108.18,78.05,none,0
REAL-0666,4,2020-08-19,24,3.989,114.89,35.26,111.81,73.69,none,0
REAL-0667,1,2019-03-01,70,5.574,152.21,32.63,117.65,78.68,hypertension,1
REAL-0667,2,2019-09-01,70,5.232,145.0,32.5,116.4,77.33,hypertension,1
REAL-0667,3,2020-02-28,70,5.32,148.62,32.39,119.71,77.99,hypertension,1
REAL-0667,4,2020-08-26,70,5.221,143.45,32.93,114.76,76.59,hypertension,1
REAL-0668,1,2019-03-06,40,4.203,113.67,28.15,96.34,69.94,none,1
REAL-0668,2,2019-09-02,40,4.015,111.0,27.5,103.25,73.49,none,1
REAL-0668,3,2020-02-29,40,4.049,110.31,27.71,101.28,72.86,none,1
REAL-0668,4,2020-08-27,40,4.02,112.49,27.47,103.5,73.02,none,1
REAL-0669,1,2019-03-06,43,3.5,92.06,33.91,98.07,62.56,none,0
REAL-0669,2,2019-09-02,43,3.584,98.0,34.0,88.38,57.4,none,0
REAL-0669,3,2020-02-29,43,3.5,95.68,34.37,85.31,53.6,none,0
REAL-0669,4,2020-08-27,43,3.592,93.27,34.32,92.54,56.81,none,0
REAL-0670,1,2019-02-25,45,5.24,151.94,31.68,114.12,81.72,none,0
REAL-0670,2,2019-08-28,45,5.435,154.0,30.9,111.81,74.24,none,0
REAL-0670,3,2020-02-24,45,5.367,149.75,30.62,109.0,73.42,none,0
REAL-0670,4,2020-08-22,45,5.492,151.63,31.06,114.03,74.2,none,0
REAL-0671,1,2019-03-03,49,6.1,166.56,32.31,99.64,66.41,none,0
REAL-0671,2,2019-08-30,49,5.914,165.0,33.6,99.93,67.81,none,0
REAL-0671,3,2020-02-26,49,5.854,163.44,33.67,100.03,72.29,none,0
REAL-0671,4,2020-08-24,49,5.845,162.41,33.76,99.79,68.21,none,0
REAL-0672,1,2019-02-25,21,3.5,96.43,24.86,88.98,58.29,none,0
REAL-0672,2,2019-08-30,21,3.517,99.0,25.4,85.58,61.5,none,0
REAL-0672,3,2020-02-26,21,3.528,99.4,25.52,89.99,60.05,none,0
REAL-0672,4,2020-08-24,21,3.657,106.84,25.6,85.26,60.42,none,0
REAL-0673,1,2019-02-24,47,3.5,64.49,35.59,132.29,99.47,hypertension,0
REAL-0673,2,2019-08-30,47,3.5,68.0,35.5,140.48,107.34,hypertension,0
REAL-0673,3,2020-02-26,47,3.5,66.73,35.2,139.13,109.46,hypertension,0
REAL-0673,4,2020-08-24,47,3.5,69.0,35.38,140.84,105.24,hypertension,0
REAL-0674,1,2019-03-02,22,4.311,121.58,55.0,129.5,99.12,hypertension,0
REAL-0674,2,2019-09-02,22,4.15,123.0,57.3,132.13,102.56,hypertension,0
REAL-0674,3,2020-02-29,22,4.239,124.78,55.0,128.58,103.71,hypertension,0
REAL-0674,4,2020-08-27,22,4.0,126.75,55.0,132.02,105.09,hypertension,0
REAL-0675,1,2019-03-02,68,3.5,92.07,35.05,112.14,78.14,hypertension,0
REAL-0675,2,2019-08-31,68,3.5,91.0,35.6,108.96,80.18,hypertension,0
REAL-0675,3,2020-02-27,68,3.681,90.09,35.62,108.59,78.85,hypertension,0
REAL-0675,4,2020-08-25,68,3.5,88.79,35.27,106.51,77.03,hypertension,0
REAL-0676,1,2019-02-26,31,7.002,193.01,30.93,101.09,68.51,none,1
REAL-0676,2,2019-08-26,31,6.754,195.0,30.9,99.77,67.98,none,1
REAL-0676,3,2020-02-22,31,6.816,193.02,30.44,98.74,65.92,none,1
REAL-0676,4,2020-08-20,31,6.7,195.23,30.95,98.21,62.26,none,1
REAL-0677,1,2019-02-24,53,5.739,159.69,25.15,114.1,89.36,hypertension,1
REAL-0677,2,2019-08-31,53,5.316,156.0,24.8,116.68,89.94,hypertension,1
REAL-0677,3,2020-02-27,53,5.364,155.15,24.88,113.24,90.65,hypertension,1
REAL-0677,4,2020-08-25,53,5.383,159.35,24.88,119.15,89.05,hypertension,1
REAL-0678,1,2019-02-24,25,3.5,93.27,35.55,97.18,67.43,none,0
REAL-0678,2,2019-08-28,25,3.5,93.0,35.3,86.77,61.95,none,0
REAL-0678,3,2020-02-24,25,3.5,91.6,35.39,87.88,61.56,none,0
REAL-0678,4,2020-08-22,25,3.521,91.88,35.15,86.33,63.44,none,0
REAL-0679,1,2019-02-25,25,4.233,120.34,36.3,83.42,53.67,none,1
REAL-0679,2,2019-08-25,25,4.313,121.0,36.0,80.22,55.72,none,1
REAL-0679,3,2020-02-21,25,4.373,123.54,35.59,80.0,55.42,none,1
REAL-0679,4,2020-08-19,25,4.303,120.45,36.04,80.0,56.76,none,1
REAL-0680,1,2019-02-25,23,3.605,96.55,24.75,89.91,57.18,none,0
REAL-0680,2,2019-08-29,23,3.778,101.0,24.2,83.64,57.2,none,0
REAL-0680,3,2020-02-25,23,3.754,100.48,24.1,83.21,57.65,none,0
REAL-0680,4,2020-08-23,23,3.758,97.49,23.45,81.43,60.2,none,0
REAL-0681,1,2019-03-05,22,3.5,57.21,23.62,85.37,56.21,none,0
REAL-0681,2,2019-08-25,22,3.5,56.0,24.2,81.29,61.78,none,0
REAL-0681,3,2020-02-21,22,3.667,53.3,24.25,80.0,60.61,none,0
REAL-0681,4,2020-08-19,22,3.5,50.44,24.02,81.47,61.34,none,0
REAL-0682,1,2019-02-26,26,5.876,165.92,49.05,98.34,73.52,none,1
REAL-0682,2,2019-08-28,26,5.726,162.0,49.6,104.61,75.85,none,1
REAL-0682,3,2020-02-24,26,5.909,156.6,49.69,103.38,78.96,none,1
REAL-0682,4,2020-08-22,26,5.658,157.07,49.49,106.63,78.6,none,1
REAL-0683,1,2019-02-27,22,3.5,91.74,44.13,101.33,61.66,none,0
REAL-0683,2,2019-08-24,22,3.5,95.0,44.6,99.4,56.86,none,0
REAL-0683,3,2020-02-20,22,3.569,92.21,44.96,101.15,58.49,none,0
REAL-0683,4,2020-08-18,22,3.557,98.16,44.52,99.48,57.48,none,0
REAL-0684,1,2019-03-03,27,4.727,134.18,32.04,109.68,80.58,none,1
REAL-0684,2,2019-08-24,27,4.209,125.0,32.3,108.16,78.7,none,1
REAL-0684,3,2020-02-20,27,4.22,122.87,32.27,106.92,79.41,none,1
REAL-0684,4,2020-08-18,27,4.27,123.43,32.52,106.93,78.33,none,1
REAL-0685,1,2019-02-28,69,4.843,139.9,15.0,113.93,80.38,hypertension,0
REAL-0685,2,2019-08-31,69,4.655,136.0,0.0,108.79,82.55,hypertension,0
REAL-0685,3,2020-02-27,69,4.713,130.89,15.0,111.88,82.62,hypertension,0
REAL-0685,4,2020-08-25,69,4.372,136.91,15.0,112.24,80.9,hypertension,0
REAL-0686,1,2019-03-01,25,4.394,123.84,33.89,97.33,71.05,none,0
REAL-0686,2,2019-09-01,25,4.733,129.0,33.2,102.37,75.9,none,0
REAL-0686,3,2020-02-28,25,4.812,125.88,32.79,101.37,76.01,none,0
REAL-0686,4,2020-08-26,25,4.627,127.21,33.53,104.26,75.44,none,0
REAL-0687,1,2019-03-05,22,4.974,131.56,23.45,95.08,63.72,none,0
REAL-0687,2,2019-08-29,22,4.611,130.0,23.1,90.0,68.34,none,0
REAL-0687,3,2020-02-25,22,4.675,138.95,22.9,96.57,66.64,none,0
REAL-0687,4,2020-08-23,22,4.63,134.72,23.18,90.76,67.68,none,0
REAL-0688,1,2019-02-28,29,3.515,103.9,27.13,76.78,51.22,none,0
REAL-0688,2,2019-08-23,29,3.737,107.0,28.3,78.24,51.47,none,0
REAL-0688,3,2020-02-19,29,3.818,106.59,28.05,80.0,50.55,none,0
REAL-0688,4,2020-08-17,29,3.82,103.67,28.06,80.0,52.83,none,0
REAL-0689,1,2019-03-02,23,4.9,136.5,23.59,100.98,72.53,none,0
REAL-0689,2,2019-08-30,23,5.175,140.0,24.1,106.14,66.61,none,0
REAL-0689,3,2020-02-26,23,5.142,136.25,24.23,106.42,68.7,none,0
REAL-0689,4,2020-08-24,23,5.258,142.83,23.95,106.57,67.71,none,0
REAL-0690,1,2019-03-02,46,5.584,146.43,46.65,111.82,84.71,hypertension,1
REAL-0690,2,2019-08-24,46,5.325,144.0,46.1,113.56,72.31,hypertension,1
REAL-0690,3,2020-02-20,46,5.299,145.65,45.67,114.41,71.68,hypertension,1
REAL-0690,4,2020-08-18,46,5.354,142.1,46.03,113.02,72.95,hypertension,1
REAL-0691,1,2019-03-03,34,4.065,109.02,24.73,107.31,79.61,none,0
REAL-0691,2,2019-08-31,34,3.744,107.0,24.6,113.76,79.54,none,0
REAL-0691,3,2020-02-27,34,3.699,110.49,25.26,111.17,80.64,none,0
REAL-0691,4,2020-08-25,34,3.713,109.85,24.92,111.45,81.23,none,0
REAL-0692,1,2019-02-25,44,6.224,163.52,42.26,145.99,111.36,hypertension,1
REAL-0692,2,2019-09-02,44,5.57,158.0,42.3,139.85,110.02,hypertension,1
REAL-0692,3,2020-02-29,44,5.682,160.58,42.03,138.03,113.53,hypertension,1
REAL-0692,4,2020-08-27,44,5.663,159.25,41.91,140.37,107.35,hypertension,1
REAL-0693,1,2019-03-05,23,4.38,119.52,39.56,95.51,68.24,none,0
REAL-0693,2,2019-08-28,23,4.527,121.0,39.1,101.59,69.6,none,0
REAL-0693,3,2020-02-24,23,4.63,123.02,39.0,99.52,66.52,none,0
REAL-0693,4,2020-08-22,23,4.451,121.03,39.61,99.6,70.57,none,0
REAL-0694,1,2019-03-05,43,4.968,132.05,38.54,100.06,62.33,none,1
REAL-0694,2,2019-08-25,43,4.514,129.0,38.5,93.28,63.04,none,1
REAL-0694,3,2020-02-21,43,4.454,129.47,38.56,93.73,59.72,none,1
REAL-0694,4,2020-08-19,43,4.571,131.64,38.66,93.31,64.07,none,1
REAL-0695,1,2019-03-03,25,3.558,94.0,23.37,89.67,52.04,none,0
REAL-0695,2,2019-08-24,25,3.5,90.0,23.5,92.8,60.35,none,0
REAL-0695,3,2020-02-20,25,3.5,89.16,23.75,94.71,59.5,none,0
REAL-0695,4,2020-08-18,25,3.5,85.23,23.44,92.67,60.33,none,0
REAL-0696,1,2019-02-24,43,4.83,141.79,30.84,110.28,86.71,hypertension,1
REAL-0696,2,2019-08-30,43,5.214,142.0,30.4,124.09,93.51,hypertension,1
REAL-0696,3,2020-02-26,43,5.091,141.25,30.66,128.22,94.47,hypertension,1
REAL-0696,4,2020-08-24,43,5.36,140.77,30.33,121.51,94.33,hypertension,1
REAL-0697,1,2019-02-27,31,6.019,171.57,30.55,106.17,76.24,none,1
REAL-0697,2,2019-08-29,31,5.957,169.0,29.9,100.85,75.14,none,1
REAL-0697,3,2020-02-25,31,6.004,163.28,29.79,100.32,75.12,none,1
REAL-0697,4,2020-08-23,31,6.077,168.17,29.87,100.01,74.91,none,1
REAL-0698,1,2019-03-04,22,3.5,101.24,24.23,66.27,38.73,none,0
REAL-0698,2,2019-08-28,22,3.5,99.0,25.0,28.87,-2.33,none,0
REAL-0698,3,2020-02-24,22,3.593,98.16,24.7,80.0,40.0,none,0
REAL-0698,4,2020-08-22,22,3.507,102.64,24.84,80.0,40.0,none,0
REAL-0699,1,2019-03-03,28,4.685,132.69,33.16,114.74,88.08,hypertension,0
REAL-0699,2,2019-08-23,28,4.321,127.0,34.5,125.27,87.97,hypertension,0
REAL-0699,3,2020-02-19,28,4.201,127.14,34.43,125.11,88.51,hypertension,0
REAL-0699,4,2020-08-17,28,4.1,133.72,33.81,125.24,88.98,hypertension,0
REAL-0700,1,2019-03-01,26,3.923,115.05,45.66,100.88,60.7,none,0
REAL-0700,2,2019-08-27,26,4.217,118.0,44.5,99.66,70.02,none,0
REAL-0700,3,2020-02-23,26,4.103,117.47,44.78,96.7,69.58,none,0
REAL-0700,4,2020-08-21,26,4.258,116.67,44.8,100.53,66.35,none,0
REAL-0701,1,2019-02-24,26,4.201,117.54,36.08,102.92,71.92,none,0
REAL-0701,2,2019-08-24,26,4.542,122.0,35.9,107.29,74.35,none,0
REAL-0701,3,2020-02-20,26,4.661,121.59,36.33,107.88,79.33,none,0
REAL-0701,4,2020-08-18,26,4.651,122.61,35.94,106.63,73.06,none,0
REAL-0702,1,2019-03-05,49,4.316,124.72,27.29,99.67,78.14,none,1
REAL-0702,2,2019-08-24,49,4.555,125.0,27.6,109.44,74.58,none,1
REAL-0702,3,2020-02-20,49,4.499,126.96,27.67,109.53,79.51,none,1
REAL-0702,4,2020-08-18,49,4.59,123.54,27.57,105.64,74.53,none,1
REAL-0703,1,2019-02-27,52,6.068,169.33,35.21,110.0,85.92,hypertension,1
REAL-0703,2,2019-08-27,52,5.846,168.0,35.0,114.58,80.87,hypertension,1
REAL-0703,3,2020-02-23,52,6.018,167.97,34.38,114.57,85.06,hypertension,1
REAL-0703,4,2020-08-21,52,5.876,167.45,35.24,112.32,83.38,hypertension,1
REAL-0704,1,2019-02-24,41,4.452,131.27,38.16,73.36,38.08,none,0
REAL-0704,2,2019-08-30,41,4.682,129.0,38.5,33.8,-2.85,none,0
REAL-0704,3,2020-02-26,41,4.646,133.79,38.27,80.0,40.0,none,0
REAL-0704,4,2020-08-24,41,4.755,128.45,38.62,80.0,40.0,none,0
REAL-0705,1,2019-03-02,27,3.942,113.24,29.07,110.72,77.93,none,0
REAL-0705,2,2019-08-23,27,3.852,110.0,28.4,109.88,80.46,none,0
REAL-0705,3,2020-02-19,27,3.944,110.27,28.97,110.21,82.06,none,0
REAL-0705,4,2020-08-17,27,3.98,113.26,28.24,107.35,78.79,none,0
REAL-0706,1,2019-03-04,28,3.5,80.1,39.64,108.89,84.23,none,0
REAL-0706,2,2019-08-27,28,3.5,80.0,39.8,107.5,80.47,none,0
REAL-0706,3,2020-02-23,28,3.5,78.25,39.98,105.71,78.81,none,0
REAL-0706,4,2020-08-21,28,3.718,81.12,39.5,106.18,77.86,none,0
REAL-0707,1,2019-03-03,30,4.306,119.22,15.0,74.86,37.46,none,1
REAL-0707,2,2019-08-25,30,4.026,115.0,0.0,28.76,-1.15,none,1
REAL-0707,3,2020-02-21,30,4.095,114.77,15.0,80.0,40.0,none,1
REAL-0707,4,2020-08-19,30,4.073,120.06,15.0,80.0,40.0,none,1
REAL-0708,1,2019-03-04,22,4.723,130.02,34.16,70.2,45.5,none,0
REAL-0708,2,2019-08-26,22,4.457,127.0,34.4,82.27,44.03,none,0
REAL-0708,3,2020-02-22,22,4.377,123.84,34.27,84.81,41.87,none,0
REAL-0708,4,2020-08-20,22,4.478,124.42,34.25,87.72,43.89,none,0
REAL-0709,1,2019-02-26,45,6.115,159.84,33.05,106.27,69.8,none,1
REAL-0709,2,2019-08-29,45,5.818,164.0,32.8,108.08,76.63,none,1
REAL-0709,3,2020-02-25,45,5.617,163.97,32.74,107.29,75.68,none,1
REAL-0709,4,2020-08-23,45,5.912,163.61,32.82,107.36,72.53,none,1
REAL-0710,1,2019-02-25,23,3.5,93.7,38.33,98.52,65.0,none,1
REAL-0710,2,2019-08-28,23,3.5,93.0,38.0,98.23,66.77,none,1
REAL-0710,3,2020-02-24,23,3.5,97.12,38.12,99.6,70.21,none,1
REAL-0710,4,2020-08-22,23,3.528,89.78,38.27,101.0,65.88,none,1
REAL-0711,1,2019-02-26,24,5.407,158.06,31.91,90.18,64.99,none,0
REAL-0711,2,2019-09-01,24,5.522,158.0,31.2,98.88,63.36,none,0
REAL-0711,3,2020-02-28,24,5.533,156.48,31.17,99.27,60.89,none,0
REAL-0711,4,2020-08-26,24,5.441,162.7,30.92,100.65,65.64,none,0
REAL-0712,1,2019-03-06,40,4.634,125.93,28.83,102.43,76.99,none,0
REAL-0712,2,2019-08-26,40,4.57,126.0,29.6,107.07,80.08,none,0
REAL-0712,3,2020-02-22,40,4.528,123.41,29.71,104.26,77.88,none,0
REAL-0712,4,2020-08-20,40,4.539,129.26,30.01,104.35,81.82,none,0
REAL-0713,1,2019-03-04,38,4.48,127.92,41.3,90.35,61.12,none,1
REAL-0713,2,2019-08-25,38,4.459,129.0,41.2,82.98,59.24,none,1
REAL-0713,3,2020-02-21,38,4.554,126.94,41.01,87.77,55.55,none,1
REAL-0713,4,2020-08-19,38,4.463,129.07,40.88,81.52,60.6,none,1
REAL-0714,1,2019-03-04,21,5.086,135.89,25.11,91.29,59.22,none,0
REAL-0714,2,2019-08-24,21,4.95,134.0,26.4,89.33,56.45,none,0
REAL-0714,3,2020-02-20,21,4.986,138.05,26.1,90.75,56.87,none,0
REAL-0714,4,2020-08-18,21,5.042,129.66,26.74,87.64,57.51,none,0
REAL-0715,1,2019-02-24,32,3.838,102.51,29.51,102.37,80.8,none,0
REAL-0715,2,2019-08-23,32,3.714,102.0,29.5,104.16,75.2,none,0
REAL-0715,3,2020-02-19,32,3.875,98.98,29.15,105.79,76.02,none,0
REAL-0715,4,2020-08-17,32,3.713,98.42,29.7,101.55,76.66,none,0
REAL-0716,1,2019-03-06,34,7.032,194.65,32.26,82.43,53.26,none,1
REAL-0716,2,2019-08-27,34,6.482,187.0,33.9,80.92,50.76,none,1
REAL-0716,3,2020-02-23,34,6.548,187.64,33.8,81.52,46.47,none,1
REAL-0716,4,2020-08-21,34,6.412,184.3,34.13,81.25,48.42,none,1
REAL-0717,1,2019-02-26,31,6.255,174.16,32.85,102.73,76.04,none,1
REAL-0717,2,2019-08-28,31,6.231,173.0,33.8,105.79,79.19,none,1
REAL-0717,3,2020-02-24,31,6.419,170.84,33.59,105.36,78.01,none,1
REAL-0717,4,2020-08-22,31,6.218,175.7,34.12,104.08,78.13,none,1
REAL-0718,1,2019-03-06,56,3.655,99.7,22.95,94.64,67.7,none,0
REAL-0718,2,2019-09-01,56,3.5,94.0,23.1,105.03,75.21,none,0
REAL-0718,3,2020-02-28,56,3.632,97.35,22.53,105.38,74.25,none,0
REAL-0718,4,2020-08-26,56,3.5,89.41,23.32,104.87,73.83,none,0
REAL-0719,1,2019-03-04,24,3.934,111.29,35.77,87.37,55.57,none,0
REAL-0719,2,2019-08-24,24,3.702,108.0,35.5,82.93,55.02,none,0
REAL-0719,3,2020-02-20,24,3.649,111.33,35.91,83.63,58.96,none,0
REAL-0719,4,2020-08-18,24,3.761,104.77,35.25,82.74,56.72,none,0
REAL-0720,1,2019-03-04,52,3.5,93.4,35.53,102.47,74.05,none,1
REAL-0720,2,2019-08-26,52,3.5,97.0,35.6,107.06,73.6,none,1
REAL-0720,3,2020-02-22,52,3.528,99.59,35.21,106.37,76.17,none,1
REAL-0720,4,2020-08-20,52,3.5,97.12,36.0,111.21,74.26,none,1
REAL-0721,1,2019-03-05,34,3.5,83.02,29.96,110.97,89.6,hypertension,0
REAL-0721,2,2019-08-28,34,3.5,83.0,29.3,122.64,91.48,hypertension,0
REAL-0721,3,2020-02-24,34,3.5,82.23,28.92,119.45,91.76,hypertension,0
REAL-0721,4,2020-08-22,34,3.504,83.46,29.27,121.68,95.72,hypertension,0
REAL-0722,1,2019-02-26,21,3.999,111.5,36.75,100.58,67.05,none,0
REAL-0722,2,2019-09-02,21,4.181,114.0,38.1,95.21,64.49,none,0
REAL-0722,3,2020-02-29,21,4.167,115.1,37.89,94.73,66.06,none,0
REAL-0722,4,2020-08-27,21,4.285,116.25,37.85,97.63,65.07,none,0
REAL-0723,1,2019-02-26,42,5.486,146.98,29.43,90.32,64.21,none,1
REAL-0723,2,2019-08-26,42,5.453,149.0,29.3,98.2,66.32,none,1
REAL-0723,3,2020-02-22,42,5.288,151.0,29.06,101.52,65.2,none,1
REAL-0723,4,2020-08-20,42,5.424,152.17,29.36,95.56,66.85,none,1
REAL-0724,1,2019-02-26,42,4.429,125.45,38.97,116.77,94.28,hypertension,0
REAL-0724,2,2019-09-01,42,4.135,117.0,39.1,110.89,83.95,hypertension,0
REAL-0724,3,2020-02-28,42,4.111,117.32,39.06,113.92,88.12,hypertension,0
REAL-0724,4,2020-08-26,42,4.168,117.7,38.85,108.61,80.78,hypertension,0
REAL-0725,1,2019-03-02,45,3.778,110.08,32.67,121.89,92.53,hypertension,0
REAL-0725,2,2019-08-24,45,3.991,111.0,32.8,129.81,94.46,hypertension,0
REAL-0725,3,2020-02-20,45,3.961,111.63,32.78,131.77,98.0,hypertension,0
REAL-0725,4,2020-08-18,45,4.095,113.09,32.8,131.13,94.7,hypertension,0
REAL-0726,1,2019-03-03,38,3.867,106.33,39.32,113.65,77.19,none,0
REAL-0726,2,2019-09-01,38,3.809,112.0,39.4,105.83,77.42,none,0
REAL-0726,3,2020-02-28,38,3.793,110.24,39.15,105.79,77.68,none,0
REAL-0726,4,2020-08-26,38,3.835,106.67,39.52,105.68,78.26,none,0
REAL-0727,1,2019-03-04,25,4.287,121.42,36.18,108.06,78.57,none,0
REAL-0727,2,2019-08-29,25,4.136,116.0,36.1,111.55,81.41,none,0
REAL-0727,3,2020-02-25,25,4.158,117.77,35.7,112.51,79.85,none,0
REAL-0727,4,2020-08-23,25,4.249,116.34,36.26,110.7,81.99,none,0
REAL-0728,1,2019-02-28,22,4.709,136.97,32.0,107.97,78.62,hypertension,0
REAL-0728,2,2019-08-26,22,5.06,141.0,32.4,112.64,80.9,hypertension,0
REAL-0728,3,2020-02-22,22,5.06,144.4,32.63,112.8,82.71,hypertension,0
REAL-0728,4,2020-08-20,22,5.11,144.37,31.76,113.83,83.16,hypertension,0
REAL-0729,1,2019-02-25,22,6.211,172.73,22.31,115.99,93.61,hypertension,0
REAL-0729,2,2019-08-24,22,6.283,175.0,22.9,117.38,91.03,hypertension,0
REAL-0729,3,2020-02-20,22,6.392,176.06,22.66,119.64,91.57,hypertension,0
REAL-0729,4,2020-08-18,22,6.242,176.32,22.25,119.05,90.47,hypertension,0
REAL-0730,1,2019-02-26,22,3.5,90.85,29.72,82.38,57.42,none,0
REAL-0730,2,2019-08-26,22,3.5,92.0,30.1,84.28,48.14,none,0
REAL-0730,3,2020-02-22,22,3.606,92.1,30.11,85.99,44.99,none,0
REAL-0730,4,2020-08-20,22,3.561,96.98,30.19,81.15,50.45,none,0
REAL-0731,1,2019-02-26,34,4.569,127.71,27.44,113.68,75.91,none,1
REAL-0731,2,2019-08-31,34,4.352,130.0,28.4,104.25,80.59,none,1
REAL-0731,3,2020-02-27,34,4.294,135.73,28.53,99.95,79.37,none,1
REAL-0731,4,2020-08-25,34,4.303,125.98,28.48,101.7,81.64,none,1
REAL-0732,1,2019-03-01,22,3.94,115.77,29.28,115.97,87.16,hypertension,1
REAL-0732,2,2019-08-24,22,4.248,120.0,28.4,120.51,87.77,hypertension,1
REAL-0732,3,2020-02-20,22,4.213,120.18,28.38,121.66,84.24,hypertension,1
REAL-0732,4,2020-08-18,22,4.173,119.19,27.9,121.7,85.87,hypertension,1
REAL-0733,1,2019-03-04,24,6.05,169.67,44.14,107.48,79.04,hypertension,1
REAL-0733,2,2019-08-24,24,6.027,174.0,44.5,112.22,87.57,hypertension,1
REAL-0733,3,2020-02-20,24,6.138,177.11,44.58,111.46,87.04,hypertension,1
REAL-0733,4,2020-08-18,24,6.103,176.0,44.74,112.36,88.83,hypertension,1
REAL-0734,1,2019-03-06,22,3.935,108.0,28.01,83.9,48.15,none,0
REAL-0734,2,2019-08-28,22,3.701,106.0,29.0,86.17,58.59,none,0
REAL-0734,3,2020-02-24,22,3.598,107.25,28.45,82.69,55.82,none,0
REAL-0734,4,2020-08-22,22,3.654,100.86,29.14,87.43,57.26,none,0
REAL-0735,1,2019-02-28,53,4.214,108.68,23.72,106.46,74.39,none,0
REAL-0735,2,2019-08-29,53,4.149,105.0,23.3,103.72,75.05,none,0
REAL-0735,3,2020-02-25,53,4.163,108.42,23.21,102.49,74.21,none,0
REAL-0735,4,2020-08-23,53,4.044,102.43,23.38,101.91,76.77,none,0
REAL-0736,1,2019-02-24,28,3.5,89.53,35.39,85.82,66.17,none,0
REAL-0736,2,2019-08-29,28,3.5,95.0,35.4,90.54,61.9,none,0
REAL-0736,3,2020-02-25,28,3.5,96.77,35.6,91.98,64.76,none,0
REAL-0736,4,2020-08-23,28,3.5,100.22,35.42,90.99,60.28,none,0
REAL-0737,1,2019-02-24,21,4.351,118.9,27.43,118.29,85.49,hypertension,0
REAL-0737,2,2019-08-24,21,4.725,126.0,27.4,117.02,87.03,hypertension,0
REAL-0737,3,2020-02-20,21,4.702,125.25,27.09,115.82,85.31,hypertension,0
REAL-0737,4,2020-08-18,21,4.808,119.27,27.59,119.39,89.91,hypertension,0
REAL-0738,1,2019-03-02,42,3.5,66.59,32.19,99.34,67.79,none,0
REAL-0738,2,2019-09-01,42,3.5,65.0,32.0,107.42,75.4,none,0
REAL-0738,3,2020-02-28,42,3.59,61.26,32.11,109.45,75.91,none,0
REAL-0738,4,2020-08-26,42,3.588,65.63,31.33,109.12,75.58,none,0
REAL-0739,1,2019-03-05,21,3.738,101.65,36.32,87.72,56.4,none,0
REAL-0739,2,2019-09-02,21,3.5,99.0,36.6,96.35,57.91,none,0
REAL-0739,3,2020-02-29,21,3.514,98.09,36.52,96.63,59.25,none,0
REAL-0739,4,2020-08-27,21,3.512,101.93,36.84,96.49,58.77,none,0
REAL-0740,1,2019-02-26,42,3.706,97.19,38.86,111.04,82.45,none,1
REAL-0740,2,2019-09-02,42,3.953,102.0,39.5,108.67,76.39,none,1
REAL-0740,3,2020-02-29,42,3.883,102.0,39.77,107.39,75.38,none,1
REAL-0740,4,2020-08-27,42,4.005,103.0,39.25,106.3,72.95,none,1
REAL-0741,1,2019-02-28,48,4.264,116.15,42.37,107.83,79.61,none,1
REAL-0741,2,2019-08-25,48,4.523,120.0,42.3,106.85,80.07,none,1
REAL-0741,3,2020-02-21,48,4.465,119.34,41.95,108.72,78.6,none,1
REAL-0741,4,2020-08-19,48,4.551,124.85,42.51,103.86,78.18,none,1
REAL-0742,1,2019-02-24,26,4.032,103.63,30.87,67.22,40.79,none,0
REAL-0742,2,2019-08-28,26,3.693,102.0,30.8,71.25,47.97,none,0
REAL-0742,3,2020-02-24,26,3.801,107.54,30.47,80.0,48.3,none,0
REAL-0742,4,2020-08-22,26,3.666,100.43,30.58,80.0,48.83,none,0
REAL-0743,1,2019-02-25,22,3.982,112.13,28.06,86.08,59.15,none,0
REAL-0743,2,2019-08-27,22,3.764,109.0,28.5,85.44,56.74,none,0
REAL-0743,3,2020-02-23,22,3.906,110.58,29.15,83.42,58.59,none,0
REAL-0743,4,2020-08-21,22,3.85,113.72,28.55,85.88,57.59,none,0
REAL-0744,1,2019-02-27,45,5.051,143.32,31.83,125.92,104.01,hypertension,1
REAL-0744,2,2019-08-24,45,4.932,140.0,32.7,123.96,94.31,hypertension,1
REAL-0744,3,2020-02-20,45,4.97,137.49,33.06,118.83,92.53,hypertension,1
REAL-0744,4,2020-08-18,45,4.959,139.8,32.53,121.26,90.41,hypertension,1
REAL-0745,1,2019-03-05,39,5.298,149.66,39.91,116.78,89.15,hypertension,0
REAL-0745,2,2019-09-02,39,5.573,153.0,40.6,121.93,91.77,hypertension,0
REAL-0745,3,2020-02-29,39,5.472,150.48,40.46,120.58,92.67,hypertension,0
REAL-0745,4,2020-08-27,39,5.58,154.51,40.96,122.21,88.94,hypertension,0
REAL-0746,1,2019-02-25,46,3.598,102.42,29.56,115.16,88.44,hypertension,0
REAL-0746,2,2019-09-01,46,3.634,100.0,30.0,117.0,83.98,hypertension,0
REAL-0746,3,2020-02-28,46,3.719,99.9,29.91,114.58,81.63,hypertension,0
REAL-0746,4,2020-08-26,46,3.579,97.22,29.88,117.49,84.97,hypertension,0
REAL-0747,1,2019-03-02,27,4.972,143.56,49.46,117.47,89.07,hypertension,1
REAL-0747,2,2019-08-28,27,5.35,147.0,49.3,119.13,93.82,hypertension,1
REAL-0747,3,2020-02-24,27,5.351,145.29,49.8,118.95,89.98,hypertension,1
REAL-0747,4,2020-08-22,27,5.419,148.44,49.34,121.98,93.98,hypertension,1
REAL-0748,1,2019-03-05,32,3.5,82.37,47.02,105.48,77.42,none,0
REAL-0748,2,2019-08-31,32,3.5,81.0,46.3,104.37,72.99,none,0
REAL-0748,3,2020-02-27,32,3.519,79.77,46.11,104.19,72.91,none,0
REAL-0748,4,2020-08-25,32,3.649,80.21,45.85,107.1,73.31,none,0
REAL-0749,1,2019-03-03,36,6.705,186.13,35.94,95.33,69.66,none,1
REAL-0749,2,2019-09-01,36,6.839,187.0,36.4,97.24,66.55,none,1
REAL-0749,3,2020-02-28,36,6.958,188.95,36.33,98.59,65.19,none,1
REAL-0749,4,2020-08-26,36,6.896,188.06,36.51,96.9,66.84,none,1
REAL-0750,1,2019-02-25,50,5.969,166.51,24.34,97.49,68.16,none,1
REAL-0750,2,2019-08-25,50,5.85,162.0,24.3,92.91,64.36,none,1
REAL-0750,3,2020-02-21,50,5.892,169.49,23.92,94.8,63.5,none,1
REAL-0750,4,2020-08-19,50,5.923,155.74,24.14,92.94,63.64,none,1
REAL-0751,1,2019-02-26,22,4.989,140.12,30.81,94.39,67.78,none,1
REAL-0751,2,2019-09-02,22,4.806,136.0,31.2,98.74,72.5,none,1
REAL-0751,3,2020-02-29,22,4.759,136.19,30.79,100.4,72.48,none,1
REAL-0751,4,2020-08-27,22,4.781,133.19,31.56,98.82,70.37,none,1
REAL-0752,1,2019-03-02,28,4.505,122.35,38.98,117.5,69.18,none,0
REAL-0752,2,2019-08-23,28,4.165,121.0,39.0,110.16,79.75,none,0
REAL-0752,3,2020-02-19,28,4.17,123.76,39.06,111.71,78.04,none,0
REAL-0752,4,2020-08-17,28,4.121,121.32,39.36,106.64,81.12,none,0
REAL-0753,1,2019-02-26,25,3.648,103.63,25.77,90.97,58.24,none,0
REAL-0753,2,2019-08-29,25,3.64,108.0,26.0,91.11,62.01,none,0
REAL-0753,3,2020-02-25,25,3.671,108.83,26.34,91.07,61.16,none,0
REAL-0753,4,2020-08-23,25,3.691,104.7,26.19,88.02,61.07,none,0
REAL-0754,1,2019-02-27,26,6.269,179.14,43.0,113.89,82.52,hypertension,1
REAL-0754,2,2019-08-28,26,6.605,181.0,43.3,120.07,84.8,hypertension,1
REAL-0754,3,2020-02-24,26,6.52,185.55,43.04,118.23,84.88,hypertension,1
REAL-0754,4,2020-08-22,26,6.627,179.38,43.87,119.34,82.81,hypertension,1
REAL-0755,1,2019-03-01,45,5.801,159.48,32.78,112.09,82.1,none,1
REAL-0755,2,2019-08-25,45,5.334,154.0,32.4,102.73,78.36,none,1
REAL-0755,3,2020-02-21,45,5.528,154.17,32.3,101.67,78.62,none,1
REAL-0755,4,2020-08-19,45,5.38,155.41,32.44,103.89,80.34,none,1
REAL-0756,1,2019-02-27,37,4.824,126.37,36.12,123.22,87.11,hypertension,1
REAL-0756,2,2019-09-02,37,4.817,128.0,36.5,123.45,89.95,hypertension,1
REAL-0756,3,2020-02-29,37,4.67,127.14,36.53,122.66,92.46,hypertension,1
REAL-0756,4,2020-08-27,37,4.89,131.1,36.43,123.59,89.38,hypertension,1
REAL-0757,1,2019-02-25,39,4.907,140.12,31.85,115.83,88.91,hypertension,0
REAL-0757,2,2019-08-25,39,4.941,137.0,32.0,117.54,88.39,hypertension,0
REAL-0757,3,2020-02-21,39,5.016,142.39,31.76,116.61,91.15,hypertension,0
REAL-0757,4,2020-08-19,39,4.936,134.38,31.96,115.99,91.15,hypertension,0
REAL-0758,1,2019-03-02,52,4.609,131.93,35.7,107.57,71.61,none,1
REAL-0758,2,2019-08-26,52,4.176,123.0,36.3,100.45,72.14,none,1
REAL-0758,3,2020-02-22,52,4.291,123.49,36.61,97.2,73.05,none,1
REAL-0758,4,2020-08-20,52,4.02,124.12,36.6,99.92,72.8,none,1
REAL-0759,1,2019-02-26,26,3.5,101.32,36.98,104.59,77.99,none,0
REAL-0759,2,2019-08-25,26,3.828,106.0,37.5,104.67,79.05,none,0
REAL-0759,3,2020-02-21,26,3.7,105.38,37.34,103.1,76.83,none,0
REAL-0759,4,2020-08-19,26,3.975,106.92,37.6,105.32,79.76,none,0
REAL-0760,1,2019-02-28,66,6.854,192.83,35.75,119.8,86.66,hypertension,1
REAL-0760,2,2019-08-25,66,7.063,190.0,35.5,126.57,93.84,hypertension,1
REAL-0760,3,2020-02-21,66,7.116,188.96,35.65,128.27,95.9,hypertension,1
REAL-0760,4,2020-08-19,66,7.129,189.7,35.43,128.07,93.16,hypertension,1
REAL-0761,1,2019-02-28,22,3.5,88.95,27.97,91.81,58.82,none,0
REAL-0761,2,2019-08-25,22,3.5,88.0,28.4,94.13,59.14,none,0
REAL-0761,3,2020-02-21,22,3.601,86.14,28.41,95.63,60.58,none,0
REAL-0761,4,2020-08-19,22,3.692,87.15,28.93,95.82,63.0,none,0
REAL-0762,1,2019-02-27,43,5.879,164.65,45.04,97.95,72.34,none,1
REAL-0762,2,2019-08-23,43,6.068,170.0,44.0,105.62,73.25,none,1
REAL-0762,3,2020-02-19,43,6.26,172.51,43.58,104.67,76.96,none,1
REAL-0762,4,2020-08-17,43,6.031,171.38,43.37,108.54,72.07,none,1
REAL-0763,1,2019-03-02,33,3.5,90.29,22.67,91.32,62.63,none,0
REAL-0763,2,2019-08-27,33,3.5,89.0,22.5,96.26,64.84,none,0
REAL-0763,3,2020-02-23,33,3.543,83.92,22.22,95.95,65.88,none,0
REAL-0763,4,2020-08-21,33,3.5,89.69,22.46,100.64,64.91,none,0
REAL-0764,1,2019-02-27,63,3.851,107.51,32.85,104.62,78.03,none,0
REAL-0764,2,2019-08-29,63,3.712,101.0,32.9,105.39,73.44,none,0
REAL-0764,3,2020-02-25,63,3.693,100.9,33.04,106.5,75.06,none,0
REAL-0764,4,2020-08-23,63,3.75,98.84,32.9,103.24,76.9,none,0
REAL-0765,1,2019-03-06,27,4.488,121.16,37.16,97.09,75.39,none,0
REAL-0765,2,2019-08-26,27,4.236,122.0,36.8,103.67,67.39,none,0
REAL-0765,3,2020-02-22,27,4.225,119.18,36.87,105.83,69.51,none,0
REAL-0765,4,2020-08-20,27,4.321,121.41,37.17,101.57,67.34,none,0
REAL-0766,1,2019-03-02,30,4.514,121.72,25.89,101.71,76.07,none,0
REAL-0766,2,2019-08-28,30,4.346,121.0,26.2,99.53,67.89,none,0
REAL-0766,3,2020-02-24,30,4.475,120.73,26.38,100.35,67.09,none,0
REAL-0766,4,2020-08-22,30,4.381,118.91,26.37,95.45,67.64,none,0
REAL-0767,1,2019-03-02,47,4.292,120.65,30.95,84.19,61.19,none,1
REAL-0767,2,2019-09-01,47,4.521,126.0,30.1,91.59,60.6,none,1
REAL-0767,3,2020-02-28,47,4.394,125.07,30.19,90.24,61.8,none,1
REAL-0767,4,2020-08-26,47,4.431,126.22,30.51,89.12,62.18,none,1
REAL-0768,1,2019-02-27,23,3.5,91.45,30.08,108.32,79.46,none,0
REAL-0768,2,2019-08-31,23,3.5,93.0,30.4,107.9,69.69,none,0
REAL-0768,3,2020-02-27,23,3.5,96.42,29.94,105.11,70.93,none,0
REAL-0768,4,2020-08-25,23,3.558,86.74,31.02,105.46,68.11,none,0
