task,patient_nbr,encounter_id,order,y,p_lightgbm,p_tkgn,p_tkgn_b,gate_history,gate_delta
escalation,1152,8380170,0,0,0.2326,0.1794,0.2335,0.5247,0.4735
escalation,1152,30180318,1,0,0.2253,0.2184,0.2281,0.5437,0.4511
escalation,1152,55533660,2,0,0.1068,0.1165,0.1063,0.5643,0.4753
escalation,1152,80742510,3,1,0.1488,0.133,0.1463,0.6,0.4829
escalation,5220,7981038,0,0,0.3297,0.3233,0.3301,0.5285,0.4889
escalation,5220,33503946,1,0,0.1343,0.1169,0.1334,0.535,0.4225
escalation,5220,55397514,2,0,0.1171,0.1123,0.1148,0.5566,0.4718
escalation,11394,35935938,0,0,0.1758,0.1802,0.1717,0.5194,0.4752
escalation,11394,54021606,1,0,0.1414,0.1047,0.1363,0.4857,0.4337
escalation,31320,27185418,0,1,0.5562,0.509,0.5633,0.533,0.4991
escalation,31320,28544976,1,0,0.1688,0.1215,0.1651,0.5525,0.4372
escalation,31320,40807878,2,0,0.5506,0.4574,0.5552,0.5918,0.4988
escalation,34353,12064386,0,1,0.6287,0.6486,0.6377,0.5292,0.5106
escalation,34353,61737618,1,1,0.3501,0.3899,0.3376,0.5253,0.4478
escalation,37863,36571524,0,0,0.1459,0.168,0.1417,0.5207,0.4809
escalation,37863,51370164,1,0,0.2417,0.116,0.2305,0.5103,0.4475
escalation,40158,3974694,0,0,0.2433,0.3054,0.2441,0.5232,0.4834
escalation,40158,15451854,1,0,0.1752,0.1912,0.1734,0.5228,0.4377
escalation,40158,37464624,2,0,0.161,0.1939,0.1602,0.5523,0.47
escalation,40158,53559240,3,1,0.2541,0.2661,0.2551,0.5976,0.4892
escalation,40158,62969022,4,0,0.3743,0.3137,0.3803,0.6118,0.4833
escalation,42120,57723126,0,0,0.283,0.3816,0.2821,0.5305,0.5019
escalation,42120,63659112,1,1,0.3248,0.1545,0.3147,0.5831,0.478
escalation,83106,97796250,0,1,0.5991,0.6002,0.6126,0.5256,0.5026
escalation,83106,108984966,1,0,0.2123,0.1098,0.2059,0.5531,0.4251
escalation,87138,9804906,0,0,0.1764,0.2437,0.1798,0.5223,0.4775
escalation,87138,17213442,1,1,0.5818,0.5931,0.5821,0.5074,0.4741
escalation,87138,17719098,2,0,0.3421,0.319,0.3323,0.5372,0.479
escalation,103194,8872974,0,0,0.4975,0.4985,0.5082,0.5247,0.4994
escalation,103194,11690058,1,0,0.3971,0.3075,0.3929,0.5668,0.4809
escalation,122220,24252936,0,0,0.3844,0.3861,0.3907,0.524,0.4977
escalation,122220,24819000,1,0,0.2451,0.1731,0.236,0.579,0.4667
escalation,125613,30716844,0,0,0.368,0.3403,0.3575,0.5152,0.49
escalation,125613,36924942,1,0,0.2644,0.2984,0.2469,0.5127,0.4799
escalation,180720,84027264,0,0,0.1377,0.1847,0.1343,0.5227,0.4776
escalation,180720,86930742,1,0,0.1081,0.0927,0.1082,0.5152,0.4427
escalation,180720,89846544,2,1,0.5385,0.6514,0.5372,0.5761,0.5161
escalation,211482,53835042,0,0,0.2805,0.3446,0.2815,0.5261,0.4989
escalation,211482,70813866,1,0,0.1945,0.1582,0.1831,0.5874,0.4809
escalation,228528,22488810,0,0,0.3026,0.2706,0.2981,0.5245,0.4811
escalation,228528,35298588,1,0,0.2109,0.1326,0.2072,0.5298,0.4408
escalation,228528,41537478,2,0,0.2106,0.1463,0.2072,0.575,0.4831
escalation,277785,25437570,0,0,0.1401,0.1595,0.1402,0.5251,0.4773
escalation,277785,69560736,1,0,0.5791,0.4135,0.5838,0.5416,0.4709
escalation,288873,14057166,0,1,0.2267,0.2095,0.2248,0.521,0.4805
escalation,288873,72638742,1,1,0.2815,0.3519,0.2831,0.523,0.4547
escalation,300825,4476318,0,0,0.4059,0.3897,0.4045,0.5306,0.4937
escalation,300825,26924070,1,0,0.2607,0.3947,0.2542,0.5274,0.4803
escalation,301896,25257444,0,0,0.1857,0.1867,0.1858,0.5332,0.4799
escalation,301896,41767590,1,0,0.1496,0.139,0.1467,0.5308,0.4448
escalation,302373,21947160,0,0,0.419,0.3159,0.4306,0.5262,0.4852
escalation,302373,30167034,1,1,0.5513,0.6676,0.5607,0.5141,0.4772
escalation,302643,21546630,0,0,0.2972,0.2199,0.3035,0.536,0.4959
escalation,302643,26228190,1,0,0.1861,0.1148,0.1851,0.5812,0.4713
escalation,311157,52913664,0,0,0.2591,0.2415,0.258,0.5211,0.4775
escalation,311157,67376712,1,0,0.2153,0.2249,0.2179,0.5367,0.4505
escalation,312498,23166690,0,0,0.1456,0.1486,0.1473,0.5186,0.4744
escalation,312498,24462372,1,1,0.5041,0.4389,0.5049,0.5143,0.4784
escalation,312498,33515820,2,0,0.3813,0.3788,0.3772,0.5462,0.4896
escalation,312498,40817964,3,1,0.7265,0.6888,0.7308,0.5855,0.5325
escalation,312498,46079226,4,1,0.1886,0.2465,0.1876,0.6051,0.4718
escalation,312498,63421044,5,0,0.3958,0.2139,0.4008,0.6231,0.4892
escalation,315423,12277398,0,1,0.4125,0.374,0.4149,0.5292,0.4932
escalation,315423,17531964,1,1,0.1787,0.1892,0.1729,0.5226,0.4453
escalation,318501,7302828,0,0,0.2068,0.183,0.2059,0.5192,0.474
escalation,318501,60753216,1,1,0.202,0.2197,0.2017,0.5195,0.448
escalation,318501,63065202,2,0,0.3938,0.1915,0.4001,0.5626,0.474
escalation,326520,8824062,0,0,0.4302,0.4034,0.436,0.5308,0.493
escalation,326520,11926770,1,0,0.2929,0.2019,0.2969,0.5744,0.4686
escalation,326520,26438676,2,0,0.3271,0.1302,0.3293,0.6123,0.506
escalation,326520,76275552,3,0,0.3531,0.1453,0.3483,0.6268,0.5069
escalation,326520,80543094,4,0,0.1793,0.1232,0.1739,0.6444,0.4982
escalation,328698,42033534,0,1,0.2374,0.2947,0.2419,0.5273,0.4825
escalation,328698,42571686,1,0,0.1045,0.1388,0.1039,0.5156,0.4416
escalation,347508,16956072,0,0,0.1082,0.1559,0.1065,0.5224,0.4732
escalation,347508,24152994,1,0,0.3526,0.1544,0.3447,0.5187,0.4394
escalation,347508,25589010,2,0,0.1927,0.1929,0.1909,0.5587,0.4818
escalation,359640,46840800,0,0,0.2449,0.2766,0.2459,0.5271,0.4846
escalation,359640,47457090,1,0,0.1722,0.2499,0.1644,0.5211,0.4696
escalation,362466,16278096,0,0,0.1844,0.2135,0.1871,0.5242,0.4798
escalation,362466,41757852,1,0,0.4256,0.2138,0.4159,0.5089,0.4409
escalation,362466,55933536,2,1,0.7339,0.7445,0.7398,0.54,0.5146
escalation,362466,66660876,3,0,0.1829,0.1365,0.1833,0.6065,0.4728
escalation,362466,68043960,4,1,0.6779,0.6445,0.676,0.589,0.5026
escalation,362466,68794068,5,0,0.1347,0.1205,0.1257,0.5978,0.4783
escalation,381060,23035668,0,1,0.4076,0.4255,0.4091,0.5271,0.4979
escalation,381060,71665224,1,0,0.2256,0.1639,0.2233,0.563,0.4589
escalation,381060,73628778,2,0,0.4778,0.3996,0.461,0.5705,0.513
escalation,381060,76562454,3,0,0.2184,0.2601,0.2139,0.6121,0.5153
escalation,384939,2524314,0,0,0.3228,0.3757,0.3317,0.5279,0.4916
escalation,384939,8355312,1,0,0.2632,0.3086,0.2658,0.5372,0.4634
escalation,384939,24309066,2,1,0.6364,0.6078,0.6443,0.5652,0.5223
escalation,384939,26592654,3,0,0.1867,0.1128,0.1819,0.609,0.4711
escalation,384939,31753782,4,1,0.5059,0.2496,0.5098,0.6292,0.4988
escalation,384939,43175052,5,1,0.3052,0.1837,0.3063,0.6274,0.4949
escalation,384939,48753036,6,0,0.3018,0.1419,0.2959,0.5954,0.4726
escalation,384939,49565298,7,0,0.5848,0.6178,0.5829,0.6004,0.5115
escalation,384939,52976586,8,1,0.3756,0.3171,0.3776,0.6147,0.5059
escalation,384939,55157508,9,0,0.1676,0.1169,0.1611,0.6277,0.4725
escalation,384939,56442516,10,0,0.6303,0.5168,0.6313,0.601,0.5187
escalation,384939,60027540,11,0,0.3636,0.2313,0.3681,0.6234,0.5177
escalation,384939,62068794,12,0,0.3397,0.238,0.3325,0.6213,0.5212
escalation,384939,74238960,13,0,0.407,0.1817,0.4077,0.6258,0.5065
escalation,384939,78651810,14,0,0.4365,0.2224,0.4416,0.6119,0.5183
escalation,391023,23049246,0,0,0.3372,0.3344,0.3416,0.5294,0.4912
escalation,391023,24861288,1,1,0.2352,0.3249,0.2284,0.5294,0.4734
escalation,391023,36834066,2,0,0.2441,0.3244,0.236,0.5544,0.4961
escalation,391023,38236704,3,1,0.5448,0.6542,0.5369,0.5919,0.525
escalation,391644,28474356,0,0,0.3845,0.2709,0.3981,0.5457,0.492
escalation,391644,46341126,1,0,0.2836,0.201,0.2828,0.5287,0.4469
escalation,391644,49811970,2,0,0.2396,0.161,0.2355,0.5528,0.4722
escalation,391644,63276966,3,0,0.2132,0.1454,0.21,0.5998,0.484
escalation,391644,64831314,4,0,0.2513,0.2629,0.2467,0.6125,0.4929
escalation,398700,41754360,0,0,0.234,0.291,0.2463,0.5348,0.4815
escalation,398700,58961508,1,0,0.0919,0.2437,0.0954,0.5014,0.4347
escalation,433800,32005092,0,1,0.4803,0.5129,0.4842,0.5324,0.4975
escalation,433800,32250738,1,0,0.1715,0.1383,0.1632,0.5288,0.4466
escalation,433800,32848128,2,1,0.6197,0.4686,0.6104,0.5495,0.5005
escalation,438615,14162172,0,1,0.2653,0.3135,0.2681,0.5324,0.4866
escalation,438615,27567036,1,1,0.2002,0.143,0.2032,0.5529,0.4493
escalation,438615,43382496,2,0,0.3657,0.3817,0.3672,0.5735,0.4868
escalation,443916,6892062,0,1,0.3509,0.4213,0.356,0.5276,0.4967
escalation,443916,27840576,1,0,0.2363,0.1552,0.233,0.5647,0.4543
escalation,459747,36872328,0,0,0.4915,0.4579,0.4976,0.5355,0.4983
escalation,459747,77948046,1,1,0.2983,0.174,0.2924,0.5745,0.46
escalation,461799,55047984,0,0,0.1991,0.2093,0.2019,0.5259,0.4827
escalation,461799,57240162,1,0,0.516,0.4915,0.5216,0.552,0.4785
escalation,491760,3460704,0,0,0.4509,0.4624,0.4587,0.534,0.4938
escalation,491760,16236822,1,1,0.3211,0.3213,0.3233,0.5651,0.4823
escalation,491760,19544136,2,0,0.1694,0.1206,0.1635,0.5874,0.4725
escalation,491760,35467710,3,0,0.5208,0.576,0.5223,0.6118,0.5256
escalation,491760,37668846,4,1,0.3484,0.3023,0.3465,0.6406,0.5162
escalation,497106,59650506,0,0,0.3752,0.3784,0.3838,0.5303,0.4882
escalation,497106,59992098,1,0,0.2181,0.2251,0.2165,0.511,0.4406
escalation,497106,76021128,2,0,0.6948,0.7122,0.6961,0.5585,0.5051
escalation,527112,34091988,0,0,0.3034,0.2783,0.3056,0.5281,0.4946
escalation,527112,51240258,1,1,0.1578,0.1351,0.1551,0.5612,0.4644
escalation,536094,55230960,0,0,0.2155,0.2592,0.221,0.5264,0.482
escalation,536094,59118144,1,0,0.0863,0.1104,0.0864,0.5379,0.444
escalation,536094,73362864,2,0,0.1234,0.1014,0.1236,0.5768,0.4714
escalation,536094,75731292,3,0,0.1512,0.12,0.1494,0.5883,0.4832
escalation,619704,24846168,0,0,0.5187,0.4571,0.5273,0.5284,0.4943
escalation,619704,39194106,1,1,0.4681,0.526,0.4683,0.5454,0.4902
escalation,619704,62393544,2,0,0.1454,0.1261,0.1408,0.5836,0.4633
escalation,622278,63843804,0,0,0.2682,0.1785,0.2709,0.5232,0.4739
escalation,622278,65954802,1,0,0.1653,0.1093,0.1663,0.5295,0.4407
escalation,622278,77933754,2,0,0.1375,0.1385,0.1382,0.5623,0.4705
escalation,622278,78758880,3,0,0.1595,0.109,0.1608,0.5848,0.4751
escalation,640377,68903340,0,1,0.5192,0.3862,0.5248,0.5287,0.4969
escalation,640377,70984230,1,0,0.1244,0.1283,0.1198,0.5647,0.4469
escalation,650898,37329516,0,0,0.5295,0.4878,0.5377,0.5269,0.4984
escalation,650898,70693176,1,0,0.394,0.2852,0.3867,0.5623,0.4674
escalation,655128,53040618,0,0,0.1924,0.1576,0.1919,0.5198,0.4775
escalation,655128,57967722,1,0,0.4301,0.5882,0.4389,0.5402,0.4925
escalation,655128,60014280,2,0,0.4367,0.2056,0.4273,0.5891,0.5056
escalation,678672,72137058,0,0,0.3719,0.3927,0.3765,0.5278,0.4954
escalation,678672,73788360,1,0,0.2159,0.2221,0.2058,0.5772,0.4733
escalation,686520,9245376,0,0,0.2671,0.3103,0.2806,0.5276,0.4832
escalation,686520,26575308,1,1,0.1248,0.1592,0.1271,0.5116,0.4297
escalation,686520,35272812,2,0,0.2794,0.3657,0.2878,0.5582,0.4797
escalation,686520,48278202,3,1,0.2006,0.2749,0.2031,0.5697,0.4795
escalation,686520,66291378,4,0,0.3185,0.3717,0.329,0.602,0.4809
escalation,696663,14828484,0,0,0.5731,0.5106,0.5831,0.5257,0.501
escalation,696663,19302618,1,0,0.4084,0.2406,0.4041,0.5829,0.4758
escalation,696663,46850460,2,0,0.3891,0.2709,0.387,0.6049,0.5224
escalation,696663,61972830,3,0,0.2935,0.1694,0.2892,0.6385,0.5142
escalation,712899,51092640,0,1,0.4565,0.4683,0.466,0.5174,0.4947
escalation,712899,54684960,1,0,0.1271,0.2101,0.1231,0.5163,0.4352
escalation,720936,1968528,0,0,0.2554,0.2302,0.2531,0.5296,0.4795
escalation,720936,3325074,1,0,0.1518,0.1237,0.1495,0.5362,0.4475
escalation,720936,44506062,2,1,0.1152,0.1065,0.1146,0.5683,0.4706
escalation,729018,90823062,0,0,0.2392,0.1617,0.2426,0.5175,0.4765
escalation,729018,94866696,1,0,0.5517,0.6441,0.5617,0.5005,0.4761
escalation,730935,10310262,0,1,0.1871,0.1947,0.191,0.5321,0.4775
escalation,730935,12132756,1,0,0.3758,0.168,0.3677,0.5257,0.447
escalation,730935,17731632,2,0,0.2191,0.1567,0.2166,0.5467,0.483
escalation,730935,23641788,3,1,0.3631,0.2849,0.3534,0.5856,0.4935
escalation,730935,28473204,4,0,0.3065,0.217,0.31,0.6201,0.4841
escalation,730935,31995576,5,0,0.161,0.2458,0.1664,0.5913,0.4873
escalation,730935,39194028,6,1,0.6443,0.5969,0.6509,0.5896,0.4996
escalation,742824,14592000,0,0,0.2031,0.1789,0.2069,0.5209,0.483
escalation,742824,29199384,1,1,0.6556,0.6157,0.6549,0.5363,0.4881
escalation,742824,66117642,2,0,0.164,0.1362,0.1599,0.5731,0.4765
escalation,775512,71726868,0,0,0.2119,0.1891,0.2094,0.5181,0.4756
escalation,775512,79574748,1,0,0.2885,0.3133,0.2777,0.5236,0.4635
escalation,786978,9071280,0,0,0.2085,0.2565,0.2067,0.5218,0.4799
escalation,786978,12386436,1,0,0.1754,0.1528,0.1718,0.5249,0.4364
escalation,786978,16458438,2,0,0.1563,0.1294,0.1493,0.5493,0.4618
escalation,786978,57590250,3,0,0.2578,0.2656,0.2574,0.5899,0.5049
escalation,786978,59924358,4,1,0.5501,0.4022,0.5501,0.6141,0.4954
escalation,786978,61532388,5,0,0.2165,0.1619,0.2044,0.6207,0.4852
escalation,799911,30264864,0,0,0.3116,0.2992,0.3204,0.5286,0.4836
escalation,799911,31556100,1,0,0.2168,0.314,0.2205,0.5152,0.4489
escalation,814563,43257504,0,1,0.5861,0.477,0.5912,0.5328,0.5003
escalation,814563,63417798,1,0,0.178,0.1068,0.1709,0.5779,0.4383
escalation,814563,74614830,2,1,0.1703,0.0907,0.1669,0.5948,0.4797
escalation,890082,26887290,0,0,0.402,0.4496,0.4116,0.5161,0.4938
escalation,890082,28695060,1,0,0.379,0.4888,0.3776,0.5108,0.4627
escalation,890082,29213964,2,0,0.2796,0.4955,0.2788,0.5421,0.4844
escalation,890082,38056014,3,1,0.5803,0.6664,0.58,0.5959,0.5114
escalation,890082,52559574,4,0,0.2456,0.3479,0.2451,0.5874,0.4772
escalation,890082,75550788,5,0,0.5635,0.5538,0.5586,0.6052,0.5092
escalation,929223,3048516,0,0,0.2921,0.2519,0.2855,0.5221,0.4811
escalation,929223,19363692,1,0,0.1631,0.1068,0.1575,0.524,0.4289
escalation,938664,28997706,0,0,0.3861,0.4013,0.3867,0.5329,0.5008
escalation,938664,71165454,1,0,0.2497,0.1786,0.2398,0.5806,0.4854
escalation,947934,37675872,0,1,0.4166,0.38,0.423,0.5256,0.4987
escalation,947934,67326456,1,0,0.1396,0.118,0.1358,0.534,0.445
escalation,947934,76121016,2,0,0.1191,0.1045,0.1155,0.5638,0.4736
escalation,961866,39582588,0,0,0.2793,0.314,0.2673,0.5224,0.4891
escalation,961866,41411478,1,1,0.53,0.4708,0.5293,0.5327,0.4834
escalation,961866,88203582,2,1,0.2432,0.1785,0.2381,0.5745,0.4867
escalation,1121121,2706618,0,0,0.2366,0.2418,0.2333,0.5293,0.4815
escalation,1121121,16736856,1,1,0.3058,0.1259,0.3042,0.5392,0.4521
escalation,1158318,21438300,0,0,0.2886,0.2924,0.2849,0.52,0.4881
escalation,1158318,34491384,1,0,0.2135,0.1715,0.2079,0.5238,0.4536
escalation,1158318,38862336,2,0,0.1803,0.2022,0.1726,0.5561,0.4733
escalation,1158318,40672086,3,0,0.5453,0.6136,0.5431,0.5959,0.5228
escalation,1158318,59659980,4,0,0.3974,0.271,0.3933,0.6285,0.4929
escalation,1158318,64251474,5,0,0.2453,0.186,0.2387,0.6147,0.4954
escalation,1158318,65074026,6,1,0.2022,0.1631,0.1922,0.6162,0.5058
escalation,1158318,70691136,7,0,0.1191,0.0747,0.114,0.6309,0.4617
escalation,1190016,15344052,0,0,0.2859,0.3891,0.283,0.5206,0.4926
escalation,1190016,17746332,1,0,0.2658,0.3807,0.259,0.5183,0.4668
escalation,1190016,19909692,2,1,0.239,0.441,0.2284,0.5469,0.504
escalation,1190160,3185160,0,1,0.4027,0.3868,0.4094,0.5254,0.4902
escalation,1190160,53238060,1,0,0.1653,0.1342,0.1516,0.5564,0.4424
escalation,1190160,68201256,2,0,0.224,0.1149,0.2169,0.5627,0.4666
escalation,1222803,33978768,0,1,0.3668,0.3823,0.3676,0.5184,0.4914
escalation,1222803,51599514,1,0,0.1528,0.1456,0.1457,0.5202,0.4363
escalation,1243881,70148112,0,0,0.3142,0.2506,0.3151,0.5232,0.4939
escalation,1243881,77449944,1,0,0.4685,0.2609,0.4508,0.5465,0.4875
escalation,1248705,67286898,0,0,0.1329,0.1513,0.1325,0.5228,0.4752
escalation,1248705,69439566,1,0,0.5618,0.7144,0.5631,0.5273,0.4951
escalation,1250325,10915626,0,0,0.2186,0.1461,0.2204,0.5287,0.4801
escalation,1250325,14589102,1,0,0.1409,0.1202,0.1408,0.549,0.4452
escalation,1250325,26998782,2,1,0.6403,0.6619,0.65,0.5701,0.5173
escalation,1250325,34836996,3,0,0.1209,0.0964,0.1178,0.6064,0.4659
escalation,1288395,8583738,0,1,0.34,0.3182,0.3452,0.5238,0.4916
escalation,1288395,9025296,1,0,0.1503,0.1464,0.1473,0.5547,0.4587
escalation,1288395,31368516,2,1,0.7012,0.7068,0.6963,0.5466,0.5124
escalation,1288395,47965110,3,1,0.3792,0.192,0.3791,0.5952,0.4975
escalation,1364949,13235232,0,0,0.3897,0.3293,0.3948,0.5341,0.4914
escalation,1364949,16731780,1,0,0.5808,0.4865,0.5818,0.5387,0.4889
escalation,1380798,12093558,0,0,0.1355,0.1836,0.1377,0.5172,0.474
escalation,1380798,35716410,1,1,0.2895,0.519,0.3072,0.516,0.4747
escalation,1386945,17112066,0,0,0.2263,0.2132,0.2288,0.5287,0.481
escalation,1386945,35832774,1,0,0.1516,0.1636,0.15,0.5325,0.4404
escalation,1394766,10823370,0,0,0.1766,0.1613,0.1789,0.5198,0.4747
escalation,1394766,51303486,1,0,0.1529,0.1702,0.1499,0.5285,0.4441
escalation,1411740,80084610,0,0,0.2295,0.2789,0.2335,0.5315,0.4862
escalation,1411740,80276298,1,0,0.1719,0.1084,0.1695,0.5489,0.4407
escalation,1411740,81122328,2,0,0.2134,0.1196,0.2107,0.5748,0.482
escalation,1476036,25045206,0,0,0.3807,0.3172,0.3789,0.5262,0.4993
escalation,1476036,26615622,1,1,0.1799,0.1256,0.1729,0.5842,0.477
escalation,1476036,59816052,2,1,0.1205,0.1018,0.1124,0.6093,0.4839
escalation,1476036,62454678,3,1,0.1745,0.0826,0.172,0.6271,0.4811
escalation,1546713,24601086,0,1,0.4363,0.4459,0.4485,0.5355,0.5035
escalation,1546713,52450350,1,1,0.3271,0.1579,0.3218,0.5747,0.4667
escalation,1546713,54103062,2,0,0.1231,0.0839,0.1168,0.5923,0.4733
escalation,1620270,33264882,0,0,0.2641,0.276,0.2739,0.5262,0.481
escalation,1620270,39581394,1,1,0.5263,0.5623,0.5302,0.5021,0.4664
escalation,1620270,49282374,2,0,0.1211,0.0992,0.1152,0.5599,0.4528
escalation,1620270,51893706,3,0,0.1762,0.0875,0.1729,0.6058,0.4851
escalation,1657485,39010284,0,0,0.1778,0.1362,0.1713,0.5263,0.4772
escalation,1657485,59825346,1,1,0.1804,0.0942,0.1704,0.5355,0.4508
escalation,1657485,60898224,2,0,0.2282,0.1371,0.2162,0.5727,0.4809
escalation,1657485,61859304,3,0,0.2029,0.1477,0.1932,0.5909,0.5029
escalation,1657485,64587294,4,0,0.5753,0.4136,0.5606,0.6193,0.5016
escalation,1657485,71659344,5,0,0.5202,0.2166,0.513,0.6204,0.511
escalation,1660932,3628932,0,0,0.2388,0.262,0.2413,0.5242,0.4826
escalation,1660932,7972380,1,0,0.1358,0.1139,0.1345,0.5322,0.4351
escalation,1660932,20297574,2,1,0.5943,0.5531,0.6047,0.5699,0.5001
escalation,1660932,31726944,3,1,0.1482,0.1056,0.1433,0.6052,0.4717
escalation,1660932,33433452,4,0,0.2717,0.1834,0.2729,0.6383,0.4977
escalation,1660932,42109266,5,1,0.6385,0.6088,0.6502,0.6076,0.5076
escalation,1674990,93634554,0,0,0.2847,0.2069,0.2833,0.5248,0.4813
escalation,1674990,101085204,1,1,0.6265,0.5631,0.63,0.5086,0.4741
escalation,1697436,5293998,0,0,0.4747,0.384,0.474,0.5297,0.498
escalation,1697436,7372068,1,1,0.2949,0.274,0.2844,0.583,0.4894
escalation,1716507,27755424,0,0,0.4231,0.5177,0.4252,0.5189,0.4962
escalation,1716507,29871840,1,1,0.4458,0.4409,0.4246,0.499,0.4663
escalation,1783089,58278810,0,1,0.3233,0.3323,0.3304,0.5273,0.4869
escalation,1783089,59490582,1,0,0.1562,0.1607,0.1548,0.4981,0.4376
escalation,1815903,37084530,0,1,0.3972,0.464,0.4025,0.5223,0.4922
escalation,1815903,39995220,1,1,0.1946,0.1473,0.1908,0.4904,0.4415
escalation,1820979,84547152,0,0,0.2549,0.3142,0.254,0.5241,0.4862
escalation,1820979,107660700,1,0,0.1741,0.1744,0.1703,0.534,0.4433
escalation,1824993,43153446,0,0,0.1264,0.1006,0.1225,0.5158,0.4725
escalation,1824993,67726008,1,1,0.6108,0.4403,0.6126,0.5197,0.4794
escalation,1824993,74826546,2,1,0.1398,0.0769,0.1342,0.5708,0.4695
escalation,1824993,76971726,3,1,0.1608,0.0743,0.1495,0.5986,0.489
escalation,1839285,58946160,0,0,0.209,0.1915,0.2049,0.5196,0.4765
escalation,1839285,64828158,1,0,0.5387,0.3983,0.5143,0.5177,0.4664
escalation,2073843,54660102,0,0,0.3056,0.3032,0.3064,0.5328,0.5006
escalation,2073843,58996110,1,0,0.1335,0.1092,0.1253,0.5849,0.4722
escalation,2073843,60563850,2,0,0.1178,0.1063,0.111,0.612,0.5103
escalation,2078055,19206744,0,1,0.4488,0.4276,0.4537,0.5206,0.4938
escalation,2078055,41539908,1,0,0.1947,0.3022,0.192,0.5244,0.453
escalation,2091330,12843810,0,0,0.1888,0.2034,0.1874,0.5148,0.4761
escalation,2091330,28750548,1,0,0.2514,0.1189,0.245,0.5061,0.4411
escalation,2091330,70008690,2,0,0.4744,0.453,0.4523,0.545,0.4862
escalation,2164581,225353742,0,1,0.502,0.5061,0.5096,0.542,0.5129
escalation,2164581,281631540,1,0,0.1807,0.0982,0.1731,0.5694,0.4366
escalation,2299842,41344488,0,1,0.407,0.367,0.3995,0.523,0.4908
escalation,2299842,53460012,1,0,0.2673,0.2169,0.2623,0.5095,0.4553
escalation,2299842,70506822,2,1,0.2513,0.2034,0.2455,0.5555,0.4741
escalation,2341521,2852430,0,1,0.3251,0.3009,0.3064,0.5344,0.4868
escalation,2341521,8356560,1,0,0.1636,0.1187,0.1621,0.5199,0.4531
escalation,2341521,8859696,2,0,0.1299,0.1153,0.1287,0.5516,0.4879
escalation,2341521,9803076,3,1,0.1419,0.1486,0.138,0.571,0.4882
escalation,2341521,12175656,4,0,0.1539,0.1584,0.1566,0.5957,0.4758
escalation,2490849,7947702,0,0,0.1844,0.2076,0.184,0.5263,0.4822
escalation,2490849,8356344,1,0,0.2054,0.1107,0.2013,0.5364,0.4457
escalation,2490849,17724270,2,1,0.1204,0.1209,0.1221,0.575,0.4828
escalation,2490849,24121476,3,0,0.131,0.0964,0.1281,0.6081,0.4798
escalation,2513160,96187446,0,0,0.218,0.1013,0.2208,0.525,0.4756
escalation,2513160,96858462,1,0,0.3727,0.2055,0.3639,0.5096,0.4587
escalation,2513160,97340472,2,0,0.3282,0.1857,0.322,0.5401,0.4821
escalation,2523375,32375976,0,0,0.4172,0.2956,0.4133,0.5283,0.5017
escalation,2523375,33968922,1,0,0.2319,0.1116,0.2244,0.5877,0.4718
escalation,2523375,36308016,2,0,0.371,0.1418,0.3634,0.6273,0.5291
escalation,2523375,43768644,3,0,0.1276,0.1276,0.1251,0.6455,0.507
escalation,2523375,46558152,4,0,0.1741,0.0886,0.1628,0.6508,0.4946
escalation,2523375,50915502,5,0,0.1147,0.0863,0.1108,0.6458,0.5003
escalation,2523375,60563064,6,0,0.1274,0.083,0.1242,0.6343,0.5028
escalation,2547585,29919342,0,0,0.3947,0.3257,0.3976,0.5314,0.4906
escalation,2547585,62934162,1,0,0.1452,0.239,0.1285,0.5256,0.4611
escalation,2556153,48737472,0,0,0.4703,0.5377,0.4736,0.5331,0.51
escalation,2556153,68238570,1,0,0.3125,0.127,0.2989,0.5872,0.4705
escalation,2670120,57945906,0,1,0.3293,0.2508,0.3284,0.5228,0.4814
escalation,2670120,62043546,1,1,0.4584,0.3846,0.4527,0.5398,0.4632
escalation,2670120,62769390,2,0,0.2001,0.1476,0.1876,0.552,0.4772
escalation,2670120,70770384,3,0,0.2046,0.1863,0.1984,0.576,0.4862
escalation,2670120,78540894,4,1,0.5456,0.3596,0.5323,0.5847,0.4836
escalation,2670120,79571748,5,0,0.2305,0.348,0.2202,0.5967,0.4975
escalation,2724075,6897456,0,1,0.3728,0.3896,0.3581,0.5193,0.4949
escalation,2724075,37186518,1,0,0.1423,0.1776,0.1388,0.5266,0.4338
escalation,2762226,12320694,0,1,0.5116,0.4767,0.5167,0.5209,0.497
escalation,2762226,35944200,1,1,0.2223,0.1679,0.2188,0.5113,0.4475
escalation,2762226,69337116,2,0,0.1473,0.3317,0.145,0.5318,0.4722
escalation,2781846,49158186,0,1,0.507,0.5951,0.5166,0.5287,0.5025
escalation,2781846,71039004,1,1,0.1663,0.1035,0.1652,0.5434,0.4298
escalation,2867832,38951706,0,0,0.2926,0.2841,0.2922,0.5274,0.4926
escalation,2867832,52419054,1,0,0.1447,0.1189,0.1384,0.5827,0.4707
escalation,2867832,76175082,2,0,0.2215,0.1077,0.2134,0.6108,0.5121
escalation,2867832,78254238,3,0,0.2029,0.1053,0.1861,0.6361,0.525
escalation,2915991,89013528,0,0,0.2216,0.2115,0.2208,0.5225,0.4812
escalation,2915991,93478038,1,0,0.1661,0.1591,0.1618,0.5206,0.4486
escalation,3009978,23710980,0,0,0.4223,0.4622,0.4269,0.531,0.4967
escalation,3009978,28085136,1,0,0.2212,0.2339,0.2138,0.5687,0.4705
escalation,3009978,46136802,2,0,0.1658,0.1203,0.1588,0.6094,0.5084
escalation,3030309,7298202,0,0,0.223,0.2317,0.2293,0.5271,0.4819
escalation,3030309,13659576,1,1,0.7503,0.7564,0.7517,0.5093,0.4892
escalation,3030309,50139828,2,1,0.3493,0.2769,0.3495,0.5586,0.4764
escalation,3053970,2735352,0,1,0.1875,0.2081,0.1912,0.5145,0.4742
escalation,3053970,4888752,1,0,0.3043,0.206,0.2947,0.5083,0.4452
escalation,3080970,36013152,0,0,0.1848,0.1826,0.1845,0.5214,0.4723
escalation,3080970,46567602,1,1,0.8192,0.6954,0.8194,0.5171,0.483
escalation,3080970,51051990,2,0,0.2897,0.157,0.2856,0.5828,0.4738
escalation,3080970,55519170,3,0,0.6991,0.7179,0.7057,0.5798,0.5352
escalation,3094443,2855388,0,0,0.3659,0.4115,0.3533,0.5163,0.495
escalation,3094443,43723674,1,1,0.579,0.5484,0.5855,0.5121,0.4776
escalation,3094443,47641224,2,0,0.2706,0.2419,0.2484,0.5627,0.4989
escalation,3126546,48260454,0,0,0.2589,0.3455,0.2617,0.5202,0.4872
escalation,3126546,49370904,1,0,0.1966,0.2955,0.1903,0.515,0.4631
escalation,3126546,49800144,2,0,0.2481,0.2489,0.2441,0.5505,0.4881
escalation,3126546,85670112,3,0,0.2722,0.337,0.2731,0.5896,0.5039
escalation,3132000,28904448,0,0,0.2757,0.2955,0.2754,0.5271,0.4828
escalation,3132000,39915480,1,0,0.1581,0.1409,0.156,0.5207,0.4357
escalation,3148938,29765304,0,0,0.337,0.2671,0.3388,0.5289,0.4883
escalation,3148938,32720310,1,0,0.2598,0.268,0.2532,0.5296,0.4782
escalation,3197592,39035268,0,0,0.187,0.2025,0.1831,0.5181,0.482
escalation,3197592,45109236,1,0,0.137,0.1322,0.1338,0.52,0.4514
escalation,3197592,60431652,2,0,0.5735,0.1601,0.5587,0.5573,0.4879
escalation,3234600,35711214,0,0,0.5339,0.5001,0.5376,0.5144,0.4978
escalation,3234600,38615952,1,0,0.6986,0.7108,0.6919,0.5121,0.4859
escalation,3244851,25867422,0,0,0.2773,0.2041,0.2773,0.5232,0.4876
escalation,3244851,27325200,1,1,0.5187,0.4227,0.5161,0.5389,0.4882
escalation,3363453,47162328,0,0,0.3488,0.3746,0.3491,0.5313,0.4964
escalation,3363453,50627928,1,0,0.2368,0.2238,0.2298,0.5425,0.4671
escalation,3368646,43202988,0,0,0.2129,0.157,0.2141,0.5162,0.474
escalation,3368646,66057126,1,0,0.2655,0.1075,0.2607,0.5282,0.4432
escalation,3369636,13162746,0,0,0.2665,0.225,0.2626,0.5213,0.482
escalation,3369636,18431130,1,1,0.4247,0.5488,0.4279,0.533,0.4878
escalation,3388275,25596462,0,0,0.3207,0.3097,0.3215,0.5247,0.4831
escalation,3388275,36123918,1,0,0.1082,0.1608,0.1092,0.5037,0.4354
escalation,3388275,50933370,2,1,0.4615,0.628,0.4551,0.5531,0.4912
escalation,3388275,54670608,3,0,0.1489,0.1544,0.1497,0.6186,0.486
escalation,3388275,62572038,4,1,0.5512,0.6038,0.5546,0.5869,0.4954
escalation,3388275,79466688,5,0,0.1232,0.1075,0.1194,0.608,0.4731
escalation,3476394,35305098,0,0,0.4406,0.3528,0.4398,0.5279,0.4971
escalation,3476394,37586610,1,0,0.1479,0.1515,0.1361,0.5751,0.4719
escalation,3539484,63522798,0,0,0.2423,0.2062,0.2349,0.5232,0.4812
escalation,3539484,63736662,1,1,0.2177,0.1816,0.2045,0.5079,0.4576
escalation,3539961,52901784,0,1,0.2825,0.2703,0.2896,0.5271,0.4807
escalation,3539961,53750268,1,0,0.2008,0.2032,0.2048,0.5084,0.4444
escalation,3539961,86421756,2,0,0.4025,0.2589,0.3994,0.5563,0.4794
escalation,3557070,25275282,0,0,0.2019,0.1583,0.1992,0.5193,0.4734
escalation,3557070,32010978,1,1,0.7164,0.5998,0.7176,0.53,0.4873
escalation,3557070,35680080,2,0,0.1745,0.1208,0.1683,0.5835,0.4652
escalation,3591747,48202854,0,1,0.2808,0.3309,0.2805,0.5357,0.4921
escalation,3591747,59688102,1,0,0.1545,0.2117,0.1505,0.5597,0.4623
escalation,3596877,3388536,0,0,0.2518,0.2818,0.2495,0.5309,0.4856
escalation,3596877,51270180,1,0,0.1787,0.1642,0.1755,0.5324,0.437
escalation,3597156,18844446,0,0,0.2724,0.2031,0.2746,0.5216,0.4779
escalation,3597156,20988972,1,0,0.1641,0.1534,0.1607,0.5168,0.4467
escalation,3597156,27001044,2,0,0.175,0.1439,0.1721,0.5535,0.4775
escalation,3597156,31559736,3,1,0.5193,0.4011,0.4978,0.5822,0.5056
escalation,3611988,29889834,0,0,0.3881,0.2257,0.3926,0.5339,0.4821
escalation,3611988,48722304,1,0,0.3451,0.21,0.3379,0.5056,0.4423
escalation,3611988,53913036,2,1,0.5993,0.5433,0.5989,0.5584,0.4957
escalation,3611988,65003286,3,0,0.2125,0.1273,0.2084,0.617,0.4796
escalation,3611988,69088026,4,0,0.158,0.0999,0.1569,0.6157,0.479
escalation,3611988,74308956,5,0,0.3079,0.1486,0.3012,0.604,0.4735
escalation,3611988,75816522,6,0,0.2246,0.1177,0.221,0.6106,0.4961
escalation,3611988,76910292,7,0,0.2437,0.1393,0.239,0.6239,0.4819
escalation,3664665,39443748,0,1,0.355,0.296,0.3596,0.5267,0.4847
escalation,3664665,52911798,1,0,0.2519,0.4263,0.2637,0.5171,0.454
escalation,3677022,99301710,0,0,0.2492,0.2062,0.2518,0.5299,0.4836
escalation,3677022,100179534,1,0,0.194,0.1602,0.1901,0.5257,0.4511
escalation,3691260,52473810,0,0,0.2813,0.291,0.2837,0.5282,0.4956
escalation,3691260,59725974,1,1,0.1458,0.1194,0.1409,0.5764,0.4717
escalation,3691260,69432288,2,1,0.1301,0.0787,0.1238,0.605,0.484
escalation,3704679,24216600,0,0,0.3546,0.3155,0.3574,0.5305,0.4948
escalation,3704679,35459922,1,0,0.1335,0.1197,0.1278,0.5826,0.4782
escalation,3704679,37332570,2,1,0.1262,0.097,0.1129,0.6096,0.5044
escalation,3704679,38836608,3,0,0.1408,0.0772,0.1294,0.627,0.4759
escalation,3704679,72868536,4,0,0.3762,0.1695,0.3654,0.6392,0.508
escalation,3704679,74438844,5,0,0.2204,0.1348,0.2081,0.6407,0.5111
escalation,3704679,84359340,6,1,0.2043,0.114,0.1953,0.613,0.4984
escalation,3731715,44234598,0,0,0.3608,0.3197,0.3682,0.5246,0.4896
escalation,3731715,68757630,1,1,0.281,0.2553,0.2837,0.5274,0.4686
escalation,3731715,74239662,2,1,0.385,0.5415,0.3893,0.5586,0.5082
escalation,3731715,84579654,3,0,0.2558,0.3092,0.2554,0.5543,0.488
escalation,3739176,30065346,0,0,0.3878,0.4642,0.3947,0.5291,0.4984
escalation,3739176,54520986,1,0,0.2217,0.1812,0.2108,0.5735,0.4655
escalation,3750408,41597088,0,0,0.271,0.2439,0.272,0.5262,0.4825
escalation,3750408,43877424,1,0,0.3678,0.2907,0.3585,0.5317,0.4691
escalation,3750408,62071644,2,0,0.2386,0.205,0.2305,0.5655,0.4918
escalation,3750408,65305026,3,0,0.1933,0.1546,0.1868,0.5976,0.4945
escalation,3750408,69455754,4,1,0.2031,0.1212,0.1947,0.6152,0.4882
escalation,3757068,26280414,0,0,0.4784,0.4721,0.4863,0.5261,0.4988
escalation,3757068,30821412,1,1,0.5202,0.4747,0.5122,0.5375,0.4811
escalation,3870342,66170154,0,0,0.2393,0.1977,0.2331,0.5268,0.4874
escalation,3870342,76833378,1,1,0.2812,0.1435,0.2703,0.545,0.4692
escalation,3870342,80798436,2,0,0.1582,0.1249,0.1484,0.5544,0.4646
escalation,3888531,25928520,0,0,0.3426,0.2594,0.345,0.5286,0.482
escalation,3888531,27666654,1,0,0.3696,0.3046,0.3669,0.5149,0.4698
escalation,3888531,33734694,2,1,0.3557,0.3853,0.3509,0.5434,0.489
escalation,3980853,51584712,0,0,0.233,0.2069,0.2325,0.532,0.487
escalation,3980853,61111986,1,1,0.4158,0.3543,0.408,0.5552,0.4908
escalation,4030317,2842320,0,0,0.3828,0.3374,0.3872,0.5243,0.4917
escalation,4030317,16395708,1,0,0.6738,0.4917,0.6715,0.5495,0.4926
escalation,4030317,30295938,2,1,0.3745,0.4162,0.3695,0.5911,0.516
escalation,4091589,105006120,0,0,0.211,0.1397,0.2134,0.5154,0.4719
escalation,4091589,107029548,1,0,0.161,0.0761,0.1594,0.519,0.4353
escalation,4091589,108903426,2,0,0.1348,0.0843,0.1341,0.5535,0.483
escalation,4131927,16189968,0,1,0.1282,0.1534,0.1286,0.5219,0.4733
escalation,4131927,20720520,1,0,0.2371,0.1432,0.2383,0.5342,0.447
escalation,4206231,86599794,0,0,0.3147,0.2663,0.3174,0.5236,0.4821
escalation,4206231,95275458,1,0,0.1942,0.1015,0.1922,0.5166,0.4318
escalation,4251618,52897884,0,0,0.1216,0.1285,0.1203,0.5182,0.4683
escalation,4251618,54007326,1,0,0.5226,0.4918,0.5212,0.5266,0.479
escalation,4306968,35253924,0,0,0.1294,0.1175,0.1287,0.5209,0.472
escalation,4306968,53027460,1,0,0.6801,0.6516,0.6822,0.5282,0.4911
escalation,4306968,55298112,2,1,0.4596,0.3237,0.4476,0.5826,0.5161
escalation,4309173,21905910,0,0,0.226,0.1982,0.2162,0.5179,0.4862
escalation,4309173,75828984,1,1,0.4322,0.3434,0.4266,0.5345,0.4657
escalation,4374396,52987284,0,0,0.228,0.1518,0.223,0.5242,0.4719
escalation,4374396,57314772,1,1,0.538,0.4339,0.5395,0.5412,0.4779
escalation,4379130,21323904,0,1,0.5436,0.5066,0.551,0.5238,0.5014
escalation,4379130,21511692,1,0,0.2438,0.1464,0.228,0.5553,0.4457
escalation,4379130,21837678,2,1,0.5996,0.6183,0.5964,0.5746,0.5102
escalation,4526136,84077832,0,0,0.2223,0.2118,0.224,0.5209,0.4775
escalation,4526136,96457584,1,0,0.1873,0.1732,0.186,0.5344,0.4562
escalation,4526136,97867512,2,0,0.2099,0.2712,0.2089,0.5727,0.4959
escalation,4561074,22770954,0,0,0.4836,0.4269,0.4843,0.5304,0.4967
escalation,4561074,34156830,1,0,0.2486,0.22,0.2448,0.5783,0.4767
escalation,4576716,42621186,0,1,0.3294,0.5605,0.3458,0.5376,0.492
escalation,4576716,49426368,1,1,0.1984,0.4129,0.1873,0.5008,0.4609
escalation,4576716,62718624,2,0,0.4548,0.6654,0.4711,0.5455,0.4989
escalation,4576716,65762052,3,1,0.5327,0.6248,0.527,0.5559,0.5114
escalation,4593906,51376236,0,0,0.176,0.1803,0.1791,0.5233,0.4762
escalation,4593906,52467396,1,0,0.2123,0.1397,0.2111,0.524,0.4477
escalation,4593906,62625984,2,0,0.1682,0.1054,0.1678,0.5595,0.4645
escalation,4593906,69856026,3,0,0.138,0.1103,0.1407,0.6009,0.4762
escalation,4593906,74251464,4,0,0.2388,0.2125,0.2456,0.6114,0.479
escalation,4628412,21473730,0,1,0.2979,0.2282,0.2886,0.5194,0.4866
escalation,4628412,22304934,1,0,0.1108,0.1222,0.1041,0.497,0.4413
escalation,4746240,39399660,0,0,0.4211,0.3813,0.4223,0.5203,0.4922
escalation,4746240,52684920,1,0,0.4751,0.3542,0.465,0.5421,0.4747
escalation,4830336,31757760,0,0,0.3719,0.3681,0.3726,0.5269,0.4941
escalation,4830336,36593004,1,1,0.6247,0.6069,0.6152,0.5341,0.4988
escalation,4837077,6656496,0,0,0.1893,0.176,0.1862,0.5215,0.4756
escalation,4837077,9348264,1,0,0.1456,0.1078,0.1455,0.5329,0.4501
escalation,4837077,44141496,2,1,0.5211,0.5304,0.5305,0.5647,0.5019
escalation,4837077,47488194,3,0,0.1327,0.0967,0.1302,0.6028,0.4718
escalation,4953420,39544266,0,1,0.2469,0.2595,0.2351,0.5204,0.4868
escalation,4953420,45181338,1,0,0.1465,0.1131,0.1431,0.5023,0.4384
escalation,4996530,28743888,0,1,0.4138,0.4113,0.4184,0.5288,0.5021
escalation,4996530,31315596,1,0,0.2114,0.1187,0.1909,0.5812,0.4669
escalation,5012487,53570982,0,0,0.2524,0.2227,0.2485,0.5278,0.4916
escalation,5012487,67053198,1,1,0.2033,0.1458,0.1969,0.5846,0.476
escalation,5041395,25590894,0,0,0.1907,0.1693,0.1874,0.5207,0.4747
escalation,5041395,39132420,1,0,0.5629,0.5098,0.5673,0.5326,0.4826
escalation,5041395,70291140,2,1,0.4005,0.2515,0.3974,0.5919,0.5094
escalation,5049054,21800346,0,0,0.2611,0.2724,0.2604,0.5215,0.4781
escalation,5049054,39885192,1,0,0.3616,0.2845,0.3418,0.5178,0.458
escalation,5049054,70694646,2,1,0.4853,0.4961,0.4675,0.5384,0.4882
escalation,5175936,41043672,0,0,0.2007,0.19,0.2002,0.5251,0.4766
escalation,5175936,43597056,1,1,0.6368,0.7076,0.6447,0.5303,0.4966
escalation,5175936,45559590,2,0,0.136,0.109,0.1279,0.5982,0.4783
escalation,5175936,46394382,3,0,0.6131,0.7364,0.6163,0.581,0.5312
escalation,5207247,8306436,0,0,0.2238,0.2339,0.2249,0.5238,0.4807
escalation,5207247,9317154,1,0,0.1079,0.1125,0.1057,0.5313,0.4376
escalation,5207247,11535120,2,0,0.1227,0.1034,0.1205,0.5779,0.4827
escalation,5207247,18299760,3,0,0.1185,0.1155,0.118,0.6033,0.4819
escalation,5207247,20302278,4,0,0.1348,0.1348,0.1304,0.6017,0.4776
escalation,5207247,21599490,5,0,0.1246,0.1026,0.1189,0.6045,0.4716
escalation,5207247,30883902,6,1,0.6705,0.5754,0.6715,0.6013,0.507
escalation,5207247,32583660,7,0,0.1349,0.1127,0.1291,0.6142,0.465
escalation,5207247,33734100,8,0,0.2631,0.1392,0.2551,0.6004,0.4797
escalation,5207247,35795934,9,0,0.2606,0.1519,0.2562,0.6193,0.4788
escalation,5207247,43738782,10,0,0.1373,0.0896,0.137,0.6112,0.4833
escalation,5207247,66542346,11,0,0.1318,0.0947,0.133,0.6184,0.4887
escalation,5214069,45969630,0,0,0.2945,0.2339,0.2875,0.53,0.4934
escalation,5214069,60566214,1,0,0.1526,0.1039,0.1456,0.5813,0.4708
escalation,5330862,35827524,0,1,0.3786,0.2954,0.3789,0.5306,0.4895
escalation,5330862,42609816,1,0,0.3075,0.1658,0.3035,0.5278,0.4576
escalation,5330862,60433842,2,0,0.2764,0.3723,0.2657,0.5569,0.4959
escalation,5330862,62800692,3,1,0.276,0.2694,0.2713,0.5742,0.4919
escalation,5371776,49378242,0,1,0.1959,0.2289,0.1927,0.5275,0.4809
escalation,5371776,54080154,1,0,0.2809,0.178,0.2794,0.5513,0.4518
escalation,5371776,60171246,2,0,0.5715,0.5962,0.5773,0.5607,0.5014
escalation,5389740,64441284,0,0,0.3174,0.3996,0.3246,0.5277,0.4908
escalation,5389740,67668480,1,0,0.2646,0.1777,0.2571,0.5653,0.4704
escalation,5500116,73635768,0,1,0.4794,0.4562,0.4832,0.5353,0.5016
escalation,5500116,73957656,1,0,0.1987,0.1415,0.1899,0.5667,0.4461
escalation,5672943,49216632,0,1,0.2835,0.2821,0.2881,0.5267,0.4825
escalation,5672943,54218394,1,1,0.1937,0.3045,0.198,0.5366,0.451
escalation,5672943,57212076,2,0,0.2505,0.4173,0.2572,0.5596,0.4772
escalation,5672943,59913234,3,1,0.231,0.3982,0.2338,0.5714,0.4827
escalation,5672943,60682026,4,0,0.333,0.2249,0.3274,0.6066,0.4725
escalation,5672943,63971586,5,1,0.1742,0.3149,0.1742,0.5837,0.4812
escalation,5672943,67189044,6,1,0.2451,0.2564,0.2456,0.5907,0.4752
escalation,5719590,56508576,0,1,0.3104,0.4622,0.3214,0.5328,0.491
escalation,5719590,69897762,1,0,0.3978,0.5809,0.4013,0.5162,0.4659
escalation,5719590,70456578,2,0,0.2827,0.4283,0.2818,0.5353,0.4951
escalation,5772663,29750310,0,0,0.4281,0.4161,0.4355,0.5224,0.4945
escalation,5772663,84516330,1,0,0.3627,0.3094,0.3609,0.5151,0.4506
escalation,5772663,86132004,2,0,0.3032,0.2852,0.2965,0.5466,0.5031
escalation,5801481,84793824,0,0,0.149,0.1901,0.1532,0.5203,0.4774
escalation,5801481,86212098,1,0,0.5688,0.498,0.5725,0.496,0.4867
escalation,5801481,92685822,2,0,0.4583,0.5665,0.4579,0.5432,0.5143
escalation,5918364,34817706,0,0,0.4495,0.5331,0.4524,0.5266,0.5028
escalation,5918364,51875802,1,1,0.1851,0.1995,0.1766,0.5779,0.4696
escalation,5918364,53549862,2,1,0.1465,0.074,0.1377,0.589,0.4681
escalation,5918364,54275988,3,1,0.1648,0.1165,0.1605,0.6357,0.4991
escalation,5964111,55159260,0,0,0.223,0.1727,0.2225,0.5225,0.4807
escalation,5964111,65641026,1,0,0.248,0.1732,0.2435,0.5148,0.4696
escalation,5964111,89476080,2,1,0.7137,0.6131,0.7104,0.567,0.521
escalation,5973228,4342122,0,0,0.316,0.3136,0.3152,0.5275,0.4846
escalation,5973228,21456528,1,1,0.7034,0.5862,0.704,0.5404,0.477
escalation,6079968,46691928,0,0,0.5436,0.5291,0.555,0.5294,0.498
escalation,6079968,59987274,1,1,0.3704,0.4414,0.3691,0.5572,0.4724
escalation,6117660,91478844,0,1,0.3332,0.2736,0.3366,0.5277,0.49
escalation,6117660,91797744,1,0,0.2285,0.1818,0.2288,0.5286,0.4637
escalation,6179049,22768584,0,0,0.331,0.4168,0.329,0.5247,0.4923
escalation,6179049,46812894,1,0,0.1781,0.3014,0.1698,0.5176,0.4525
escalation,6179049,48151884,2,0,0.2202,0.2313,0.1972,0.5563,0.4925
escalation,6179049,48759750,3,0,0.2082,0.1904,0.1863,0.5947,0.4895
escalation,6229233,71583096,0,0,0.4929,0.2915,0.4926,0.5377,0.5049
escalation,6229233,72296214,1,0,0.1795,0.14,0.1757,0.6014,0.4856
escalation,6289839,54121890,0,0,0.1843,0.1393,0.1807,0.5216,0.4722
escalation,6289839,63977058,1,1,0.4021,0.2788,0.4025,0.5251,0.4723
escalation,6293826,69120942,0,0,0.2806,0.207,0.2728,0.5209,0.4849
escalation,6293826,72852468,1,0,0.2805,0.1989,0.2697,0.523,0.4625
escalation,6392997,88103292,0,0,0.2302,0.2496,0.2301,0.5238,0.4818
escalation,6392997,91240722,1,0,0.1829,0.1141,0.1821,0.5166,0.4383
escalation,6474366,28345626,0,0,0.3258,0.3224,0.3276,0.5392,0.5012
escalation,6474366,50913672,1,0,0.1484,0.1127,0.1421,0.5878,0.46
escalation,6474366,55712784,2,0,0.1137,0.1078,0.1093,0.6126,0.507
escalation,6474366,59002326,3,1,0.0931,0.0957,0.0879,0.6377,0.4984
escalation,6516927,65550378,0,1,0.249,0.2699,0.2479,0.5251,0.4994
escalation,6516927,75270480,1,0,0.1638,0.0972,0.145,0.5683,0.4525
escalation,6516927,75786042,2,0,0.2099,0.1681,0.1957,0.5907,0.5071
escalation,6645897,41246616,0,0,0.2271,0.1805,0.2234,0.5187,0.4826
escalation,6645897,49345062,1,0,0.227,0.1993,0.2145,0.4998,0.4575
escalation,6645897,64548624,2,0,0.1818,0.2829,0.1757,0.5368,0.4958
escalation,6721533,41559126,0,0,0.2322,0.2145,0.2302,0.5257,0.4808
escalation,6721533,54404214,1,0,0.36,0.2978,0.3466,0.5428,0.4737
escalation,6878682,63686514,0,0,0.3919,0.469,0.3992,0.525,0.4984
escalation,6878682,67288248,1,0,0.4027,0.2858,0.4005,0.5653,0.4788
escalation,6884901,83276592,0,0,0.2456,0.2724,0.241,0.5256,0.4825
escalation,6884901,83628390,1,0,0.3185,0.1458,0.3115,0.5345,0.4461
escalation,6884901,84263778,2,0,0.2702,0.1318,0.2616,0.5673,0.474
escalation,7571295,86176170,0,1,0.2286,0.2624,0.2315,0.5261,0.4826
escalation,7571295,98734140,1,0,0.2657,0.3343,0.2735,0.5547,0.4673
escalation,7645230,43473048,0,1,0.3077,0.3011,0.3024,0.5299,0.4919
escalation,7645230,49223490,1,1,0.1341,0.1172,0.1218,0.5843,0.4688
escalation,7645230,51173184,2,0,0.1408,0.1212,0.1299,0.5967,0.4808
escalation,8106282,46591176,0,0,0.172,0.1547,0.1707,0.5191,0.474
escalation,8106282,48407688,1,0,0.2208,0.1646,0.2164,0.5298,0.4526
escalation,8106282,55882986,2,0,0.1124,0.0954,0.1142,0.567,0.4841
escalation,8106282,56492154,3,0,0.1924,0.1165,0.1883,0.5995,0.4886
escalation,8212221,91097856,0,0,0.2057,0.1981,0.2055,0.521,0.479
escalation,8212221,101348580,1,0,0.0922,0.0992,0.0922,0.5119,0.4346
escalation,8212221,103804068,2,0,0.1046,0.0981,0.1037,0.5508,0.4709
escalation,8212221,107307624,3,0,0.1321,0.0883,0.131,0.571,0.4863
escalation,8336142,99331386,0,0,0.1687,0.1496,0.1691,0.5267,0.4846
escalation,8336142,105317430,1,1,0.1211,0.09,0.1185,0.5323,0.4417
escalation,8583066,93490776,0,0,0.289,0.2601,0.287,0.5302,0.491
escalation,8583066,99673638,1,0,0.1579,0.2289,0.1601,0.5346,0.454
escalation,8583066,102402114,2,0,0.1869,0.189,0.1863,0.5496,0.482
escalation,8583066,104235882,3,0,0.1893,0.2033,0.1866,0.588,0.4985
escalation,8626392,36701232,0,0,0.3733,0.2855,0.3663,0.5289,0.4937
escalation,8626392,81289206,1,0,0.2429,0.1232,0.2282,0.5812,0.4615
escalation,8794098,41767032,0,0,0.2752,0.2267,0.2665,0.5261,0.4839
escalation,8794098,76052862,1,0,0.3876,0.3255,0.383,0.515,0.4589
escalation,8794098,76450512,2,0,0.3198,0.3675,0.3132,0.5372,0.5008
escalation,8794098,76663434,3,0,0.2384,0.3409,0.225,0.5882,0.4869
escalation,8794098,77039226,4,0,0.5939,0.4693,0.5832,0.6164,0.5092
escalation,8882109,46759326,0,0,0.3182,0.2274,0.3182,0.53,0.4799
escalation,8882109,47164182,1,0,0.17,0.2191,0.1688,0.5159,0.4656
escalation,8898966,33556812,0,0,0.4306,0.367,0.4312,0.529,0.4992
escalation,8898966,34717206,1,0,0.2383,0.2103,0.2272,0.5854,0.4923
escalation,8898966,39073794,2,1,0.1631,0.1039,0.1558,0.6128,0.5053
escalation,8962452,23773134,0,0,0.2835,0.3474,0.2847,0.5278,0.4922
escalation,8962452,27018384,1,0,0.5583,0.5003,0.5508,0.519,0.4825
escalation,9083610,4672434,0,1,0.2284,0.2834,0.2272,0.5287,0.4821
escalation,9083610,11171214,1,0,0.2928,0.2079,0.3039,0.545,0.4454
escalation,9083610,20832132,2,1,0.1943,0.3731,0.1972,0.5501,0.4792
escalation,9231039,32163192,0,0,0.2121,0.2093,0.21,0.5238,0.4772
escalation,9231039,36582714,1,0,0.2026,0.1116,0.199,0.527,0.4382
escalation,9231039,56461476,2,0,0.1525,0.102,0.1483,0.5714,0.4707
escalation,9326592,99190746,0,0,0.1256,0.2594,0.1255,0.5117,0.4807
escalation,9326592,109032366,1,0,0.1991,0.16,0.1959,0.4955,0.4471
escalation,9409851,71570730,0,1,0.4545,0.4149,0.4576,0.5316,0.4985
escalation,9409851,72662790,1,0,0.1931,0.1092,0.1799,0.5718,0.4525
escalation,9455670,54119184,0,0,0.3719,0.4291,0.3795,0.5337,0.4944
escalation,9455670,55994256,1,0,0.2202,0.2012,0.212,0.5698,0.4644
escalation,9455670,78746220,2,0,0.2691,0.296,0.274,0.6063,0.5178
escalation,10622997,85526454,0,0,0.1372,0.1656,0.1438,0.5198,0.4713
escalation,10622997,86288640,1,1,0.5463,0.4552,0.5503,0.5017,0.4767
escalation,10629243,83631582,0,0,0.1736,0.1307,0.1721,0.5132,0.4712
escalation,10629243,88731126,1,0,0.1571,0.0879,0.1527,0.4982,0.4372
escalation,10638585,24332628,0,0,0.3875,0.3041,0.3883,0.5292,0.4914
escalation,10638585,32420352,1,1,0.368,0.1932,0.3596,0.582,0.4902
escalation,10773963,104376078,0,1,0.337,0.3007,0.3438,0.533,0.4923
escalation,10773963,125200260,1,0,0.3132,0.3295,0.3108,0.544,0.4854
escalation,10814364,65723532,0,1,0.2492,0.2382,0.2527,0.5289,0.489
escalation,10814364,67000326,1,1,0.1953,0.1156,0.1861,0.5847,0.4663
escalation,11487924,41062308,0,0,0.3619,0.3801,0.3593,0.5294,0.5029
escalation,11487924,71393484,1,0,0.2475,0.1348,0.2358,0.581,0.476
escalation,11507022,53224254,0,0,0.2072,0.2355,0.2099,0.536,0.4848
escalation,11507022,53751396,1,0,0.1003,0.1201,0.0993,0.5247,0.4445
escalation,11653371,33577506,0,0,0.3964,0.3993,0.4008,0.5221,0.4945
escalation,11653371,41532708,1,0,0.2585,0.2526,0.2552,0.5289,0.4661
escalation,11653371,45611136,2,1,0.283,0.2509,0.2775,0.5539,0.4856
escalation,11946240,14653584,0,0,0.3188,0.3367,0.3203,0.5243,0.4862
escalation,11946240,17381334,1,0,0.2024,0.1744,0.2018,0.5321,0.4444
escalation,11946240,17719356,2,0,0.1863,0.1949,0.1835,0.575,0.48
escalation,12683916,29849364,0,0,0.2953,0.2276,0.2877,0.5326,0.4878
escalation,12683916,36976296,1,0,0.3467,0.1361,0.3246,0.5565,0.4729
escalation,13128345,36239004,0,0,0.3899,0.3233,0.3877,0.5321,0.4999
escalation,13128345,37915692,1,0,0.1802,0.1314,0.1687,0.5805,0.4745
escalation,13152114,25269228,0,0,0.2032,0.2172,0.1977,0.5145,0.4783
escalation,13152114,110769138,1,0,0.1656,0.2245,0.1634,0.4983,0.4427
escalation,13486356,51739350,0,0,0.2577,0.2337,0.2589,0.5269,0.4929
escalation,13486356,52078146,1,0,0.1885,0.1738,0.19,0.5306,0.464
escalation,13486356,53728980,2,0,0.1582,0.2392,0.1548,0.5685,0.4977
escalation,13486356,54871170,3,0,0.2098,0.2079,0.2089,0.5862,0.504
escalation,13486356,62100912,4,1,0.2158,0.2644,0.2153,0.6298,0.5046
escalation,13486356,63609060,5,0,0.1721,0.3173,0.1715,0.6134,0.5017
escalation,13561281,94872504,0,0,0.2057,0.227,0.2066,0.523,0.48
escalation,13561281,95663508,1,0,0.1535,0.1459,0.1524,0.5134,0.4462
escalation,13737501,34900614,0,0,0.4403,0.4857,0.4505,0.5323,0.4976
escalation,13737501,44378094,1,0,0.1369,0.1729,0.1336,0.563,0.4726
escalation,15287445,30683316,0,0,0.264,0.3266,0.2697,0.5268,0.4931
escalation,15287445,55001838,1,0,0.1477,0.1366,0.1431,0.5706,0.4699
escalation,15287445,61436238,2,0,0.1313,0.1365,0.1269,0.6036,0.5121
escalation,16227756,35479344,0,1,0.5097,0.488,0.5187,0.5267,0.4993
escalation,16227756,53328786,1,0,0.2257,0.1671,0.2098,0.5631,0.453
escalation,16227756,62115996,2,1,0.5749,0.5251,0.5624,0.5758,0.5244
escalation,16227756,64147536,3,0,0.226,0.0985,0.2072,0.6153,0.4745
escalation,16227756,65600442,4,0,0.122,0.0892,0.1135,0.6199,0.4699
escalation,16232328,17236602,0,0,0.1874,0.2003,0.1861,0.5245,0.4768
escalation,16232328,38137560,1,1,0.1469,0.1105,0.1455,0.5388,0.443
escalation,16238538,24353916,0,1,0.3024,0.2672,0.3025,0.5298,0.4966
escalation,16238538,35740548,1,0,0.1912,0.1357,0.1837,0.5711,0.4671
escalation,16238538,36538116,2,1,0.1456,0.1964,0.1408,0.5968,0.5046
escalation,16238538,47102790,3,0,0.1296,0.1031,0.1245,0.6009,0.4869
escalation,16295499,25121856,0,0,0.2017,0.2576,0.2047,0.5153,0.4796
escalation,16295499,67861200,1,0,0.184,0.2893,0.1847,0.5165,0.4464
escalation,16832529,94034514,0,0,0.2491,0.2014,0.2529,0.5223,0.4756
escalation,16832529,107873184,1,0,0.1088,0.1174,0.1089,0.5256,0.4337
escalation,16832529,110095656,2,0,0.132,0.102,0.132,0.5452,0.4702
escalation,17469387,95435118,0,0,0.2109,0.1732,0.2174,0.5204,0.4763
escalation,17469387,105447048,1,0,0.18,0.1001,0.1793,0.5142,0.4372
escalation,17584623,55673760,0,0,0.1353,0.1256,0.1347,0.5181,0.4744
escalation,17584623,76026744,1,0,0.2027,0.1044,0.1952,0.5248,0.4446
escalation,18105480,37782324,0,0,0.3205,0.4034,0.3246,0.528,0.4897
escalation,18105480,46478130,1,0,0.2292,0.2341,0.23,0.5333,0.4399
escalation,18105480,46832310,2,1,0.6678,0.68,0.6773,0.5686,0.5176
escalation,18601848,32716818,0,0,0.3465,0.2961,0.3435,0.5268,0.4895
escalation,18601848,36425742,1,0,0.6385,0.4432,0.629,0.5325,0.4909
escalation,18823050,108290724,0,0,0.1399,0.1796,0.1408,0.5219,0.4731
escalation,18823050,111060516,1,0,0.1151,0.0952,0.1164,0.5172,0.4417
escalation,18912870,54230898,0,1,0.4438,0.4836,0.4506,0.5269,0.5016
escalation,18912870,66089064,1,0,0.1693,0.1325,0.1674,0.5757,0.4512
escalation,19389843,44992428,0,1,0.2711,0.2091,0.2583,0.5145,0.4878
escalation,19389843,53090850,1,0,0.202,0.1943,0.1867,0.5425,0.4725
escalation,19564326,46176360,0,1,0.3415,0.3375,0.3412,0.5223,0.4918
escalation,19564326,67712370,1,0,0.2561,0.1758,0.2492,0.5346,0.4487
escalation,19564326,72515910,2,0,0.3725,0.3597,0.3661,0.5482,0.4784
escalation,19611765,46805820,0,1,0.2258,0.2075,0.2299,0.5215,0.4779
escalation,19611765,48407112,1,1,0.1446,0.0885,0.1432,0.5177,0.4447
escalation,19611765,68204250,2,1,0.3226,0.1531,0.3195,0.571,0.4803
escalation,19611765,69431388,3,0,0.4553,0.3111,0.4513,0.5945,0.5001
escalation,19611765,77682222,4,1,0.2227,0.3272,0.2275,0.5919,0.4787
escalation,19657458,50500332,0,0,0.3086,0.3989,0.3111,0.5282,0.5042
escalation,19657458,67298424,1,0,0.1887,0.1164,0.1795,0.5897,0.4715
escalation,19657458,69864336,2,1,0.3069,0.0964,0.3064,0.6197,0.5044
escalation,19661418,48200778,0,0,0.2527,0.2397,0.2607,0.5218,0.4795
escalation,19661418,48382668,1,0,0.0997,0.1296,0.1001,0.5048,0.434
escalation,19661418,49039776,2,0,0.2434,0.184,0.2425,0.5401,0.4711
escalation,19921905,100492086,0,1,0.4092,0.4297,0.4155,0.5442,0.5139
escalation,19921905,103382142,1,0,0.1891,0.1188,0.1841,0.5758,0.4563
escalation,20081232,59615640,0,0,0.3229,0.2836,0.3164,0.5232,0.4942
escalation,20081232,60241242,1,0,0.1401,0.1289,0.1348,0.5818,0.4739
escalation,20119725,57455310,0,0,0.3412,0.4954,0.3471,0.5286,0.4981
escalation,20119725,58397490,1,0,0.3304,0.4678,0.3147,0.5597,0.4786
escalation,20290914,68779860,0,1,0.5756,0.4253,0.5756,0.5351,0.5002
escalation,20290914,69304098,1,0,0.2152,0.1199,0.2025,0.5796,0.4396
escalation,20314971,62715990,0,0,0.3316,0.272,0.3179,0.5162,0.4857
escalation,20314971,69059616,1,1,0.2819,0.2292,0.2656,0.5283,0.4676
escalation,23186079,111360900,0,1,0.1966,0.3744,0.1954,0.5111,0.4921
escalation,23186079,117395106,1,1,0.6479,0.6242,0.6442,0.5068,0.4844
escalation,23191929,111219570,0,1,0.5463,0.4087,0.5609,0.526,0.4889
escalation,23191929,122793900,1,1,0.501,0.5333,0.5188,0.5136,0.4553
escalation,23191929,125158398,2,0,0.525,0.5973,0.5417,0.5286,0.4848
escalation,23191929,125854698,3,1,0.4075,0.5143,0.4114,0.5503,0.4934
escalation,23191929,128416710,4,1,0.4452,0.4014,0.4508,0.5895,0.4729
escalation,23194305,119225604,0,0,0.4603,0.4376,0.4691,0.5311,0.4959
escalation,23194305,122788038,1,1,0.2024,0.4266,0.2061,0.511,0.4539
escalation,23194305,124297014,2,1,0.4147,0.525,0.4151,0.5542,0.4914
escalation,23194638,114441876,0,1,0.4563,0.4713,0.4565,0.5158,0.5085
escalation,23194638,115700676,1,0,0.4111,0.5962,0.4084,0.4926,0.4849
escalation,23196231,110555046,0,1,0.5892,0.63,0.6009,0.5413,0.5157
escalation,23196231,156771624,1,0,0.1788,0.1991,0.1774,0.5519,0.4409
escalation,23196231,157435668,2,1,0.5559,0.2467,0.5507,0.5745,0.4988
escalation,23199066,100115166,0,0,0.4787,0.4851,0.4919,0.5286,0.4973
escalation,23199066,102256092,1,1,0.3724,0.2781,0.3649,0.5648,0.4768
escalation,23211693,103097262,0,1,0.5837,0.5975,0.5976,0.5278,0.5049
escalation,23211693,116664822,1,1,0.4253,0.1712,0.4169,0.5766,0.4504
escalation,23211693,124289862,2,1,0.574,0.4236,0.5874,0.5886,0.5018
escalation,23211693,124544064,3,1,0.5434,0.5947,0.5572,0.5931,0.5166
escalation,23211693,131659212,4,1,0.5969,0.4497,0.6156,0.6255,0.4927
escalation,23211693,149860452,5,1,0.5254,0.4866,0.5446,0.619,0.5038
escalation,23211693,157489146,6,1,0.3429,0.4883,0.3546,0.5728,0.4729
escalation,23213952,108671442,0,0,0.3385,0.2625,0.3375,0.5249,0.4833
escalation,23213952,115262406,1,1,0.2768,0.3057,0.2742,0.5111,0.4522
escalation,23213952,168644376,2,1,0.281,0.3223,0.2815,0.54,0.4679
escalation,23219145,109246572,0,0,0.3855,0.3756,0.3909,0.5266,0.4991
escalation,23219145,120431538,1,0,0.3577,0.2368,0.3605,0.5447,0.4748
escalation,23225022,120179610,0,1,0.3345,0.215,0.3368,0.5264,0.4849
escalation,23225022,137022348,1,0,0.7345,0.5362,0.7427,0.5317,0.4792
escalation,23225022,171917796,2,0,0.4591,0.5042,0.4662,0.539,0.4939
escalation,23225022,172801488,3,0,0.4644,0.4416,0.4624,0.5755,0.4925
escalation,23225022,174815868,4,0,0.4233,0.3794,0.4253,0.6096,0.4975
escalation,23230611,107787078,0,0,0.4247,0.4008,0.4347,0.5342,0.492
escalation,23230611,112374618,1,1,0.3952,0.2962,0.4055,0.5336,0.4515
escalation,23232276,108351924,0,1,0.3314,0.3967,0.3502,0.5337,0.4977
escalation,23232276,115005120,1,0,0.5038,0.5388,0.529,0.5022,0.458
escalation,23232276,120081552,2,1,0.3425,0.5065,0.3563,0.5202,0.4842
escalation,23232276,123951222,3,1,0.4495,0.462,0.4724,0.5712,0.494
escalation,23234022,115812060,0,0,0.5041,0.4378,0.5074,0.5361,0.4921
escalation,23234022,117349866,1,1,0.4829,0.5494,0.4896,0.541,0.4872
escalation,23240313,109697184,0,0,0.1694,0.1074,0.171,0.5181,0.4735
escalation,23240313,118597356,1,1,0.4348,0.3621,0.4424,0.5182,0.4826
escalation,23252364,141340062,0,1,0.4498,0.5021,0.4681,0.5251,0.4971
escalation,23252364,147402276,1,0,0.5068,0.6372,0.5201,0.498,0.46
escalation,23275602,123451992,0,1,0.3121,0.2472,0.3133,0.5294,0.4852
escalation,23275602,142314852,1,0,0.4263,0.3583,0.4323,0.5128,0.448
escalation,23275602,143429676,2,0,0.5227,0.6252,0.517,0.5234,0.5059
escalation,23290542,141836352,0,1,0.1668,0.1994,0.167,0.5232,0.4814
escalation,23290542,144481044,1,0,0.4545,0.2775,0.4507,0.5291,0.4621
escalation,23290542,154792224,2,1,0.5428,0.5624,0.5446,0.5241,0.4979
escalation,23292054,102150252,0,0,0.3799,0.335,0.3833,0.5196,0.4916
escalation,23292054,104983872,1,0,0.367,0.3243,0.3609,0.5168,0.4758
escalation,23298561,151995258,0,0,0.2256,0.1846,0.219,0.5229,0.4817
escalation,23298561,155464026,1,1,0.3138,0.2413,0.3095,0.5234,0.464
escalation,23299227,153578970,0,1,0.4432,0.3841,0.4588,0.5291,0.4884
escalation,23299227,170712606,1,1,0.4335,0.4986,0.4471,0.5208,0.4547
escalation,23299227,179648004,2,0,0.4093,0.5411,0.4274,0.5379,0.4816
escalation,23299236,106393626,0,0,0.404,0.348,0.4122,0.5256,0.4899
escalation,23299236,110831478,1,1,0.4209,0.2529,0.4272,0.5723,0.481
escalation,23303853,104186118,0,0,0.3859,0.4015,0.3898,0.5271,0.4912
escalation,23303853,104433762,1,0,0.3085,0.3697,0.3066,0.5023,0.4554
escalation,23307093,96459000,0,0,0.4081,0.3643,0.3978,0.5167,0.4912
escalation,23307093,100796304,1,1,0.4009,0.509,0.3868,0.4966,0.4756
escalation,23307093,170765964,2,0,0.1469,0.2284,0.1422,0.5266,0.4824
escalation,23317407,100477434,0,1,0.3512,0.4258,0.3545,0.5207,0.4934
escalation,23317407,107695572,1,1,0.2036,0.246,0.2037,0.5171,0.4532
escalation,23332041,99807516,0,1,0.4969,0.5824,0.5081,0.5451,0.5076
escalation,23332041,100519776,1,1,0.2322,0.124,0.2197,0.5718,0.4405
escalation,23332041,128055750,2,0,0.301,0.1658,0.2987,0.5966,0.4823
escalation,23332041,167561136,3,1,0.4585,0.3323,0.4738,0.6054,0.495
escalation,23332041,172636716,4,0,0.3348,0.2667,0.3506,0.639,0.4885
escalation,23347026,104708184,0,0,0.1304,0.1095,0.1328,0.5137,0.4733
escalation,23347026,119884734,1,0,0.5648,0.3448,0.5681,0.5113,0.4698
escalation,23349150,99331536,0,1,0.4264,0.3411,0.4283,0.5229,0.49
escalation,23349150,105686388,1,0,0.2066,0.2347,0.2015,0.513,0.4633
escalation,23349150,107378130,2,0,0.3583,0.2407,0.3473,0.558,0.4897
escalation,23349978,103396404,0,1,0.3822,0.3837,0.3949,0.5264,0.4876
escalation,23349978,121325592,1,0,0.4,0.5322,0.4105,0.5019,0.4581
escalation,23352102,103998672,0,1,0.3631,0.2778,0.365,0.5178,0.4826
escalation,23352102,132432258,1,1,0.595,0.4689,0.6004,0.5183,0.4564
escalation,23354847,104921748,0,0,0.4188,0.3921,0.4346,0.5383,0.4944
escalation,23354847,110307972,1,1,0.4394,0.5962,0.4496,0.5124,0.466
escalation,23354847,121210614,2,0,0.4951,0.5293,0.5006,0.5518,0.4819
escalation,23354847,121834710,3,1,0.403,0.4841,0.4117,0.5684,0.5065
escalation,23365647,42073620,0,1,0.2001,0.2236,0.2028,0.5214,0.4747
escalation,23365647,47159292,1,0,0.3288,0.2575,0.3307,0.5254,0.4359
escalation,23369841,66661398,0,0,0.4192,0.3647,0.4257,0.5327,0.4874
escalation,23369841,104442834,1,0,0.1578,0.4728,0.1593,0.5189,0.4496
escalation,23370111,78068556,0,0,0.2294,0.1948,0.2216,0.5204,0.4755
escalation,23370111,93506802,1,1,0.5364,0.3933,0.5332,0.5258,0.4641
escalation,23370111,97745904,2,0,0.5549,0.5671,0.5554,0.5594,0.4969
escalation,23370111,98623986,3,0,0.3682,0.5065,0.3697,0.5759,0.5039
escalation,23376024,111034920,0,0,0.4917,0.5123,0.4996,0.5291,0.502
escalation,23376024,112896594,1,1,0.6608,0.6864,0.6723,0.5476,0.4999
escalation,23381163,84127116,0,0,0.3357,0.2385,0.3359,0.5276,0.4832
escalation,23381163,84264978,1,0,0.4008,0.1536,0.3977,0.548,0.4531
escalation,23384979,97480404,0,1,0.4701,0.4518,0.4741,0.5291,0.4945
escalation,23384979,158883390,1,0,0.3416,0.3828,0.3458,0.5238,0.4658
escalation,23384979,163452420,2,1,0.2527,0.3456,0.2546,0.5393,0.4781
escalation,23390478,126925494,0,0,0.2333,0.2165,0.2369,0.5324,0.4902
escalation,23390478,132298896,1,1,0.2073,0.4188,0.2028,0.5227,0.4711
escalation,23390685,26276754,0,0,0.3697,0.3052,0.369,0.5225,0.4816
escalation,23390685,26974110,1,0,0.4788,0.5223,0.4741,0.5037,0.468
escalation,23390685,82687284,2,0,0.452,0.5375,0.4538,0.5448,0.4952
escalation,23397147,76597200,0,1,0.2906,0.1768,0.2889,0.5256,0.4759
escalation,23397147,79683354,1,1,0.3875,0.2204,0.384,0.5228,0.4584
escalation,23397147,80787090,2,0,0.4241,0.2191,0.3978,0.5601,0.4847
escalation,23397147,81364968,3,0,0.4463,0.3033,0.4308,0.5889,0.4942
escalation,23399316,44001720,0,0,0.3381,0.3839,0.344,0.5314,0.4864
escalation,23399316,62644362,1,0,0.5656,0.6616,0.5749,0.5432,0.4824
escalation,23399316,64933182,2,0,0.5136,0.4803,0.4943,0.5898,0.5134
escalation,23399316,76151802,3,0,0.3457,0.3113,0.3289,0.6308,0.5104
escalation,23399685,50764056,0,0,0.19,0.2382,0.1915,0.5295,0.4832
escalation,23399685,64250622,1,0,0.5628,0.2273,0.5562,0.5248,0.449
escalation,23399685,72222252,2,0,0.3456,0.1593,0.3376,0.5606,0.4729
escalation,23399685,92795700,3,0,0.7603,0.5213,0.7618,0.6114,0.5198
escalation,23401773,44440248,0,1,0.3796,0.4612,0.3678,0.5161,0.4951
escalation,23401773,65151078,1,0,0.1769,0.2043,0.1729,0.5066,0.4297
escalation,23409549,79712118,0,1,0.1942,0.1691,0.1918,0.5234,0.4709
escalation,23409549,83379354,1,0,0.5678,0.3194,0.5673,0.5461,0.4701
escalation,23422779,30530796,0,0,0.3491,0.363,0.3537,0.5291,0.4889
escalation,23422779,92566266,1,0,0.3149,0.251,0.3192,0.5339,0.4423
escalation,23422779,105354084,2,1,0.2445,0.1817,0.243,0.5675,0.4647
escalation,23429817,149457726,0,0,0.5496,0.6341,0.5587,0.5247,0.5202
escalation,23429817,153261984,1,0,0.382,0.3289,0.3861,0.5734,0.4987
escalation,23438826,24553080,0,1,0.559,0.4444,0.5772,0.5262,0.4895
escalation,23438826,26140368,1,0,0.4576,0.4692,0.4581,0.5127,0.4488
escalation,23438826,48588204,2,1,0.3053,0.4416,0.3173,0.5354,0.4667
escalation,23445063,44242872,0,1,0.3616,0.3841,0.364,0.5251,0.4944
escalation,23445063,59523846,1,1,0.3898,0.1662,0.3777,0.5672,0.464
escalation,23445063,102671124,2,0,0.2497,0.2133,0.2427,0.5906,0.4885
escalation,23453973,125743914,0,0,0.1787,0.1557,0.1829,0.5227,0.4791
escalation,23453973,127758876,1,0,0.2014,0.1677,0.2011,0.5228,0.449
escalation,23461101,66302376,0,0,0.3294,0.3799,0.3303,0.5203,0.489
escalation,23461101,87170238,1,1,0.4764,0.5566,0.474,0.5004,0.4706
escalation,23461101,105402312,2,0,0.3398,0.4798,0.3385,0.5345,0.4774
escalation,23470839,116377920,0,1,0.3996,0.4502,0.3999,0.5307,0.4976
escalation,23470839,140938038,1,0,0.2327,0.2553,0.2377,0.5307,0.452
escalation,23473512,89646522,0,0,0.4589,0.4198,0.4622,0.5196,0.4876
escalation,23473512,102950562,1,1,0.5465,0.5634,0.5433,0.4973,0.4816
escalation,23476077,27680016,0,1,0.3154,0.2311,0.3193,0.5283,0.4752
escalation,23476077,80853876,1,0,0.5453,0.3497,0.5419,0.5202,0.4583
escalation,23483601,77769798,0,0,0.1512,0.2351,0.1473,0.52,0.4788
escalation,23483601,92600430,1,1,0.3175,0.3582,0.315,0.5234,0.4758
escalation,23483601,93858990,2,0,0.3447,0.4491,0.3332,0.5459,0.4932
escalation,23483601,96736944,3,1,0.5737,0.6306,0.5697,0.5585,0.4989
escalation,23483601,97807524,4,0,0.2391,0.4075,0.2275,0.5745,0.479
escalation,23483601,101360028,5,0,0.2619,0.4142,0.2499,0.5636,0.473
escalation,23488398,20620008,0,0,0.1946,0.3388,0.1949,0.5199,0.4858
escalation,23488398,41857560,1,1,0.6478,0.4525,0.6422,0.5168,0.4687
escalation,23497551,97495032,0,1,0.4945,0.5179,0.5059,0.5267,0.5006
escalation,23497551,123911760,1,0,0.2008,0.169,0.1936,0.5521,0.4405
escalation,23497551,130297194,2,1,0.6547,0.6825,0.6631,0.5781,0.5282
escalation,23505282,25581648,0,1,0.2626,0.2912,0.259,0.5209,0.4827
escalation,23505282,58091340,1,0,0.4506,0.2378,0.4552,0.5095,0.439
escalation,23506875,101673006,0,0,0.5969,0.588,0.6169,0.5295,0.5032
escalation,23506875,138878358,1,1,0.4715,0.4235,0.4733,0.5399,0.4712
escalation,23515839,99944358,0,1,0.3256,0.483,0.3333,0.5318,0.4949
escalation,23515839,103983918,1,0,0.4565,0.6078,0.4697,0.5153,0.4632
escalation,23523012,61057878,0,1,0.2842,0.3584,0.2815,0.5292,0.4842
escalation,23523012,71022966,1,1,0.4152,0.3262,0.4177,0.5446,0.4548
escalation,23523723,42413988,0,0,0.3887,0.3282,0.3873,0.5289,0.4879
escalation,23523723,64266816,1,1,0.7728,0.6726,0.7648,0.5298,0.5019
escalation,23532516,106525908,0,1,0.3246,0.3173,0.3337,0.5328,0.4872
escalation,23532516,126868386,1,1,0.4094,0.2869,0.4181,0.5261,0.4541
escalation,23543595,129280710,0,0,0.225,0.2585,0.2327,0.5268,0.4846
escalation,23543595,135078486,1,0,0.5443,0.6175,0.544,0.4999,0.4681
escalation,23552208,20246736,0,0,0.5183,0.5111,0.5173,0.5284,0.5025
escalation,23552208,40795032,1,1,0.3352,0.3174,0.3206,0.5686,0.4791
escalation,23552208,43189860,2,0,0.2286,0.1539,0.2128,0.592,0.4737
escalation,23552208,55295466,3,0,0.587,0.4802,0.5836,0.6112,0.5107
escalation,23552208,77321562,4,0,0.4443,0.315,0.428,0.618,0.4873
escalation,23570568,64534092,0,0,0.3665,0.3918,0.3675,0.5355,0.4903
escalation,23570568,69575766,1,1,0.281,0.1879,0.2753,0.5283,0.4322
escalation,23581485,96505416,0,0,0.1925,0.1718,0.1885,0.5188,0.4773
escalation,23581485,102698766,1,1,0.1652,0.1073,0.1642,0.5018,0.448
escalation,23584023,51888690,0,0,0.3707,0.3541,0.3721,0.5298,0.4876
escalation,23584023,64256556,1,0,0.3468,0.2554,0.3477,0.5494,0.4605
escalation,23584023,90260022,2,0,0.3906,0.1688,0.3822,0.5732,0.4741
escalation,23591988,24320952,0,1,0.3096,0.3384,0.3166,0.5335,0.4863
escalation,23591988,91964280,1,0,0.2919,0.2959,0.2909,0.5432,0.4611
escalation,23601762,102691038,0,0,0.5695,0.5904,0.5804,0.5293,0.5026
escalation,23601762,102872844,1,0,0.399,0.4209,0.3959,0.5548,0.473
escalation,23608431,42701130,0,0,0.3973,0.4235,0.3964,0.5359,0.4911
escalation,23608431,44559090,1,0,0.2966,0.3982,0.2967,0.5407,0.4521
escalation,23608431,70815444,2,0,0.2338,0.2451,0.2278,0.5657,0.4679
escalation,23608431,73675854,3,0,0.6929,0.718,0.695,0.5882,0.5206
escalation,23611509,40791822,0,0,0.3729,0.3273,0.3779,0.528,0.4885
escalation,23611509,69899964,1,0,0.3832,0.2888,0.3814,0.5317,0.4603
escalation,23611509,78054960,2,1,0.3074,0.1815,0.2975,0.5586,0.4644
escalation,23611986,22908036,0,0,0.3432,0.4884,0.3554,0.5286,0.5016
escalation,23611986,24695292,1,1,0.3516,0.4783,0.3476,0.526,0.4686
escalation,23611986,46809666,2,1,0.1645,0.2443,0.1611,0.5383,0.4677
escalation,23631651,97428558,0,1,0.4245,0.4581,0.4292,0.5232,0.5032
escalation,23631651,119265240,1,0,0.3971,0.2657,0.3906,0.5441,0.4753
escalation,23631651,158354310,2,0,0.3501,0.53,0.3474,0.5468,0.5021
escalation,23631651,158624874,3,1,0.7473,0.7487,0.7502,0.5726,0.5297
escalation,23633154,27718092,0,1,0.279,0.215,0.2759,0.5238,0.4755
escalation,23633154,93329838,1,1,0.43,0.2458,0.4286,0.5399,0.4493
escalation,23633154,98491044,2,0,0.3608,0.4392,0.3661,0.564,0.4877
escalation,23635107,20188626,0,1,0.3623,0.3235,0.3611,0.5277,0.4839
escalation,23635107,21106590,1,1,0.445,0.2826,0.4497,0.549,0.4527
escalation,23635107,23483562,2,0,0.493,0.4239,0.5031,0.5568,0.4881
escalation,23639148,20807994,0,0,0.4874,0.5111,0.4774,0.5198,0.4979
escalation,23639148,57619332,1,1,0.4454,0.4791,0.4285,0.4918,0.4488
escalation,23661198,84076956,0,1,0.2989,0.3335,0.2989,0.5295,0.4842
escalation,23661198,84383418,1,0,0.5674,0.4119,0.5602,0.5248,0.4607
escalation,23665896,23900448,0,0,0.4008,0.406,0.4056,0.5222,0.4917
escalation,23665896,43234164,1,1,0.2566,0.3581,0.2541,0.5262,0.4583
escalation,23705946,70339494,0,0,0.4294,0.4893,0.427,0.5331,0.4959
escalation,23705946,84945468,1,0,0.3249,0.5715,0.3174,0.5208,0.4821
escalation,23718141,101313084,0,0,0.3273,0.3314,0.3306,0.5231,0.4866
escalation,23718141,104768022,1,0,0.3347,0.3256,0.3341,0.5281,0.4512
escalation,23718141,108575040,2,0,0.4508,0.3799,0.4485,0.5686,0.4968
escalation,23718141,121823598,3,0,0.4497,0.3303,0.4508,0.6032,0.4932
escalation,23718141,160364496,4,0,0.2139,0.1821,0.2177,0.6157,0.4854
escalation,23718141,161590566,5,0,0.2052,0.2444,0.1992,0.6125,0.4956
escalation,23718141,162178692,6,0,0.2511,0.2229,0.2438,0.5943,0.4837
escalation,23718141,175184538,7,0,0.4194,0.2081,0.4145,0.6159,0.4782
escalation,23718141,187587870,8,1,0.2478,0.1781,0.2483,0.5921,0.4817
escalation,23733009,96217680,0,0,0.4692,0.4365,0.4773,0.5389,0.5064
escalation,23733009,106592058,1,1,0.339,0.1796,0.3502,0.5912,0.4949
escalation,23733009,107418102,2,1,0.2851,0.1272,0.2845,0.6134,0.5033
escalation,23733009,108184236,3,0,0.1989,0.1748,0.1961,0.6111,0.4974
escalation,23733009,109186890,4,0,0.5241,0.5315,0.5263,0.6323,0.5135
escalation,23733009,109658670,5,1,0.3354,0.1996,0.3298,0.6446,0.5184
escalation,23733009,114360744,6,0,0.2573,0.1397,0.2547,0.6115,0.4799
escalation,23734647,50819970,0,1,0.2594,0.2927,0.2531,0.5218,0.4843
escalation,23734647,52655862,1,0,0.4965,0.3161,0.4875,0.5291,0.4536
escalation,23734647,61827846,2,1,0.3299,0.4082,0.3379,0.5466,0.4814
escalation,23765319,104670984,0,1,0.5536,0.5039,0.5604,0.5289,0.4993
escalation,23765319,109428522,1,1,0.3481,0.3844,0.3502,0.5438,0.4818
escalation,23769711,67193262,0,0,0.4285,0.4175,0.4375,0.529,0.4878
escalation,23769711,76397754,1,1,0.6834,0.7295,0.6899,0.4989,0.4638
escalation,23769711,78990672,2,0,0.182,0.1216,0.1699,0.5718,0.4621
escalation,23769711,92963628,3,0,0.1633,0.1567,0.1604,0.6276,0.4958
escalation,23779287,96412206,0,0,0.4838,0.4299,0.488,0.5318,0.5029
escalation,23779287,109645722,1,0,0.3119,0.142,0.3086,0.5956,0.494
escalation,23788134,96939360,0,1,0.2599,0.1992,0.2623,0.5215,0.4796
escalation,23788134,144239910,1,0,0.3763,0.2793,0.3811,0.5234,0.4606
escalation,23815710,97825452,0,1,0.4846,0.5323,0.4938,0.5218,0.4968
escalation,23815710,121777290,1,1,0.3068,0.1914,0.3028,0.5245,0.4395
escalation,23815710,122808600,2,0,0.4585,0.2088,0.4501,0.5623,0.4916
escalation,23815710,154585392,3,0,0.2038,0.14,0.2047,0.5735,0.4773
escalation,23817699,114176886,0,1,0.3047,0.3378,0.3093,0.5323,0.4839
escalation,23817699,117763008,1,1,0.5716,0.5325,0.5879,0.5273,0.4731
escalation,23817699,133735002,2,0,0.5092,0.6077,0.5299,0.5544,0.4995
escalation,23820255,97843080,0,0,0.1921,0.1848,0.1963,0.5231,0.487
escalation,23820255,102764088,1,1,0.2886,0.2962,0.2879,0.4876,0.4676
escalation,23820255,133273026,2,0,0.5858,0.524,0.5757,0.5389,0.5069
escalation,23820255,148864302,3,1,0.6576,0.6418,0.6597,0.5649,0.5282
escalation,23846112,21252366,0,0,0.4281,0.5129,0.4375,0.5288,0.497
escalation,23846112,64568286,1,0,0.2775,0.3943,0.2709,0.5431,0.4604
escalation,23846112,68041140,2,1,0.3048,0.441,0.3037,0.5823,0.5148
escalation,23846112,71693310,3,0,0.2582,0.1826,0.2567,0.6219,0.4961
escalation,23846112,75336042,4,1,0.278,0.1983,0.2693,0.6221,0.4863
escalation,23846112,86305392,5,1,0.169,0.1283,0.1567,0.6034,0.4752
escalation,23849784,124031508,0,0,0.3159,0.3555,0.3186,0.528,0.4894
escalation,23849784,160369668,1,0,0.2766,0.3685,0.276,0.521,0.4443
escalation,23856849,158187066,0,0,0.5522,0.5216,0.5585,0.5379,0.5025
escalation,23856849,178423962,1,0,0.6262,0.5865,0.6269,0.525,0.4839
escalation,23856849,180069372,2,1,0.5059,0.6174,0.502,0.5389,0.5042
escalation,23870349,41766978,0,0,0.5358,0.4074,0.5395,0.5262,0.4911
escalation,23870349,99794532,1,0,0.4564,0.3998,0.4526,0.5254,0.4464
escalation,23870349,101775318,2,0,0.3116,0.2639,0.3102,0.5429,0.4673
escalation,23871159,24126930,0,1,0.2433,0.2836,0.2441,0.5261,0.4824
escalation,23871159,26874786,1,0,0.4637,0.3757,0.4625,0.5288,0.4595
escalation,23885352,107456292,0,0,0.3428,0.3624,0.3543,0.5301,0.4878
escalation,23885352,110634942,1,1,0.3526,0.2858,0.3619,0.5364,0.4536
escalation,23885352,113704374,2,0,0.3461,0.225,0.3544,0.5816,0.4841
escalation,23885352,117991710,3,1,0.334,0.3389,0.3503,0.599,0.5031
escalation,23885352,120534312,4,1,0.3577,0.2822,0.3678,0.6014,0.4716
escalation,23885352,122454300,5,1,0.3687,0.3742,0.3851,0.5997,0.4958
escalation,23885352,123911766,6,0,0.384,0.3187,0.3909,0.5811,0.4827
escalation,23885352,125625846,7,0,0.3719,0.4072,0.3746,0.5704,0.4732
escalation,23885352,127443840,8,0,0.2595,0.3396,0.26,0.5763,0.4889
escalation,23885352,134913114,9,0,0.2585,0.2449,0.2601,0.5933,0.4707
escalation,23908356,100660254,0,0,0.2034,0.3356,0.2077,0.5228,0.4848
escalation,23908356,160433514,1,1,0.3252,0.3065,0.3257,0.4937,0.4366
escalation,23908356,160950696,2,0,0.3715,0.361,0.3712,0.5415,0.478
escalation,23908356,163580814,3,1,0.3188,0.4525,0.3263,0.578,0.4961
escalation,23937633,60260610,0,0,0.2853,0.358,0.2869,0.5257,0.4818
escalation,23937633,64118232,1,0,0.239,0.2379,0.2346,0.5123,0.4323
escalation,23941809,105546432,0,1,0.5184,0.512,0.5234,0.5195,0.4973
escalation,23941809,125800092,1,0,0.497,0.5204,0.4992,0.5069,0.4855
escalation,23970177,41382354,0,0,0.5656,0.5764,0.573,0.5227,0.499
escalation,23970177,41864562,1,0,0.3805,0.6148,0.3718,0.5322,0.4717
escalation,23972472,112955010,0,0,0.2892,0.1887,0.2853,0.5203,0.4807
escalation,23972472,114879810,1,0,0.5309,0.4618,0.5245,0.5429,0.4901
escalation,23972472,118153164,2,0,0.3109,0.2193,0.3172,0.5994,0.5151
escalation,23974596,96081348,0,1,0.3635,0.2775,0.3737,0.5252,0.4876
escalation,23974596,144499494,1,0,0.3102,0.1632,0.309,0.5396,0.4532
escalation,23974596,169257096,2,1,0.3736,0.2313,0.3722,0.5562,0.4868
escalation,23974596,171560802,3,0,0.3604,0.1644,0.3576,0.6096,0.4897
escalation,23974596,176514258,4,0,0.433,0.4339,0.4377,0.607,0.4985
escalation,23985918,112147602,0,0,0.4626,0.4479,0.4786,0.5277,0.4952
escalation,23985918,155174700,1,1,0.2811,0.4625,0.2895,0.4859,0.4449
escalation,23988906,27470880,0,1,0.3534,0.2229,0.3507,0.52,0.4759
escalation,23988906,53307240,1,0,0.2122,0.1743,0.2035,0.5259,0.4419
escalation,23988906,57374274,2,0,0.277,0.3157,0.2753,0.5513,0.4777
escalation,23989392,120165738,0,0,0.368,0.4908,0.3826,0.5375,0.5019
escalation,23989392,120734106,1,1,0.312,0.5689,0.3166,0.5015,0.4556
escalation,24008121,23888700,0,0,0.2733,0.2658,0.2752,0.5277,0.4819
escalation,24008121,44360328,1,1,0.2332,0.1669,0.2339,0.5434,0.4432
escalation,24049971,128888448,0,0,0.4884,0.3543,0.4996,0.5253,0.4864
escalation,24049971,140389998,1,1,0.1847,0.3168,0.1868,0.4772,0.4438
escalation,24069294,58523226,0,0,0.2765,0.2869,0.2716,0.5284,0.4815
escalation,24069294,63677202,1,0,0.5661,0.587,0.5685,0.5395,0.4752
escalation,24069294,65447814,2,0,0.3951,0.501,0.3856,0.5897,0.5177
escalation,24086493,53025258,0,1,0.1769,0.1965,0.1767,0.5233,0.4753
escalation,24086493,62493888,1,0,0.2305,0.2528,0.2302,0.5161,0.4507
escalation,24122889,97279044,0,1,0.532,0.4515,0.5435,0.5265,0.5
escalation,24122889,104027478,1,1,0.2524,0.2211,0.2533,0.4993,0.4448
escalation,24177357,124660362,0,0,0.2176,0.2136,0.2223,0.5196,0.4806
escalation,24177357,138750408,1,1,0.6375,0.5557,0.6436,0.5092,0.4731
escalation,24177357,164795724,2,1,0.1685,0.2056,0.1704,0.5515,0.4789
escalation,24178482,122854116,0,0,0.3484,0.2724,0.3562,0.5283,0.4845
escalation,24178482,151858008,1,1,0.2215,0.3042,0.2263,0.5086,0.4532
escalation,24193026,29867964,0,0,0.4755,0.5258,0.4768,0.5332,0.4935
escalation,24193026,100293546,1,0,0.7248,0.6424,0.7338,0.5072,0.48
escalation,24201999,104155950,0,1,0.4112,0.394,0.4197,0.5282,0.4937
escalation,24201999,116645970,1,0,0.1622,0.1253,0.1556,0.5668,0.4463
escalation,24201999,117918024,2,0,0.5292,0.4982,0.5327,0.5984,0.5195
escalation,24201999,137659302,3,1,0.4117,0.488,0.4149,0.6028,0.5119
escalation,24207885,92925120,0,0,0.2253,0.3225,0.2231,0.5261,0.4913
escalation,24207885,96297756,1,0,0.5066,0.4834,0.4932,0.5313,0.4628
escalation,24218451,110849562,0,0,0.2937,0.3641,0.3023,0.5364,0.4967
escalation,24218451,118578024,1,0,0.3738,0.4345,0.3821,0.5395,0.467
escalation,24240690,37914306,0,1,0.673,0.6183,0.6808,0.5245,0.5048
escalation,24240690,54286140,1,0,0.2138,0.2194,0.2056,0.5434,0.4352
escalation,24257187,148882788,0,1,0.3832,0.4458,0.4047,0.5376,0.4978
escalation,24257187,151404000,1,1,0.4976,0.5488,0.5173,0.5053,0.4566
escalation,24259824,43618188,0,1,0.3984,0.4023,0.4053,0.5296,0.4861
escalation,24259824,59846208,1,1,0.4008,0.3216,0.4011,0.5046,0.4348
escalation,24259824,62278746,2,1,0.3165,0.3764,0.3156,0.5452,0.4765
escalation,24262749,105307722,0,1,0.6,0.5841,0.6056,0.5242,0.5043
escalation,24262749,119178984,1,1,0.1832,0.1366,0.179,0.5547,0.4433
escalation,24262749,124895700,2,1,0.3501,0.2797,0.3611,0.5967,0.5056
escalation,24367122,82874478,0,0,0.3789,0.4467,0.3863,0.5345,0.4966
escalation,24367122,83858622,1,0,0.4466,0.3506,0.4399,0.539,0.462
escalation,24399594,110758176,0,0,0.552,0.5181,0.5579,0.5365,0.5082
escalation,24399594,113163414,1,0,0.3644,0.1674,0.3628,0.5856,0.4775
escalation,24430419,106737342,0,0,0.1824,0.2035,0.1835,0.5165,0.4807
escalation,24430419,111201840,1,1,0.8249,0.7488,0.832,0.5077,0.5071
escalation,24444945,76021236,0,0,0.2402,0.303,0.2309,0.5259,0.4833
escalation,24444945,82424664,1,1,0.5893,0.3775,0.5631,0.5117,0.4579
escalation,24452838,98835318,0,1,0.5546,0.584,0.5645,0.5205,0.503
escalation,24452838,104478924,1,0,0.2748,0.2036,0.2767,0.5656,0.4418
escalation,24452838,106820730,2,0,0.1915,0.1535,0.1947,0.5565,0.4797
escalation,24452838,113282658,3,0,0.1572,0.165,0.1573,0.6076,0.4911
escalation,24452838,119474058,4,0,0.1493,0.1214,0.1456,0.6194,0.4616
escalation,24452838,120715896,5,1,0.3232,0.1718,0.3133,0.5979,0.4788
escalation,24452838,124806522,6,0,0.3137,0.2442,0.3197,0.6046,0.4916
escalation,24455736,58090608,0,0,0.2916,0.2719,0.2878,0.5231,0.4761
escalation,24455736,76591650,1,0,0.3206,0.1932,0.3108,0.5384,0.4447
escalation,24455736,80271318,2,0,0.1909,0.1228,0.1889,0.5708,0.4716
escalation,24463449,48283224,0,1,0.4959,0.5116,0.4817,0.5263,0.5032
escalation,24463449,48795402,1,0,0.3711,0.2398,0.3511,0.5358,0.4463
escalation,24468183,119993442,0,1,0.2956,0.2686,0.295,0.5332,0.4855
escalation,24468183,129671286,1,0,0.4621,0.2775,0.4624,0.5442,0.4688
escalation,24540165,98972922,0,0,0.4202,0.4569,0.4436,0.5359,0.4927
escalation,24540165,99796476,1,0,0.341,0.3786,0.3317,0.5129,0.4703
escalation,24540165,105819636,2,0,0.3234,0.4189,0.3151,0.5518,0.4998
escalation,24540165,115851132,3,0,0.5992,0.5447,0.6,0.5936,0.5286
escalation,24594093,96790434,0,1,0.4826,0.4537,0.4922,0.5237,0.5026
escalation,24594093,117949722,1,1,0.1337,0.1147,0.1301,0.552,0.4512
escalation,24665832,50904696,0,0,0.4449,0.3443,0.4488,0.5286,0.485
escalation,24665832,106515486,1,0,0.2659,0.2456,0.2656,0.5307,0.443
escalation,24665832,107931948,2,0,0.3724,0.4133,0.3785,0.5696,0.4927
escalation,24666498,40231410,0,0,0.4781,0.4354,0.465,0.5177,0.4961
escalation,24666498,41005656,1,1,0.5692,0.3656,0.5402,0.5074,0.4666
escalation,24672564,101945628,0,1,0.4844,0.4671,0.5017,0.52,0.498
escalation,24672564,103623708,1,1,0.2136,0.1324,0.2063,0.5511,0.4399
escalation,24681069,102528618,0,0,0.2442,0.2084,0.2416,0.5157,0.4767
escalation,24681069,106296336,1,0,0.2478,0.1248,0.2426,0.5159,0.4412
escalation,24697917,110948334,0,1,0.4632,0.3952,0.4698,0.5261,0.4895
escalation,24697917,142001976,1,1,0.5256,0.4428,0.5349,0.5331,0.4529
escalation,24697917,160987536,2,1,0.6008,0.5624,0.612,0.5594,0.4952
escalation,24752556,109254360,0,0,0.2678,0.3167,0.2683,0.5283,0.49
escalation,24752556,111525252,1,0,0.2173,0.2279,0.2192,0.5369,0.4606
escalation,24764337,121514286,0,0,0.507,0.3402,0.514,0.5316,0.4845
escalation,24764337,126943464,1,1,0.2186,0.3962,0.2189,0.5066,0.46
escalation,24767658,123214122,0,1,0.5156,0.3519,0.5208,0.5312,0.4881
escalation,24767658,126387444,1,0,0.4502,0.3542,0.4704,0.5463,0.4683
escalation,24767658,130180116,2,1,0.2609,0.3794,0.2737,0.5452,0.4899
escalation,24767658,141240336,3,0,0.5364,0.5569,0.5512,0.5832,0.4944
escalation,24767658,150406968,4,0,0.3731,0.4243,0.3813,0.5902,0.4873
escalation,24767658,152782164,5,0,0.421,0.3983,0.4223,0.5891,0.4903
escalation,24767658,155367318,6,0,0.2035,0.245,0.2055,0.5774,0.4749
escalation,24767658,158838810,7,1,0.3941,0.3355,0.3981,0.603,0.4738
escalation,24767658,159277908,8,0,0.5812,0.4194,0.5967,0.5963,0.496
escalation,24767658,169272414,9,0,0.1808,0.3423,0.1892,0.5923,0.4782
escalation,24767658,175623252,10,1,0.1478,0.1848,0.1479,0.5827,0.4807
escalation,24777180,33458520,0,0,0.4533,0.4373,0.45,0.529,0.4914
escalation,24777180,69001092,1,1,0.4004,0.4667,0.3912,0.5106,0.4574
escalation,24777747,108808662,0,1,0.4963,0.2571,0.507,0.5196,0.4843
escalation,24777747,146839164,1,0,0.3975,0.4796,0.4009,0.4943,0.4605
escalation,24777747,150579822,2,1,0.2637,0.4512,0.2722,0.5092,0.4841
escalation,24777747,152873850,3,1,0.432,0.5677,0.4499,0.563,0.5085
escalation,24791049,64176192,0,0,0.1731,0.2479,0.1668,0.5203,0.4784
escalation,24791049,65446578,1,1,0.6497,0.4373,0.6253,0.5249,0.4717
escalation,24816420,111564990,0,1,0.5057,0.3893,0.5135,0.524,0.4915
escalation,24816420,113222718,1,1,0.6075,0.5451,0.61,0.5197,0.473
escalation,24816420,115250694,2,0,0.5895,0.6198,0.5954,0.5446,0.4996
escalation,24816420,119918886,3,1,0.3849,0.5702,0.3944,0.5575,0.4919
escalation,24816420,146002056,4,1,0.5561,0.5156,0.5655,0.6017,0.4841
escalation,24820578,52009434,0,0,0.3052,0.2987,0.3063,0.5315,0.4815
escalation,24820578,63109680,1,1,0.4116,0.266,0.4015,0.5319,0.4501
escalation,24820578,64580778,2,0,0.3439,0.406,0.3427,0.5726,0.488
escalation,24820578,76702836,3,1,0.7334,0.6195,0.7365,0.5921,0.4977
escalation,24869565,40701786,0,1,0.3137,0.2918,0.3139,0.5271,0.477
escalation,24869565,66287544,1,1,0.4116,0.3392,0.4118,0.5447,0.457
escalation,24869565,67278612,2,1,0.4327,0.5296,0.4367,0.563,0.4953
escalation,24908031,118471200,0,0,0.1899,0.254,0.1913,0.531,0.49
escalation,24908031,121908408,1,1,0.5471,0.4431,0.544,0.5133,0.4713
escalation,24910101,141928704,0,0,0.2365,0.2365,0.2356,0.5244,0.4825
escalation,24910101,144170856,1,0,0.3234,0.2318,0.3193,0.5074,0.4505
escalation,24933339,56509734,0,0,0.4474,0.4799,0.4526,0.5394,0.5012
escalation,24933339,64548336,1,1,0.2821,0.2121,0.2744,0.5813,0.4693
escalation,24933339,73677714,2,0,0.266,0.1339,0.2583,0.5999,0.4823
escalation,24933339,74632530,3,0,0.3537,0.3118,0.3477,0.6266,0.5297
escalation,24992838,124290558,0,1,0.1543,0.2652,0.1569,0.5219,0.4834
escalation,24992838,127924674,1,1,0.5605,0.4352,0.5663,0.5212,0.4645
escalation,25033500,130539924,0,0,0.4473,0.414,0.458,0.5336,0.4939
escalation,25033500,151005594,1,0,0.3302,0.2324,0.3333,0.545,0.4515
escalation,25065504,147853530,0,0,0.211,0.2326,0.2071,0.5227,0.4884
escalation,25065504,158369592,1,1,0.7233,0.6751,0.7285,0.5369,0.4923
escalation,25068411,131714358,0,0,0.1536,0.0899,0.1561,0.5229,0.4744
escalation,25068411,149751924,1,1,0.2377,0.1464,0.2345,0.5149,0.4481
escalation,25126911,149139588,0,0,0.1689,0.183,0.171,0.5186,0.479
escalation,25126911,149661180,1,0,0.2264,0.1158,0.2215,0.5086,0.4468
escalation,25151994,26301528,0,1,0.4123,0.438,0.4204,0.5257,0.4956
escalation,25151994,27757848,1,0,0.2657,0.2067,0.2563,0.5112,0.4452
escalation,25151994,36095016,2,1,0.4753,0.4006,0.4516,0.5666,0.4912
escalation,25151994,53742888,3,1,0.2949,0.3057,0.2963,0.5938,0.4729
escalation,25151994,60847788,4,0,0.2804,0.3281,0.2881,0.6093,0.4701
escalation,25151994,69303696,5,0,0.2318,0.2745,0.2344,0.5798,0.4791
escalation,25151994,71609982,6,0,0.6272,0.5909,0.6343,0.5987,0.5042
escalation,25151994,72130182,7,0,0.4499,0.3387,0.445,0.6248,0.4921
escalation,25151994,79917156,8,0,0.3474,0.1837,0.3365,0.6146,0.4882
escalation,25151994,82186380,9,1,0.299,0.2017,0.2986,0.6357,0.5031
escalation,25151994,83130018,10,0,0.1666,0.1187,0.1534,0.6198,0.4912
escalation,25202916,149231550,0,0,0.2058,0.1855,0.2043,0.5238,0.4807
escalation,25202916,163779258,1,0,0.1808,0.1065,0.1813,0.5345,0.4473
escalation,25202916,166844208,2,0,0.2812,0.1771,0.2829,0.5712,0.4874
escalation,25202916,181210482,3,0,0.3314,0.1921,0.3346,0.6027,0.496
escalation,25213329,160659618,0,1,0.4718,0.2988,0.4738,0.5345,0.4899
escalation,25213329,175414020,1,0,0.3991,0.3756,0.3915,0.5195,0.4636
escalation,25221879,26629578,0,1,0.5367,0.4277,0.558,0.5266,0.4886
escalation,25221879,40751004,1,1,0.3892,0.4368,0.4054,0.5008,0.4355
escalation,25223013,152084826,0,0,0.3531,0.2532,0.3524,0.5273,0.4828
escalation,25223013,164199780,1,0,0.1505,0.1388,0.1484,0.5165,0.4384
escalation,25518645,22302564,0,0,0.2109,0.2305,0.2068,0.5221,0.4767
escalation,25518645,55290696,1,1,0.788,0.6856,0.7842,0.517,0.48
escalation,25518645,57730800,2,0,0.1418,0.1264,0.1303,0.5598,0.4564
escalation,25521759,81868818,0,0,0.1651,0.281,0.1644,0.5248,0.4811
escalation,25521759,85450860,1,1,0.2057,0.321,0.2107,0.5106,0.4463
escalation,25521759,94285986,2,0,0.2744,0.4375,0.2794,0.5396,0.4836
escalation,25521759,95059590,3,0,0.2589,0.285,0.2541,0.569,0.4896
escalation,25565382,49441698,0,1,0.3004,0.2478,0.2988,0.5236,0.4784
escalation,25565382,97041354,1,0,0.2751,0.1495,0.2652,0.5392,0.443
escalation,25610445,91618188,0,1,0.4501,0.4336,0.4607,0.5333,0.5048
escalation,25610445,95411166,1,0,0.4095,0.168,0.4076,0.5895,0.4765
escalation,25629156,104910300,0,0,0.2595,0.2554,0.2612,0.5271,0.4866
escalation,25629156,107886180,1,0,0.2941,0.1941,0.2924,0.5463,0.4546
escalation,25911072,42801564,0,0,0.2347,0.292,0.2324,0.5242,0.4774
escalation,25911072,108246210,1,0,0.2966,0.3509,0.2969,0.5259,0.4528
escalation,26065557,32665524,0,0,0.1837,0.2008,0.187,0.5199,0.4753
escalation,26065557,62779128,1,1,0.3707,0.2864,0.3757,0.5182,0.4619
escalation,26065557,103787574,2,0,0.4894,0.5828,0.4763,0.5273,0.4841
escalation,27036162,36734838,0,1,0.6058,0.5867,0.613,0.5203,0.5031
escalation,27036162,37307394,1,1,0.2484,0.2884,0.2387,0.5215,0.452
escalation,27702117,87181536,0,0,0.1865,0.1837,0.1819,0.5227,0.4769
escalation,27702117,89017044,1,0,0.1718,0.1516,0.1704,0.5437,0.4585
escalation,27702117,98205582,2,1,0.5388,0.5026,0.55,0.5911,0.5084
escalation,27737235,123607206,0,0,0.3769,0.4591,0.3917,0.5174,0.4985
escalation,27737235,158205594,1,1,0.2863,0.4194,0.2894,0.5103,0.4654
escalation,27773748,44564046,0,0,0.4122,0.3859,0.4214,0.5283,0.4857
escalation,27773748,59952108,1,1,0.2215,0.3701,0.2236,0.5059,0.4309
escalation,27773748,88014660,2,0,0.3551,0.3532,0.348,0.5456,0.4845
escalation,27812538,330721244,0,0,0.3234,0.2438,0.3239,0.5245,0.4938
escalation,27812538,363105512,1,0,0.2897,0.2344,0.2882,0.5282,0.4539
escalation,27921564,49040196,0,0,0.4315,0.4207,0.4296,0.5324,0.494
escalation,27921564,50603838,1,0,0.4069,0.4036,0.3895,0.538,0.4763
escalation,27921564,51059736,2,0,0.3395,0.4112,0.3261,0.562,0.5005
escalation,27921564,59886336,3,0,0.4116,0.4577,0.4048,0.5952,0.5082
escalation,27921564,60056718,4,0,0.3747,0.5126,0.3584,0.5966,0.5026
escalation,27950544,149259144,0,1,0.6286,0.5777,0.6295,0.5323,0.5093
escalation,27950544,150974742,1,1,0.6733,0.6911,0.6825,0.5074,0.4757
escalation,27984402,119488248,0,0,0.5765,0.5448,0.5861,0.5284,0.5026
escalation,27984402,161632122,1,1,0.6063,0.5731,0.6013,0.4827,0.4571
escalation,27984402,168769950,2,1,0.5158,0.4189,0.5148,0.5095,0.4709
escalation,28079577,168757512,0,0,0.4782,0.4693,0.4804,0.5381,0.4984
escalation,28079577,180358266,1,0,0.4101,0.534,0.4175,0.5423,0.4717
escalation,28185642,144789372,0,1,0.3029,0.251,0.3056,0.5287,0.496
escalation,28185642,185897496,1,0,0.1817,0.1497,0.1733,0.5482,0.4543
escalation,28266300,62359788,0,1,0.5028,0.3995,0.5024,0.5278,0.4923
escalation,28266300,66772854,1,1,0.2699,0.221,0.2594,0.5073,0.4494
escalation,28266300,72056964,2,1,0.1328,0.1312,0.1281,0.5336,0.4506
escalation,28276173,73019784,0,0,0.4016,0.384,0.4139,0.5267,0.4864
escalation,28276173,74621748,1,0,0.2292,0.2215,0.227,0.4924,0.4396
escalation,28350891,204546864,0,1,0.2298,0.2431,0.2292,0.5398,0.4853
escalation,28350891,224745144,1,1,0.6547,0.589,0.6533,0.5134,0.4709
escalation,28379349,141019044,0,0,0.3325,0.4057,0.3419,0.5403,0.5059
escalation,28379349,147735804,1,1,0.1609,0.1889,0.1627,0.5932,0.49
escalation,28379349,166177932,2,1,0.1875,0.0952,0.1844,0.6142,0.4845
escalation,28532295,115370466,0,1,0.4268,0.4263,0.4443,0.5312,0.4915
escalation,28532295,143876196,1,1,0.4736,0.622,0.4872,0.5079,0.4632
escalation,28532295,162090672,2,1,0.5925,0.6847,0.6108,0.527,0.4976
escalation,28532295,320768360,3,1,0.484,0.6677,0.5029,0.5435,0.5003
escalation,28532295,383121236,4,0,0.5681,0.6632,0.5838,0.563,0.4882
escalation,29108259,276050934,0,1,0.3114,0.3444,0.3116,0.5314,0.4855
escalation,29108259,287346444,1,0,0.1506,0.1346,0.1495,0.5253,0.4489
escalation,29108259,290944128,2,0,0.2685,0.1442,0.2538,0.5597,0.4851
escalation,29108259,380720090,3,0,0.1718,0.2154,0.1616,0.6035,0.5047
escalation,29108259,423189854,4,1,0.7865,0.6435,0.7837,0.6175,0.5255
escalation,29108259,424333382,5,1,0.1958,0.138,0.1892,0.607,0.4794
escalation,29152125,86500728,0,0,0.182,0.3359,0.1815,0.5238,0.4856
escalation,29152125,102269718,1,0,0.2741,0.305,0.2751,0.5273,0.4548
escalation,29343825,150996378,0,1,0.4363,0.5156,0.4507,0.5407,0.5061
escalation,29343825,154200822,1,0,0.4102,0.5939,0.4203,0.5079,0.4513
escalation,29343825,158962614,2,1,0.5092,0.7036,0.5328,0.53,0.5107
escalation,29343825,172578864,3,0,0.2585,0.2324,0.2607,0.5996,0.4873
escalation,29385576,86533980,0,0,0.2134,0.1668,0.2128,0.5213,0.4769
escalation,29385576,104394888,1,0,0.2382,0.1998,0.2351,0.521,0.4626
escalation,29401542,165289770,0,0,0.1972,0.1861,0.2004,0.5249,0.4823
escalation,29401542,166268172,1,0,0.1584,0.1537,0.1565,0.5183,0.464
escalation,29401542,169322076,2,0,0.1546,0.1615,0.1508,0.5616,0.4908
escalation,29401542,175249674,3,1,0.376,0.3638,0.3747,0.5946,0.513
escalation,29401542,188671872,4,0,0.1625,0.1241,0.1604,0.6017,0.4674
escalation,29401542,223394022,5,1,0.3297,0.3892,0.3274,0.6032,0.5123
escalation,29401542,318996524,6,0,0.252,0.2474,0.2521,0.5867,0.485
escalation,29401542,326026394,7,0,0.2226,0.2011,0.2244,0.5855,0.4824
escalation,29437011,228736734,0,0,0.4463,0.4443,0.452,0.5288,0.5103
escalation,29437011,248083248,1,1,0.3892,0.4032,0.3808,0.5156,0.4736
escalation,29491092,135975828,0,1,0.3046,0.2176,0.3089,0.5284,0.4899
escalation,29491092,157405866,1,0,0.4256,0.311,0.4365,0.5465,0.4671
escalation,29498310,140740524,0,0,0.5638,0.5225,0.574,0.5242,0.5036
escalation,29498310,147991956,1,1,0.6019,0.6777,0.599,0.5332,0.4801
escalation,29498310,162869388,2,1,0.3967,0.2947,0.3694,0.5599,0.4913
escalation,29947383,150837216,0,1,0.5672,0.5673,0.5753,0.5314,0.5054
escalation,29947383,191625030,1,1,0.6478,0.6525,0.659,0.5009,0.4587
escalation,30256830,165650520,0,0,0.2561,0.4025,0.2609,0.5314,0.4954
escalation,30256830,182358888,1,0,0.5828,0.6971,0.5862,0.4859,0.4748
escalation,30656952,363720632,0,0,0.2752,0.2129,0.2782,0.5328,0.4885
escalation,30656952,391343948,1,0,0.2351,0.1662,0.2357,0.5401,0.4527
escalation,31065858,150470112,0,1,0.423,0.4917,0.4264,0.5281,0.4979
escalation,31065858,155803746,1,1,0.6373,0.652,0.6473,0.5045,0.4685
escalation,31355928,271695918,0,1,0.3509,0.3083,0.3358,0.5232,0.4959
escalation,31355928,303676454,1,0,0.1645,0.106,0.1585,0.5427,0.4433
escalation,31542597,229204332,0,1,0.3637,0.3986,0.364,0.5246,0.4908
escalation,31542597,267673416,1,0,0.4344,0.294,0.4291,0.5233,0.4558
escalation,31542597,277776228,2,1,0.1545,0.3168,0.1504,0.5445,0.4826
escalation,31708791,274983858,0,0,0.4855,0.5523,0.496,0.546,0.5191
escalation,31708791,286279992,1,0,0.3167,0.2483,0.3165,0.5817,0.4822
escalation,31718349,379074920,0,1,0.4448,0.5497,0.4581,0.5407,0.5089
escalation,31718349,390164954,1,0,0.4443,0.6471,0.4553,0.504,0.4609
escalation,31797819,250245528,0,1,0.2907,0.323,0.291,0.531,0.4906
escalation,31797819,270046650,1,0,0.1557,0.1179,0.1582,0.5425,0.4496
escalation,31851891,262110936,0,0,0.3176,0.3214,0.3199,0.5227,0.4865
escalation,31851891,280456440,1,0,0.2687,0.5098,0.2783,0.5079,0.4706
escalation,31981995,376748624,0,0,0.3995,0.2767,0.3994,0.5383,0.4983
escalation,31981995,389135834,1,1,0.3459,0.1761,0.3413,0.5362,0.4571
escalation,31981995,409716350,2,0,0.2992,0.1817,0.2952,0.5775,0.4902
escalation,32291514,146328768,0,0,0.3167,0.4039,0.3171,0.5297,0.498
escalation,32291514,150205416,1,1,0.5802,0.6581,0.58,0.542,0.4859
escalation,32484429,129357348,0,1,0.5638,0.5462,0.5698,0.532,0.5089
escalation,32484429,140877264,1,0,0.1836,0.1352,0.1784,0.5768,0.449
escalation,32585967,261615564,0,0,0.3191,0.2716,0.3213,0.5242,0.4974
escalation,32585967,319572020,1,1,0.4764,0.34,0.476,0.5506,0.4914
escalation,33018021,252787578,0,0,0.289,0.2388,0.2838,0.5187,0.4843
escalation,33018021,255198588,1,1,0.1828,0.13,0.1724,0.5147,0.452
escalation,33106797,179916300,0,0,0.3259,0.2616,0.3354,0.5372,0.4972
escalation,33106797,274557732,1,0,0.1506,0.109,0.1478,0.5803,0.4689
escalation,33336198,139912218,0,1,0.2906,0.3686,0.2924,0.5295,0.4916
escalation,33336198,181611912,1,1,0.4789,0.5,0.4883,0.5244,0.461
escalation,33402969,289024218,0,0,0.3215,0.3186,0.3237,0.5306,0.4905
escalation,33402969,302515688,1,1,0.3108,0.2804,0.3128,0.5502,0.4556
escalation,33402969,320156186,2,1,0.4728,0.3899,0.4731,0.5758,0.497
escalation,33553044,147172056,0,0,0.5273,0.4408,0.5431,0.5297,0.4934
escalation,33553044,147746232,1,0,0.5184,0.5108,0.5236,0.5164,0.4577
escalation,33553044,251095050,2,1,0.598,0.712,0.6064,0.5427,0.5093
escalation,33679899,213632508,0,1,0.21,0.2466,0.2123,0.5243,0.4877
escalation,33679899,243203436,1,1,0.26,0.192,0.255,0.4926,0.4687
escalation,34301979,245636256,0,0,0.4132,0.3045,0.4094,0.5272,0.4901
escalation,34301979,255995940,1,0,0.5742,0.5399,0.5794,0.5205,0.4587
escalation,34905069,121216344,0,0,0.5121,0.5157,0.5096,0.5287,0.5014
escalation,34905069,145702080,1,1,0.3461,0.425,0.3331,0.5347,0.4799
escalation,35160300,187904640,0,1,0.5052,0.3927,0.5077,0.5329,0.4938
escalation,35160300,268693824,1,0,0.1788,0.1502,0.1792,0.5337,0.4366
escalation,35253549,119412060,0,0,0.4192,0.4681,0.4278,0.532,0.4973
escalation,35253549,120400758,1,1,0.2662,0.3688,0.2687,0.512,0.4546
escalation,35253549,135251700,2,0,0.1863,0.1641,0.1841,0.5572,0.4685
escalation,35253549,187181118,3,1,0.4317,0.3976,0.4301,0.5973,0.506
escalation,35253549,195442254,4,1,0.521,0.3208,0.5166,0.6046,0.4795
escalation,35624655,101303232,0,0,0.1143,0.2387,0.117,0.5235,0.4966
escalation,35624655,111133884,1,0,0.2425,0.2984,0.2402,0.5105,0.464
escalation,35624655,150781194,2,0,0.1966,0.211,0.1963,0.5427,0.4816
escalation,35624655,210874938,3,0,0.6718,0.7256,0.6814,0.5805,0.5252
escalation,35760339,121854660,0,0,0.4477,0.3345,0.4505,0.5328,0.4944
escalation,35760339,134612250,1,1,0.4348,0.3759,0.4308,0.5211,0.4852
escalation,35878968,122580924,0,0,0.4183,0.2691,0.4158,0.5271,0.485
escalation,35878968,165238284,1,1,0.5364,0.45,0.5253,0.5396,0.4771
escalation,35900541,221366568,0,0,0.4015,0.3419,0.41,0.5334,0.4984
escalation,35900541,244519026,1,0,0.1465,0.1183,0.1456,0.5926,0.4777
escalation,35967501,224148582,0,1,0.5235,0.5819,0.5448,0.5358,0.5042
escalation,35967501,291697968,1,0,0.7016,0.6977,0.72,0.5142,0.4681
escalation,35967501,307347644,2,1,0.3456,0.6523,0.3623,0.5377,0.4895
escalation,35986869,269411184,0,1,0.4779,0.4788,0.4839,0.5309,0.4966
escalation,35986869,276851154,1,1,0.1889,0.2701,0.1922,0.505,0.4477
escalation,36682893,168566694,0,1,0.4921,0.418,0.4998,0.5395,0.5073
escalation,36682893,244462764,1,0,0.2192,0.1055,0.2151,0.5832,0.4437
escalation,36873405,214375506,0,0,0.3204,0.2662,0.3301,0.5349,0.4902
escalation,36873405,235480566,1,0,0.2472,0.268,0.2484,0.5148,0.4602
escalation,36919926,130990002,0,0,0.4183,0.4922,0.4287,0.5338,0.4981
escalation,36919926,133170690,1,1,0.2235,0.4481,0.2265,0.5046,0.4651
escalation,36919926,145195206,2,0,0.4517,0.4975,0.4629,0.5606,0.4865
escalation,36919926,150343014,3,1,0.3239,0.6049,0.3295,0.565,0.5031
escalation,36919926,163416486,4,0,0.4639,0.4035,0.4697,0.6019,0.4706
escalation,36919926,170840274,5,1,0.5814,0.6152,0.5897,0.5844,0.5001
escalation,36919926,175240428,6,1,0.4579,0.3758,0.4635,0.563,0.4749
escalation,36919926,178026594,7,1,0.5408,0.3939,0.5389,0.5933,0.4889
escalation,36919926,180507720,8,1,0.5736,0.5749,0.5685,0.5734,0.5044
escalation,37096866,147207564,0,1,0.402,0.4578,0.399,0.5274,0.5033
escalation,37096866,155786814,1,1,0.4171,0.227,0.41,0.5326,0.4466
escalation,37096866,159262734,2,0,0.4003,0.253,0.4072,0.5731,0.5019
escalation,37096866,166225782,3,1,0.6368,0.7251,0.6579,0.5906,0.5272
escalation,37096866,179238930,4,1,0.4015,0.2276,0.3978,0.6143,0.4748
escalation,37096866,180863046,5,0,0.6905,0.6037,0.6924,0.6016,0.5173
escalation,37096866,183554352,6,0,0.2771,0.491,0.2742,0.5704,0.4983
escalation,37096866,196992990,7,1,0.2668,0.3014,0.2661,0.6186,0.4775
escalation,37096866,204140772,8,1,0.4878,0.343,0.4962,0.6057,0.4877
escalation,37096866,221806392,9,0,0.3322,0.2897,0.3402,0.6121,0.4804
escalation,37096866,230854122,10,1,0.5421,0.5211,0.5475,0.5872,0.5019
escalation,37096866,236362068,11,0,0.3536,0.2085,0.353,0.6123,0.4975
escalation,37096866,260344260,12,1,0.7397,0.7226,0.7488,0.5968,0.5288
escalation,37096866,269927496,13,1,0.3839,0.1833,0.391,0.6163,0.4893
escalation,37096866,275206122,14,1,0.4616,0.2589,0.4609,0.5953,0.4976
escalation,37096866,281035032,15,0,0.5711,0.418,0.5752,0.6025,0.5213
escalation,37096866,294970922,16,1,0.2243,0.2205,0.2263,0.5985,0.4917
escalation,37096866,314945996,17,1,0.5751,0.439,0.5732,0.6086,0.506
escalation,37096866,352018124,18,0,0.349,0.232,0.3538,0.5886,0.5039
escalation,37255248,341304878,0,0,0.297,0.314,0.3012,0.5308,0.4998
escalation,37255248,346093802,1,0,0.1517,0.1236,0.1505,0.5905,0.4838
escalation,37255248,378979922,2,0,0.1477,0.1123,0.1501,0.6162,0.5174
escalation,37588797,183956226,0,0,0.4805,0.4679,0.4766,0.5335,0.499
escalation,37588797,253445112,1,0,0.2123,0.4103,0.2087,0.5232,0.4544
escalation,37592973,201643404,0,0,0.5012,0.6629,0.5123,0.542,0.5237
escalation,37592973,201902238,1,1,0.4974,0.5873,0.4965,0.5677,0.4982
escalation,37592973,207274830,2,0,0.2201,0.2285,0.2028,0.5872,0.4843
escalation,37595970,138775578,0,1,0.3804,0.4932,0.3963,0.5341,0.499
escalation,37595970,141969240,1,1,0.511,0.6531,0.5246,0.5122,0.4739
escalation,37595970,146661966,2,0,0.5026,0.6313,0.5176,0.5406,0.4915
escalation,37595970,153504444,3,0,0.4547,0.6506,0.4711,0.5617,0.4922
escalation,37595970,188639616,4,1,0.474,0.5729,0.4875,0.5952,0.4869
escalation,37638306,138703878,0,0,0.2509,0.3079,0.2542,0.5242,0.4899
escalation,37638306,287954586,1,1,0.6385,0.6666,0.6336,0.4942,0.4838
escalation,37707606,28426044,0,0,0.4029,0.475,0.3949,0.5211,0.494
escalation,37707606,34783704,1,0,0.4573,0.6222,0.4452,0.4807,0.4638
escalation,37844415,142561326,0,1,0.3952,0.4547,0.3842,0.5285,0.4984
escalation,37844415,172835838,1,0,0.2059,0.1778,0.1993,0.5364,0.4588
escalation,37845081,193438362,0,0,0.4911,0.3155,0.4936,0.5377,0.4886
escalation,37845081,224162172,1,0,0.3603,0.3929,0.3597,0.495,0.4598
escalation,38063304,156795414,0,0,0.3278,0.3325,0.327,0.5306,0.491
escalation,38063304,170508234,1,0,0.3211,0.229,0.3166,0.545,0.4586
escalation,38099601,143383998,0,1,0.6163,0.5769,0.6246,0.5324,0.5055
escalation,38099601,144880512,1,1,0.4669,0.5996,0.4786,0.5139,0.4601
escalation,38099601,277175994,2,1,0.4556,0.5023,0.4664,0.5243,0.4743
escalation,38373327,226232916,0,1,0.3021,0.3084,0.3029,0.5306,0.4912
escalation,38373327,232029852,1,0,0.4428,0.3973,0.4525,0.546,0.4701
escalation,38531583,193085490,0,0,0.5023,0.4512,0.5076,0.521,0.4946
escalation,38531583,250396122,1,0,0.623,0.5467,0.6227,0.5175,0.4682
escalation,38531583,254079756,2,1,0.4331,0.5366,0.4337,0.5448,0.4947
escalation,38724624,267229830,0,1,0.4502,0.4558,0.4614,0.5261,0.4971
escalation,38724624,277232790,1,1,0.5525,0.5871,0.568,0.5196,0.4716
escalation,38865636,197371038,0,0,0.1748,0.235,0.1756,0.5295,0.4788
escalation,38865636,225643158,1,1,0.5455,0.478,0.5452,0.5217,0.4779
escalation,38865636,230457912,2,1,0.3055,0.2651,0.2946,0.5516,0.4953
escalation,38893887,183949962,0,1,0.5038,0.5888,0.5181,0.5317,0.5112
escalation,38893887,204100764,1,0,0.3725,0.4065,0.3725,0.5185,0.4634
escalation,38893887,210511584,2,0,0.1671,0.3198,0.1647,0.5218,0.4727
escalation,38939715,138394146,0,0,0.4065,0.3564,0.4092,0.5305,0.4917
escalation,38939715,188850390,1,0,0.2242,0.299,0.2212,0.507,0.4431
escalation,39030291,199164702,0,1,0.3197,0.2318,0.3165,0.5368,0.4926
escalation,39030291,267086472,1,0,0.2923,0.1919,0.286,0.5466,0.4597
escalation,39060180,242809818,0,1,0.4633,0.365,0.4652,0.5324,0.4952
escalation,39060180,265920240,1,0,0.189,0.1787,0.1841,0.5538,0.4629
escalation,39060180,290360808,2,0,0.3718,0.3669,0.3689,0.5812,0.5018
escalation,39077073,187111614,0,1,0.5286,0.5027,0.5303,0.5303,0.503
escalation,39077073,238608276,1,1,0.3208,0.4535,0.3117,0.5188,0.4681
escalation,39177171,261300894,0,1,0.356,0.3508,0.3658,0.5272,0.4885
escalation,39177171,263105964,1,0,0.321,0.3648,0.3266,0.5266,0.4542
escalation,39177171,267480882,2,0,0.2621,0.4666,0.2589,0.5277,0.4778
escalation,39626514,329604554,0,1,0.4572,0.3704,0.4701,0.5369,0.4939
escalation,39626514,359044874,1,0,0.3601,0.5218,0.3747,0.5238,0.4672
escalation,39645999,274337226,0,1,0.2649,0.2783,0.2685,0.533,0.4892
escalation,39645999,284326680,1,1,0.4886,0.2573,0.4941,0.56,0.4749
escalation,39704400,292167786,0,0,0.2395,0.2257,0.2413,0.5312,0.4819
escalation,39704400,307752182,1,0,0.3681,0.3348,0.37,0.5328,0.4704
escalation,39740328,157993728,0,1,0.4079,0.3167,0.411,0.5346,0.4907
escalation,39740328,174633048,1,0,0.2479,0.2072,0.2413,0.526,0.4647
escalation,39911247,147299118,0,0,0.6301,0.3797,0.6271,0.5269,0.4941
escalation,39911247,154235724,1,1,0.5934,0.5524,0.5873,0.4833,0.4683
escalation,39911247,167729160,2,1,0.5497,0.647,0.5489,0.5077,0.4938
escalation,39911247,223638258,3,1,0.6554,0.6885,0.6548,0.5308,0.5035
escalation,39911247,272908122,4,1,0.1902,0.3669,0.1939,0.5327,0.4673
escalation,39911247,327873782,5,1,0.5989,0.6841,0.605,0.5634,0.497
escalation,39911247,330785588,6,0,0.5773,0.6183,0.5892,0.5337,0.4905
escalation,39911247,373756148,7,0,0.1919,0.3637,0.1885,0.5456,0.4761
escalation,39931443,228609564,0,1,0.382,0.3875,0.3951,0.5403,0.5134
escalation,39931443,243411264,1,0,0.3243,0.1782,0.3217,0.5729,0.4707
escalation,40046166,162855942,0,1,0.5836,0.5813,0.5877,0.536,0.5058
escalation,40046166,257712990,1,1,0.1924,0.1971,0.1848,0.5064,0.4448
escalation,40391361,126384030,0,1,0.2847,0.291,0.2816,0.5362,0.4935
escalation,40391361,165331248,1,1,0.1527,0.1346,0.1473,0.5258,0.4441
escalation,40406202,127807896,0,1,0.3996,0.3235,0.4049,0.5361,0.5003
escalation,40406202,162444084,1,0,0.2098,0.1563,0.2054,0.5224,0.4508
escalation,40406202,181773468,2,0,0.6708,0.4356,0.6725,0.5519,0.5084
escalation,40425831,160937910,0,0,0.3726,0.5235,0.3717,0.5406,0.5032
escalation,40425831,163706616,1,0,0.2935,0.4597,0.2902,0.5265,0.461
escalation,40425831,186483918,2,1,0.2846,0.2644,0.2748,0.5716,0.4814
escalation,40425831,204887628,3,0,0.324,0.3493,0.3264,0.6183,0.5009
escalation,40425831,230121744,4,1,0.4395,0.5475,0.444,0.6088,0.4972
escalation,40425831,237607944,5,1,0.407,0.3025,0.3987,0.6021,0.4768
escalation,40426911,126507390,0,0,0.2391,0.2862,0.2323,0.522,0.487
escalation,40426911,130125906,1,1,0.177,0.1661,0.1735,0.5132,0.4441
escalation,40426911,147410322,2,0,0.4041,0.3478,0.3939,0.5619,0.4947
escalation,40431303,163604976,0,0,0.4343,0.44,0.4373,0.533,0.4946
escalation,40431303,208411104,1,1,0.7503,0.6463,0.755,0.5468,0.4869
escalation,40451886,242858808,0,0,0.2303,0.2169,0.2292,0.5231,0.4837
escalation,40451886,250587132,1,0,0.1225,0.1394,0.1217,0.5433,0.4582
escalation,40473189,336139736,0,1,0.3743,0.4917,0.3859,0.5439,0.5033
escalation,40473189,356164058,1,1,0.5051,0.5748,0.5177,0.5386,0.4708
escalation,40473189,359666690,2,0,0.4914,0.5753,0.4963,0.5464,0.4851
escalation,40565997,214576452,0,0,0.2349,0.2737,0.2362,0.5329,0.4849
escalation,40565997,238916556,1,0,0.12,0.1142,0.1214,0.5336,0.4537
escalation,40595031,123877800,0,0,0.2366,0.3023,0.2402,0.5299,0.486
escalation,40595031,127292196,1,0,0.294,0.243,0.2935,0.5382,0.4604
escalation,40595031,154694214,2,0,0.3241,0.224,0.3233,0.5686,0.4846
escalation,40595031,174583872,3,0,0.3369,0.2396,0.3349,0.6085,0.5041
escalation,40595031,182923428,4,0,0.2923,0.2213,0.2892,0.6245,0.4937
escalation,40595031,197212344,5,0,0.2777,0.129,0.2707,0.607,0.4872
escalation,40595031,217103316,6,0,0.2257,0.1374,0.2199,0.6005,0.4857
escalation,40595031,249687414,7,0,0.3193,0.1554,0.3194,0.6278,0.482
escalation,40595031,286835562,8,0,0.3176,0.1761,0.3174,0.6044,0.4915
escalation,40595031,314854568,9,1,0.3248,0.1495,0.3226,0.6388,0.4957
escalation,40595031,363240710,10,0,0.3357,0.1369,0.3322,0.6069,0.4918
escalation,40595031,368379722,11,1,0.5393,0.2304,0.533,0.6085,0.5123
escalation,40595031,404950448,12,1,0.2984,0.1562,0.2983,0.6104,0.4918
escalation,40607307,122701782,0,0,0.3019,0.3542,0.3045,0.5371,0.4911
escalation,40607307,123395106,1,0,0.2381,0.2805,0.2366,0.5419,0.4568
escalation,40607307,124792806,2,0,0.2823,0.2955,0.28,0.576,0.4933
escalation,40607307,133496196,3,1,0.3462,0.2598,0.3488,0.6211,0.4982
escalation,40607307,235819086,4,0,0.5365,0.341,0.5381,0.6185,0.4795
escalation,40607307,240853590,5,0,0.4005,0.3422,0.4012,0.6065,0.4859
escalation,40621032,276592416,0,0,0.2767,0.3201,0.2765,0.5352,0.4916
escalation,40621032,277967352,1,0,0.2818,0.2264,0.2797,0.5599,0.4629
escalation,40731390,122770560,0,1,0.4036,0.3323,0.4101,0.5293,0.4945
escalation,40731390,202290642,1,0,0.4435,0.4077,0.4343,0.5057,0.4669
escalation,40731390,215173356,2,0,0.3206,0.4313,0.3205,0.547,0.493
escalation,40731390,216818418,3,0,0.283,0.4181,0.2803,0.5867,0.5026
escalation,40731390,224755656,4,0,0.2206,0.3506,0.2196,0.5987,0.4907
escalation,40731390,229315578,5,0,0.2836,0.4066,0.2725,0.5914,0.493
escalation,40731390,233545236,6,0,0.276,0.252,0.2696,0.5928,0.4914
escalation,40806000,213333726,0,0,0.3024,0.2813,0.2882,0.5256,0.4958
escalation,40806000,214992792,1,0,0.2222,0.18,0.2055,0.5468,0.4722
escalation,40806000,243521070,2,0,0.3069,0.1885,0.287,0.5891,0.4977
escalation,40833441,158942586,0,1,0.3711,0.4144,0.3788,0.541,0.4993
escalation,40833441,164692722,1,0,0.3369,0.1817,0.3346,0.5483,0.4568
escalation,40841847,150609006,0,0,0.3199,0.3186,0.319,0.5309,0.4903
escalation,40841847,156664452,1,1,0.7595,0.5979,0.7539,0.5386,0.4813
escalation,40841847,221910726,2,0,0.1734,0.104,0.1661,0.5855,0.4701
escalation,40841847,253464972,3,1,0.5337,0.1521,0.5269,0.6235,0.5106
escalation,40841847,288576060,4,0,0.5635,0.4,0.561,0.6282,0.498
escalation,40859721,188375244,0,0,0.325,0.384,0.3219,0.5263,0.5037
escalation,40859721,232915416,1,1,0.2184,0.2795,0.2064,0.5341,0.4817
escalation,40875246,160999806,0,0,0.4083,0.3069,0.3971,0.5199,0.4942
escalation,40875246,191995818,1,1,0.6923,0.6127,0.6879,0.5456,0.5021
escalation,40875246,275068284,2,1,0.1912,0.1641,0.1866,0.572,0.4796
escalation,40875246,277885590,3,0,0.4936,0.2045,0.4797,0.5914,0.4996
escalation,40875966,124109130,0,1,0.4206,0.4168,0.4251,0.53,0.4926
escalation,40875966,130476714,1,0,0.5608,0.5914,0.5691,0.5109,0.4517
escalation,40875966,134815596,2,0,0.293,0.4376,0.2946,0.517,0.4767
escalation,40892040,179011950,0,0,0.3036,0.2181,0.3125,0.5288,0.4927
escalation,40892040,179359128,1,1,0.202,0.1655,0.2086,0.542,0.4778
escalation,40894128,140169012,0,0,0.2209,0.1664,0.2211,0.5276,0.4876
escalation,40894128,154031826,1,1,0.505,0.4138,0.5085,0.5356,0.4892
escalation,40894128,168437028,2,0,0.3351,0.2402,0.3261,0.5748,0.4902
escalation,40900023,159688350,0,0,0.2474,0.2219,0.2471,0.5312,0.4812
escalation,40900023,185779110,1,1,0.523,0.2305,0.5064,0.5172,0.4505
escalation,40900023,211332084,2,1,0.3272,0.1699,0.3329,0.5729,0.4855
escalation,40958892,124131960,0,0,0.1668,0.196,0.1667,0.526,0.4858
escalation,40958892,151392750,1,0,0.3614,0.1314,0.3523,0.5144,0.4528
escalation,40958892,168074130,2,1,0.6107,0.3543,0.6022,0.564,0.5
escalation,40958892,170321598,3,1,0.4698,0.362,0.4694,0.6034,0.5141
escalation,40958892,182254548,4,1,0.5081,0.2511,0.5041,0.5904,0.4757
escalation,40958892,187966338,5,0,0.538,0.2796,0.5359,0.6047,0.5063
escalation,40958892,207867018,6,0,0.2171,0.2495,0.2127,0.5715,0.4748
escalation,40958892,213258882,7,0,0.269,0.2034,0.2599,0.5882,0.4951
escalation,40958892,215238630,8,0,0.3036,0.2585,0.2913,0.5867,0.4951
escalation,40958892,271029012,9,1,0.3245,0.2296,0.3196,0.6182,0.4908
escalation,40962348,128850810,0,0,0.2423,0.2831,0.2434,0.5248,0.4833
escalation,40962348,140215032,1,0,0.6354,0.5813,0.6314,0.5059,0.4732
escalation,40993488,157995564,0,0,0.2053,0.262,0.2053,0.5234,0.4838
escalation,40993488,163598364,1,1,0.3388,0.2982,0.3332,0.5163,0.454
escalation,40993488,168460476,2,0,0.4835,0.3994,0.475,0.5424,0.4878
escalation,40993488,169573116,3,1,0.2534,0.4107,0.2455,0.5678,0.5012
escalation,40993488,180523824,4,0,0.5604,0.4106,0.5543,0.5804,0.4762
escalation,40994550,126492144,0,0,0.387,0.3912,0.3895,0.5221,0.4979
escalation,40994550,143849070,1,0,0.2586,0.2424,0.2535,0.5375,0.4638
escalation,41003946,127963176,0,0,0.4421,0.3696,0.4419,0.537,0.4978
escalation,41003946,149071668,1,0,0.3371,0.2523,0.34,0.5486,0.4465
escalation,41013423,122575950,0,0,0.4522,0.4909,0.4539,0.5351,0.5066
escalation,41013423,125401416,1,0,0.2204,0.1674,0.2167,0.5927,0.48
escalation,41013423,152010138,2,1,0.1813,0.1251,0.1748,0.6207,0.5114
escalation,41026473,227414364,0,0,0.2187,0.3458,0.2166,0.5336,0.4981
escalation,41026473,239707260,1,1,0.7431,0.7778,0.7474,0.4994,0.5
escalation,41039298,123707592,0,0,0.2867,0.2535,0.2837,0.5272,0.4848
escalation,41039298,124793658,1,0,0.2703,0.1939,0.2647,0.5365,0.4581
escalation,41039298,125786988,2,0,0.1788,0.1587,0.1709,0.5739,0.4859
escalation,41039298,127166796,3,0,0.1379,0.1601,0.1349,0.6091,0.5041
escalation,41048685,150821004,0,0,0.2483,0.2515,0.2524,0.5427,0.4897
escalation,41048685,168349398,1,0,0.3589,0.2428,0.3564,0.5274,0.4568
escalation,41048685,179179038,2,0,0.5023,0.3621,0.4987,0.5581,0.4961
escalation,41073129,145608606,0,0,0.3633,0.3091,0.3738,0.5346,0.4972
escalation,41073129,149224626,1,0,0.476,0.4121,0.4836,0.5415,0.4781
escalation,41073129,189917988,2,1,0.4955,0.6838,0.4903,0.5499,0.52
escalation,41073129,249732240,3,0,0.1662,0.1168,0.1619,0.5803,0.4703
escalation,41073129,255924966,4,1,0.5809,0.2982,0.5689,0.6139,0.5102
escalation,41073129,284039490,5,0,0.4073,0.1257,0.3995,0.6232,0.4946
escalation,41073129,292036860,6,1,0.7311,0.6875,0.7281,0.5813,0.5305
escalation,41073129,370293380,7,0,0.1839,0.1018,0.1778,0.6045,0.4673
escalation,41095215,127245306,0,1,0.2921,0.3394,0.2951,0.5455,0.4971
escalation,41095215,147357204,1,0,0.4918,0.2512,0.4958,0.5572,0.4615
escalation,41095215,157234458,2,0,0.2744,0.3136,0.2717,0.5571,0.4937
escalation,41095215,158222046,3,0,0.3836,0.314,0.3765,0.5949,0.5016
escalation,41095215,162868104,4,0,0.3944,0.3057,0.3912,0.6221,0.4788
escalation,41095215,164149260,5,0,0.2537,0.1891,0.2456,0.5939,0.4847
escalation,41095215,165683490,6,0,0.3344,0.2916,0.3255,0.5957,0.4888
escalation,41095215,166327356,7,0,0.3549,0.1888,0.351,0.6191,0.4829
escalation,41095215,167228070,8,0,0.2711,0.2022,0.2634,0.5972,0.4851
escalation,41095215,169254270,9,0,0.3845,0.1861,0.381,0.6284,0.49
escalation,41103801,122051376,0,0,0.2359,0.27,0.2361,0.5259,0.487
escalation,41103801,208762422,1,0,0.3411,0.3008,0.3393,0.5289,0.4531
escalation,41103801,264404190,2,0,0.3356,0.3038,0.3334,0.5548,0.491
escalation,41108067,122826792,0,0,0.2741,0.264,0.2734,0.5338,0.4892
escalation,41108067,215607174,1,0,0.2594,0.209,0.253,0.5408,0.4616
escalation,41118804,199859040,0,1,0.4497,0.482,0.4608,0.5314,0.4967
escalation,41118804,289926786,1,0,0.461,0.5357,0.4728,0.5181,0.4519
escalation,41124366,139787232,0,1,0.4936,0.4907,0.4934,0.5342,0.5089
escalation,41124366,217139388,1,1,0.2808,0.1173,0.2698,0.585,0.4507
escalation,41124366,246457038,2,0,0.2937,0.1141,0.2976,0.6015,0.506
escalation,41124366,260346804,3,0,0.4827,0.2755,0.48,0.5962,0.4957
escalation,41124366,293628908,4,1,0.6649,0.5753,0.6623,0.6169,0.5248
escalation,41124366,304301210,5,0,0.2303,0.1208,0.22,0.6165,0.4907
escalation,41129856,184840812,0,1,0.4457,0.5251,0.4554,0.5326,0.5048
escalation,41129856,189404202,1,0,0.3071,0.3352,0.3005,0.5311,0.4621
escalation,41129856,192685842,2,0,0.5295,0.5438,0.5262,0.5572,0.5051
escalation,41129856,211879002,3,0,0.6138,0.6529,0.6247,0.6053,0.521
escalation,41129856,219411660,4,0,0.3615,0.2232,0.3567,0.62,0.4883
escalation,41144958,221736330,0,1,0.5067,0.4621,0.5078,0.5349,0.497
escalation,41144958,222204678,1,0,0.4147,0.4707,0.4101,0.5239,0.461
escalation,41164632,134973834,0,1,0.2888,0.259,0.2888,0.5329,0.4855
escalation,41164632,157280070,1,0,0.2006,0.1723,0.1916,0.5412,0.4588
escalation,41164632,163148730,2,1,0.537,0.45,0.5331,0.5675,0.5007
escalation,41172507,136582728,0,0,0.2092,0.2376,0.2075,0.5217,0.4825
escalation,41172507,137518110,1,1,0.6547,0.441,0.6525,0.5294,0.4863
escalation,41172507,157254150,2,0,0.3489,0.2879,0.3455,0.5581,0.476
escalation,41172507,176268480,3,1,0.3152,0.2001,0.3098,0.5957,0.4937
escalation,41198490,175629144,0,0,0.2275,0.2956,0.2292,0.534,0.4872
escalation,41198490,209324760,1,0,0.5902,0.4427,0.5893,0.5646,0.4884
escalation,41198490,224747070,2,1,0.3659,0.3365,0.36,0.5936,0.5158
escalation,41198922,260691870,0,1,0.4967,0.5448,0.5034,0.5325,0.5087
escalation,41198922,279576936,1,1,0.3104,0.1391,0.2999,0.5713,0.4678
escalation,41220999,146589504,0,0,0.3752,0.359,0.3687,0.5369,0.5006
escalation,41220999,166015896,1,1,0.753,0.6342,0.7517,0.5434,0.4874
escalation,41220999,177969306,2,1,0.2596,0.1439,0.2515,0.5947,0.4878
escalation,41220999,204873060,3,0,0.3599,0.1581,0.3586,0.6368,0.5111
escalation,41220999,208971264,4,0,0.2193,0.2585,0.2161,0.625,0.4932
escalation,41220999,288614628,5,1,0.3303,0.2347,0.3285,0.6273,0.4995
escalation,41220999,328442564,6,0,0.4422,0.2206,0.4412,0.6178,0.4941
escalation,41220999,352512356,7,0,0.2315,0.3635,0.2311,0.6142,0.4979
escalation,41220999,361947056,8,0,0.2132,0.3476,0.2137,0.6021,0.4925
escalation,41220999,377890562,9,1,0.5803,0.6379,0.5727,0.6103,0.516
escalation,41220999,423196760,10,0,0.402,0.252,0.4104,0.6106,0.5094
escalation,41227830,157592646,0,0,0.2052,0.1632,0.2035,0.525,0.4842
escalation,41227830,160193382,1,1,0.3161,0.2233,0.3031,0.5488,0.4766
escalation,41227830,167592120,2,1,0.4508,0.3308,0.4575,0.574,0.4897
escalation,41337981,188453508,0,0,0.3872,0.3424,0.3844,0.5384,0.4978
escalation,41337981,205060188,1,0,0.2374,0.1565,0.2299,0.5908,0.4888
escalation,41337981,208025466,2,1,0.1865,0.1145,0.1753,0.625,0.5208
escalation,41363946,188682432,0,0,0.3872,0.39,0.3967,0.5325,0.4924
escalation,41363946,199116792,1,0,0.4655,0.5366,0.4786,0.5155,0.4715
escalation,41363946,223667586,2,0,0.243,0.446,0.2485,0.5584,0.491
escalation,41363946,233585430,3,0,0.3965,0.4317,0.3968,0.59,0.4948
escalation,41363946,287638710,4,0,0.4273,0.4306,0.4315,0.608,0.492
escalation,41363946,289522152,5,0,0.6069,0.7262,0.6118,0.6016,0.532
escalation,41363946,332623994,6,1,0.4615,0.3367,0.46,0.6058,0.503
escalation,41363946,346123760,7,0,0.4694,0.1231,0.4701,0.6306,0.4862
escalation,41374089,220951584,0,0,0.4258,0.4986,0.4403,0.5418,0.5155
escalation,41374089,239659410,1,0,0.3747,0.2188,0.3787,0.5906,0.4916
escalation,41374089,267293130,2,0,0.2896,0.1439,0.2863,0.6184,0.5177
escalation,41375079,237642024,0,0,0.2867,0.1575,0.2841,0.525,0.4818
escalation,41375079,243602778,1,1,0.4387,0.3214,0.4245,0.5343,0.4897
escalation,41375079,281282592,2,0,0.337,0.2028,0.3246,0.5846,0.48
escalation,41392323,126867222,0,1,0.4992,0.4825,0.4999,0.5337,0.5033
escalation,41392323,174303864,1,0,0.2377,0.16,0.2265,0.5716,0.4474
escalation,41392323,327208262,2,0,0.2721,0.1783,0.2657,0.6013,0.4983
escalation,41436360,337208888,0,0,0.2288,0.2747,0.2274,0.5366,0.4921
escalation,41436360,365562272,1,1,0.2539,0.1478,0.2472,0.5409,0.4487
escalation,41439996,159664932,0,0,0.3512,0.3436,0.359,0.5311,0.4886
escalation,41439996,228446982,1,1,0.672,0.6955,0.6834,0.5211,0.4816
escalation,41446881,138809916,0,1,0.4542,0.476,0.457,0.5434,0.5092
escalation,41446881,146231160,1,0,0.1937,0.113,0.1855,0.5758,0.4439
escalation,41446881,212717442,2,0,0.4424,0.4213,0.4469,0.5938,0.5214
escalation,41492844,128071806,0,0,0.1842,0.1855,0.177,0.5216,0.4788
escalation,41492844,154240872,1,0,0.2524,0.1595,0.2487,0.524,0.4542
escalation,41492844,154950354,2,0,0.1719,0.1759,0.1654,0.537,0.4813
escalation,41492844,171897990,3,0,0.2662,0.4161,0.26,0.5709,0.5022
escalation,41513094,123131508,0,0,0.2802,0.3436,0.284,0.5315,0.4911
escalation,41513094,131096052,1,0,0.2353,0.1527,0.2341,0.5449,0.446
escalation,41513094,135500082,2,0,0.204,0.1294,0.2001,0.5867,0.4821
escalation,41513094,147876096,3,0,0.2673,0.1648,0.2717,0.6204,0.4982
escalation,41513094,151666524,4,0,0.3031,0.1953,0.2986,0.627,0.4963
escalation,41521959,125530398,0,0,0.3745,0.3278,0.3679,0.5309,0.4943
escalation,41521959,160993560,1,0,0.4826,0.3522,0.4558,0.5168,0.4647
escalation,41521959,175111626,2,0,0.3623,0.3322,0.3348,0.5499,0.5109
escalation,41521959,213527142,3,0,0.3935,0.3017,0.3632,0.5857,0.5004
escalation,41521959,223108380,4,1,0.2813,0.3987,0.258,0.6007,0.5052
escalation,41530635,123973620,0,0,0.4153,0.3966,0.4101,0.5281,0.4946
escalation,41530635,156482328,1,0,0.7372,0.7216,0.7326,0.5088,0.5039
escalation,41530635,179302278,2,1,0.5787,0.6478,0.5805,0.5498,0.5171
escalation,41539860,135932466,0,0,0.3959,0.364,0.3921,0.5156,0.4941
escalation,41539860,152882550,1,1,0.4661,0.4522,0.4373,0.4974,0.4866
escalation,41539860,162996168,2,1,0.2201,0.2279,0.2172,0.5157,0.4718
escalation,41539860,164998056,3,0,0.6068,0.566,0.603,0.5684,0.5084
escalation,41549157,154390248,0,0,0.3301,0.3402,0.3212,0.5285,0.4926
escalation,41549157,180981102,1,0,0.3147,0.3881,0.3257,0.5428,0.4763
escalation,41549157,183187860,2,1,0.2795,0.5341,0.2812,0.5724,0.5107
escalation,41549157,263092968,3,0,0.2626,0.354,0.2609,0.5873,0.4888
escalation,41553972,127951680,0,1,0.4025,0.3376,0.4027,0.5299,0.4922
escalation,41553972,160687926,1,0,0.2942,0.1388,0.29,0.5387,0.4517
escalation,41572638,189743556,0,0,0.3588,0.3575,0.3574,0.5356,0.493
escalation,41572638,274779480,1,0,0.33,0.2069,0.3258,0.5423,0.45
escalation,41572638,334883846,2,0,0.271,0.1525,0.2691,0.5821,0.4913
escalation,41612751,125497560,0,0,0.4258,0.3459,0.4259,0.5372,0.4943
escalation,41612751,160590828,1,1,0.3425,0.3102,0.3341,0.5417,0.4647
escalation,41617368,159326820,0,1,0.3094,0.2869,0.3062,0.5252,0.4843
escalation,41617368,169405782,1,1,0.5593,0.3669,0.5661,0.5474,0.4691
escalation,41617368,178571748,2,0,0.4705,0.4525,0.4938,0.5723,0.4927
escalation,41617368,181109088,3,0,0.31,0.3915,0.3121,0.5874,0.4895
escalation,41617368,186785964,4,1,0.2928,0.2951,0.2918,0.5975,0.4817
escalation,41617368,187603110,5,0,0.5868,0.4276,0.5983,0.6094,0.5033
escalation,41617368,189916056,6,1,0.3967,0.5295,0.4019,0.5712,0.4903
escalation,41617368,194391666,7,0,0.5028,0.4931,0.5108,0.6057,0.4884
escalation,41617368,198341616,8,1,0.2765,0.5228,0.2853,0.5862,0.4931
escalation,41617368,200161854,9,0,0.5418,0.4631,0.554,0.6087,0.4947
escalation,41617368,201563562,10,0,0.3169,0.5248,0.321,0.5674,0.4931
escalation,41617368,210511290,11,0,0.3127,0.3846,0.3246,0.5934,0.4946
escalation,41617368,219350982,12,1,0.3194,0.3164,0.3248,0.5998,0.4885
escalation,41617368,226240044,13,0,0.5054,0.3463,0.5164,0.5975,0.4929
escalation,41617368,246885234,14,0,0.2896,0.485,0.2963,0.5895,0.5037
escalation,41624226,234023082,0,0,0.4075,0.4952,0.4132,0.5351,0.5007
escalation,41624226,252381744,1,0,0.4033,0.4285,0.4035,0.5356,0.4579
escalation,41659506,169427958,0,0,0.2371,0.309,0.2372,0.5335,0.4865
escalation,41659506,174620724,1,1,0.2719,0.1857,0.2581,0.505,0.4425
escalation,41694273,126254244,0,1,0.3447,0.3957,0.3474,0.5289,0.492
escalation,41694273,126908616,1,0,0.4547,0.492,0.4605,0.5299,0.4707
escalation,41694273,154135932,2,0,0.2794,0.5269,0.2843,0.5477,0.4866
escalation,41698647,291377784,0,1,0.3353,0.3133,0.3381,0.5323,0.4896
escalation,41698647,354329708,1,1,0.512,0.2571,0.5185,0.5541,0.4594
escalation,41710878,150098418,0,1,0.4995,0.5545,0.5007,0.5366,0.5089
escalation,41710878,274566888,1,0,0.247,0.1237,0.2333,0.5657,0.4278
escalation,41710878,275283642,2,0,0.2986,0.1306,0.2914,0.5823,0.5024
escalation,41710878,278103132,3,0,0.3571,0.1353,0.3539,0.6136,0.4994
escalation,41710878,284762202,4,0,0.3072,0.208,0.2986,0.6134,0.5009
escalation,41717169,149076378,0,0,0.4577,0.4021,0.453,0.5256,0.5043
escalation,41717169,162152328,1,0,0.3463,0.2721,0.3357,0.5038,0.4575
escalation,41717169,180944694,2,0,0.3313,0.3278,0.3214,0.5432,0.4935
escalation,41717169,181831680,3,0,0.2201,0.3184,0.2077,0.5732,0.5011
escalation,41717169,221190216,4,0,0.4238,0.5208,0.4015,0.597,0.5047
escalation,41717169,224499342,5,1,0.2651,0.3802,0.2425,0.5917,0.5016
escalation,41717169,227504718,6,0,0.2895,0.2555,0.2804,0.5753,0.4707
escalation,41717169,239894058,7,1,0.4684,0.3491,0.4487,0.6122,0.5007
escalation,41717169,242543544,8,1,0.1788,0.1352,0.1684,0.587,0.4739
escalation,41717169,254505132,9,0,0.2686,0.2382,0.2556,0.6307,0.493
escalation,41717169,360852134,10,0,0.1633,0.1722,0.1608,0.5933,0.4912
escalation,41717169,377327618,11,1,0.6016,0.3,0.588,0.6004,0.5265
escalation,41717169,391332110,12,0,0.2867,0.2073,0.2845,0.6028,0.4923
escalation,41717169,393125456,13,1,0.3809,0.3465,0.3747,0.588,0.5088
escalation,41812623,167563320,0,0,0.3272,0.3419,0.3257,0.5289,0.4868
escalation,41812623,327797180,1,1,0.317,0.304,0.3164,0.538,0.4681
escalation,41819382,251248164,0,1,0.4387,0.407,0.4453,0.5266,0.4969
escalation,41819382,265861956,1,0,0.1721,0.1492,0.1668,0.5129,0.4453
escalation,41819382,279899658,2,1,0.5142,0.3438,0.5104,0.5587,0.5074
escalation,41843502,131099352,0,1,0.2792,0.2463,0.2783,0.5297,0.4844
escalation,41843502,147841632,1,0,0.2813,0.1845,0.282,0.5383,0.4633
escalation,41843502,161695404,2,0,0.2052,0.2509,0.2023,0.5475,0.4797
escalation,41843502,165256170,3,0,0.2369,0.1893,0.2354,0.5944,0.5061
escalation,41843502,188045562,4,0,0.2862,0.179,0.2824,0.6077,0.4906
escalation,41843502,214494288,5,0,0.1793,0.1714,0.1794,0.6,0.4942
escalation,41843502,227249052,6,1,0.5698,0.5266,0.5716,0.5924,0.5001
escalation,41843502,237029310,7,0,0.2298,0.2099,0.2369,0.6126,0.4915
escalation,41843502,257201034,8,0,0.3761,0.4373,0.3747,0.587,0.4904
escalation,41868882,173639160,0,0,0.2797,0.3791,0.2837,0.5307,0.4931
escalation,41868882,177251040,1,0,0.2775,0.2324,0.274,0.5512,0.4569
escalation,41868882,222397704,2,0,0.3006,0.2027,0.2986,0.5874,0.4799
escalation,41915394,239132658,0,1,0.2758,0.3699,0.2706,0.5318,0.4919
escalation,41915394,241127670,1,0,0.1864,0.268,0.182,0.519,0.4561
escalation,41915394,241714206,2,0,0.1992,0.2256,0.19,0.5554,0.4888
escalation,41915394,244546710,3,1,0.6154,0.4501,0.5855,0.5973,0.5228
escalation,41954157,229012710,0,0,0.2694,0.1916,0.2694,0.5364,0.4817
escalation,41954157,249904122,1,1,0.4828,0.2159,0.476,0.5177,0.4531
escalation,41968026,122813610,0,0,0.3688,0.3996,0.3556,0.5248,0.4997
escalation,41968026,156574572,1,1,0.3511,0.2535,0.3359,0.5464,0.472
escalation,41984613,127290774,0,0,0.3194,0.3065,0.3071,0.53,0.494
escalation,41984613,166887504,1,0,0.2323,0.1849,0.2198,0.5517,0.4642
escalation,41984613,223206318,2,1,0.2253,0.1788,0.2097,0.5801,0.4933
escalation,41999229,248946666,0,0,0.1706,0.1768,0.1723,0.5256,0.4846
escalation,41999229,258577068,1,0,0.1341,0.1375,0.1342,0.5084,0.4549
escalation,42026634,222512370,0,0,0.21,0.287,0.2103,0.5278,0.4838
escalation,42026634,230879628,1,1,0.2145,0.1931,0.2112,0.5211,0.4518
escalation,42026634,232921752,2,1,0.4607,0.3325,0.4608,0.5699,0.496
escalation,42055272,240723804,0,1,0.4282,0.4355,0.4287,0.5382,0.5021
escalation,42055272,246836364,1,0,0.2498,0.127,0.2332,0.5699,0.4384
escalation,42055272,252172152,2,0,0.2906,0.5542,0.2912,0.5918,0.5322
escalation,42055272,252790854,3,1,0.248,0.1965,0.2376,0.6277,0.5209
escalation,42055272,266039442,4,1,0.2164,0.1091,0.2073,0.6392,0.4792
escalation,42055272,313120904,5,0,0.1056,0.0678,0.1035,0.6338,0.4802
escalation,42055272,422638592,6,1,0.4333,0.164,0.4272,0.6138,0.5113
escalation,42074262,167049456,0,1,0.4332,0.4193,0.4376,0.5228,0.4931
escalation,42074262,189170580,1,0,0.4383,0.4832,0.4415,0.5254,0.4674
escalation,42074262,305417162,2,0,0.2866,0.4692,0.2883,0.5301,0.4818
escalation,42092028,123308340,0,0,0.2458,0.2086,0.2424,0.5214,0.4806
escalation,42092028,125068608,1,1,0.2764,0.1403,0.2728,0.5496,0.4648
escalation,42092028,163142118,2,1,0.4539,0.2697,0.4549,0.5871,0.4932
escalation,42405741,125540946,0,0,0.3815,0.3733,0.3887,0.5271,0.4915
escalation,42405741,127367688,1,0,0.2034,0.2512,0.2052,0.5033,0.4499
escalation,42405741,128239476,2,1,0.375,0.3106,0.371,0.5526,0.4947
escalation,42405741,143647194,3,0,0.5605,0.4569,0.5704,0.5994,0.502
escalation,42405741,149922882,4,0,0.3194,0.4371,0.3205,0.5828,0.4825
escalation,42405741,158938128,5,0,0.3307,0.3815,0.3322,0.5964,0.4864
escalation,42417216,162988350,0,0,0.3738,0.3202,0.3778,0.5269,0.4864
escalation,42417216,166236300,1,0,0.2593,0.291,0.2563,0.5059,0.4592
escalation,42417216,252734652,2,0,0.2665,0.478,0.2646,0.5347,0.4929
escalation,42417216,265797444,3,1,0.5965,0.6428,0.5922,0.572,0.5171
escalation,42417216,281855334,4,1,0.1366,0.2139,0.1321,0.5873,0.4731
escalation,42428034,206262714,0,0,0.2148,0.2558,0.2201,0.5265,0.4878
escalation,42428034,208757466,1,0,0.5097,0.4939,0.5061,0.5197,0.4704
escalation,42429465,140527332,0,0,0.2377,0.2499,0.2395,0.5301,0.4853
escalation,42429465,180673188,1,0,0.2689,0.1944,0.2697,0.5453,0.4612
escalation,42429465,224960340,2,0,0.3813,0.2056,0.3793,0.5716,0.4869
escalation,42429465,226624302,3,0,0.3765,0.2143,0.3687,0.617,0.5132
escalation,42431004,154404762,0,0,0.3229,0.3619,0.3282,0.5386,0.5018
escalation,42431004,185521350,1,0,0.1511,0.1154,0.1463,0.5909,0.473
escalation,42431004,219860496,2,0,0.2034,0.1114,0.1998,0.6236,0.5225
escalation,42431004,240146250,3,0,0.169,0.0928,0.1667,0.6437,0.5166
escalation,42431004,252760626,4,0,0.1433,0.0982,0.1428,0.6609,0.5177
escalation,42477804,280601664,0,1,0.5427,0.5174,0.5484,0.5307,0.5093
escalation,42477804,286710672,1,0,0.1271,0.1122,0.1177,0.5661,0.446
escalation,42514911,241739190,0,1,0.3987,0.3067,0.4034,0.5231,0.4864
escalation,42514911,262809066,1,0,0.4732,0.5015,0.4639,0.5076,0.4565
escalation,42562350,122344506,0,0,0.3977,0.4518,0.4042,0.5153,0.4974
escalation,42562350,194611770,1,0,0.2045,0.3672,0.2031,0.5229,0.4586
escalation,42567840,145390110,0,1,0.5816,0.5557,0.5836,0.5273,0.5065
escalation,42567840,149710110,1,0,0.3867,0.1389,0.3748,0.5765,0.4459
escalation,42567840,153038412,2,1,0.4376,0.3022,0.4278,0.5798,0.4884
escalation,42567840,158721696,3,0,0.385,0.1812,0.3885,0.6175,0.4961
escalation,42567840,170049012,4,1,0.3599,0.2783,0.3519,0.6096,0.4896
escalation,42567840,228264894,5,0,0.302,0.194,0.2994,0.6301,0.487
escalation,42567840,274126794,6,0,0.372,0.312,0.3632,0.5743,0.4734
escalation,42567840,278444052,7,1,0.2925,0.215,0.2864,0.6014,0.4865
escalation,42567840,282613998,8,0,0.4553,0.314,0.4598,0.6036,0.4993
escalation,42567840,333180422,9,1,0.5422,0.4143,0.5441,0.6035,0.4878
escalation,42567840,354242258,10,0,0.2991,0.2294,0.3055,0.5892,0.4906
escalation,42572835,148511670,0,0,0.3423,0.4195,0.3359,0.5313,0.4973
escalation,42572835,150181716,1,1,0.3295,0.3295,0.3136,0.5329,0.4691
escalation,42572835,154084206,2,0,0.1326,0.1975,0.1297,0.5764,0.4772
escalation,42586209,269709030,0,0,0.1156,0.1393,0.114,0.523,0.471
escalation,42586209,423181094,1,0,0.3663,0.1349,0.3662,0.5455,0.4544
escalation,42603903,282226842,0,0,0.3864,0.3564,0.3887,0.5329,0.4974
escalation,42603903,285782352,1,0,0.3198,0.223,0.3184,0.5549,0.4714
escalation,42603903,290365986,2,0,0.2474,0.2648,0.2441,0.574,0.5002
escalation,42672762,191435850,0,1,0.3423,0.353,0.3446,0.531,0.4898
escalation,42672762,196718358,1,0,0.4558,0.158,0.45,0.5458,0.4486
escalation,42674526,282689532,0,1,0.3978,0.3682,0.4092,0.5247,0.4954
escalation,42674526,284168880,1,0,0.179,0.1499,0.1725,0.5172,0.4496
escalation,42679179,137183766,0,0,0.4639,0.508,0.4599,0.5397,0.5134
escalation,42679179,153588762,1,0,0.2916,0.1523,0.2767,0.5848,0.4787
escalation,42679179,155649570,2,0,0.4189,0.1864,0.411,0.6128,0.531
escalation,42679179,166888962,3,0,0.2481,0.2133,0.2402,0.6249,0.5198
escalation,42698403,153411714,0,1,0.3571,0.293,0.3558,0.5256,0.486
escalation,42698403,271405350,1,0,0.252,0.1545,0.2446,0.5477,0.4515
escalation,42698403,273302988,2,1,0.3203,0.3817,0.3101,0.5596,0.4907
escalation,42703308,183948012,0,0,0.2403,0.2213,0.2391,0.5308,0.4862
escalation,42703308,188700996,1,0,0.1881,0.1495,0.1889,0.5354,0.4625
escalation,42703308,217244136,2,1,0.491,0.3067,0.4813,0.5557,0.494
escalation,42703308,326678384,3,0,0.4445,0.2788,0.4355,0.594,0.5086
escalation,42733629,210837720,0,1,0.19,0.1479,0.191,0.5271,0.479
escalation,42733629,227127894,1,1,0.5736,0.3411,0.5758,0.5482,0.4806
escalation,42733629,251033874,2,0,0.3835,0.5137,0.4002,0.5618,0.5003
escalation,42878844,124180872,0,0,0.3251,0.3944,0.3264,0.5324,0.4909
escalation,42878844,131108526,1,0,0.3398,0.3628,0.3434,0.5358,0.4564
escalation,42971427,158043624,0,1,0.442,0.4128,0.4451,0.5372,0.5007
escalation,42971427,161223828,1,0,0.1511,0.1331,0.148,0.5324,0.4505
escalation,42980841,283518030,0,0,0.3327,0.318,0.3393,0.5381,0.4873
escalation,42980841,311324276,1,0,0.525,0.5267,0.523,0.5218,0.4671
escalation,43033239,145129746,0,0,0.3061,0.2886,0.3013,0.5305,0.4896
escalation,43033239,146141700,1,1,0.3748,0.3811,0.3674,0.5099,0.4642
escalation,43033239,150160314,2,1,0.2381,0.2421,0.2296,0.5464,0.4858
escalation,43040187,313120976,0,1,0.4479,0.4738,0.4545,0.5315,0.4982
escalation,43040187,370822142,1,1,0.4028,0.3583,0.4105,0.5353,0.4517
escalation,43152012,199153692,0,0,0.2484,0.1657,0.2539,0.5412,0.4882
escalation,43152012,223298010,1,0,0.495,0.1743,0.4898,0.5325,0.4558
escalation,43172766,262368522,0,0,0.2699,0.2264,0.2709,0.5273,0.4851
escalation,43172766,309061250,1,1,0.7666,0.6365,0.7744,0.5475,0.4969
escalation,43172766,362566250,2,0,0.3025,0.2503,0.3128,0.5634,0.4825
escalation,43277841,128261808,0,1,0.176,0.181,0.1728,0.5199,0.4777
escalation,43277841,130199844,1,0,0.4408,0.2761,0.4414,0.5309,0.4679
escalation,43285095,163695684,0,1,0.2735,0.2423,0.2693,0.5315,0.4886
escalation,43285095,166998696,1,0,0.549,0.2699,0.545,0.5498,0.465
escalation,43352388,160703064,0,0,0.277,0.2335,0.2747,0.5235,0.4846
escalation,43352388,207482448,1,0,0.3151,0.197,0.317,0.5467,0.4608
escalation,43393878,168766698,0,0,0.6009,0.5384,0.6105,0.5344,0.5053
escalation,43393878,181456128,1,0,0.2656,0.5394,0.2715,0.5034,0.4612
escalation,43393878,182786496,2,1,0.2862,0.5515,0.2804,0.545,0.4977
escalation,43407630,190606296,0,0,0.4082,0.443,0.4099,0.5315,0.4937
escalation,43407630,193607490,1,0,0.2388,0.4381,0.2391,0.5183,0.456
escalation,43407630,202795278,2,0,0.2722,0.2497,0.2667,0.5537,0.4725
escalation,43407630,265208592,3,0,0.2101,0.2466,0.2076,0.6029,0.5054
escalation,43437807,276066186,0,0,0.406,0.5083,0.4191,0.5346,0.5006
escalation,43437807,277803636,1,1,0.3578,0.4768,0.3608,0.5079,0.4568
escalation,43458741,127283064,0,0,0.3225,0.2872,0.3217,0.5325,0.4895
escalation,43458741,153035184,1,1,0.6777,0.6474,0.6799,0.5568,0.5041
escalation,43458741,156998286,2,1,0.3666,0.1893,0.3637,0.6054,0.4893
escalation,43496271,169272096,0,0,0.1906,0.2658,0.1906,0.5259,0.4868
escalation,43496271,277152438,1,0,0.2951,0.2534,0.2902,0.5233,0.4467
escalation,43496271,277525818,2,0,0.2841,0.2114,0.2752,0.55,0.4827
escalation,43505478,277437060,0,1,0.3785,0.5394,0.3835,0.5409,0.5054
escalation,43505478,279273606,1,0,0.2025,0.3563,0.2073,0.5032,0.4568
escalation,43505478,284290590,2,1,0.5197,0.4825,0.5203,0.5495,0.4902
escalation,43540884,247388442,0,0,0.3894,0.3796,0.3966,0.5313,0.496
escalation,43540884,257657220,1,0,0.3014,0.4407,0.3049,0.5332,0.4857
escalation,43589439,164471886,0,0,0.2881,0.3177,0.2937,0.5292,0.4881
escalation,43589439,311383016,1,0,0.1261,0.2051,0.1292,0.5066,0.4529
escalation,43703181,166876620,0,1,0.2928,0.2422,0.2943,0.5307,0.4857
escalation,43703181,282648210,1,1,0.309,0.2759,0.3012,0.5326,0.4603
escalation,43703181,293088732,2,0,0.5629,0.2875,0.552,0.5678,0.4962
escalation,43703595,147269202,0,0,0.3822,0.4366,0.3885,0.5283,0.5016
escalation,43703595,176316198,1,0,0.3139,0.4676,0.3224,0.5162,0.4755
escalation,43738722,149762082,0,1,0.5478,0.5242,0.5557,0.5438,0.5111
escalation,43738722,289556214,1,0,0.2943,0.1212,0.2902,0.5829,0.4489
escalation,43764561,163401636,0,0,0.3071,0.3722,0.3069,0.5241,0.4961
escalation,43764561,194636364,1,1,0.2523,0.312,0.245,0.5431,0.4744
escalation,43776378,158279670,0,1,0.3752,0.2838,0.382,0.5432,0.4967
escalation,43776378,161497218,1,1,0.2571,0.1888,0.2547,0.5487,0.4635
escalation,43776378,164941470,2,0,0.3268,0.2068,0.3213,0.5824,0.4948
escalation,43776378,168732252,3,0,0.1652,0.199,0.1677,0.5827,0.4932
escalation,43802271,164259030,0,1,0.54,0.4631,0.5431,0.5451,0.5119
escalation,43802271,166312272,1,0,0.327,0.1551,0.3135,0.5829,0.4739
escalation,43802271,171417132,2,1,0.4731,0.3022,0.4775,0.6116,0.5141
escalation,43802271,236733582,3,1,0.4034,0.2914,0.4022,0.6127,0.4955
escalation,43802271,242247384,4,0,0.4419,0.2674,0.4399,0.64,0.4967
escalation,43802271,244085442,5,1,0.542,0.6943,0.5431,0.592,0.5203
escalation,43822935,156536460,0,0,0.2097,0.2318,0.2099,0.5271,0.4994
escalation,43822935,157001526,1,0,0.1978,0.1407,0.2025,0.5601,0.4725
escalation,43822935,192984684,2,0,0.1905,0.201,0.1926,0.5783,0.5046
escalation,43822935,194670726,3,1,0.1974,0.1934,0.1945,0.6048,0.5196
escalation,43834014,157516368,0,1,0.4479,0.476,0.457,0.5315,0.4959
escalation,43834014,160583412,1,0,0.2215,0.2275,0.2263,0.5061,0.4289
escalation,43834014,162385392,2,1,0.4867,0.5464,0.4774,0.5409,0.4996
escalation,43868286,159910344,0,1,0.5293,0.4578,0.5347,0.5329,0.5035
escalation,43868286,162534948,1,1,0.3411,0.2,0.3296,0.5747,0.4618
escalation,43868286,169709022,2,0,0.4056,0.3872,0.4198,0.5903,0.5007
escalation,43868286,170541888,3,0,0.2769,0.4269,0.2741,0.5742,0.4902
escalation,43912719,177389466,0,0,0.4122,0.2879,0.4149,0.5287,0.487
escalation,43912719,195562494,1,0,0.34,0.3506,0.3363,0.5047,0.4544
escalation,43912719,196356906,2,1,0.2647,0.2948,0.2546,0.541,0.4864
escalation,43912719,207920970,3,1,0.5015,0.4985,0.4992,0.5973,0.5147
escalation,43912719,210643356,4,0,0.2747,0.361,0.2732,0.5877,0.4792
escalation,43914834,239081268,0,0,0.2446,0.2768,0.2457,0.533,0.4951
escalation,43914834,251017818,1,0,0.3568,0.2108,0.3562,0.5192,0.4573
escalation,43920450,144824382,0,1,0.4197,0.3912,0.4134,0.528,0.4901
escalation,43920450,161249208,1,0,0.2295,0.1919,0.2303,0.5351,0.4524
escalation,43920450,174798864,2,0,0.3619,0.3657,0.3532,0.5411,0.4861
escalation,43920450,184389492,3,0,0.2712,0.33,0.2664,0.5736,0.4933
escalation,43960959,171206166,0,0,0.3294,0.2037,0.3378,0.5238,0.4874
escalation,43960959,173196750,1,0,0.2687,0.155,0.2636,0.5319,0.4592
escalation,44163522,192369780,0,0,0.4504,0.4245,0.4544,0.5328,0.4961
escalation,44163522,193625820,1,1,0.6354,0.5103,0.6261,0.5514,0.4967
escalation,44171343,189903876,0,0,0.1634,0.1333,0.164,0.53,0.4744
escalation,44171343,201804210,1,1,0.2752,0.1938,0.2734,0.5042,0.4533
escalation,44317233,210033234,0,0,0.4755,0.5859,0.485,0.5204,0.502
escalation,44317233,216436380,1,0,0.36,0.5723,0.354,0.4844,0.4746
escalation,44524836,241322622,0,1,0.4814,0.4404,0.4841,0.5301,0.506
escalation,44524836,249926460,1,1,0.3259,0.1288,0.3212,0.5854,0.4638
escalation,44524836,276879024,2,1,0.3822,0.249,0.3754,0.5914,0.5067
escalation,44570664,243350880,0,1,0.3672,0.3962,0.3722,0.5316,0.4982
escalation,44570664,276076998,1,1,0.3809,0.2291,0.371,0.5357,0.4638
escalation,44577585,342531398,0,0,0.2827,0.3263,0.282,0.5418,0.4923
escalation,44577585,352512422,1,0,0.2925,0.1915,0.2946,0.5601,0.4649
escalation,44616618,248050260,0,1,0.3647,0.391,0.3785,0.5327,0.4903
escalation,44616618,252239778,1,0,0.54,0.5182,0.5428,0.5233,0.4641
escalation,44616618,285873912,2,0,0.1633,0.3925,0.165,0.5267,0.4737
escalation,44616618,382530068,3,0,0.1603,0.2109,0.1602,0.5838,0.4812
escalation,44616618,399577706,4,1,0.1919,0.3203,0.1916,0.6033,0.4832
escalation,44761905,184639530,0,1,0.5041,0.5286,0.5237,0.5327,0.5005
escalation,44761905,209816478,1,1,0.6119,0.6393,0.6277,0.5164,0.4622
escalation,44795799,275725542,0,1,0.505,0.4827,0.5029,0.5329,0.5023
escalation,44795799,367308032,1,0,0.2991,0.1104,0.2963,0.5847,0.4712
escalation,44934390,250677762,0,1,0.3032,0.3569,0.3105,0.536,0.4927
escalation,44934390,270917046,1,0,0.5146,0.3663,0.5255,0.5533,0.4713
escalation,44934390,274588542,2,1,0.3592,0.4822,0.3569,0.547,0.4895
escalation,44934390,276035958,3,1,0.5497,0.3234,0.5503,0.6054,0.502
escalation,45186291,169321308,0,1,0.3935,0.3398,0.3949,0.53,0.4942
escalation,45186291,273331632,1,0,0.1812,0.1708,0.1732,0.5219,0.4424
escalation,45186291,330226958,2,1,0.6211,0.4565,0.6134,0.5547,0.5145
escalation,45316629,217381908,0,1,0.3277,0.3614,0.322,0.5332,0.5015
escalation,45316629,234798966,1,0,0.1871,0.1479,0.1806,0.5605,0.455
escalation,45316629,267161982,2,1,0.5431,0.4697,0.5347,0.5675,0.5201
escalation,45316629,360217112,3,1,0.3283,0.2017,0.3208,0.603,0.4944
escalation,45339687,237223566,0,0,0.1352,0.1073,0.1356,0.5157,0.4736
escalation,45339687,249730998,1,1,0.6094,0.6661,0.6163,0.5277,0.5032
escalation,45339687,251020524,2,0,0.1971,0.1046,0.1854,0.576,0.477
escalation,45339687,267514644,3,0,0.2438,0.1,0.2408,0.6201,0.502
escalation,45339687,270028974,4,0,0.2028,0.1025,0.1974,0.6242,0.4763
escalation,45351819,282917928,0,1,0.4609,0.4267,0.4708,0.5322,0.494
escalation,45351819,311356142,1,1,0.4084,0.4161,0.4088,0.5166,0.465
escalation,45460044,273263310,0,1,0.2908,0.4011,0.2995,0.5349,0.4959
escalation,45460044,390214568,1,1,0.3779,0.4724,0.3846,0.5127,0.4512
escalation,45528174,132762936,0,0,0.2117,0.2044,0.2129,0.5256,0.4811
escalation,45528174,150384936,1,0,0.6307,0.3382,0.6224,0.5103,0.4721
escalation,45575883,361328510,0,0,0.4593,0.3327,0.4615,0.5347,0.4972
escalation,45575883,369705920,1,0,0.348,0.283,0.3401,0.5295,0.4646
escalation,45788976,150089904,0,0,0.2068,0.2085,0.212,0.5155,0.4774
escalation,45788976,157165590,1,1,0.3922,0.4637,0.3946,0.5216,0.467
escalation,45788976,164269002,2,0,0.2014,0.1895,0.2034,0.5366,0.4558
escalation,45788976,164878032,3,0,0.2132,0.1924,0.2097,0.5698,0.4959
escalation,45828945,215959692,0,0,0.1283,0.203,0.1309,0.5232,0.4811
escalation,45828945,243650988,1,0,0.3363,0.1516,0.3335,0.5161,0.4449
escalation,45828945,249103548,2,0,0.2085,0.1446,0.2035,0.5618,0.4842
escalation,45828945,255959130,3,0,0.178,0.0963,0.1763,0.5969,0.4777
escalation,46020915,292932990,0,0,0.5695,0.6144,0.5763,0.5424,0.5162
escalation,46020915,329593052,1,0,0.2776,0.2592,0.2725,0.585,0.482
escalation,46020915,384887420,2,0,0.2608,0.2016,0.2543,0.6157,0.5207
escalation,46020915,401381174,3,0,0.315,0.2178,0.3136,0.6404,0.533
escalation,46020915,430762784,4,0,0.3692,0.2658,0.3529,0.6531,0.5132
escalation,46205730,179130624,0,1,0.5213,0.5747,0.5423,0.5386,0.5067
escalation,46205730,224129148,1,0,0.5159,0.6984,0.5307,0.5008,0.4653
escalation,46205730,280906938,2,0,0.3274,0.5952,0.3332,0.5111,0.4883
escalation,47738907,138242124,0,1,0.4133,0.4466,0.4225,0.5258,0.5006
escalation,47738907,242855946,1,0,0.1388,0.1823,0.1371,0.5281,0.4411
escalation,48357954,257719260,0,1,0.3934,0.3231,0.4054,0.5316,0.4901
escalation,48357954,293112756,1,1,0.2788,0.308,0.2811,0.5281,0.4587
escalation,48402351,167129490,0,0,0.5938,0.386,0.5838,0.5306,0.4921
escalation,48402351,230248788,1,1,0.7082,0.7006,0.704,0.504,0.4898
escalation,48402351,230861178,2,0,0.1703,0.1111,0.1605,0.5792,0.4748
escalation,49069395,189146382,0,0,0.5476,0.494,0.5496,0.5301,0.5018
escalation,49069395,208271052,1,1,0.2346,0.3278,0.2349,0.525,0.4463
escalation,49122450,163472952,0,0,0.2872,0.231,0.2829,0.53,0.4822
escalation,49122450,316588568,1,0,0.1906,0.1798,0.1868,0.5374,0.4492
escalation,49122450,424363346,2,0,0.1494,0.1218,0.143,0.5702,0.4806
escalation,49465476,131822748,0,0,0.2599,0.1571,0.2581,0.5241,0.4758
escalation,49465476,146681934,1,0,0.164,0.1341,0.1662,0.5386,0.4407
escalation,50293827,150452976,0,0,0.162,0.1775,0.1639,0.529,0.4842
escalation,50293827,197157720,1,0,0.1988,0.2575,0.1989,0.5344,0.4629
escalation,50293827,201778872,2,0,0.5167,0.2343,0.5158,0.5604,0.5022
escalation,50293827,218612208,3,0,0.4138,0.2624,0.4162,0.6044,0.5003
escalation,50293827,248862180,4,0,0.5246,0.2599,0.5216,0.6124,0.4825
escalation,50293827,258234456,5,0,0.3176,0.1853,0.3172,0.6141,0.4892
escalation,50293827,260914308,6,1,0.5715,0.335,0.5674,0.6005,0.4983
escalation,50293827,264758442,7,0,0.2942,0.217,0.2984,0.6127,0.4911
escalation,50293827,282374190,8,0,0.1985,0.1546,0.1948,0.5929,0.4852
escalation,50293827,288106332,9,0,0.3433,0.1958,0.3359,0.6128,0.4936
escalation,50780430,173323290,0,0,0.421,0.5325,0.4341,0.5269,0.5103
escalation,50780430,178953468,1,0,0.3406,0.4874,0.3432,0.5106,0.4806
escalation,50780430,182210148,2,0,0.3978,0.5511,0.3972,0.5403,0.5047
escalation,50780430,184629702,3,0,0.301,0.3875,0.3062,0.5773,0.5025
escalation,50784651,270063924,0,1,0.3474,0.2201,0.3516,0.5279,0.4833
escalation,50784651,279116220,1,0,0.2488,0.2637,0.2515,0.5194,0.4698
escalation,50784651,293754104,2,1,0.6227,0.5866,0.6271,0.5596,0.5053
escalation,50961195,152943000,0,0,0.3521,0.3119,0.3517,0.534,0.4887
escalation,50961195,153992070,1,0,0.2118,0.2119,0.2111,0.5479,0.4637
escalation,51508710,136792764,0,1,0.3481,0.2658,0.3416,0.5267,0.484
escalation,51508710,182794542,1,0,0.1698,0.1251,0.1722,0.5325,0.4488
escalation,51508710,213768936,2,0,0.1975,0.1276,0.1986,0.5514,0.4848
escalation,51508710,239387382,3,0,0.217,0.134,0.2133,0.5757,0.4901
escalation,51508710,241819206,4,0,0.1988,0.135,0.1944,0.5827,0.4762
escalation,51508710,249667230,5,1,0.7823,0.7513,0.7928,0.5871,0.5302
escalation,51656850,142487946,0,0,0.2954,0.3642,0.3004,0.5356,0.4916
escalation,51656850,145922724,1,0,0.176,0.2312,0.1749,0.5279,0.4582
escalation,51738777,202721886,0,1,0.5616,0.5391,0.5633,0.5348,0.5132
escalation,51738777,267325308,1,0,0.2158,0.1123,0.199,0.5696,0.4477
escalation,51748416,212197506,0,0,0.1555,0.1685,0.1562,0.5177,0.48
escalation,51748416,234860490,1,0,0.3139,0.2682,0.3147,0.508,0.463
escalation,51790383,145881300,0,1,0.4371,0.4018,0.4505,0.529,0.4948
escalation,51790383,152610978,1,0,0.212,0.097,0.2033,0.5572,0.4404
escalation,51790383,159519948,2,1,0.4922,0.4941,0.4932,0.5905,0.5116
escalation,51790383,160336848,3,0,0.1183,0.0863,0.1087,0.6198,0.474
escalation,51790383,163083588,4,1,0.4986,0.3781,0.4899,0.6232,0.5122
escalation,51790383,166662528,5,0,0.1616,0.0781,0.1543,0.6204,0.467
escalation,52120179,201520644,0,0,0.351,0.3032,0.3545,0.5314,0.4855
escalation,52120179,214252956,1,0,0.2221,0.2506,0.2289,0.5179,0.4557
escalation,52188723,171410334,0,0,0.3018,0.1949,0.2975,0.5236,0.4802
escalation,52188723,384849080,1,0,0.1427,0.1389,0.1417,0.5466,0.4523
escalation,52206939,107159184,0,0,0.2883,0.3097,0.2896,0.5309,0.5019
escalation,52206939,129334068,1,1,0.2627,0.1567,0.26,0.5956,0.493
escalation,52211736,233478672,0,1,0.4434,0.3709,0.4459,0.5259,0.4926
escalation,52211736,239157288,1,0,0.1911,0.1325,0.1891,0.5235,0.4371
escalation,52356600,208401972,0,1,0.3881,0.3798,0.3963,0.542,0.5072
escalation,52356600,214845432,1,0,0.204,0.1256,0.193,0.5823,0.4587
escalation,52356600,218082624,2,0,0.6986,0.6406,0.699,0.585,0.5297
escalation,52356600,220060482,3,0,0.3474,0.2297,0.342,0.6243,0.5162
escalation,52922376,128215500,0,1,0.3598,0.3606,0.3557,0.5211,0.4959
escalation,52922376,140259276,1,0,0.3026,0.2078,0.2929,0.5321,0.4568
escalation,53357373,179695140,0,1,0.3224,0.2717,0.3313,0.528,0.4822
escalation,53357373,392088134,1,0,0.4041,0.4293,0.4186,0.5157,0.4471
escalation,53660538,166980732,0,1,0.1531,0.2045,0.1512,0.5273,0.4835
escalation,53660538,193748958,1,0,0.2593,0.2216,0.2536,0.5468,0.475
escalation,54272547,142365144,0,1,0.5376,0.4944,0.5318,0.5283,0.5012
escalation,54272547,157165398,1,0,0.6076,0.5261,0.6089,0.5268,0.4544
escalation,54272547,160688760,2,1,0.2896,0.5865,0.2964,0.5558,0.4967
escalation,54426798,196159380,0,0,0.2138,0.2331,0.2118,0.5342,0.4817
escalation,54426798,224172456,1,1,0.6668,0.3655,0.6642,0.5234,0.4654
escalation,55135044,155634678,0,0,0.2835,0.3235,0.28,0.5307,0.4865
escalation,55135044,173901918,1,0,0.269,0.2588,0.2687,0.5372,0.4596
escalation,55135044,174699744,2,0,0.207,0.1774,0.2027,0.5737,0.4911
escalation,55135044,180838920,3,0,0.2318,0.1453,0.23,0.6132,0.5082
escalation,55135044,205347306,4,0,0.3312,0.2395,0.3267,0.6239,0.4833
escalation,55358802,179829864,0,1,0.2275,0.1912,0.2287,0.5283,0.4774
escalation,55358802,232126572,1,1,0.5143,0.1377,0.5146,0.5459,0.4574
escalation,55643499,36712248,0,0,0.5427,0.445,0.5486,0.5245,0.5002
escalation,55643499,74545986,1,0,0.358,0.27,0.3536,0.5753,0.4759
escalation,55724508,139543056,0,1,0.4248,0.4009,0.4251,0.5309,0.5116
escalation,55724508,141855078,1,0,0.2975,0.1756,0.2789,0.5482,0.466
escalation,56088306,131987892,0,0,0.177,0.2018,0.179,0.5223,0.4758
escalation,56088306,144633840,1,0,0.2233,0.1983,0.2226,0.5332,0.4536
escalation,56586042,158222094,0,0,0.2429,0.1687,0.2446,0.5221,0.4753
escalation,56586042,161199174,1,0,0.2228,0.1898,0.2164,0.4949,0.4465
escalation,56725353,112689696,0,1,0.1517,0.1635,0.1468,0.5238,0.4729
escalation,56725353,114199482,1,0,0.3163,0.1642,0.3039,0.5155,0.4477
escalation,56980809,141221010,0,0,0.4251,0.3543,0.4337,0.5294,0.497
escalation,56980809,158377902,1,1,0.2837,0.2883,0.285,0.5395,0.4776
escalation,56980809,162909114,2,1,0.3066,0.1767,0.2925,0.5636,0.4869
escalation,56980809,194550456,3,0,0.1899,0.1064,0.1858,0.5983,0.488
escalation,56980809,204971226,4,0,0.4991,0.2801,0.4979,0.6195,0.5037
escalation,56990070,128686554,0,0,0.2718,0.1862,0.2741,0.5268,0.4782
escalation,56990070,134794044,1,0,0.2615,0.1915,0.2595,0.534,0.4532
escalation,56990070,139291488,2,0,0.3097,0.1833,0.3168,0.5723,0.4805
escalation,56990070,143014986,3,0,0.25,0.2095,0.2552,0.5852,0.4841
escalation,56990070,151694358,4,1,0.2527,0.1642,0.2516,0.6029,0.4704
escalation,57158154,203115822,0,0,0.2746,0.2293,0.2742,0.5152,0.4841
escalation,57158154,226946328,1,1,0.7354,0.5145,0.7362,0.5038,0.4794
escalation,57250017,175751616,0,0,0.3136,0.2402,0.3099,0.5284,0.4859
escalation,57250017,203026476,1,1,0.1897,0.1497,0.1857,0.5293,0.4645
escalation,57250017,216327606,2,0,0.1661,0.1263,0.1621,0.5597,0.4777
escalation,57250017,236240856,3,0,0.1473,0.1276,0.1467,0.5665,0.4775
escalation,57454947,130244112,0,0,0.2031,0.2491,0.2017,0.5296,0.4851
escalation,57454947,135660174,1,1,0.4008,0.23,0.3915,0.5385,0.4706
escalation,57454947,159239790,2,0,0.1889,0.1328,0.1866,0.5726,0.481
escalation,57454947,250436328,3,0,0.2134,0.213,0.2085,0.5892,0.4839
escalation,57454947,254975922,4,0,0.1877,0.1251,0.1807,0.5929,0.4772
escalation,57454947,266068008,5,0,0.4991,0.2913,0.4935,0.6144,0.495
escalation,57714192,197426094,0,0,0.4342,0.3428,0.434,0.5286,0.492
escalation,57714192,204383682,1,1,0.5184,0.4928,0.5154,0.5147,0.4818
escalation,57714192,253539186,2,0,0.2014,0.1236,0.1901,0.5363,0.4699
escalation,57714552,211832892,0,0,0.1538,0.1136,0.153,0.5212,0.4815
escalation,57714552,380142176,1,1,0.422,0.367,0.4236,0.5169,0.4703
escalation,57902751,142854006,0,0,0.4573,0.3731,0.4611,0.5348,0.5095
escalation,57902751,149333268,1,0,0.2096,0.1261,0.2063,0.5978,0.4891
escalation,57902751,160611756,2,0,0.1865,0.1228,0.1854,0.6264,0.5255
escalation,57902751,169101714,3,0,0.1702,0.1024,0.1739,0.6479,0.5156
escalation,57902751,208992156,4,0,0.1656,0.087,0.166,0.6563,0.5114
escalation,57902751,213797304,5,0,0.2373,0.1016,0.2273,0.6499,0.527
escalation,57902751,225266916,6,0,0.1639,0.1098,0.1632,0.6423,0.5157
escalation,57902751,225774042,7,0,0.174,0.1012,0.1716,0.6568,0.5093
escalation,58097331,215552856,0,0,0.0943,0.1,0.0953,0.5225,0.4741
escalation,58097331,218429766,1,0,0.206,0.082,0.2053,0.5221,0.4532
escalation,58151727,158270952,0,1,0.4279,0.4036,0.4302,0.527,0.4932
escalation,58151727,184670712,1,0,0.4548,0.5541,0.4654,0.5464,0.4716
escalation,58368708,151501356,0,1,0.4235,0.2693,0.4174,0.5287,0.4912
escalation,58368708,163877076,1,0,0.6081,0.4653,0.6048,0.5109,0.4651
escalation,58368708,180927570,2,1,0.2504,0.3682,0.2459,0.5262,0.4979
escalation,58428288,202957746,0,1,0.3513,0.3434,0.3624,0.536,0.4989
escalation,58428288,234924318,1,0,0.1798,0.1122,0.1802,0.5417,0.4506
escalation,58585113,153383322,0,1,0.4677,0.5307,0.4751,0.5401,0.5105
escalation,58585113,158926680,1,1,0.2073,0.1233,0.1932,0.5907,0.4662
escalation,58585113,161127456,2,0,0.1459,0.0935,0.1366,0.5775,0.4647
escalation,58585113,213622080,3,0,0.1887,0.1392,0.1827,0.6133,0.4943
escalation,58585113,225741960,4,0,0.4393,0.221,0.4165,0.6348,0.5117
escalation,58846851,138763332,0,0,0.2962,0.2837,0.2946,0.5356,0.4909
escalation,58846851,179212542,1,1,0.4251,0.2962,0.433,0.5645,0.4825
escalation,58846851,179919954,2,1,0.1675,0.0879,0.1584,0.5963,0.4736
escalation,58846851,183925536,3,0,0.2575,0.1096,0.2567,0.6375,0.4999
escalation,58877676,140324436,0,0,0.3728,0.3636,0.3804,0.5186,0.4902
escalation,58877676,146263224,1,1,0.6105,0.7106,0.6145,0.5212,0.5011
escalation,58962906,143258670,0,1,0.3967,0.5121,0.4041,0.5379,0.5108
escalation,58962906,274020462,1,0,0.2383,0.1326,0.2292,0.584,0.4527
escalation,59009265,144790410,0,0,0.4103,0.421,0.4226,0.5312,0.4915
escalation,59009265,151472232,1,1,0.6916,0.7522,0.7078,0.5131,0.4857
escalation,59039082,145727646,0,0,0.3269,0.2714,0.3261,0.5355,0.4953
escalation,59039082,149775366,1,0,0.2836,0.1722,0.2751,0.5485,0.4701
escalation,59039082,150582558,2,0,0.245,0.191,0.2344,0.5687,0.5004
escalation,59113566,207338880,0,1,0.3707,0.3573,0.381,0.5341,0.4934
escalation,59113566,245618976,1,0,0.1559,0.1076,0.1546,0.5209,0.4351
escalation,59159493,151487196,0,0,0.4335,0.3733,0.4364,0.5377,0.507
escalation,59159493,153048888,1,0,0.2135,0.1586,0.2048,0.6002,0.4981
escalation,59159493,172599414,2,0,0.2088,0.1283,0.2054,0.6248,0.5175
escalation,59208021,150069828,0,0,0.4124,0.475,0.4117,0.5308,0.5005
escalation,59208021,174455826,1,1,0.4374,0.4765,0.4365,0.5303,0.4622
escalation,59208021,267573462,2,1,0.4376,0.2913,0.4403,0.5524,0.4776
escalation,59275179,152286150,0,1,0.2369,0.2638,0.2408,0.5273,0.4858
escalation,59275179,189839592,1,0,0.4823,0.207,0.4792,0.5367,0.4698
escalation,59275179,204762426,2,1,0.4725,0.5414,0.4721,0.5522,0.4949
escalation,59275179,226007952,3,0,0.2397,0.1358,0.239,0.5622,0.4757
escalation,59275179,248949930,4,1,0.4663,0.3838,0.4638,0.6085,0.4968
escalation,59406291,200340738,0,0,0.4554,0.3051,0.4502,0.529,0.4911
escalation,59406291,205458024,1,1,0.3645,0.326,0.356,0.5192,0.4646
escalation,59411250,156374844,0,0,0.2853,0.2422,0.2803,0.5224,0.4853
escalation,59411250,164299206,1,1,0.2029,0.1626,0.196,0.5044,0.4421
escalation,59471226,159278040,0,1,0.3971,0.4278,0.3983,0.5341,0.5028
escalation,59471226,172334946,1,1,0.2837,0.4563,0.2841,0.523,0.4736
escalation,59471226,196313946,2,0,0.1824,0.1854,0.1786,0.5169,0.4861
escalation,59471226,325554626,3,1,0.7437,0.7457,0.7441,0.5756,0.5415
escalation,59503122,225799890,0,1,0.5043,0.566,0.5145,0.5341,0.5047
escalation,59503122,286136034,1,1,0.5175,0.6186,0.5349,0.527,0.4586
escalation,59651595,164148594,0,1,0.23,0.3339,0.2277,0.5269,0.4929
escalation,59651595,197659152,1,0,0.1379,0.1731,0.1363,0.5479,0.4596
escalation,59651595,234027966,2,1,0.3445,0.341,0.3412,0.5663,0.5002
escalation,59664996,163838262,0,0,0.3828,0.4648,0.3876,0.5351,0.4991
escalation,59664996,168871524,1,0,0.3914,0.3939,0.3948,0.5534,0.4649
escalation,59664996,171552828,2,0,0.3466,0.4251,0.3451,0.5776,0.4983
escalation,59697594,160489260,0,1,0.3476,0.4265,0.351,0.5381,0.4997
escalation,59697594,162104448,1,0,0.1207,0.0898,0.1144,0.5507,0.4359
escalation,59697594,174690666,2,0,0.165,0.0963,0.1623,0.5903,0.4973
escalation,59769783,157708464,0,0,0.238,0.2453,0.2346,0.5334,0.4862
escalation,59769783,328406066,1,1,0.439,0.2709,0.4297,0.548,0.4576
escalation,59780583,168821928,0,0,0.1677,0.1672,0.1666,0.5246,0.4797
escalation,59780583,202217706,1,1,0.6276,0.6987,0.6318,0.5152,0.4977
escalation,59908581,173171850,0,0,0.1852,0.2498,0.1799,0.5153,0.4853
escalation,59908581,198191406,1,0,0.2014,0.1954,0.1935,0.509,0.451
escalation,59908581,219680706,2,1,0.4005,0.3975,0.3945,0.5571,0.494
escalation,59908581,226647822,3,0,0.2147,0.2196,0.2104,0.5708,0.4984
escalation,59957577,200753928,0,0,0.1303,0.1858,0.1337,0.5368,0.4909
escalation,59957577,213183282,1,0,0.1884,0.2501,0.1897,0.5133,0.4547
escalation,59957577,237163608,2,0,0.1927,0.3335,0.1908,0.5517,0.4927
escalation,60460110,223895484,0,0,0.2511,0.2236,0.2499,0.5261,0.4835
escalation,60460110,226208454,1,0,0.3121,0.2016,0.3132,0.55,0.4661
escalation,60460110,231062214,2,0,0.303,0.1462,0.2969,0.5669,0.4861
escalation,60460110,240076194,3,0,0.2976,0.168,0.2947,0.6197,0.5025
escalation,61378902,137917014,0,0,0.4694,0.4512,0.478,0.5313,0.4987
escalation,61378902,148249596,1,1,0.3156,0.1801,0.3173,0.5777,0.4764
escalation,61519149,140848416,0,1,0.3883,0.3369,0.3899,0.524,0.4953
escalation,61519149,145823340,1,1,0.2426,0.1485,0.2363,0.5719,0.4655
escalation,61735968,140216484,0,0,0.1669,0.1927,0.1661,0.5184,0.4789
escalation,61735968,143248080,1,1,0.5078,0.3534,0.4953,0.4926,0.4699
escalation,61735968,149784036,2,0,0.2244,0.205,0.2193,0.5427,0.4779
escalation,62274870,155101038,0,0,0.3202,0.2905,0.3275,0.5227,0.4918
escalation,62274870,155777976,1,0,0.2286,0.197,0.2238,0.5284,0.4657
escalation,62320203,146989950,0,0,0.3705,0.3543,0.3781,0.5414,0.4939
escalation,62320203,151647600,1,1,0.604,0.703,0.6127,0.5129,0.4814
escalation,62320203,153813054,2,1,0.1836,0.109,0.1702,0.5841,0.4755
escalation,62423928,126602490,0,0,0.2187,0.1928,0.2144,0.5216,0.4774
escalation,62423928,133943256,1,1,0.6581,0.5399,0.6571,0.5483,0.4864
escalation,62541477,18312006,0,0,0.3563,0.4351,0.3409,0.5192,0.4943
escalation,62541477,40204398,1,0,0.2579,0.3086,0.2441,0.5236,0.4556
escalation,62541477,148223286,2,0,0.2984,0.4767,0.2853,0.5406,0.4916
escalation,62691192,174090486,0,0,0.2876,0.2334,0.2881,0.5265,0.4799
escalation,62691192,199208298,1,0,0.2007,0.1596,0.1991,0.5308,0.4473
escalation,62964252,154758594,0,0,0.2779,0.3056,0.2753,0.5238,0.4868
escalation,62964252,169080798,1,1,0.4665,0.4837,0.4697,0.5261,0.4741
escalation,62964252,236773284,2,0,0.1952,0.1318,0.1864,0.5576,0.4752
escalation,62964252,246153210,3,0,0.1927,0.165,0.1853,0.5682,0.4888
escalation,62964252,371464922,4,1,0.2385,0.1257,0.2332,0.5943,0.4824
escalation,63019143,127648116,0,0,0.3885,0.2885,0.3858,0.5214,0.4808
escalation,63019143,135838044,1,1,0.1714,0.2633,0.1691,0.4909,0.4479
escalation,63019143,137403702,2,0,0.3575,0.3433,0.3529,0.5269,0.4777
escalation,63019143,137874504,3,0,0.3254,0.3457,0.3235,0.5653,0.4944
escalation,63019143,144756234,4,0,0.3404,0.3682,0.3382,0.5756,0.4801
escalation,63019143,155209842,5,1,0.6601,0.4898,0.6449,0.5765,0.4903
escalation,63537849,172755348,0,0,0.4292,0.5495,0.4432,0.5381,0.5088
escalation,63537849,173683974,1,0,0.3123,0.5248,0.3142,0.4947,0.4599
escalation,63537849,207990252,2,1,0.262,0.4301,0.2602,0.5479,0.4756
escalation,63799011,158606706,0,1,0.4733,0.4403,0.4743,0.5365,0.4994
escalation,63799011,269875968,1,1,0.198,0.2107,0.1963,0.542,0.4572
escalation,63825021,158264130,0,0,0.2622,0.2316,0.2692,0.5326,0.4794
escalation,63825021,161453376,1,1,0.2774,0.2625,0.2766,0.5181,0.4485
escalation,63840915,131619444,0,0,0.2528,0.276,0.2535,0.5229,0.4796
escalation,63840915,133277910,1,1,0.6065,0.5777,0.6019,0.5243,0.4739
escalation,63840915,138694638,2,0,0.1869,0.1118,0.1831,0.5787,0.4739
escalation,63840915,145524414,3,0,0.2138,0.0985,0.2122,0.6237,0.4841
escalation,63840915,146233506,4,0,0.2188,0.1589,0.2137,0.6084,0.4835
escalation,63840915,147975522,5,0,0.1665,0.109,0.1633,0.624,0.4859
escalation,63953127,191648010,0,1,0.3445,0.3816,0.3488,0.5423,0.5042
escalation,63953127,202428246,1,0,0.2442,0.1079,0.2419,0.5883,0.4716
escalation,64081089,205463676,0,1,0.4291,0.4766,0.4318,0.5371,0.4986
escalation,64081089,207059886,1,0,0.6482,0.6202,0.6544,0.5305,0.4726
escalation,64081089,215545854,2,0,0.3205,0.5619,0.3229,0.5367,0.4867
escalation,64081089,220156128,3,1,0.2529,0.48,0.2478,0.5911,0.509
escalation,64139346,149768220,0,1,0.3825,0.3858,0.3893,0.5348,0.5042
escalation,64139346,150408912,1,0,0.225,0.139,0.2218,0.5837,0.4604
escalation,64139346,154430700,2,1,0.1446,0.1321,0.1464,0.5754,0.4769
escalation,64722537,140864058,0,0,0.5966,0.6112,0.6082,0.5319,0.5037
escalation,64722537,141717066,1,0,0.359,0.4398,0.3524,0.5559,0.4789
escalation,65178405,163596102,0,1,0.2069,0.3692,0.2103,0.5291,0.4965
escalation,65178405,169146414,1,1,0.615,0.4688,0.6154,0.5353,0.4674
escalation,65178405,170542362,2,0,0.5099,0.5676,0.5053,0.5491,0.5035
escalation,65489715,184057710,0,0,0.1892,0.3651,0.1926,0.5269,0.4912
escalation,65489715,185175396,1,1,0.4529,0.2988,0.446,0.5056,0.4579
escalation,65557809,147561384,0,1,0.3616,0.5144,0.3784,0.5311,0.5083
escalation,65557809,149275752,1,0,0.1345,0.1184,0.1237,0.5422,0.4466
escalation,65567619,134417634,0,1,0.5277,0.5142,0.5243,0.534,0.5154
escalation,65567619,136325514,1,0,0.1377,0.0978,0.1303,0.5698,0.4435
escalation,65567619,139640316,2,0,0.1915,0.1099,0.1868,0.5901,0.4923
escalation,65620044,187540482,0,0,0.2584,0.3063,0.2584,0.5233,0.4888
escalation,65620044,202246926,1,1,0.6019,0.5858,0.5951,0.5019,0.4734
escalation,65620044,247922898,2,0,0.4817,0.4706,0.4764,0.546,0.4978
escalation,65713158,158500656,0,0,0.2543,0.3088,0.2554,0.5321,0.488
escalation,65713158,265050372,1,0,0.3479,0.3002,0.3435,0.5035,0.4453
escalation,65713158,321963266,2,0,0.2322,0.2493,0.224,0.5326,0.4925
escalation,65714094,136395702,0,0,0.4752,0.3131,0.4795,0.5341,0.495
escalation,65714094,162968472,1,1,0.2645,0.1267,0.258,0.5941,0.4784
escalation,65724192,27990870,0,0,0.2444,0.3215,0.2329,0.5177,0.4939
escalation,65724192,59192724,1,0,0.2844,0.4222,0.293,0.5386,0.4826
escalation,65724192,60536352,2,1,0.2244,0.2345,0.2121,0.5824,0.5055
escalation,65724192,74294202,3,0,0.177,0.12,0.1623,0.6249,0.4952
escalation,65806641,150958992,0,0,0.2875,0.2214,0.2854,0.5362,0.4869
escalation,65806641,183798996,1,1,0.7245,0.4831,0.7201,0.5501,0.4934
escalation,65947113,149471244,0,0,0.3064,0.3354,0.3103,0.5331,0.4901
escalation,65947113,257735304,1,0,0.2624,0.2467,0.2623,0.5375,0.4555
escalation,66045690,135878490,0,0,0.2762,0.304,0.2728,0.5277,0.4844
escalation,66045690,190826484,1,0,0.25,0.2655,0.2496,0.531,0.459
escalation,66045690,206899992,2,1,0.5458,0.5142,0.5442,0.5605,0.4973
escalation,66199617,195188148,0,0,0.2417,0.2472,0.2447,0.5282,0.4955
escalation,66199617,195337812,1,0,0.3511,0.2946,0.3493,0.5181,0.4664
escalation,66411243,267701838,0,1,0.2886,0.2187,0.2851,0.5359,0.4955
escalation,66411243,274892442,1,0,0.176,0.0936,0.1691,0.5515,0.4626
escalation,66432015,164992680,0,1,0.5759,0.3915,0.5704,0.5252,0.4946
escalation,66432015,166261572,1,1,0.517,0.4676,0.5008,0.5069,0.4678
escalation,66633678,202578624,0,0,0.3079,0.3703,0.3074,0.529,0.4908
escalation,66633678,223482558,1,0,0.3494,0.4664,0.3537,0.5249,0.4636
escalation,66633678,379708208,2,1,0.3533,0.5284,0.3614,0.5531,0.4977
escalation,66915243,198625158,0,0,0.3659,0.4352,0.3711,0.5443,0.5061
escalation,66915243,263948100,1,1,0.3456,0.4505,0.3506,0.5421,0.4542
escalation,67049451,171724764,0,1,0.2957,0.2641,0.2919,0.5363,0.4978
escalation,67049451,175963308,1,0,0.1472,0.1104,0.1422,0.5461,0.4553
escalation,67053024,190451250,0,0,0.1945,0.1279,0.1963,0.5165,0.4716
escalation,67053024,225196434,1,0,0.2569,0.2133,0.2591,0.5065,0.4624
escalation,67053024,260686164,2,1,0.206,0.2146,0.2008,0.5325,0.4881
escalation,67982049,270267876,0,1,0.3158,0.3042,0.3124,0.5339,0.4882
escalation,67982049,272030178,1,1,0.5407,0.4167,0.5421,0.5447,0.477
escalation,67982049,275606604,2,1,0.4767,0.5937,0.4842,0.5603,0.5092
escalation,68029074,3686592,0,1,0.5274,0.6179,0.5359,0.5343,0.5054
escalation,68029074,85808076,1,0,0.1673,0.1448,0.1642,0.5556,0.4346
escalation,68222871,147407532,0,0,0.3485,0.4047,0.3478,0.5312,0.498
escalation,68222871,148464342,1,1,0.1895,0.1648,0.1826,0.5724,0.4752
escalation,68469129,283541076,0,0,0.1745,0.2006,0.174,0.5315,0.4857
escalation,68469129,313725608,1,0,0.2844,0.1571,0.2779,0.5361,0.4669
escalation,69532245,26411316,0,0,0.2119,0.2075,0.2083,0.5197,0.4766
escalation,69532245,94170840,1,0,0.1213,0.1138,0.1195,0.5219,0.431
escalation,69816816,168985872,0,1,0.3469,0.199,0.3495,0.5246,0.4806
escalation,69816816,170365674,1,0,0.5592,0.3624,0.5697,0.5412,0.4759
escalation,69920235,158348976,0,0,0.2946,0.2798,0.2975,0.5285,0.4894
escalation,69920235,174690564,1,1,0.4986,0.2899,0.5071,0.5275,0.4507
escalation,69920235,188995692,2,0,0.3518,0.1767,0.3431,0.5732,0.4884
escalation,70273863,167559708,0,0,0.2738,0.3095,0.2763,0.5208,0.4877
escalation,70273863,239200062,1,0,0.3077,0.3682,0.3071,0.5243,0.462
escalation,70273863,242431410,2,0,0.2863,0.1804,0.2814,0.5577,0.4878
escalation,70387533,184322580,0,0,0.2976,0.3323,0.2978,0.5343,0.4939
escalation,70387533,197862168,1,0,0.2508,0.2928,0.2563,0.5456,0.4709
escalation,70387533,199189554,2,0,0.2359,0.1871,0.2317,0.5623,0.4878
escalation,70791318,153674568,0,0,0.181,0.2331,0.1851,0.5267,0.4843
escalation,70791318,155887392,1,0,0.4992,0.3365,0.4965,0.5179,0.4729
escalation,70791318,164294304,2,0,0.3237,0.2982,0.3157,0.548,0.496
escalation,70791318,166310118,3,1,0.3993,0.3547,0.3937,0.5758,0.4984
escalation,70891839,156139872,0,1,0.24,0.2908,0.247,0.5296,0.4869
escalation,70891839,158104902,1,1,0.2826,0.1828,0.2889,0.5356,0.4588
escalation,70891839,182558430,2,1,0.5367,0.6604,0.5694,0.5623,0.5065
escalation,70891839,195807480,3,1,0.2578,0.3892,0.2482,0.5761,0.5132
escalation,71050527,260463582,0,0,0.442,0.422,0.4441,0.5457,0.5074
escalation,71050527,261695088,1,0,0.2518,0.1467,0.244,0.5955,0.4881
escalation,71050527,296584076,2,1,0.2164,0.111,0.2151,0.6196,0.5188
escalation,71050527,342525308,3,0,0.1862,0.0901,0.1696,0.6128,0.4917
escalation,71117964,146007882,0,1,0.4078,0.3695,0.4077,0.5391,0.5009
escalation,71117964,204047334,1,0,0.1951,0.1275,0.1854,0.5783,0.4527
escalation,71117964,217242714,2,0,0.2246,0.1144,0.2187,0.5966,0.4901
escalation,71186301,149744718,0,0,0.1403,0.1621,0.1406,0.5276,0.4816
escalation,71186301,167603304,1,0,0.4219,0.1658,0.4145,0.5412,0.4657
escalation,71186301,259851930,2,1,0.4127,0.2108,0.3988,0.5682,0.4949
escalation,71186301,262788054,3,0,0.1943,0.125,0.1856,0.5893,0.4858
escalation,71186301,389617004,4,1,0.4264,0.2075,0.4125,0.6115,0.4915
escalation,72125793,193886592,0,0,0.4597,0.4828,0.4732,0.5303,0.4979
escalation,72125793,196068636,1,0,0.2218,0.2053,0.2197,0.5851,0.4782
escalation,72835722,104920698,0,0,0.2981,0.3654,0.3023,0.5403,0.5102
escalation,72835722,125008506,1,0,0.2215,0.2206,0.2262,0.5496,0.4712
escalation,72835722,351386114,2,0,0.4656,0.3607,0.4613,0.5845,0.5304
escalation,72835722,359080442,3,1,0.2681,0.2132,0.273,0.6309,0.527
escalation,72952713,160972008,0,1,0.4232,0.5297,0.4336,0.5386,0.5039
escalation,72952713,189801564,1,1,0.2135,0.4384,0.2171,0.5094,0.4625
escalation,73319760,145986948,0,0,0.2713,0.2927,0.2704,0.5304,0.485
escalation,73319760,164673354,1,0,0.6358,0.4949,0.6447,0.5533,0.482
escalation,73346715,141675510,0,0,0.4099,0.303,0.4126,0.5402,0.4981
escalation,73346715,146126970,1,1,0.2897,0.1646,0.281,0.5498,0.4695
escalation,73371627,13176132,0,0,0.1877,0.2036,0.186,0.5314,0.4789
escalation,73371627,31982622,1,0,0.2168,0.2144,0.2145,0.5138,0.4579
escalation,73417437,22341726,0,1,0.2206,0.2148,0.2193,0.5181,0.481
escalation,73417437,22698732,1,0,0.5198,0.2719,0.5174,0.53,0.4634
escalation,74252214,87401634,0,1,0.3975,0.2638,0.384,0.54,0.503
escalation,74252214,92080788,1,0,0.3549,0.2216,0.3442,0.5546,0.4588
escalation,74252214,115192992,2,0,0.4735,0.3247,0.4707,0.5611,0.4888
escalation,74252214,127043982,3,1,0.286,0.2862,0.2898,0.5953,0.4989
escalation,77620653,86949162,0,0,0.3786,0.2669,0.3696,0.5242,0.4843
escalation,77620653,91496586,1,0,0.3777,0.2762,0.3577,0.4954,0.4625
escalation,77914476,28073142,0,0,0.2347,0.1426,0.2316,0.5217,0.478
escalation,77914476,67218504,1,0,0.6728,0.6381,0.6739,0.5528,0.4929
escalation,78073299,131037342,0,1,0.3649,0.3735,0.3711,0.5373,0.4954
escalation,78073299,180897084,1,0,0.3322,0.1407,0.3373,0.553,0.4553
escalation,78376626,134386866,0,0,0.1929,0.1542,0.1915,0.522,0.4723
escalation,78376626,135795642,1,0,0.1556,0.113,0.1525,0.5208,0.4468
escalation,78376626,138345672,2,0,0.1679,0.1283,0.1638,0.5646,0.4787
escalation,78520527,133893378,0,0,0.3015,0.2322,0.2964,0.5354,0.4893
escalation,78520527,317206790,1,0,0.2963,0.1844,0.2895,0.5237,0.4409
escalation,78611589,159814242,0,1,0.358,0.4407,0.371,0.5275,0.4967
escalation,78611589,161827566,1,0,0.191,0.176,0.18,0.5591,0.449
escalation,78839091,178002330,0,0,0.275,0.2701,0.2754,0.5405,0.4918
escalation,78839091,251042556,1,0,0.3235,0.2754,0.3177,0.5106,0.4411
escalation,78839091,255582240,2,0,0.2705,0.2408,0.2606,0.5378,0.4918
escalation,78839091,266733354,3,0,0.2734,0.2345,0.2645,0.5621,0.4874
escalation,78944841,182979372,0,0,0.2362,0.2481,0.2329,0.5294,0.4909
escalation,78944841,185417214,1,0,0.4383,0.3839,0.428,0.533,0.4715
escalation,78944841,196835328,2,0,0.2936,0.3424,0.2914,0.5744,0.4987
escalation,78944841,225856500,3,0,0.2268,0.2308,0.2278,0.6023,0.4899
escalation,78944841,228236382,4,0,0.3168,0.293,0.3141,0.6047,0.4985
escalation,79456428,171026244,0,0,0.1755,0.2124,0.1732,0.5252,0.4798
escalation,79456428,188871246,1,0,0.4442,0.4058,0.4427,0.5201,0.4667
escalation,79729218,46055688,0,0,0.2251,0.3283,0.2309,0.5334,0.4857
escalation,79729218,53962956,1,1,0.1497,0.1452,0.1485,0.5081,0.4338
escalation,80202366,83406576,0,0,0.2586,0.1912,0.2576,0.5359,0.4799
escalation,80202366,111623106,1,0,0.5036,0.5001,0.5051,0.5564,0.4835
escalation,80705421,135494784,0,1,0.4003,0.3085,0.3973,0.5343,0.4959
escalation,80705421,139092456,1,0,0.2112,0.0807,0.2011,0.5764,0.437
escalation,80705421,148879440,2,0,0.1909,0.0937,0.1854,0.6047,0.4842
escalation,81131589,141789564,0,0,0.4945,0.5508,0.4978,0.5304,0.5105
escalation,81131589,162387666,1,1,0.3894,0.4933,0.3864,0.5151,0.485
escalation,81700596,206762736,0,0,0.4268,0.4082,0.4351,0.5297,0.4919
escalation,81700596,220842150,1,0,0.2543,0.4562,0.2627,0.5088,0.458
escalation,81712926,32750454,0,1,0.4286,0.4178,0.4321,0.5459,0.4984
escalation,81712926,43756770,1,1,0.2901,0.1329,0.2862,0.578,0.4517
escalation,81712926,95928450,2,0,0.3555,0.1842,0.3517,0.6033,0.4893
escalation,81712926,107387004,3,1,0.5333,0.6825,0.5364,0.5849,0.5105
escalation,81875655,212421978,0,0,0.36,0.4414,0.3637,0.5445,0.5074
escalation,81875655,214388730,1,1,0.224,0.1765,0.2143,0.597,0.4921
escalation,81920754,188031654,0,0,0.181,0.2152,0.1818,0.5249,0.4885
escalation,81920754,192272904,1,0,0.3452,0.2591,0.3395,0.5331,0.4631
escalation,82452996,149485062,0,0,0.3204,0.3089,0.3221,0.5266,0.495
escalation,82452996,150818784,1,1,0.58,0.5161,0.5784,0.5302,0.484
escalation,82555047,176572512,0,0,0.1772,0.1422,0.1706,0.5204,0.4782
escalation,82555047,192599796,1,0,0.1483,0.1639,0.1463,0.5369,0.4706
escalation,82555047,237796530,2,1,0.658,0.7283,0.6545,0.582,0.5244
escalation,82737324,157364082,0,0,0.4995,0.4543,0.5134,0.5317,0.4982
escalation,82737324,231829266,1,1,0.1895,0.1785,0.193,0.5877,0.4789
escalation,82737324,250131948,2,0,0.2392,0.0965,0.2328,0.5996,0.4798
escalation,82737324,319584578,3,1,0.2785,0.0934,0.2751,0.6241,0.4867
escalation,82751310,11111808,0,1,0.2218,0.1743,0.2239,0.5333,0.488
escalation,82751310,20489268,1,0,0.4052,0.2026,0.4075,0.554,0.4621
escalation,83396502,112705212,0,0,0.3395,0.2454,0.3495,0.5406,0.4863
escalation,83396502,214435554,1,1,0.6009,0.6789,0.6025,0.5035,0.4729
escalation,83448855,167710638,0,0,0.3317,0.3814,0.3191,0.5177,0.4897
escalation,83448855,172965792,1,0,0.2573,0.3432,0.2394,0.4982,0.4658
escalation,83810628,153820722,0,0,0.4453,0.4045,0.4506,0.5361,0.4975
escalation,83810628,176475618,1,0,0.2084,0.1621,0.2049,0.5704,0.4661
escalation,84015936,188170146,0,0,0.2227,0.1779,0.2294,0.5278,0.4771
escalation,84015936,190676328,1,0,0.1529,0.193,0.1567,0.5009,0.4506
escalation,84049506,157507482,0,0,0.1084,0.1213,0.1073,0.5153,0.4724
escalation,84049506,158310216,1,0,0.6598,0.6185,0.6623,0.5239,0.4852
escalation,84247965,112451784,0,0,0.285,0.4484,0.2862,0.5371,0.4947
escalation,84247965,113643504,1,1,0.5878,0.505,0.573,0.526,0.461
escalation,84247965,123566358,2,0,0.1745,0.2255,0.1756,0.5605,0.4797
escalation,84250476,134067414,0,0,0.3675,0.2459,0.3631,0.5229,0.4816
escalation,84250476,145814922,1,0,0.134,0.1083,0.1338,0.5441,0.4466
escalation,84278754,136293678,0,1,0.3297,0.3126,0.3268,0.5274,0.4873
escalation,84278754,232849218,1,1,0.5246,0.345,0.526,0.5459,0.46
escalation,84317490,180436536,0,0,0.2466,0.1651,0.2442,0.5234,0.477
escalation,84317490,183183096,1,0,0.1799,0.1189,0.1762,0.54,0.4535
escalation,84317490,238167894,2,0,0.1976,0.1034,0.1959,0.5761,0.4771
escalation,84317490,245868618,3,0,0.1927,0.1084,0.188,0.6043,0.4786
escalation,84318156,158931864,0,0,0.4753,0.4959,0.4842,0.5474,0.5206
escalation,84318156,159393636,1,0,0.2201,0.1564,0.216,0.5942,0.4945
escalation,84318156,163416204,2,1,0.2121,0.1356,0.2087,0.6213,0.5156
escalation,84318156,164464716,3,0,0.2667,0.113,0.253,0.619,0.4924
escalation,84325293,151930476,0,1,0.3605,0.3425,0.36,0.5379,0.5078
escalation,84325293,167928984,1,0,0.1282,0.0928,0.1235,0.586,0.4571
escalation,84355299,257028450,0,1,0.393,0.4054,0.3965,0.5351,0.4908
escalation,84355299,273307092,1,0,0.5226,0.4662,0.5356,0.5493,0.4692
escalation,84360222,165148932,0,1,0.4053,0.4997,0.4207,0.5313,0.4967
escalation,84360222,166851912,1,1,0.5145,0.5923,0.5248,0.5017,0.4628
escalation,84382974,163421610,0,0,0.3,0.2328,0.2996,0.5326,0.502
escalation,84382974,164789832,1,0,0.2771,0.1371,0.2672,0.597,0.4925
escalation,84382974,178544694,2,0,0.1961,0.1015,0.1926,0.6108,0.5112
escalation,84382974,214252692,3,0,0.1087,0.0839,0.1076,0.6439,0.5169
escalation,84382974,244868412,4,0,0.1001,0.0774,0.0975,0.6455,0.5049
escalation,84382974,281306892,5,0,0.1372,0.0871,0.1318,0.6421,0.5149
escalation,84382974,390729824,6,0,0.1311,0.0823,0.1254,0.6284,0.5052
escalation,84393711,240690096,0,0,0.5104,0.4556,0.5096,0.5304,0.5036
escalation,84393711,278772816,1,0,0.337,0.1898,0.3257,0.5888,0.4876
escalation,84430098,149503644,0,0,0.4011,0.384,0.3983,0.5389,0.5019
escalation,84430098,151400484,1,0,0.2057,0.1999,0.1993,0.5899,0.4876
escalation,84430098,162767532,2,0,0.2146,0.133,0.2136,0.6209,0.5147
escalation,84430098,164987532,3,0,0.1988,0.1063,0.1877,0.6409,0.517
escalation,84430098,166890306,4,0,0.1603,0.0965,0.1525,0.6674,0.5193
escalation,84430098,170990964,5,0,0.1863,0.0983,0.1815,0.6496,0.5217
escalation,84435048,155233302,0,0,0.3476,0.2912,0.3517,0.5391,0.491
escalation,84435048,218802168,1,0,0.3704,0.1843,0.3675,0.5219,0.4461
escalation,84435048,377924114,2,1,0.1994,0.2029,0.1948,0.5698,0.5142
escalation,84449133,154183368,0,0,0.4572,0.5038,0.4642,0.534,0.4978
escalation,84449133,165400584,1,1,0.184,0.4449,0.1887,0.5004,0.4526
escalation,84532194,169546506,0,1,0.3878,0.3633,0.3822,0.5354,0.5044
escalation,84532194,204193866,1,0,0.2058,0.1227,0.2003,0.5743,0.474
escalation,84532194,238586346,2,0,0.1349,0.1359,0.1367,0.6179,0.509
escalation,84532482,160297260,0,1,0.6323,0.5933,0.6399,0.5311,0.5086
escalation,84532482,166448598,1,1,0.7034,0.6908,0.7138,0.5008,0.469
escalation,84532482,192598062,2,1,0.6291,0.6954,0.6407,0.5254,0.4944
escalation,84549411,190081656,0,0,0.5486,0.6135,0.567,0.5365,0.5077
escalation,84549411,248452398,1,1,0.2807,0.3597,0.2809,0.5783,0.477
escalation,84549411,262810446,2,0,0.2613,0.1551,0.2576,0.6082,0.4868
escalation,84557286,129225168,0,1,0.4211,0.4058,0.434,0.5265,0.4904
escalation,84557286,137286642,1,0,0.4258,0.5639,0.4436,0.5015,0.4505
escalation,84557286,137933250,2,1,0.2339,0.4909,0.2355,0.5179,0.4805
escalation,84557286,164234070,3,0,0.3111,0.4243,0.3203,0.5726,0.4786
escalation,84557286,171105390,4,0,0.2407,0.4628,0.2461,0.5703,0.4666
escalation,84557286,173516040,5,0,0.2493,0.3801,0.2469,0.576,0.4806
escalation,84562623,150996396,0,0,0.4047,0.3548,0.4065,0.5388,0.5014
escalation,84562623,157357566,1,0,0.1889,0.1493,0.1818,0.5931,0.4911
escalation,84562623,165245190,2,0,0.1781,0.1109,0.1761,0.6283,0.5173
escalation,84562623,168071814,3,0,0.1513,0.1172,0.1488,0.6456,0.5274
escalation,84562623,168944796,4,0,0.1307,0.0931,0.1255,0.655,0.507
escalation,84562623,198880962,5,0,0.1601,0.092,0.1555,0.64,0.5237
escalation,84562623,210065916,6,0,0.1321,0.1035,0.1321,0.6435,0.5181
escalation,84562623,212658156,7,0,0.1187,0.0982,0.1128,0.6549,0.5162
escalation,84581694,247989066,0,0,0.4118,0.4039,0.4164,0.5453,0.507
escalation,84581694,262038306,1,0,0.2109,0.1384,0.2059,0.6009,0.487
escalation,84581694,263428692,2,0,0.2532,0.1225,0.2424,0.6269,0.5268
escalation,84581694,336741902,3,0,0.2205,0.0983,0.221,0.6452,0.5179
escalation,84622230,154157394,0,0,0.4188,0.3326,0.4294,0.5483,0.516
escalation,84622230,165896010,1,0,0.1818,0.0935,0.1774,0.5901,0.4717
escalation,84622230,177771870,2,0,0.1806,0.0868,0.1755,0.6181,0.5206
escalation,84622230,257372256,3,0,0.1537,0.106,0.1546,0.6463,0.5224
escalation,84622230,269921514,4,0,0.1867,0.1088,0.1847,0.6641,0.5208
escalation,84622230,275468586,5,0,0.1723,0.0883,0.1613,0.6523,0.5161
escalation,84622230,282621528,6,0,0.2239,0.0975,0.2195,0.6447,0.5177
escalation,84624678,190385250,0,1,0.4995,0.4054,0.5065,0.5405,0.4943
escalation,84624678,205932234,1,0,0.5202,0.3559,0.5311,0.5547,0.4597
escalation,84645198,146449578,0,0,0.409,0.4214,0.3929,0.5214,0.501
escalation,84645198,272941626,1,1,0.5254,0.4312,0.532,0.5376,0.4737
escalation,84645198,310710332,2,1,0.1323,0.1073,0.1186,0.5854,0.4845
escalation,84645198,347239988,3,0,0.1613,0.1457,0.1492,0.6402,0.5097
escalation,84645198,357206090,4,1,0.1116,0.1199,0.1028,0.6357,0.4926
escalation,84651822,189863658,0,0,0.3437,0.3776,0.3517,0.5314,0.5008
escalation,84651822,199218630,1,0,0.2066,0.1522,0.2046,0.5923,0.4815
escalation,84731877,206397648,0,0,0.252,0.1843,0.2584,0.5353,0.4852
escalation,84731877,236335770,1,0,0.1911,0.2302,0.1907,0.5481,0.4807
escalation,84759498,220292022,0,0,0.2556,0.2435,0.2471,0.5232,0.4957
escalation,84759498,223005702,1,0,0.1527,0.1114,0.1404,0.565,0.4637
escalation,84800250,155275404,0,0,0.2841,0.218,0.2929,0.5382,0.4889
escalation,84800250,181070700,1,1,0.3139,0.1174,0.3156,0.5579,0.4603
escalation,84800250,356015114,2,0,0.2288,0.1616,0.2226,0.5788,0.4929
escalation,84847401,156909654,0,1,0.3733,0.3387,0.3712,0.5418,0.4992
escalation,84847401,174289896,1,0,0.2277,0.0949,0.2267,0.5889,0.4691
escalation,84847401,186478860,2,0,0.3279,0.149,0.3259,0.592,0.5046
escalation,84847851,165884586,0,1,0.3891,0.4724,0.3954,0.5436,0.5062
escalation,84847851,254088672,1,1,0.2064,0.1371,0.204,0.5831,0.4645
escalation,84877092,159813360,0,0,0.3085,0.2747,0.3032,0.5314,0.4931
escalation,84877092,176550216,1,0,0.2984,0.2458,0.2912,0.5316,0.4728
escalation,84877092,268271808,2,1,0.5085,0.4684,0.5126,0.5623,0.4972
escalation,84897999,147643398,0,0,0.3058,0.2706,0.308,0.5309,0.4987
escalation,84897999,148527948,1,0,0.154,0.1246,0.1446,0.5897,0.4828
escalation,84897999,176210634,2,0,0.1805,0.0993,0.1759,0.6225,0.5127
escalation,84902751,157712544,0,0,0.4398,0.4229,0.4467,0.5351,0.5038
escalation,84902751,167632164,1,0,0.2286,0.1151,0.2204,0.5908,0.4598
escalation,84930768,200278890,0,1,0.323,0.3268,0.3312,0.5312,0.5006
escalation,84930768,256468878,1,0,0.1368,0.0924,0.1229,0.5957,0.4618
escalation,84930768,271736286,2,0,0.115,0.0901,0.1078,0.6224,0.497
escalation,84930768,333095162,3,0,0.4453,0.1859,0.4532,0.6295,0.5379
escalation,84938625,145804602,0,0,0.3727,0.2873,0.3582,0.531,0.4919
escalation,84938625,154427160,1,0,0.2389,0.2262,0.2267,0.5539,0.4732
escalation,84938625,168988956,2,1,0.5265,0.2674,0.5322,0.5859,0.5293
escalation,84956121,184590684,0,0,0.3065,0.3213,0.3064,0.539,0.5001
escalation,84956121,201851016,1,0,0.2311,0.2506,0.2342,0.5482,0.4753
escalation,84956121,235154940,2,0,0.1638,0.2177,0.1648,0.5811,0.4952
escalation,84956121,274507926,3,0,0.1537,0.2273,0.1515,0.6053,0.5002
escalation,84956121,289480710,4,0,0.4892,0.5743,0.4887,0.6299,0.5199
escalation,84993615,128072280,0,0,0.2011,0.2306,0.2015,0.5265,0.4796
escalation,84993615,138641838,1,0,0.184,0.1222,0.183,0.5284,0.4466
escalation,85004658,160144362,0,0,0.2717,0.2759,0.2777,0.5266,0.4891
escalation,85004658,216978492,1,0,0.1906,0.2885,0.1916,0.5224,0.4431
escalation,85004658,246447078,2,0,0.2245,0.1787,0.2247,0.5539,0.4804
escalation,85004658,301994870,3,0,0.4517,0.3473,0.4498,0.602,0.496
escalation,85026330,175619274,0,0,0.2349,0.1435,0.2383,0.5366,0.4921
escalation,85026330,216979398,1,0,0.1779,0.114,0.1782,0.5435,0.4638
escalation,85067748,149397702,0,0,0.4157,0.3656,0.4149,0.5278,0.4881
escalation,85067748,155785044,1,1,0.6537,0.7012,0.6646,0.5202,0.4782
escalation,85067748,160044132,2,0,0.2579,0.1207,0.2501,0.5966,0.474
escalation,85067748,175373706,3,0,0.2571,0.1422,0.2579,0.62,0.4959
escalation,85067748,185922516,4,0,0.2531,0.1449,0.2528,0.6141,0.473
escalation,85074192,271985244,0,0,0.2633,0.2113,0.2661,0.5358,0.4934
escalation,85074192,393746420,1,0,0.2357,0.1785,0.2293,0.5362,0.4706
escalation,85110516,157104210,0,1,0.2667,0.2958,0.2569,0.5207,0.4905
escalation,85110516,180036054,1,0,0.1962,0.1053,0.1896,0.5388,0.4437
escalation,85110867,172846446,0,1,0.4128,0.4381,0.4171,0.5336,0.5022
escalation,85110867,188727330,1,0,0.2426,0.144,0.2377,0.5836,0.4644
escalation,85128147,282208650,0,0,0.4084,0.3485,0.4078,0.5414,0.5005
escalation,85128147,290184996,1,0,0.2313,0.1302,0.227,0.5978,0.4825
escalation,85136535,153315654,0,1,0.4519,0.4581,0.4596,0.5338,0.4991
escalation,85136535,190248294,1,0,0.3143,0.2977,0.3095,0.5209,0.4695
escalation,85136535,214019850,2,0,0.6048,0.4,0.5988,0.5658,0.5021
escalation,85141809,220404972,0,0,0.3277,0.3294,0.32,0.5236,0.4962
escalation,85141809,238657620,1,0,0.7108,0.4294,0.6894,0.5248,0.4705
escalation,85146966,233527734,0,0,0.1807,0.1773,0.1813,0.5235,0.4809
escalation,85146966,238876284,1,0,0.1942,0.1172,0.19,0.5433,0.4524
escalation,85146966,248805072,2,1,0.101,0.0894,0.0984,0.5702,0.4759
escalation,85146966,255094272,3,0,0.6034,0.3285,0.6117,0.6138,0.5107
escalation,85146966,256460868,4,0,0.1886,0.2261,0.1848,0.601,0.4822
escalation,85146966,356646764,5,1,0.4525,0.4516,0.4626,0.6281,0.517
escalation,85156587,177031242,0,0,0.2923,0.1901,0.283,0.526,0.4864
escalation,85156587,211944348,1,0,0.3507,0.1769,0.3583,0.5587,0.4769
escalation,85156587,217045752,2,0,0.1499,0.162,0.1479,0.6123,0.5228
escalation,85171977,170678706,0,0,0.3838,0.3709,0.3937,0.5387,0.4988
escalation,85171977,289625850,1,0,0.6539,0.5215,0.6567,0.5423,0.4875
escalation,85184694,149612070,0,0,0.2836,0.2407,0.2818,0.5316,0.4834
escalation,85184694,150876306,1,0,0.5208,0.4813,0.5177,0.547,0.4862
escalation,85184694,163629846,2,1,0.3325,0.1583,0.3293,0.6021,0.5152
escalation,85184694,164224584,3,0,0.1796,0.0983,0.1701,0.6297,0.4911
escalation,85184694,277595808,4,0,0.1711,0.1143,0.1665,0.635,0.4893
escalation,85184694,284278356,5,0,0.255,0.1172,0.2509,0.6363,0.4987
escalation,85184694,292069116,6,0,0.5289,0.4985,0.5236,0.6098,0.523
escalation,85198833,157476714,0,0,0.4313,0.3859,0.4337,0.5375,0.5078
escalation,85198833,159290526,1,0,0.1681,0.1211,0.1648,0.5885,0.4808
escalation,85208409,156228336,0,1,0.2829,0.3301,0.2748,0.5367,0.5023
escalation,85208409,157289712,1,0,0.2471,0.2337,0.2276,0.5714,0.4787
escalation,85208409,167599554,2,1,0.2162,0.3326,0.2081,0.5863,0.4999
escalation,85208409,172628376,3,1,0.2113,0.2058,0.2003,0.6192,0.5107
escalation,85210353,199611210,0,0,0.3023,0.2453,0.3043,0.5302,0.4973
escalation,85210353,200800956,1,0,0.165,0.1103,0.1618,0.5856,0.4785
escalation,85232619,161628438,0,1,0.3473,0.1756,0.3515,0.5299,0.475
escalation,85232619,162368538,1,1,0.6109,0.3587,0.6116,0.5375,0.4683
escalation,85232619,162783876,2,1,0.4147,0.4444,0.4177,0.5508,0.4838
escalation,85232619,184535706,3,1,0.4555,0.5538,0.4792,0.5876,0.5084
escalation,85232619,187610178,4,1,0.4065,0.4102,0.4149,0.5958,0.4748
escalation,85232619,198947700,5,1,0.379,0.4733,0.3891,0.6005,0.4904
escalation,85232619,202721910,6,1,0.404,0.5165,0.4109,0.5713,0.4839
escalation,85232619,220197342,7,1,0.4686,0.4413,0.4862,0.5918,0.4672
escalation,85232619,229292166,8,1,0.4233,0.478,0.4359,0.578,0.4796
escalation,85232619,241240530,9,1,0.4042,0.5444,0.4216,0.5977,0.4802
escalation,85232619,249750420,10,1,0.3818,0.5257,0.399,0.5816,0.4861
escalation,85232619,271448808,11,1,0.4562,0.6031,0.4754,0.5756,0.4929
escalation,85232619,277229256,12,1,0.452,0.5931,0.4687,0.5734,0.5017
escalation,85232619,279357468,13,1,0.4943,0.597,0.5095,0.5732,0.5006
escalation,85248135,91287060,0,0,0.1689,0.2028,0.1689,0.5176,0.4755
escalation,85248135,96494862,1,0,0.1608,0.146,0.1603,0.5092,0.4379
escalation,85253670,145339770,0,0,0.5426,0.4255,0.5466,0.5379,0.5093
escalation,85253670,274814544,1,0,0.2215,0.1249,0.2176,0.58,0.4748
escalation,85276773,160834524,0,0,0.3197,0.2914,0.3169,0.5337,0.4934
escalation,85276773,162339888,1,0,0.1935,0.1841,0.1921,0.5663,0.4794
escalation,85299696,161672136,0,0,0.4281,0.5111,0.4392,0.5455,0.5088
escalation,85299696,186812052,1,0,0.2121,0.1845,0.2146,0.5943,0.4845
escalation,85299696,194325852,2,0,0.2774,0.1524,0.2777,0.6233,0.5258
escalation,85299696,203901720,3,0,0.1407,0.1194,0.1406,0.6441,0.5168
escalation,85299696,211635780,4,0,0.1793,0.1062,0.1749,0.6627,0.5156
escalation,85336479,154191354,0,0,0.3786,0.3603,0.366,0.5279,0.5024
escalation,85336479,176321856,1,0,0.6334,0.4276,0.6442,0.5715,0.4895
escalation,85336479,179128290,2,1,0.2929,0.2701,0.2903,0.6031,0.5232
escalation,85336479,249086490,3,0,0.1624,0.1159,0.1585,0.6217,0.4895
escalation,85336479,280839462,4,0,0.4074,0.1716,0.3897,0.6546,0.5258
escalation,85336479,382003460,5,0,0.215,0.1517,0.2093,0.654,0.5128
escalation,85355991,170996994,0,0,0.3891,0.3171,0.3985,0.5333,0.4907
escalation,85355991,233182086,1,0,0.7543,0.6723,0.7544,0.5292,0.4893
escalation,85360140,211940742,0,0,0.4216,0.5093,0.4255,0.551,0.5197
escalation,85360140,253285188,1,0,0.2005,0.1377,0.1983,0.5919,0.4814
escalation,85361247,178971120,0,0,0.3121,0.3622,0.3143,0.5395,0.5072
escalation,85361247,182749662,1,0,0.1247,0.1106,0.1209,0.5906,0.4829
escalation,85361247,191454822,2,0,0.1209,0.1033,0.123,0.6177,0.5245
escalation,85361247,210518988,3,0,0.1438,0.0976,0.142,0.6475,0.525
escalation,85365999,157333056,0,0,0.2954,0.2104,0.3036,0.5304,0.4888
escalation,85365999,163027908,1,0,0.2331,0.1166,0.2281,0.5583,0.4679
escalation,85466628,173718618,0,0,0.3274,0.2682,0.3299,0.5367,0.4998
escalation,85466628,197784828,1,0,0.169,0.1237,0.1681,0.5972,0.4914
escalation,85526838,181849590,0,1,0.174,0.1528,0.1754,0.5412,0.486
escalation,85526838,192317226,1,1,0.3742,0.2259,0.368,0.5453,0.4634
escalation,85526838,282104562,2,0,0.5158,0.4205,0.5143,0.5638,0.493
escalation,85526838,367286498,3,0,0.3338,0.2752,0.3355,0.5809,0.4831
escalation,85526838,400753316,4,1,0.6833,0.5902,0.6821,0.5809,0.5002
escalation,85528899,158217366,0,1,0.56,0.5016,0.5641,0.5427,0.5124
escalation,85528899,209209938,1,0,0.2535,0.1044,0.2386,0.5841,0.443
escalation,85542066,172464690,0,0,0.6116,0.5621,0.6159,0.5296,0.513
escalation,85542066,187593738,1,0,0.307,0.3799,0.2942,0.5538,0.4748
escalation,85631022,148625460,0,0,0.2483,0.1896,0.2465,0.5256,0.4775
escalation,85631022,150957918,1,0,0.5956,0.4185,0.6012,0.5558,0.4921
escalation,85631022,165732636,2,0,0.2257,0.1251,0.227,0.5983,0.5058
escalation,85631022,167933484,3,0,0.1298,0.1104,0.1236,0.627,0.5096
escalation,85716360,151661256,0,0,0.3438,0.3152,0.3449,0.5342,0.4986
escalation,85716360,152947824,1,0,0.2523,0.1732,0.2388,0.5486,0.4747
escalation,85716360,158601672,2,0,0.3275,0.2151,0.3158,0.5759,0.5084
escalation,85716360,204092754,3,0,0.2599,0.1377,0.2523,0.5925,0.4982
escalation,85716360,210626676,4,0,0.2001,0.1383,0.1921,0.6071,0.4963
escalation,85733559,164267286,0,0,0.2896,0.2436,0.294,0.537,0.4887
escalation,85733559,199244850,1,0,0.2304,0.2945,0.2321,0.5432,0.4811
escalation,85733559,217011804,2,1,0.1902,0.1841,0.185,0.5731,0.4935
escalation,85821255,195886830,0,0,0.3378,0.3004,0.3383,0.5369,0.4953
escalation,85821255,395449820,1,0,0.5205,0.3152,0.5139,0.5596,0.4936
escalation,85821255,396041570,2,0,0.2571,0.1443,0.2436,0.5982,0.5203
escalation,85833486,150994296,0,0,0.2698,0.2374,0.2733,0.5319,0.4962
escalation,85833486,204703272,1,1,0.4597,0.2815,0.4566,0.5639,0.4917
escalation,85888323,179205696,0,0,0.6187,0.5494,0.6315,0.5352,0.5032
escalation,85888323,205171530,1,1,0.4316,0.5647,0.438,0.5128,0.4534
escalation,85888323,216850716,2,1,0.5091,0.5303,0.5201,0.5634,0.4892
escalation,85888323,222725178,3,1,0.4785,0.5786,0.4905,0.5911,0.4972
escalation,85981230,141786648,0,1,0.407,0.3123,0.4039,0.5339,0.4919
escalation,85981230,148596888,1,1,0.193,0.2,0.1892,0.534,0.4537
escalation,86022585,150668844,0,0,0.4009,0.4487,0.4032,0.5205,0.4969
escalation,86022585,151750098,1,1,0.5702,0.6499,0.5659,0.5413,0.4883
escalation,86049819,154852614,0,0,0.4055,0.4286,0.4188,0.544,0.5025
escalation,86049819,177370602,1,1,0.6111,0.4058,0.6085,0.5617,0.4966
escalation,86089509,198883236,0,0,0.2412,0.2293,0.2394,0.5289,0.4871
escalation,86089509,236766444,1,0,0.1478,0.1112,0.139,0.5724,0.4694
escalation,86092551,230271972,0,1,0.3819,0.4294,0.3812,0.5267,0.4964
escalation,86092551,268523862,1,0,0.1882,0.1881,0.1887,0.516,0.435
escalation,86125689,210056544,0,0,0.3292,0.3421,0.3326,0.5441,0.5052
escalation,86125689,245364696,1,0,0.1573,0.1481,0.1536,0.5935,0.4877
escalation,86180823,225751584,0,0,0.3392,0.3013,0.3364,0.5287,0.4876
escalation,86180823,274744680,1,0,0.3291,0.2835,0.3305,0.5321,0.4617
escalation,86215806,320710388,0,0,0.3728,0.3692,0.373,0.5408,0.5119
escalation,86215806,441971606,1,1,0.2267,0.201,0.2189,0.5902,0.4967
escalation,86239674,185543262,0,0,0.2258,0.1783,0.2326,0.5342,0.49
escalation,86239674,225205656,1,0,0.1841,0.0975,0.18,0.5545,0.4664
escalation,86239674,252082566,2,1,0.4265,0.1489,0.4311,0.5931,0.5091
escalation,86239674,255072318,3,0,0.1615,0.0991,0.1614,0.6087,0.5025
escalation,86280993,177819810,0,0,0.4312,0.4399,0.4239,0.5202,0.5008
escalation,86280993,209953614,1,1,0.3518,0.3044,0.3374,0.5069,0.4558
escalation,86280993,216300216,2,0,0.4287,0.467,0.418,0.5566,0.5035
escalation,86280993,260515950,3,0,0.2656,0.265,0.2598,0.5826,0.4896
escalation,86534235,165626892,0,1,0.2183,0.2501,0.2136,0.5192,0.4935
escalation,86534235,397341254,1,0,0.304,0.2377,0.2976,0.5363,0.4744
escalation,86575536,150715788,0,1,0.3342,0.3057,0.321,0.5197,0.4942
escalation,86575536,151266714,1,1,0.2475,0.2372,0.2437,0.5382,0.4612
escalation,86575536,170817198,2,0,0.2443,0.1489,0.2433,0.5702,0.4862
escalation,86575536,175035498,3,1,0.266,0.3044,0.264,0.6018,0.5089
escalation,86575536,176531880,4,1,0.5199,0.4896,0.5068,0.6164,0.5058
escalation,86575536,189584382,5,0,0.2175,0.3467,0.2251,0.5728,0.492
escalation,86931081,162325128,0,0,0.3212,0.1947,0.3207,0.5316,0.4811
escalation,86931081,265091184,1,0,0.5936,0.4108,0.5922,0.5178,0.4655
escalation,87000129,149755848,0,0,0.3219,0.2651,0.3173,0.5247,0.4837
escalation,87000129,159651456,1,0,0.3659,0.409,0.362,0.5364,0.4829
escalation,87000129,263826474,2,0,0.241,0.3191,0.239,0.5525,0.4784
escalation,87000129,326637500,3,1,0.2545,0.2113,0.2558,0.5771,0.4885
escalation,87000129,410225630,4,0,0.498,0.3778,0.5041,0.6203,0.5066
escalation,87179130,183876522,0,0,0.3911,0.4102,0.3957,0.5419,0.5104
escalation,87179130,241914834,1,0,0.1386,0.111,0.1389,0.5846,0.4781
escalation,87179130,330211550,2,0,0.1296,0.0929,0.1269,0.6146,0.5201
escalation,87359697,162396834,0,0,0.5566,0.3872,0.5581,0.5288,0.4931
escalation,87359697,196524828,1,1,0.6125,0.615,0.6209,0.4847,0.4658
escalation,87359697,283227048,2,1,0.5582,0.5991,0.5532,0.5549,0.4919
escalation,87546186,382486670,0,0,0.3909,0.3326,0.3924,0.5399,0.4977
escalation,87546186,406094672,1,0,0.4128,0.428,0.408,0.534,0.4787
escalation,87632190,153793578,0,0,0.3946,0.3645,0.397,0.5396,0.5079
escalation,87632190,198080040,1,0,0.1692,0.1332,0.1687,0.588,0.483
escalation,87698988,164409522,0,0,0.2574,0.209,0.2627,0.5244,0.4883
escalation,87698988,165901302,1,0,0.2021,0.1253,0.2027,0.5663,0.4676
escalation,87698988,260403894,2,0,0.2385,0.2428,0.241,0.584,0.4985
escalation,87738786,147289044,0,1,0.6234,0.5856,0.6288,0.5365,0.5131
escalation,87738786,206747208,1,1,0.2702,0.1909,0.2457,0.5641,0.4554
escalation,87752637,148009890,0,0,0.2271,0.1716,0.2272,0.5239,0.4879
escalation,87752637,196274280,1,0,0.2219,0.3495,0.222,0.5135,0.4614
escalation,87812100,153813024,0,1,0.2673,0.2921,0.2675,0.5288,0.4859
escalation,87812100,155779584,1,0,0.1253,0.1088,0.1262,0.5326,0.4473
escalation,87812100,245504994,2,0,0.3368,0.2693,0.3286,0.5637,0.4856
escalation,87812100,286518060,3,0,0.1602,0.2243,0.1625,0.6002,0.4891
escalation,88059915,151619622,0,1,0.3677,0.3655,0.3621,0.5312,0.5008
escalation,88059915,163814634,1,0,0.1923,0.1593,0.1889,0.5646,0.4659
escalation,88059915,173014008,2,0,0.303,0.2579,0.3002,0.5803,0.5176
escalation,88282737,26864694,0,0,0.1632,0.2623,0.1623,0.5287,0.4799
escalation,88282737,103219818,1,0,0.597,0.6227,0.5972,0.5065,0.477
escalation,88282737,146896830,2,0,0.5303,0.462,0.5372,0.5701,0.5194
escalation,88339662,264071646,0,0,0.4113,0.307,0.4126,0.5352,0.5018
escalation,88339662,268575420,1,0,0.2505,0.1713,0.2393,0.5923,0.4958
escalation,88385382,135552846,0,1,0.4774,0.4248,0.484,0.5357,0.496
escalation,88385382,135880056,1,1,0.3129,0.1298,0.2987,0.5652,0.4612
escalation,88415883,134135868,0,0,0.2829,0.3926,0.282,0.5293,0.4929
escalation,88415883,187355136,1,0,0.6277,0.6618,0.6412,0.5462,0.4945
escalation,88415883,189493776,2,0,0.4971,0.3755,0.4958,0.5934,0.5221
escalation,88415883,218923140,3,0,0.4365,0.2348,0.448,0.6298,0.5213
escalation,88480512,145052160,0,0,0.4948,0.4739,0.5071,0.5354,0.4978
escalation,88480512,168398148,1,1,0.6539,0.5785,0.659,0.5112,0.4612
escalation,88517925,136877916,0,1,0.4061,0.343,0.4094,0.5249,0.4831
escalation,88517925,189872658,1,0,0.3379,0.2929,0.3365,0.506,0.4374
escalation,88521714,170128530,0,0,0.6093,0.5543,0.6239,0.5314,0.5051
escalation,88521714,239643894,1,1,0.6965,0.724,0.7107,0.5037,0.4752
escalation,88546221,269678076,0,0,0.2072,0.1576,0.2108,0.5272,0.4816
escalation,88546221,281721438,1,1,0.5892,0.393,0.5929,0.511,0.4763
escalation,88664436,192760320,0,0,0.4172,0.3223,0.4281,0.5357,0.4959
escalation,88664436,225664488,1,1,0.1757,0.1414,0.1754,0.5853,0.4841
escalation,88671375,134823294,0,0,0.6198,0.5289,0.6314,0.5378,0.5049
escalation,88671375,152901054,1,1,0.3546,0.2898,0.3533,0.5928,0.4788
escalation,88671375,171239244,2,0,0.3535,0.177,0.3548,0.6051,0.503
escalation,88671375,172365726,3,1,0.2838,0.2097,0.2817,0.63,0.512
escalation,88671375,186744456,4,0,0.2149,0.2109,0.2089,0.6356,0.4882
escalation,88681950,145863048,0,1,0.2776,0.2574,0.2799,0.5262,0.5015
escalation,88681950,164849430,1,0,0.1632,0.0889,0.162,0.5904,0.4671
escalation,88681950,189754692,2,0,0.1706,0.1092,0.1714,0.609,0.5039
escalation,88681950,212702190,3,0,0.1454,0.078,0.1462,0.6198,0.4935
escalation,88681950,228678690,4,0,0.1436,0.0806,0.1419,0.6382,0.4983
escalation,88681950,242292510,5,0,0.111,0.0983,0.1129,0.6371,0.5074
escalation,88681950,256380012,6,0,0.1203,0.1236,0.1236,0.6124,0.5013
escalation,88681950,274553838,7,0,0.1033,0.0936,0.1032,0.6316,0.4909
escalation,88681950,276041436,8,0,0.1062,0.0842,0.1017,0.6168,0.4914
escalation,88681950,280861080,9,0,0.1229,0.09,0.1223,0.6355,0.4957
escalation,88681950,283584072,10,0,0.4213,0.1422,0.4171,0.6176,0.5206
escalation,88681950,316036970,11,0,0.1377,0.0982,0.1416,0.6284,0.5207
escalation,88681950,350810330,12,0,0.1446,0.1086,0.144,0.6352,0.5243
escalation,88681950,355470086,13,0,0.1726,0.0992,0.1655,0.6257,0.5161
escalation,88681950,380826902,14,0,0.1733,0.0916,0.1693,0.6354,0.5269
escalation,88681950,391453868,15,0,0.1833,0.094,0.181,0.6308,0.5242
escalation,88681950,422551808,16,0,0.1309,0.0906,0.1326,0.6343,0.5175
escalation,88681950,429644090,17,0,0.1415,0.0971,0.1371,0.6344,0.5182
escalation,88704864,144122148,0,0,0.5158,0.4729,0.5152,0.5404,0.5058
escalation,88704864,144824220,1,0,0.3204,0.5741,0.3198,0.5011,0.4682
escalation,88704864,155751300,2,0,0.6633,0.7504,0.6685,0.5236,0.5104
escalation,88704864,163621188,3,0,0.4651,0.4571,0.4788,0.5976,0.5119
escalation,88706223,141624030,0,1,0.3799,0.449,0.3953,0.5327,0.497
escalation,88706223,176320674,1,0,0.4248,0.6187,0.4481,0.5116,0.4658
escalation,88758270,125618526,0,1,0.5336,0.5698,0.5456,0.531,0.5107
escalation,88758270,158498652,1,1,0.3973,0.3229,0.3959,0.5712,0.4654
escalation,88762302,147836874,0,1,0.4422,0.3519,0.4506,0.5327,0.5029
escalation,88762302,178527672,1,0,0.2038,0.0986,0.1976,0.5835,0.4573
escalation,88762302,180832980,2,0,0.4061,0.3016,0.4008,0.5966,0.5214
escalation,88762302,183938598,3,0,0.1547,0.1275,0.1501,0.6388,0.5224
escalation,88762302,215367762,4,0,0.1369,0.101,0.1378,0.6628,0.502
escalation,88838019,185438790,0,1,0.3546,0.3372,0.3566,0.5355,0.4891
escalation,88838019,211773090,1,1,0.4947,0.3469,0.5014,0.5597,0.4726
escalation,88838019,213232236,2,0,0.5033,0.5623,0.5095,0.5715,0.513
escalation,88838019,242896974,3,0,0.335,0.5948,0.34,0.5685,0.4883
escalation,88838019,258156234,4,1,0.332,0.4129,0.3326,0.6095,0.4866
escalation,88838019,278754252,5,0,0.2891,0.2482,0.2922,0.6031,0.4756
escalation,88838172,126617682,0,1,0.4846,0.44,0.4938,0.5325,0.4948
escalation,88838172,129177894,1,1,0.479,0.5538,0.4879,0.5097,0.4675
escalation,88838172,129612612,2,0,0.5429,0.4939,0.5241,0.5435,0.4947
escalation,88838172,136293102,3,0,0.7385,0.737,0.7459,0.5945,0.5195
escalation,88838172,144296526,4,0,0.5101,0.502,0.503,0.616,0.504
escalation,88838172,145684122,5,1,0.4995,0.3564,0.4804,0.6189,0.525
escalation,88838172,158970816,6,0,0.3931,0.2991,0.3821,0.6025,0.5012
escalation,88838172,161156196,7,1,0.5933,0.6085,0.5974,0.6139,0.5229
escalation,88846488,155361978,0,0,0.3466,0.3257,0.3516,0.5354,0.499
escalation,88846488,195016704,1,0,0.1895,0.1774,0.1893,0.5838,0.4913
escalation,88846488,201136020,2,0,0.1917,0.1273,0.1862,0.6244,0.521
escalation,88856847,120162780,0,1,0.5584,0.5341,0.5588,0.5174,0.5036
escalation,88856847,155378100,1,1,0.4332,0.4783,0.4352,0.5188,0.4655
escalation,88856847,179191962,2,0,0.2753,0.3722,0.277,0.534,0.4873
escalation,88856847,185302710,3,1,0.446,0.4764,0.4482,0.5655,0.495
escalation,88863696,206636460,0,1,0.5436,0.5202,0.5453,0.5344,0.5049
escalation,88863696,322479218,1,0,0.2864,0.2733,0.2856,0.5496,0.4626
escalation,88863696,326064842,2,0,0.2965,0.3481,0.2881,0.5851,0.5179
escalation,88866441,175634328,0,0,0.3049,0.308,0.2992,0.5354,0.5071
escalation,88866441,186881700,1,1,0.3649,0.1833,0.3551,0.5711,0.4802
escalation,88901316,232855320,0,1,0.3203,0.2473,0.323,0.5269,0.487
escalation,88901316,248451858,1,0,0.1374,0.3371,0.1347,0.5006,0.4724
escalation,88939440,229536774,0,1,0.5116,0.4339,0.5135,0.5402,0.5026
escalation,88939440,231266964,1,0,0.2291,0.1854,0.2242,0.5602,0.4666
escalation,88939440,247869240,2,0,0.5445,0.5889,0.5516,0.6005,0.5193
escalation,89008614,121409598,0,1,0.4824,0.5224,0.4863,0.5361,0.503
escalation,89008614,128277774,1,1,0.4701,0.5232,0.4704,0.5338,0.4795
escalation,89008614,155800422,2,0,0.2162,0.2491,0.2189,0.5377,0.4761
escalation,89079975,141298890,0,1,0.4566,0.4104,0.464,0.5382,0.4926
escalation,89079975,153417996,1,1,0.312,0.4814,0.3077,0.5234,0.4726
escalation,89130078,197126952,0,0,0.382,0.3689,0.3856,0.5296,0.4893
escalation,89130078,258938880,1,1,0.6935,0.6608,0.695,0.5025,0.4757
escalation,89153496,146325780,0,1,0.3239,0.3435,0.3285,0.525,0.4912
escalation,89153496,161090046,1,0,0.3726,0.3628,0.3614,0.5272,0.4609
escalation,89172873,144654342,0,0,0.3146,0.4229,0.3169,0.531,0.5027
escalation,89172873,229677930,1,1,0.7722,0.6858,0.7739,0.5461,0.4948
escalation,89260308,155962380,0,1,0.3169,0.3965,0.3206,0.5412,0.4997
escalation,89260308,161668086,1,1,0.3168,0.3777,0.3269,0.5577,0.4768
escalation,89308323,131425344,0,0,0.4127,0.5351,0.4211,0.5293,0.5151
escalation,89308323,214060920,1,0,0.427,0.5715,0.4323,0.5173,0.481
escalation,89308323,267092688,2,0,0.4764,0.5503,0.4748,0.5511,0.5088
escalation,89308323,272638212,3,0,0.3582,0.4975,0.3578,0.5953,0.5163
escalation,89308323,286790814,4,0,0.3998,0.598,0.4017,0.6114,0.5158
escalation,89308323,289928538,5,0,0.361,0.5243,0.3551,0.6022,0.5223
escalation,89308323,340124936,6,1,0.2743,0.38,0.2757,0.5909,0.4879
escalation,89308323,342506066,7,0,0.1613,0.1776,0.1576,0.5875,0.4718
escalation,89308323,350190980,8,0,0.2688,0.2828,0.2615,0.5798,0.4917
escalation,89308323,353135090,9,0,0.309,0.3421,0.3103,0.618,0.514
escalation,89308323,362628476,10,1,0.3494,0.4232,0.3534,0.6097,0.5222
escalation,89308521,176851146,0,1,0.3412,0.2653,0.3492,0.5289,0.483
escalation,89308521,202122000,1,0,0.4515,0.331,0.4453,0.4991,0.4627
escalation,89346753,161337000,0,0,0.3915,0.4292,0.4032,0.5355,0.4966
escalation,89346753,174453234,1,0,0.3421,0.5479,0.3487,0.51,0.4737
escalation,89387631,153466446,0,1,0.5489,0.5015,0.5507,0.5297,0.5013
escalation,89387631,174114444,1,1,0.5335,0.6082,0.5476,0.5241,0.4614
escalation,89387631,174865494,2,1,0.6371,0.5372,0.6436,0.5359,0.4901
escalation,89453052,131167752,0,0,0.3575,0.3286,0.3674,0.5223,0.4857
escalation,89453052,133260408,1,1,0.6599,0.6365,0.6661,0.5285,0.4846
escalation,89453052,182001558,2,1,0.2994,0.174,0.2916,0.569,0.4621
escalation,89453052,219927366,3,0,0.5102,0.1697,0.5113,0.6235,0.5113
escalation,89453052,242836476,4,0,0.3807,0.2807,0.3706,0.61,0.4813
escalation,89453052,263124606,5,1,0.3788,0.2137,0.367,0.6275,0.4889
escalation,89453052,410270696,6,1,0.4432,0.1867,0.444,0.6136,0.4931
escalation,89597934,42441462,0,0,0.4862,0.6347,0.491,0.5249,0.5139
escalation,89597934,117471594,1,0,0.4055,0.2808,0.3824,0.5549,0.4663
escalation,89830656,156916548,0,1,0.261,0.2448,0.2649,0.5264,0.4813
escalation,89830656,165271206,1,1,0.4295,0.4331,0.4441,0.5404,0.4683
escalation,89847576,118853238,0,1,0.4292,0.3896,0.4325,0.5327,0.4947
escalation,89847576,119619624,1,0,0.4322,0.489,0.4283,0.5204,0.4715
escalation,89937468,257740368,0,0,0.2651,0.2271,0.2707,0.5348,0.4973
escalation,89937468,287346660,1,0,0.1346,0.1155,0.1335,0.5905,0.4797
escalation,89939142,147935790,0,1,0.5221,0.4039,0.5362,0.5332,0.4987
escalation,89939142,160481682,1,0,0.2553,0.2149,0.2574,0.5278,0.4556
escalation,89970408,184420074,0,0,0.3692,0.2779,0.3563,0.5189,0.4913
escalation,89970408,200389800,1,1,0.6532,0.5894,0.6529,0.5322,0.4916
escalation,89994240,190233234,0,0,0.6206,0.5592,0.63,0.5347,0.5038
escalation,89994240,236302146,1,1,0.3554,0.5889,0.3639,0.5082,0.4577
escalation,90017658,215531442,0,0,0.3853,0.3504,0.3794,0.5331,0.4932
escalation,90017658,252458682,1,0,0.5592,0.5966,0.5459,0.521,0.488
escalation,90103491,184078194,0,1,0.1997,0.2982,0.1985,0.523,0.4862
escalation,90103491,206456004,1,1,0.3841,0.4119,0.3809,0.5271,0.4714
escalation,90103491,211562634,2,0,0.5233,0.407,0.5089,0.549,0.4952
escalation,90145908,151900008,0,0,0.5101,0.464,0.5212,0.5275,0.497
escalation,90145908,166186692,1,0,0.4646,0.4803,0.4693,0.5045,0.4507
escalation,90145908,169766052,2,0,0.4301,0.3279,0.4346,0.5582,0.4824
escalation,90164655,123073152,0,1,0.4134,0.2983,0.416,0.5254,0.4885
escalation,90164655,129783264,1,0,0.4063,0.4554,0.4045,0.4904,0.4597
escalation,90164655,133423704,2,1,0.3648,0.5054,0.3593,0.5135,0.491
escalation,90164655,159454794,3,0,0.346,0.5001,0.3394,0.5377,0.4908
escalation,90164655,161078520,4,0,0.3418,0.4258,0.3305,0.5569,0.4898
escalation,90164655,164325126,5,1,0.4477,0.4219,0.4455,0.5661,0.497
escalation,90164655,168083520,6,1,0.6078,0.6856,0.6097,0.5425,0.5019
escalation,90164655,190680660,7,0,0.5754,0.5221,0.5791,0.5535,0.4827
escalation,90164655,193378542,8,0,0.4312,0.3319,0.4237,0.5541,0.4874
escalation,90164655,201506790,9,0,0.3249,0.3601,0.3161,0.5695,0.4823
escalation,90164655,206176980,10,0,0.3913,0.229,0.3751,0.5358,0.4866
escalation,90164655,214212324,11,0,0.3705,0.3968,0.3598,0.5553,0.4898
escalation,90164655,263369880,12,1,0.6021,0.4655,0.604,0.5758,0.5086
escalation,90164655,265940388,13,1,0.5005,0.3318,0.4998,0.5757,0.5034
escalation,90164655,389597054,14,0,0.5042,0.4282,0.5012,0.5747,0.5044
escalation,90199422,161622750,0,1,0.2346,0.3201,0.237,0.5364,0.4841
escalation,90199422,215301294,1,1,0.2413,0.1974,0.2394,0.5267,0.4346
escalation,90208206,136433118,0,0,0.136,0.1197,0.1367,0.5216,0.4742
escalation,90208206,143435496,1,0,0.2836,0.1159,0.2778,0.5224,0.4484
escalation,90262854,171900924,0,0,0.3461,0.2308,0.3493,0.5241,0.4832
escalation,90262854,223146180,1,1,0.6062,0.3877,0.6102,0.5265,0.4674
escalation,90327393,133621410,0,1,0.3204,0.3003,0.3201,0.5334,0.4877
escalation,90327393,150454272,1,0,0.5453,0.5697,0.5477,0.5168,0.4692
escalation,90327393,151632546,2,0,0.3719,0.5952,0.3766,0.53,0.5001
escalation,90343197,180028566,0,0,0.1375,0.2991,0.1339,0.5206,0.4896
escalation,90343197,197716146,1,1,0.1617,0.2686,0.1549,0.5134,0.4551
escalation,90406386,116461788,0,0,0.4133,0.3863,0.4216,0.534,0.4954
escalation,90406386,163139106,1,1,0.5169,0.4076,0.5122,0.4946,0.4505
escalation,90423333,162051756,0,0,0.1818,0.2681,0.1827,0.5257,0.4862
escalation,90423333,221584656,1,0,0.4627,0.4349,0.4524,0.521,0.4608
escalation,90445752,127980654,0,0,0.2445,0.2165,0.2469,0.5225,0.4796
escalation,90445752,129262746,1,1,0.3224,0.2901,0.3215,0.5266,0.4632
escalation,90445752,169282128,2,0,0.4934,0.4241,0.5001,0.5628,0.4893
escalation,90450405,163145544,0,0,0.4609,0.4083,0.461,0.5389,0.501
escalation,90450405,166264236,1,0,0.3497,0.2279,0.3469,0.5899,0.4912
escalation,90515637,155475204,0,0,0.5788,0.5785,0.5811,0.5346,0.5128
escalation,90515637,178534572,1,0,0.4143,0.3062,0.4022,0.5857,0.4916
escalation,90519624,191980158,0,0,0.5167,0.4881,0.528,0.5323,0.4991
escalation,90519624,205383096,1,0,0.5942,0.6305,0.6019,0.5021,0.4738
escalation,90543726,152646996,0,1,0.4729,0.4354,0.4855,0.543,0.5183
escalation,90543726,155945790,1,0,0.3129,0.1964,0.317,0.5753,0.4705
escalation,90595251,167595624,0,0,0.4596,0.3528,0.4666,0.5361,0.4936
escalation,90595251,178382190,1,0,0.478,0.5356,0.4797,0.5033,0.4622
escalation,90595251,186026898,2,0,0.4377,0.5098,0.4329,0.5294,0.4728
escalation,90595251,188639280,3,1,0.4778,0.6611,0.4928,0.5835,0.5243
escalation,90665577,130203012,0,0,0.4675,0.471,0.4838,0.535,0.4992
escalation,90665577,131099814,1,0,0.648,0.6941,0.6559,0.5149,0.4874
escalation,90695250,146694312,0,0,0.2133,0.2185,0.2108,0.5279,0.4822
escalation,90695250,230842644,1,0,0.428,0.4745,0.4269,0.542,0.4705
escalation,90805932,108093918,0,0,0.4711,0.4426,0.4839,0.533,0.4951
escalation,90805932,109721382,1,1,0.3724,0.2861,0.373,0.4994,0.4325
escalation,90805932,143639412,2,0,0.5877,0.5587,0.6023,0.5545,0.496
escalation,90805932,145011066,3,0,0.3292,0.4732,0.3371,0.5656,0.4904
escalation,90805932,150090342,4,0,0.4048,0.5824,0.4136,0.5984,0.494
escalation,90820341,212925732,0,0,0.3326,0.3452,0.3377,0.5345,0.5063
escalation,90820341,263924304,1,0,0.3725,0.2762,0.3721,0.5643,0.4882
escalation,90820341,336125336,2,0,0.1965,0.1365,0.198,0.6151,0.5299
escalation,90931932,124745232,0,0,0.3171,0.4458,0.3189,0.5311,0.4975
escalation,90931932,129604962,1,1,0.7235,0.7198,0.7311,0.5362,0.4911
escalation,90931932,157475058,2,1,0.2946,0.1923,0.2873,0.5858,0.4803
escalation,90931932,161495070,3,0,0.3552,0.123,0.3583,0.6213,0.4909
escalation,90931932,175122096,4,0,0.5523,0.2754,0.5543,0.6314,0.5135
escalation,90935019,175633272,0,0,0.3113,0.2853,0.3155,0.5361,0.5022
escalation,90935019,184400352,1,0,0.2301,0.14,0.2301,0.5989,0.4852
escalation,90989244,224491848,0,0,0.152,0.1962,0.1517,0.5216,0.4771
escalation,90989244,233194074,1,1,0.5648,0.7238,0.5743,0.5225,0.4964
escalation,91160280,109916718,0,1,0.3913,0.3031,0.4031,0.5321,0.4886
escalation,91160280,115337844,1,0,0.6535,0.4755,0.6614,0.5153,0.4631
escalation,91160280,122813400,2,0,0.3967,0.5432,0.3949,0.5165,0.4857
escalation,91160280,132291342,3,0,0.3916,0.5939,0.3988,0.5694,0.4983
escalation,91160280,143869236,4,0,0.5013,0.5219,0.5089,0.5942,0.4877
escalation,91160280,169899780,5,1,0.6263,0.4784,0.6299,0.5903,0.4917
escalation,91160280,189402972,6,1,0.5386,0.4987,0.5471,0.5793,0.4875
escalation,91160280,203433978,7,0,0.585,0.5499,0.6014,0.5996,0.4854
escalation,91160280,223369842,8,0,0.4416,0.5472,0.4537,0.575,0.4828
escalation,91160280,242020776,9,1,0.2172,0.3667,0.2188,0.6043,0.4914
escalation,91160280,243668730,10,0,0.5965,0.577,0.595,0.5838,0.5035
escalation,91160280,252996972,11,1,0.4505,0.5707,0.4594,0.5674,0.4944
escalation,91160280,270390918,12,0,0.5083,0.5502,0.5263,0.5922,0.5076
escalation,91160280,277496310,13,1,0.3881,0.4984,0.3982,0.5771,0.4945
escalation,91160280,281300190,14,1,0.5607,0.5028,0.567,0.5917,0.5031
escalation,91160280,287607948,15,1,0.3965,0.5883,0.4139,0.579,0.5069
escalation,91160280,306010850,16,1,0.537,0.6295,0.5613,0.5734,0.5054
escalation,91266939,184808634,0,1,0.4391,0.417,0.4488,0.5373,0.4961
escalation,91266939,188364024,1,1,0.4808,0.4163,0.4914,0.5393,0.4626
escalation,91314108,122605062,0,1,0.5161,0.5504,0.5331,0.5347,0.5043
escalation,91314108,168311232,1,1,0.3893,0.546,0.3993,0.512,0.4434
escalation,91314108,171039726,2,0,0.5828,0.6385,0.5981,0.5437,0.4984
escalation,91314108,179472258,3,1,0.2507,0.4547,0.2561,0.5561,0.4845
escalation,91314108,179904198,4,1,0.5566,0.6084,0.5641,0.6036,0.4996
escalation,91314108,199836402,5,1,0.4737,0.5304,0.4896,0.5795,0.4879
escalation,91314108,250687302,6,0,0.5307,0.6382,0.5471,0.5688,0.4938
escalation,91320525,130288104,0,0,0.5141,0.5526,0.5264,0.5316,0.5028
escalation,91320525,172275300,1,0,0.4087,0.4647,0.4005,0.5331,0.4673
escalation,91320525,197134260,2,0,0.4116,0.4068,0.4075,0.5701,0.506
escalation,91320525,223673898,3,0,0.474,0.3783,0.4658,0.6176,0.5204
escalation,91345878,131833608,0,0,0.2576,0.2773,0.2594,0.523,0.4808
escalation,91345878,163412760,1,0,0.171,0.119,0.1665,0.5198,0.4336
escalation,91345878,166874802,2,0,0.2115,0.184,0.2146,0.5683,0.4792
escalation,91345878,167496804,3,0,0.2041,0.1186,0.2005,0.5826,0.4827
escalation,91461969,126696552,0,1,0.4288,0.28,0.4266,0.5278,0.4842
escalation,91461969,152621256,1,0,0.4866,0.5382,0.4765,0.4979,0.473
escalation,91510596,203915082,0,1,0.2896,0.4408,0.2899,0.5366,0.4973
escalation,91510596,216913422,1,1,0.6271,0.6571,0.6257,0.5016,0.4652
escalation,91521288,153931746,0,0,0.2907,0.37,0.2866,0.5267,0.495
escalation,91521288,260481642,1,1,0.7414,0.6748,0.75,0.5153,0.4769
escalation,91521288,272660916,2,1,0.4507,0.2268,0.4288,0.5979,0.5028
escalation,91553706,185488410,0,1,0.4604,0.5148,0.4652,0.5321,0.4985
escalation,91553706,259213050,1,1,0.3643,0.3888,0.3632,0.5178,0.4419
escalation,91581660,125092224,0,0,0.5219,0.5598,0.5169,0.5195,0.5085
escalation,91581660,138700440,1,1,0.5166,0.5674,0.5203,0.5204,0.4827
escalation,91581660,192776988,2,0,0.4214,0.5413,0.421,0.5326,0.4881
escalation,91581660,199198098,3,0,0.4424,0.556,0.443,0.5602,0.5118
escalation,91581660,219701904,4,0,0.6723,0.7574,0.672,0.5962,0.5258
escalation,91581660,290607372,5,0,0.5073,0.5888,0.5159,0.5958,0.5132
escalation,91581660,306684788,6,1,0.4727,0.527,0.4703,0.5827,0.5177
escalation,91581660,348362180,7,1,0.3461,0.2834,0.3359,0.5944,0.4683
escalation,91606176,170959458,0,0,0.3535,0.2672,0.3557,0.5364,0.489
escalation,91606176,228960504,1,0,0.2346,0.1554,0.2324,0.5575,0.4536
escalation,91606176,242517954,2,0,0.249,0.1639,0.245,0.5849,0.4888
escalation,91688310,166877436,0,1,0.4027,0.4256,0.4147,0.5291,0.4941
escalation,91688310,188686542,1,1,0.2634,0.3618,0.2622,0.509,0.4566
escalation,91760571,154126962,0,1,0.3478,0.2822,0.3461,0.5345,0.4897
escalation,91760571,232085070,1,1,0.4959,0.5142,0.5043,0.5252,0.4617
escalation,91760571,309534560,2,1,0.6423,0.357,0.6371,0.5418,0.4818
escalation,91770822,166901196,0,1,0.4194,0.3961,0.428,0.5189,0.489
escalation,91770822,195754362,1,0,0.1732,0.2963,0.1692,0.5013,0.4701
escalation,91776843,142921914,0,0,0.3568,0.3267,0.355,0.5345,0.5033
escalation,91776843,159958074,1,0,0.2631,0.141,0.2593,0.5994,0.4956
escalation,91776843,173900820,2,0,0.1922,0.1228,0.1936,0.6328,0.5183
escalation,91776843,185826714,3,0,0.1755,0.1173,0.1736,0.6441,0.5103
escalation,91776843,219403836,4,0,0.1631,0.1008,0.1663,0.6651,0.52
escalation,91776843,225726528,5,0,0.2203,0.0982,0.2195,0.6506,0.5151
escalation,91776843,239032914,6,1,0.1365,0.0938,0.1335,0.6385,0.511
escalation,91776843,245057754,7,0,0.1782,0.0871,0.1621,0.6431,0.4813
escalation,91776843,264834348,8,0,0.2834,0.1412,0.2775,0.6375,0.5171
escalation,91776843,266452608,9,0,0.1371,0.0891,0.1352,0.6622,0.5191
escalation,91776843,276628248,10,0,0.1737,0.0957,0.169,0.6323,0.5255
escalation,91776843,285778284,11,1,0.125,0.0841,0.1239,0.6393,0.5213
escalation,91776843,424959560,12,0,0.1585,0.0834,0.1542,0.6177,0.49
escalation,91788858,113716236,0,1,0.4394,0.4642,0.433,0.5245,0.5055
escalation,91788858,119728236,1,0,0.2074,0.1947,0.1953,0.518,0.461
escalation,92001672,124796190,0,1,0.4562,0.4962,0.4616,0.5292,0.4992
escalation,92001672,125724516,1,1,0.4361,0.5711,0.4478,0.5253,0.473
escalation,92063628,243722874,0,0,0.1747,0.1558,0.1734,0.5252,0.4777
escalation,92063628,246963252,1,0,0.1139,0.1369,0.111,0.5165,0.452
escalation,92063628,251440230,2,0,0.4316,0.5453,0.4272,0.5502,0.51
escalation,92157912,159278298,0,1,0.5051,0.4865,0.4971,0.5257,0.5021
escalation,92157912,208766232,1,0,0.2738,0.3233,0.2671,0.5394,0.4583
escalation,92229606,122003370,0,0,0.2186,0.3438,0.2214,0.5226,0.4834
escalation,92229606,122941122,1,1,0.3574,0.3019,0.3552,0.5176,0.4641
escalation,92239254,209026338,0,1,0.4726,0.4579,0.4621,0.5267,0.5007
escalation,92239254,226719864,1,0,0.2246,0.2145,0.221,0.5336,0.451
escalation,92239254,232030770,2,1,0.7041,0.6292,0.691,0.5549,0.5239
escalation,92264481,244540200,0,1,0.1825,0.2394,0.1841,0.5287,0.4847
escalation,92264481,245528778,1,0,0.5549,0.3992,0.5515,0.5258,0.4689
escalation,92329425,248409654,0,0,0.4759,0.4998,0.4821,0.5415,0.5036
escalation,92329425,255009678,1,1,0.6794,0.557,0.6773,0.5488,0.4905
escalation,92419686,217825218,0,1,0.219,0.1748,0.212,0.5345,0.4825
escalation,92419686,248888910,1,0,0.4159,0.3137,0.407,0.524,0.4639
escalation,92419686,252508086,2,0,0.3104,0.5075,0.3066,0.5339,0.502
escalation,92419686,300214832,3,1,0.4144,0.5495,0.4097,0.5634,0.4942
escalation,92419686,311386010,4,0,0.5201,0.4807,0.5222,0.5967,0.497
escalation,92430774,135128916,0,0,0.3931,0.3072,0.3968,0.5339,0.4883
escalation,92430774,140467404,1,0,0.3818,0.3578,0.3816,0.5119,0.4677
escalation,92430774,148263582,2,0,0.3324,0.3525,0.3283,0.5441,0.4924
escalation,92430774,150484194,3,0,0.3254,0.4017,0.3192,0.5752,0.5116
escalation,92430774,153591300,4,0,0.3244,0.2778,0.3173,0.5958,0.4837
escalation,92430774,156043626,5,0,0.3034,0.305,0.2942,0.5954,0.5029
escalation,92477070,124645620,0,0,0.2792,0.4003,0.2823,0.5293,0.4967
escalation,92477070,168252582,1,1,0.6227,0.61,0.6214,0.4976,0.466
escalation,92498373,130114614,0,1,0.3443,0.2789,0.3405,0.5217,0.4866
escalation,92498373,132572544,1,1,0.5029,0.3029,0.4954,0.5166,0.4684
escalation,92498373,138547080,2,1,0.6536,0.6652,0.6461,0.5516,0.5
escalation,92498373,222342258,3,1,0.4758,0.6516,0.4869,0.5508,0.4994
escalation,92498373,246787566,4,1,0.4591,0.5782,0.4621,0.5762,0.4805
escalation,92498373,249814842,5,1,0.4463,0.617,0.4516,0.5879,0.5048
escalation,92503890,238651260,0,0,0.1494,0.2,0.1511,0.5262,0.4799
escalation,92503890,240503976,1,1,0.5002,0.1676,0.4865,0.5211,0.4567
escalation,92530881,255120180,0,1,0.2625,0.3399,0.2644,0.5217,0.4908
escalation,92530881,256197090,1,0,0.4987,0.5389,0.4989,0.5132,0.4754
escalation,92662605,235587672,0,0,0.3442,0.2462,0.3408,0.5307,0.4893
escalation,92662605,243996636,1,1,0.1702,0.1489,0.1662,0.5241,0.4507
escalation,92662605,253533600,2,0,0.5523,0.214,0.5375,0.5544,0.489
escalation,92775096,155510448,0,1,0.4363,0.4694,0.4503,0.536,0.5006
escalation,92775096,267773184,1,1,0.42,0.5557,0.4196,0.5123,0.4693
escalation,92775096,300864764,2,1,0.2135,0.2099,0.2021,0.5419,0.4663
escalation,92824938,197376984,0,0,0.3208,0.2443,0.3184,0.5306,0.4866
escalation,92824938,219861384,1,1,0.6312,0.6463,0.6382,0.5087,0.4978
escalation,92824938,241149936,2,1,0.2283,0.3462,0.2228,0.5197,0.4799
escalation,93013326,164460936,0,0,0.33,0.2695,0.3267,0.5317,0.5001
escalation,93013326,166884054,1,0,0.2114,0.1361,0.2009,0.5894,0.4883
escalation,93101742,123533310,0,1,0.1965,0.1991,0.1987,0.5241,0.4727
escalation,93101742,305999888,1,0,0.2895,0.3268,0.2988,0.5339,0.4566
escalation,93168828,113936658,0,1,0.2944,0.3018,0.2928,0.5159,0.4827
escalation,93168828,226691190,1,1,0.4034,0.3853,0.4018,0.5024,0.4638
escalation,93268710,157015044,0,0,0.396,0.3017,0.4002,0.5397,0.4921
escalation,93268710,241708134,1,1,0.3459,0.3296,0.3383,0.5236,0.4448
escalation,93281373,137477634,0,0,0.2717,0.3478,0.2723,0.5298,0.4936
escalation,93281373,144154158,1,0,0.6698,0.6376,0.675,0.5037,0.4743
escalation,93281373,164268534,2,0,0.5618,0.3289,0.5595,0.5612,0.5147
escalation,93281373,164857902,3,1,0.6451,0.6586,0.6516,0.5887,0.5327
escalation,93284874,183365226,0,1,0.3597,0.4805,0.355,0.529,0.4957
escalation,93284874,277101864,1,0,0.2166,0.2979,0.2173,0.5014,0.4334
escalation,93284874,289924308,2,0,0.3838,0.3946,0.3745,0.5337,0.4945
escalation,93393225,146835702,0,1,0.3272,0.4834,0.3379,0.5334,0.4978
escalation,93393225,165008664,1,0,0.4626,0.557,0.4721,0.5042,0.4571
escalation,93468942,122349516,0,1,0.3834,0.3846,0.3828,0.5372,0.498
escalation,93468942,157383396,1,1,0.6404,0.6461,0.6435,0.5132,0.4704
escalation,93468942,157755894,2,1,0.5345,0.67,0.5437,0.5238,0.5002
escalation,93468942,265194222,3,0,0.4073,0.64,0.4157,0.5497,0.4917
escalation,93468942,266477292,4,0,0.4089,0.4825,0.4009,0.5702,0.4844
escalation,93468942,273809340,5,0,0.5608,0.5637,0.5608,0.582,0.4942
escalation,93511611,148286286,0,0,0.1827,0.1609,0.1874,0.5286,0.4849
escalation,93511611,149735490,1,0,0.3089,0.1809,0.3092,0.547,0.4771
escalation,93537324,150597312,0,1,0.4805,0.4563,0.4856,0.5324,0.4949
escalation,93537324,178033356,1,1,0.6324,0.6933,0.6496,0.5114,0.4729
escalation,93537324,267227646,2,1,0.5626,0.6156,0.5727,0.5236,0.4814
escalation,93537324,314901398,3,1,0.4693,0.6713,0.4822,0.5592,0.4951
escalation,93537324,381958898,4,1,0.4822,0.6596,0.4967,0.5741,0.4922
escalation,93569616,91022394,0,0,0.3522,0.2634,0.3534,0.5348,0.495
escalation,93569616,97702086,1,0,0.1838,0.1644,0.1853,0.5618,0.4594
escalation,93758598,218384916,0,0,0.2053,0.2265,0.2068,0.5341,0.4818
escalation,93758598,328400474,1,1,0.1781,0.1945,0.1741,0.5235,0.451
escalation,93943890,224939802,0,0,0.3451,0.2882,0.3484,0.5306,0.499
escalation,93943890,253755966,1,0,0.2395,0.2326,0.2349,0.5448,0.4806
escalation,93943890,257747652,2,0,0.251,0.2021,0.237,0.5754,0.5045
escalation,93971196,122132538,0,1,0.4279,0.4218,0.4356,0.5242,0.4971
escalation,93971196,125319726,1,0,0.1909,0.1878,0.1885,0.531,0.453
escalation,93971196,129011544,2,0,0.5763,0.5755,0.5791,0.5641,0.5012
escalation,93971196,131774136,3,0,0.4559,0.3774,0.4609,0.5864,0.5089
escalation,94072113,210600396,0,0,0.4399,0.297,0.4437,0.5225,0.4851
escalation,94072113,225430386,1,0,0.2161,0.1068,0.216,0.533,0.4353
escalation,94072113,286197840,2,0,0.2036,0.1211,0.2021,0.5815,0.4826
escalation,94072113,293355324,3,0,0.251,0.1306,0.2497,0.6116,0.4882
escalation,94072113,297753470,4,0,0.1584,0.1245,0.1541,0.6251,0.4816
escalation,94072113,298979810,5,0,0.2141,0.1249,0.2119,0.6205,0.4866
escalation,94072113,303126194,6,0,0.1609,0.1284,0.1548,0.6006,0.4788
escalation,94072113,353757530,7,0,0.1387,0.1186,0.1352,0.6207,0.4837
escalation,94072113,360208880,8,0,0.1746,0.1257,0.1697,0.6135,0.4888
escalation,94072113,408504464,9,0,0.5669,0.4728,0.5693,0.6347,0.517
escalation,94073715,234777234,0,1,0.3367,0.4091,0.345,0.5279,0.4915
escalation,94073715,249205752,1,0,0.4158,0.4052,0.4171,0.4994,0.461
escalation,94073715,254493816,2,0,0.3082,0.4632,0.3043,0.5474,0.4965
escalation,94077981,114378222,0,0,0.4012,0.3084,0.4033,0.5215,0.4868
escalation,94077981,125648112,1,1,0.5136,0.4824,0.5168,0.508,0.463
escalation,94077981,179053080,2,0,0.4467,0.6624,0.4568,0.5363,0.485
escalation,94077981,201338118,3,1,0.4805,0.5471,0.4787,0.5431,0.4765
escalation,94077981,221184822,4,1,0.3079,0.4008,0.3173,0.5708,0.4878
escalation,94077981,352018058,5,0,0.5546,0.6898,0.5549,0.587,0.4955
escalation,94077981,419640416,6,1,0.7358,0.7852,0.7477,0.5416,0.5131
escalation,94306932,246907494,0,0,0.5599,0.3785,0.566,0.5359,0.5002
escalation,94306932,291496140,1,0,0.2826,0.2339,0.2897,0.5897,0.4925
escalation,94366989,155950128,0,1,0.338,0.3768,0.3412,0.5363,0.4902
escalation,94366989,163164234,1,1,0.4077,0.3921,0.4082,0.5171,0.4547
escalation,94452147,142168440,0,0,0.4805,0.4119,0.4872,0.531,0.4941
escalation,94452147,181043676,1,1,0.4704,0.4077,0.4668,0.4881,0.447
escalation,94452147,201587850,2,0,0.6063,0.6716,0.6084,0.5262,0.4975
escalation,94456350,155506404,0,0,0.344,0.3157,0.3422,0.5353,0.4909
escalation,94456350,158057514,1,1,0.619,0.6188,0.6199,0.55,0.4928
escalation,94507983,117058458,0,1,0.5003,0.4118,0.504,0.5329,0.494
escalation,94507983,162453480,1,0,0.6171,0.5259,0.6222,0.5112,0.4561
escalation,94507983,164315970,2,0,0.3368,0.45,0.3387,0.5323,0.4868
escalation,94507983,168596514,3,0,0.4365,0.4329,0.442,0.572,0.4964
escalation,94507983,176877624,4,0,0.4358,0.4452,0.4387,0.5893,0.4698
escalation,94534542,159253452,0,0,0.4456,0.4795,0.4527,0.5264,0.5004
escalation,94534542,175565202,1,1,0.471,0.6338,0.4688,0.5056,0.4799
escalation,94534542,269643762,2,0,0.3879,0.5323,0.3806,0.5196,0.4791
escalation,94534542,270678414,3,0,0.363,0.3985,0.3547,0.5498,0.4884
escalation,94534542,291766002,4,1,0.5041,0.6668,0.5045,0.5773,0.5059
escalation,94582062,170651760,0,0,0.4999,0.4318,0.5156,0.531,0.494
escalation,94582062,172097790,1,1,0.5185,0.4039,0.5211,0.4893,0.4579
escalation,94582062,178152282,2,1,0.3199,0.5113,0.3193,0.5312,0.4903
escalation,94582062,204242340,3,0,0.2878,0.4205,0.2883,0.5649,0.4979
escalation,94593240,263129730,0,1,0.4759,0.4691,0.4814,0.5365,0.4997
escalation,94593240,268819410,1,0,0.4994,0.5056,0.5092,0.5443,0.4734
escalation,94669812,199145574,0,0,0.4574,0.3029,0.4539,0.5398,0.496
escalation,94669812,245831526,1,0,0.5036,0.327,0.5011,0.5416,0.4675
escalation,94669812,280560936,2,0,0.6311,0.6388,0.6262,0.5732,0.527
escalation,94742397,157115268,0,1,0.4172,0.3458,0.4199,0.5376,0.4944
escalation,94742397,238950852,1,0,0.4606,0.3402,0.4669,0.5538,0.4634
escalation,94753143,144625146,0,0,0.4888,0.5311,0.5072,0.5339,0.5013
escalation,94753143,175655820,1,1,0.2394,0.5334,0.2472,0.5063,0.456
escalation,94771143,124566738,0,0,0.4131,0.3433,0.4065,0.5287,0.4918
escalation,94771143,126048174,1,0,0.2688,0.1915,0.2592,0.51,0.4535
escalation,94777776,166387728,0,0,0.2792,0.2606,0.2817,0.5259,0.4839
escalation,94777776,168226308,1,1,0.3153,0.2916,0.3143,0.5089,0.4642
escalation,94777776,171236970,2,0,0.4617,0.5587,0.4522,0.5461,0.5022
escalation,94777776,172298424,3,1,0.443,0.4539,0.4345,0.5482,0.4988
escalation,94777776,219863832,4,1,0.248,0.3521,0.2428,0.5795,0.4785
escalation,94777776,221812578,5,1,0.5576,0.618,0.5561,0.5793,0.5147
escalation,94777776,234850380,6,1,0.459,0.4597,0.4638,0.5409,0.4731
escalation,94798998,157160172,0,1,0.4667,0.3339,0.4704,0.5375,0.4895
escalation,94798998,158373390,1,1,0.4689,0.3576,0.4626,0.5356,0.4619
escalation,94871934,327182522,0,1,0.3257,0.3701,0.3274,0.5398,0.4981
escalation,94871934,406654514,1,0,0.4903,0.2751,0.4837,0.5337,0.4592
escalation,95000868,149641506,0,1,0.1702,0.1678,0.1713,0.5215,0.4864
escalation,95000868,202811736,1,1,0.6108,0.3085,0.6045,0.5256,0.4632
escalation,95000868,382524074,2,0,0.6337,0.5825,0.6336,0.549,0.5006
escalation,95107707,132543924,0,0,0.4267,0.4912,0.4321,0.5386,0.5015
escalation,95107707,147397344,1,0,0.458,0.4431,0.4601,0.5385,0.458
escalation,95157675,152902152,0,0,0.311,0.3322,0.3124,0.5348,0.4917
escalation,95157675,193318806,1,0,0.4174,0.1609,0.4174,0.5562,0.45
escalation,95157675,232386786,2,0,0.3041,0.1527,0.312,0.5972,0.4928
escalation,95157675,243280392,3,0,0.3184,0.1889,0.3192,0.6171,0.4915
escalation,95157675,247030854,4,0,0.3349,0.2164,0.3395,0.6322,0.5066
escalation,95180184,142239378,0,0,0.5259,0.3654,0.5285,0.525,0.487
escalation,95180184,153059472,1,0,0.5802,0.5578,0.578,0.5057,0.4648
escalation,95180184,153508626,2,1,0.4217,0.501,0.4182,0.5414,0.482
escalation,95180184,200745894,3,1,0.4971,0.3499,0.5072,0.576,0.472
escalation,95180958,136184382,0,0,0.1745,0.1635,0.1763,0.5289,0.4831
escalation,95180958,139183074,1,1,0.6634,0.2982,0.6495,0.5276,0.4755
escalation,95180958,215648070,2,1,0.1944,0.2252,0.1881,0.5589,0.483
escalation,95180958,249709470,3,0,0.2265,0.2548,0.2289,0.6011,0.4974
escalation,95256261,116824914,0,1,0.5058,0.5191,0.5237,0.5274,0.4989
escalation,95256261,133132152,1,0,0.4255,0.4771,0.4391,0.4922,0.4368
escalation,95256261,160670622,2,1,0.4591,0.5979,0.4655,0.5221,0.493
escalation,95432346,151519176,0,0,0.5552,0.4859,0.5603,0.5384,0.507
escalation,95432346,196533504,1,0,0.3888,0.2531,0.3885,0.5809,0.4781
escalation,95556825,168261768,0,1,0.42,0.4043,0.4262,0.5303,0.4923
escalation,95556825,183585642,1,1,0.517,0.4898,0.5269,0.5402,0.4605
escalation,95556825,280875534,2,0,0.4541,0.5533,0.4537,0.5355,0.483
escalation,95848389,64729806,0,0,0.2258,0.1685,0.2264,0.5282,0.4816
escalation,95848389,92850438,1,1,0.4832,0.3363,0.4724,0.5438,0.4825
escalation,95848389,119826054,2,0,0.3844,0.3357,0.3883,0.5779,0.5002
escalation,95919201,164950020,0,0,0.5141,0.4717,0.5217,0.5476,0.5088
escalation,95919201,265979634,1,0,0.2424,0.1246,0.2369,0.5838,0.4601
escalation,96035814,162096186,0,0,0.304,0.2467,0.2956,0.5341,0.4958
escalation,96035814,171913020,1,0,0.2362,0.0988,0.2324,0.5715,0.4547
escalation,96035814,174682980,2,1,0.4777,0.1982,0.4697,0.6033,0.511
escalation,96035814,180133494,3,0,0.2426,0.1767,0.2403,0.6308,0.5147
escalation,96035814,181444536,4,0,0.1921,0.1255,0.1935,0.6299,0.4837
escalation,96035814,334858352,5,1,0.5332,0.3688,0.5344,0.6311,0.5337
escalation,96232392,127717446,0,1,0.525,0.4934,0.5217,0.5194,0.5021
escalation,96232392,142391352,1,1,0.2026,0.2147,0.1906,0.4844,0.4437
escalation,96401295,145247166,0,0,0.5833,0.5341,0.5906,0.5268,0.5018
escalation,96401295,149672976,1,0,0.4359,0.6167,0.4295,0.5098,0.4721
escalation,96401295,188048862,2,1,0.4595,0.7035,0.4507,0.5191,0.5119
escalation,96421806,219938580,0,0,0.5326,0.5245,0.5387,0.531,0.5057
escalation,96421806,220619442,1,1,0.6616,0.6182,0.6478,0.5449,0.5049
escalation,96632532,201953544,0,1,0.4421,0.4909,0.448,0.5384,0.5004
escalation,96632532,258832332,1,0,0.3012,0.1841,0.2949,0.5637,0.467
escalation,96746976,154128210,0,0,0.405,0.4401,0.4049,0.5307,0.5005
escalation,96746976,179534052,1,0,0.2631,0.1506,0.2514,0.5461,0.4617
escalation,96947532,177624882,0,0,0.404,0.3696,0.4049,0.5262,0.4988
escalation,96947532,182326248,1,0,0.3414,0.2917,0.3403,0.5471,0.4787
escalation,96947532,183730230,2,0,0.4144,0.2819,0.4097,0.5799,0.5107
escalation,96947532,205667304,3,1,0.3526,0.3683,0.3549,0.6065,0.5075
escalation,96947532,222833316,4,0,0.2242,0.1754,0.219,0.6058,0.4779
escalation,96947532,248437434,5,0,0.6084,0.4241,0.5999,0.6104,0.5166
escalation,96982767,118808322,0,1,0.5794,0.5675,0.5878,0.5365,0.5056
escalation,96982767,156445848,1,0,0.438,0.2591,0.4388,0.5699,0.4566
escalation,96983937,159400248,0,0,0.3765,0.3099,0.3823,0.5354,0.4945
escalation,96983937,210556896,1,0,0.3064,0.3053,0.3105,0.543,0.4612
escalation,96983937,268299270,2,1,0.3309,0.2693,0.3262,0.5605,0.4978
escalation,96983937,292893486,3,0,0.3144,0.1958,0.3058,0.5797,0.4919
escalation,97087860,58663086,0,0,0.2324,0.1884,0.2314,0.5268,0.4773
escalation,97087860,62968716,1,0,0.2388,0.1528,0.2364,0.5406,0.4515
escalation,97172631,191456928,0,0,0.4647,0.3791,0.4677,0.5327,0.4946
escalation,97172631,224099592,1,0,0.5781,0.6402,0.5756,0.5122,0.4838
escalation,97172631,255363612,2,0,0.4428,0.4838,0.4363,0.536,0.4942
escalation,97363809,253235238,0,0,0.289,0.4575,0.2927,0.5287,0.4973
escalation,97363809,290175852,1,0,0.6789,0.5782,0.6784,0.5028,0.468
escalation,97363809,384976490,2,1,0.735,0.7907,0.7389,0.5255,0.5174
escalation,97365555,155080506,0,0,0.5364,0.3706,0.5349,0.5269,0.4917
escalation,97365555,162968724,1,0,0.3186,0.3457,0.3131,0.5337,0.4709
escalation,97365555,170317332,2,1,0.3535,0.3794,0.3466,0.5277,0.4746
escalation,97365555,217248018,3,0,0.4812,0.4151,0.4749,0.5867,0.5086
escalation,97365555,262788954,4,1,0.7369,0.6142,0.7315,0.5947,0.4984
escalation,97365555,265892172,5,1,0.6011,0.5246,0.5971,0.5983,0.5034
escalation,97391898,147162726,0,0,0.5333,0.4732,0.5403,0.5336,0.4968
escalation,97391898,165078792,1,1,0.4407,0.3912,0.4479,0.5301,0.4531
escalation,97391898,165681582,2,1,0.56,0.5291,0.5758,0.5686,0.5003
escalation,97438842,142898034,0,0,0.4804,0.5034,0.4869,0.5339,0.5015
escalation,97438842,160123692,1,0,0.309,0.3118,0.3108,0.5755,0.4843
escalation,97483941,183952698,0,0,0.3827,0.4209,0.3954,0.5403,0.5083
escalation,97483941,199766700,1,0,0.2281,0.1333,0.2244,0.6013,0.4847
escalation,97483941,201326046,2,0,0.1547,0.1263,0.1499,0.628,0.5324
escalation,97684425,137002794,0,1,0.6067,0.5262,0.6094,0.5424,0.5104
escalation,97684425,142696854,1,1,0.2215,0.1597,0.217,0.5753,0.4626
escalation,97684425,148236042,2,0,0.2329,0.1232,0.227,0.5962,0.4938
escalation,97684425,182945628,3,0,0.4845,0.1406,0.4885,0.6202,0.4974
escalation,97684425,184651338,4,0,0.2801,0.1558,0.2753,0.6453,0.5032
escalation,97704189,69971040,0,0,0.189,0.1091,0.1914,0.5233,0.4701
escalation,97704189,88295964,1,0,0.2123,0.1934,0.211,0.5081,0.4626
escalation,97704189,93884814,2,0,0.322,0.1995,0.3172,0.5532,0.4812
escalation,97856856,251901324,0,0,0.2596,0.2786,0.257,0.5198,0.4864
escalation,97856856,280563126,1,1,0.7378,0.7671,0.7443,0.5126,0.5002
escalation,97856856,291810564,2,0,0.4819,0.3633,0.4835,0.5882,0.4928
escalation,97856856,327182354,3,1,0.4377,0.3176,0.4349,0.597,0.5033
escalation,97867053,162227088,0,1,0.3658,0.3014,0.3629,0.5272,0.4849
escalation,97867053,163580856,1,0,0.1641,0.1317,0.1603,0.5386,0.4517
escalation,97895727,205970346,0,0,0.4302,0.4375,0.4272,0.5324,0.508
escalation,97895727,221574744,1,1,0.2898,0.1423,0.2834,0.5935,0.4883
escalation,97972299,248007678,0,0,0.1637,0.1399,0.1615,0.5145,0.4745
escalation,97972299,253853520,1,1,0.1554,0.0969,0.1533,0.5229,0.458
escalation,97986240,179687106,0,0,0.6564,0.6774,0.6672,0.5297,0.514
escalation,97986240,224523540,1,1,0.5842,0.6651,0.5913,0.5452,0.4962
escalation,98195508,156473040,0,1,0.2764,0.1648,0.2757,0.5336,0.4801
escalation,98195508,168270228,1,0,0.5518,0.3936,0.5473,0.5187,0.4676
escalation,98195508,171338304,2,0,0.4825,0.4721,0.478,0.5373,0.5061
escalation,98259093,214215582,0,0,0.2788,0.3765,0.2878,0.5422,0.4973
escalation,98259093,232369758,1,1,0.687,0.6596,0.6843,0.5238,0.4849
escalation,98259093,262707864,2,0,0.2858,0.3553,0.2831,0.5479,0.4811
escalation,98265564,172117308,0,0,0.3478,0.394,0.3486,0.5446,0.5138
escalation,98265564,185572788,1,0,0.174,0.1706,0.1683,0.5945,0.4971
escalation,98265564,191457408,2,0,0.1793,0.1359,0.1745,0.6262,0.5161
escalation,98265564,196236606,3,0,0.1615,0.1589,0.16,0.6415,0.5218
escalation,98403552,234893160,0,1,0.1704,0.1733,0.1735,0.5298,0.4781
escalation,98403552,242799822,1,0,0.4604,0.5299,0.4668,0.5231,0.472
escalation,98403552,288707844,2,0,0.1947,0.4621,0.1986,0.5317,0.4924
escalation,98427600,141680724,0,0,0.3127,0.2,0.3159,0.5253,0.4812
escalation,98427600,211902240,1,0,0.535,0.3979,0.5395,0.5335,0.4684
escalation,98427600,239162748,2,0,0.4179,0.303,0.4192,0.5493,0.4863
escalation,98427600,250176420,3,0,0.3248,0.2984,0.3299,0.5983,0.4994
escalation,98427600,347818376,4,1,0.4724,0.4106,0.4717,0.605,0.4907
escalation,98427600,372052190,5,1,0.3684,0.2867,0.3691,0.6129,0.499
escalation,98427600,389705234,6,0,0.6816,0.6144,0.679,0.5947,0.5132
escalation,98480781,182056710,0,1,0.3258,0.3594,0.3272,0.5401,0.4981
escalation,98480781,220754676,1,1,0.1687,0.1168,0.171,0.5334,0.4373
escalation,98480781,242844042,2,0,0.7081,0.5236,0.7119,0.5712,0.5163
escalation,98480781,251961546,3,1,0.3707,0.3997,0.3686,0.5759,0.4889
escalation,98511021,211400112,0,0,0.2567,0.1729,0.2585,0.5277,0.4851
escalation,98511021,243462936,1,0,0.5115,0.3396,0.5157,0.5423,0.4923
escalation,98511021,276521970,2,0,0.4422,0.3519,0.4306,0.5645,0.4956
escalation,98511021,281480160,3,0,0.5028,0.5632,0.4893,0.5902,0.5339
escalation,98562870,122672832,0,1,0.3243,0.3292,0.3282,0.5272,0.4917
escalation,98562870,145541490,1,0,0.5528,0.4872,0.5547,0.5284,0.476
escalation,98562870,218124354,2,1,0.5188,0.5897,0.5102,0.5224,0.5015
escalation,98645463,188417790,0,0,0.3701,0.3652,0.3737,0.5305,0.494
escalation,98645463,350780258,1,1,0.3051,0.3979,0.3056,0.5328,0.4786
escalation,98724429,157883202,0,1,0.4882,0.4066,0.4841,0.5223,0.4933
escalation,98724429,202193784,1,1,0.3544,0.3745,0.3521,0.5153,0.4518
escalation,99194292,238869618,0,1,0.4361,0.4972,0.441,0.5342,0.4998
escalation,99194292,350267276,1,1,0.5492,0.554,0.5595,0.5208,0.4581
escalation,99194292,399714680,2,1,0.5858,0.6197,0.5861,0.5343,0.4904
escalation,99195561,130459284,0,1,0.4355,0.3911,0.432,0.5235,0.4944
escalation,99195561,132425088,1,0,0.2964,0.2103,0.2791,0.5128,0.4605
escalation,99195561,142460520,2,1,0.3465,0.5376,0.3436,0.554,0.5019
escalation,99368811,150230454,0,1,0.5134,0.3084,0.5116,0.5435,0.4947
escalation,99368811,152541444,1,0,0.4077,0.3256,0.4015,0.5598,0.4746
escalation,99421578,189916368,0,0,0.3567,0.3577,0.3675,0.5332,0.5028
escalation,99421578,257716662,1,0,0.1633,0.1518,0.1639,0.5871,0.4778
escalation,99445761,147158580,0,1,0.4666,0.4633,0.4743,0.5273,0.4977
escalation,99445761,153796260,1,1,0.645,0.5994,0.6479,0.5126,0.4572
escalation,99445761,154169958,2,1,0.4991,0.5394,0.5004,0.5224,0.4884
escalation,99445761,157259766,3,0,0.4846,0.4076,0.4822,0.5455,0.4841
escalation,99445761,158044758,4,1,0.4192,0.3445,0.4036,0.5526,0.4827
escalation,99652446,115429644,0,1,0.3177,0.2426,0.3159,0.5343,0.4927
escalation,99652446,124839486,1,1,0.3932,0.6271,0.4,0.5052,0.4783
escalation,99801477,181486926,0,0,0.5104,0.608,0.5212,0.5452,0.5173
escalation,99801477,182820870,1,0,0.2319,0.3186,0.225,0.5894,0.4999
escalation,99811971,231066372,0,0,0.2667,0.2676,0.2636,0.5222,0.485
escalation,99811971,241731648,1,0,0.397,0.3455,0.3898,0.5038,0.4625
escalation,99811971,254332122,2,0,0.4129,0.3262,0.4133,0.5491,0.4917
escalation,99811971,256494738,3,0,0.3533,0.3479,0.3512,0.5717,0.503
escalation,99811971,290878440,4,1,0.3037,0.4354,0.3024,0.5781,0.4793
escalation,99811971,335536298,5,1,0.5412,0.3141,0.5241,0.5706,0.4855
escalation,99811971,339093926,6,0,0.5519,0.6089,0.557,0.5713,0.5002
escalation,99813330,158894568,0,0,0.4623,0.4548,0.4687,0.5317,0.4937
escalation,99813330,205462962,1,1,0.4373,0.5051,0.4442,0.5209,0.4643
escalation,99838980,150497796,0,0,0.3706,0.2791,0.3708,0.5308,0.4886
escalation,99838980,151616664,1,0,0.2356,0.2088,0.2278,0.5715,0.4852
escalation,99986328,190261692,0,1,0.2924,0.2167,0.2907,0.5215,0.4812
escalation,99986328,255926496,1,1,0.1887,0.0928,0.1889,0.5377,0.4525
escalation,100143639,138073710,0,0,0.2341,0.1485,0.2356,0.5242,0.4783
escalation,100143639,139795158,1,1,0.7135,0.7254,0.7127,0.5327,0.5055
escalation,100143639,149663454,2,1,0.4282,0.2073,0.4237,0.5778,0.4849
escalation,100143639,154520250,3,1,0.2742,0.1486,0.27,0.6192,0.503
escalation,100143639,157145154,4,0,0.371,0.1301,0.3692,0.628,0.4738
escalation,100143639,161695878,5,1,0.556,0.3174,0.5621,0.6159,0.5146
escalation,100178811,190698234,0,0,0.5041,0.5292,0.5067,0.544,0.5076
escalation,100178811,352466294,1,0,0.2002,0.2735,0.1974,0.52,0.4316
escalation,100232856,156744708,0,1,0.5624,0.5421,0.5731,0.5395,0.509
escalation,100232856,159116388,1,0,0.3283,0.1513,0.3244,0.572,0.46
escalation,100287900,338456330,0,0,0.208,0.2945,0.2104,0.533,0.4944
escalation,100287900,344369360,1,0,0.4091,0.2846,0.4086,0.5215,0.4626
escalation,100657359,214160214,0,0,0.412,0.4168,0.4171,0.5367,0.5013
escalation,100657359,222595338,1,1,0.218,0.123,0.2184,0.5916,0.4714
escalation,100681776,218358906,0,1,0.3685,0.3533,0.3661,0.5316,0.508
escalation,100681776,220904130,1,0,0.1886,0.1184,0.1612,0.5935,0.4769
escalation,100724697,167562426,0,0,0.3078,0.2233,0.3098,0.5329,0.4911
escalation,100724697,197810688,1,0,0.3925,0.1256,0.3706,0.5389,0.4543
escalation,100724697,229638360,2,0,0.4271,0.378,0.4406,0.5897,0.5137
escalation,100724697,239649918,3,0,0.2792,0.1488,0.2878,0.6306,0.5248
escalation,100908189,127551342,0,1,0.4521,0.4641,0.4572,0.5368,0.5005
escalation,100908189,127648902,1,1,0.412,0.5065,0.4205,0.5201,0.4684
escalation,101005245,321438854,0,1,0.2047,0.174,0.2045,0.538,0.4916
escalation,101005245,387908936,1,0,0.5786,0.3656,0.5819,0.5236,0.4662
escalation,101125548,256562088,0,0,0.3188,0.3779,0.3303,0.5468,0.5003
escalation,101125548,283249410,1,0,0.4095,0.4748,0.4162,0.5267,0.4666
escalation,101125548,284201346,2,1,0.5454,0.6674,0.5472,0.544,0.5088
escalation,101125548,387799934,3,0,0.4379,0.5873,0.443,0.5781,0.5042
escalation,101570130,187540560,0,0,0.3194,0.3045,0.3056,0.524,0.4927
escalation,101570130,255165966,1,0,0.3383,0.3526,0.3241,0.5349,0.4828
escalation,101666475,161946444,0,0,0.2705,0.2106,0.2731,0.5323,0.4882
escalation,101666475,168195732,1,1,0.5212,0.5325,0.5068,0.5517,0.4973
escalation,101666475,403211366,2,0,0.1625,0.1499,0.1557,0.5828,0.4785
escalation,101747565,123074400,0,0,0.534,0.5572,0.5289,0.5157,0.5053
escalation,101747565,151659264,1,1,0.4853,0.6707,0.472,0.4889,0.4816
escalation,101774313,317343692,0,1,0.2705,0.3791,0.2715,0.5387,0.5026
escalation,101774313,392549720,1,0,0.1751,0.1547,0.1735,0.5209,0.4543
escalation,101788749,217767330,0,0,0.36,0.3976,0.3468,0.5199,0.4991
escalation,101788749,334357346,1,0,0.2878,0.2429,0.2929,0.5463,0.4772
escalation,101788749,336653162,2,0,0.2968,0.238,0.2961,0.5686,0.4981
escalation,101921499,158323968,0,0,0.5014,0.5414,0.5164,0.5303,0.5008
escalation,101921499,158496300,1,0,0.2868,0.5623,0.2931,0.5074,0.465
escalation,101921499,159347526,2,1,0.306,0.5285,0.3,0.538,0.4933
escalation,101921499,200395992,3,0,0.4766,0.6304,0.4895,0.5891,0.4987
escalation,101935620,152923176,0,0,0.2334,0.1636,0.2344,0.5223,0.4756
escalation,101935620,176535006,1,0,0.1709,0.2722,0.1682,0.5007,0.4695
escalation,102480858,155656140,0,0,0.3886,0.4442,0.3912,0.525,0.5015
escalation,102480858,158111484,1,0,0.2689,0.2633,0.2709,0.5182,0.4761
escalation,102553218,215516946,0,1,0.4252,0.3995,0.4173,0.5416,0.5049
escalation,102553218,221156580,1,0,0.2136,0.1506,0.2067,0.5406,0.4538
escalation,102553218,224698458,2,0,0.1996,0.2058,0.1891,0.5446,0.4789
escalation,102553218,245079144,3,1,0.4495,0.3079,0.4512,0.5973,0.5062
escalation,102553218,246344946,4,1,0.3957,0.2911,0.3854,0.6139,0.4974
escalation,102553218,247843332,5,0,0.5491,0.2391,0.5365,0.6067,0.4959
escalation,102553218,251084976,6,0,0.65,0.7002,0.6512,0.5841,0.5273
escalation,102553218,261749904,7,1,0.6185,0.3474,0.6287,0.6307,0.498
escalation,102553218,267520410,8,1,0.4315,0.1955,0.4011,0.6058,0.4949
escalation,102553218,275949000,9,1,0.555,0.1715,0.5435,0.6311,0.4862
escalation,102572199,142504056,0,1,0.5152,0.5452,0.5246,0.5309,0.5023
escalation,102572199,143854140,1,1,0.4126,0.5538,0.4207,0.5219,0.4549
escalation,102910347,173973738,0,0,0.4857,0.5163,0.5005,0.5336,0.5015
escalation,102910347,184529418,1,1,0.3765,0.5488,0.3869,0.5209,0.4544
escalation,102910347,251663736,2,0,0.4484,0.5248,0.4667,0.5482,0.483
escalation,102910347,272989428,3,0,0.4681,0.5421,0.4827,0.5822,0.4991
escalation,102910347,284349474,4,0,0.3576,0.5076,0.3644,0.5942,0.4845
escalation,103126140,262733070,0,0,0.3235,0.2378,0.3318,0.5267,0.4902
escalation,103126140,267479730,1,0,0.1946,0.141,0.1946,0.5484,0.4661
escalation,103126140,308358692,2,0,0.4458,0.4323,0.4537,0.5695,0.5207
escalation,103126140,380152166,3,1,0.1774,0.1433,0.1807,0.6249,0.516
escalation,103132773,157353774,0,0,0.3874,0.4253,0.3917,0.5286,0.4911
escalation,103132773,262460496,1,0,0.6225,0.5962,0.6301,0.5197,0.4644
escalation,103178817,143718180,0,1,0.4523,0.4572,0.4618,0.5283,0.4907
escalation,103178817,178569666,1,0,0.5107,0.6375,0.5269,0.5113,0.4698
escalation,103178817,245880348,2,0,0.3016,0.588,0.3118,0.5215,0.4854
escalation,103260528,186606972,0,0,0.1984,0.238,0.1998,0.537,0.4845
escalation,103260528,197966106,1,1,0.7071,0.7075,0.7065,0.5259,0.5015
escalation,103263507,113723256,0,0,0.5125,0.4792,0.527,0.531,0.4976
escalation,103263507,131532876,1,0,0.4576,0.5808,0.4707,0.505,0.4727
escalation,103263507,142923006,2,1,0.8297,0.7836,0.8318,0.532,0.5134
escalation,103263507,144393210,3,1,0.3037,0.1738,0.2916,0.6035,0.483
escalation,103273965,160186740,0,0,0.4965,0.4755,0.5131,0.5309,0.4949
escalation,103273965,160459512,1,1,0.4399,0.5491,0.4454,0.5085,0.4616
escalation,103310649,165760614,0,0,0.2136,0.2183,0.2098,0.5217,0.4813
escalation,103310649,286864350,1,0,0.1965,0.2971,0.194,0.5011,0.4598
escalation,103428846,245533644,0,0,0.3477,0.3533,0.3603,0.537,0.4978
escalation,103428846,252827412,1,0,0.1662,0.1341,0.1645,0.5877,0.4817
escalation,103428846,257652510,2,0,0.1311,0.0963,0.1284,0.6212,0.5117
escalation,103428846,335446640,3,0,0.1149,0.095,0.1139,0.6356,0.5172
escalation,103471191,267321324,0,0,0.2641,0.2209,0.2682,0.5377,0.4873
escalation,103471191,306714458,1,0,0.1723,0.1845,0.1734,0.5376,0.4712
escalation,103577274,120987882,0,0,0.4947,0.5024,0.5015,0.5335,0.509
escalation,103577274,124480326,1,1,0.2919,0.2834,0.2862,0.5765,0.4865
escalation,103602924,117493926,0,0,0.2813,0.2743,0.2851,0.5265,0.4813
escalation,103602924,186476202,1,0,0.5351,0.4171,0.5386,0.5277,0.4648
escalation,103736943,229799982,0,1,0.4455,0.4581,0.4524,0.5321,0.4932
escalation,103736943,254184942,1,0,0.3111,0.3646,0.3101,0.5229,0.4512
escalation,103736943,258222528,2,0,0.4208,0.6579,0.4246,0.512,0.5042
escalation,103808502,193535472,0,1,0.3655,0.4145,0.3721,0.5427,0.5046
escalation,103808502,302508440,1,0,0.4923,0.4285,0.4942,0.508,0.447
escalation,103827771,131207712,0,0,0.266,0.3083,0.275,0.5359,0.4868
escalation,103827771,151057446,1,1,0.2596,0.2273,0.2604,0.5134,0.4525
escalation,103827771,163804206,2,0,0.274,0.4784,0.2716,0.5575,0.4951
escalation,103827771,174786936,3,1,0.2689,0.473,0.2731,0.5766,0.5007
escalation,103827771,187607496,4,0,0.5317,0.519,0.5394,0.5992,0.4976
escalation,103827771,211908534,5,1,0.5547,0.6207,0.5554,0.5802,0.4935
escalation,103827771,221855664,6,0,0.2247,0.2969,0.2277,0.5656,0.4833
escalation,103827771,224084076,7,0,0.3585,0.3469,0.3527,0.5812,0.4738
escalation,103827771,245553594,8,0,0.3654,0.371,0.3655,0.5836,0.4987
escalation,103832127,166847616,0,0,0.3306,0.3749,0.3413,0.5344,0.4947
escalation,103832127,173316030,1,0,0.2618,0.2218,0.2697,0.5362,0.466
escalation,103832127,179187072,2,0,0.2081,0.1193,0.2102,0.5781,0.4858
escalation,103832127,189899154,3,0,0.1849,0.1218,0.1898,0.61,0.4948
escalation,103832127,199124124,4,0,0.1439,0.1121,0.145,0.6213,0.4879
escalation,103832127,209254584,5,0,0.1325,0.1037,0.1362,0.6241,0.5033
escalation,103832127,249446148,6,0,0.1392,0.1088,0.138,0.6104,0.4992
escalation,103832127,256399782,7,0,0.1815,0.0954,0.1825,0.6269,0.4936
escalation,103832127,265304844,8,0,0.1326,0.1035,0.1347,0.6237,0.5027
escalation,103832127,268637058,9,0,0.1326,0.1011,0.1303,0.634,0.4959
escalation,103832127,282499188,10,0,0.1455,0.0937,0.1471,0.617,0.5096
escalation,103832127,389715164,11,0,0.1445,0.0923,0.1463,0.6234,0.5135
escalation,103832127,421935122,12,1,0.4558,0.1728,0.4502,0.6247,0.5283
escalation,103896540,133751934,0,1,0.5209,0.5019,0.5267,0.5402,0.5085
escalation,103896540,135383418,1,1,0.2175,0.1205,0.2012,0.5794,0.4451
escalation,103896540,140865372,2,0,0.3483,0.1893,0.3461,0.5926,0.4955
escalation,103896540,155834112,3,1,0.6357,0.2768,0.6371,0.6175,0.5006
escalation,104126247,108508392,0,1,0.3201,0.3799,0.326,0.5285,0.4925
escalation,104126247,115395504,1,0,0.493,0.3515,0.4876,0.5018,0.4546
escalation,104126247,136225482,2,0,0.5822,0.639,0.5763,0.5311,0.5042
escalation,104126247,153404496,3,1,0.4615,0.5222,0.4627,0.562,0.4854
escalation,104126247,204228264,4,1,0.4345,0.3429,0.4378,0.5872,0.4694
escalation,104148621,166974846,0,0,0.1624,0.2305,0.163,0.5262,0.486
escalation,104148621,171339948,1,1,0.4298,0.5652,0.4339,0.5294,0.4863
escalation,104148621,175211226,2,0,0.2715,0.2554,0.2597,0.5658,0.5039
escalation,104353542,157111950,0,0,0.4088,0.2644,0.4078,0.526,0.4896
escalation,104353542,157846662,1,1,0.1895,0.2906,0.1799,0.5601,0.488
escalation,104585679,111026166,0,0,0.2547,0.2071,0.2484,0.5181,0.4751
escalation,104585679,157373106,1,0,0.8044,0.7059,0.812,0.5132,0.4911
escalation,104585679,280301838,2,1,0.5507,0.4266,0.5473,0.5491,0.4935
escalation,104622570,115769742,0,1,0.5115,0.4853,0.5306,0.5297,0.4995
escalation,104622570,181724004,1,0,0.2409,0.4107,0.2495,0.496,0.4346
escalation,105327927,281390586,0,0,0.1683,0.1867,0.1653,0.5196,0.4783
escalation,105327927,434342654,1,0,0.2845,0.1851,0.2799,0.493,0.4484
escalation,105376239,166320558,0,1,0.2424,0.248,0.2428,0.5266,0.4892
escalation,105376239,166883640,1,1,0.4807,0.2265,0.4716,0.5263,0.4581
escalation,105416010,192469272,0,0,0.356,0.3479,0.3643,0.5334,0.496
escalation,105416010,194615856,1,0,0.1344,0.1349,0.1296,0.5972,0.4756
escalation,105416010,197148000,2,0,0.1868,0.1568,0.1864,0.626,0.5235
escalation,105416010,201649842,3,0,0.0969,0.1109,0.0967,0.6375,0.5092
escalation,105416010,207848154,4,0,0.1208,0.0932,0.1201,0.6621,0.5063
escalation,105416010,216676860,5,0,0.1557,0.107,0.1551,0.6455,0.512
escalation,105416010,221877666,6,0,0.1827,0.1311,0.184,0.6477,0.5244
escalation,105416010,286470084,7,0,0.164,0.0899,0.1651,0.6566,0.5019
escalation,105428934,162872598,0,0,0.2644,0.3282,0.2699,0.5289,0.4894
escalation,105428934,164580036,1,0,0.409,0.361,0.4043,0.5253,0.456
escalation,105428934,232039230,2,0,0.4437,0.4221,0.4422,0.5516,0.4836
escalation,105481998,149368020,0,1,0.5231,0.5397,0.529,0.531,0.5029
escalation,105481998,150231486,1,0,0.6619,0.6712,0.672,0.5129,0.4715
escalation,105680502,207713352,0,1,0.4462,0.4944,0.4556,0.5337,0.4986
escalation,105680502,265859814,1,1,0.1953,0.3043,0.194,0.4807,0.4327
escalation,105680502,279544020,2,1,0.5856,0.6138,0.5845,0.5398,0.4963
escalation,105680502,292303014,3,0,0.5722,0.6548,0.5742,0.5627,0.5078
escalation,105680502,297755720,4,1,0.4919,0.6467,0.4865,0.5807,0.5017
escalation,105680502,299580968,5,1,0.5643,0.4761,0.5587,0.5632,0.4814
escalation,105680502,421977410,6,1,0.6078,0.5772,0.5999,0.5549,0.498
escalation,105781572,133763772,0,1,0.1323,0.1646,0.1324,0.5234,0.4761
escalation,105781572,154251888,1,0,0.3838,0.2634,0.3966,0.5184,0.4583
escalation,105958782,181111686,0,0,0.2916,0.2165,0.2897,0.527,0.4822
escalation,105958782,206845542,1,1,0.3598,0.1956,0.3637,0.5385,0.4578
escalation,105958782,209950434,2,1,0.4057,0.331,0.4128,0.5716,0.4989
escalation,106160481,157116228,0,0,0.524,0.5577,0.525,0.5304,0.5049
escalation,106160481,157367766,1,1,0.1661,0.4367,0.1644,0.5111,0.4516
escalation,106174269,333748898,0,0,0.2826,0.1947,0.2808,0.5296,0.4882
escalation,106174269,371951684,1,0,0.2404,0.2028,0.2385,0.5525,0.4661
escalation,106174269,433242668,2,0,0.2741,0.1397,0.268,0.5645,0.4812
escalation,106489440,236194956,0,0,0.2636,0.2663,0.2596,0.5331,0.488
escalation,106489440,244226520,1,0,0.2856,0.1898,0.2805,0.5496,0.4585
escalation,106489440,245055972,2,0,0.2131,0.1435,0.2064,0.5792,0.4929
escalation,106489440,248262126,3,0,0.2784,0.2191,0.2794,0.6163,0.5062
escalation,106510113,37842486,0,1,0.3492,0.4999,0.3517,0.532,0.5024
escalation,106510113,46092228,1,0,0.2289,0.1951,0.2215,0.5093,0.4443
escalation,106526691,155804436,0,1,0.4913,0.5042,0.4997,0.5334,0.5017
escalation,106526691,169216704,1,1,0.2634,0.1704,0.2582,0.5817,0.4625
escalation,106526691,185138106,2,1,0.375,0.2196,0.3686,0.6058,0.5091
escalation,106526691,200595096,3,0,0.3408,0.2052,0.3318,0.6249,0.5095
escalation,106526691,211430304,4,0,0.6067,0.2696,0.6018,0.6445,0.5042
escalation,106526691,218664228,5,1,0.6952,0.6297,0.691,0.592,0.5119
escalation,106526691,243856746,6,1,0.4396,0.2388,0.4233,0.5973,0.4974
escalation,106526691,267211218,7,0,0.3992,0.3893,0.3882,0.5864,0.4713
escalation,106526691,268049850,8,1,0.2305,0.2592,0.2226,0.5829,0.4917
escalation,106526691,271182990,9,0,0.5106,0.1826,0.5048,0.6242,0.4908
escalation,106526691,284240904,10,1,0.5826,0.2187,0.5751,0.618,0.5186
escalation,106526691,290916510,11,1,0.5609,0.3607,0.556,0.5803,0.4988
escalation,106725141,134919306,0,0,0.5063,0.5729,0.5249,0.5312,0.5033
escalation,106725141,138635952,1,0,0.362,0.5532,0.3731,0.4995,0.459
escalation,106725141,163859208,2,0,0.4316,0.6354,0.4412,0.5433,0.4943
escalation,106741116,119825562,0,1,0.3893,0.3157,0.4002,0.5348,0.491
escalation,106741116,151271988,1,1,0.4642,0.2601,0.4623,0.5384,0.4593
escalation,106741116,186702996,2,0,0.4163,0.4559,0.42,0.5542,0.4947
escalation,106741116,282564234,3,1,0.5874,0.6562,0.5864,0.5583,0.5017
escalation,106741116,346064042,4,1,0.5044,0.4396,0.5062,0.6067,0.4847
escalation,106779051,128969544,0,1,0.4126,0.3282,0.4165,0.5293,0.493
escalation,106779051,131175372,1,0,0.5628,0.311,0.5554,0.508,0.4562
escalation,106779051,177467520,2,1,0.3066,0.4596,0.3023,0.5186,0.4868
escalation,106850142,188677890,0,0,0.2383,0.2951,0.2395,0.5303,0.4894
escalation,106850142,213761454,1,0,0.5282,0.6079,0.5337,0.5117,0.4753
escalation,107063217,193941288,0,1,0.6003,0.6152,0.6151,0.5364,0.5139
escalation,107063217,279915732,1,1,0.6001,0.6906,0.6132,0.4951,0.4632
escalation,107063217,434897474,2,1,0.6665,0.7035,0.6747,0.5213,0.4922
escalation,107210547,143588970,0,1,0.3642,0.3569,0.3671,0.5291,0.5026
escalation,107210547,164325978,1,0,0.2265,0.1435,0.2259,0.5427,0.4624
escalation,107214228,206435280,0,1,0.3056,0.2803,0.3119,0.5333,0.4894
escalation,107214228,208782462,1,1,0.413,0.3447,0.4133,0.5384,0.4671
escalation,107304417,144782214,0,1,0.4608,0.4697,0.4599,0.5228,0.5017
escalation,107304417,196098756,1,0,0.376,0.4764,0.3682,0.51,0.4705
escalation,107401644,120630882,0,0,0.3231,0.3877,0.3248,0.5305,0.4889
escalation,107401644,126924396,1,1,0.6292,0.5584,0.6248,0.5091,0.4715
escalation,107481564,125609292,0,0,0.2615,0.3612,0.2657,0.5203,0.4883
escalation,107481564,141540990,1,0,0.2447,0.2998,0.2452,0.4943,0.4513
escalation,107481564,180788316,2,0,0.3863,0.4259,0.3856,0.52,0.4689
escalation,107631018,125078316,0,1,0.4975,0.5469,0.5066,0.5394,0.5083
escalation,107631018,126907458,1,0,0.196,0.1396,0.191,0.5688,0.4531
escalation,107631018,131428494,2,0,0.5692,0.3948,0.5742,0.5985,0.5179
escalation,108564255,92321928,0,0,0.2861,0.2493,0.2865,0.5389,0.495
escalation,108564255,104223606,1,0,0.3173,0.3507,0.3122,0.5303,0.4754
escalation,108616572,136422114,0,1,0.5666,0.6164,0.5754,0.5341,0.5113
escalation,108616572,160006314,1,1,0.2721,0.21,0.2653,0.562,0.4741
escalation,108616572,200923446,2,0,0.2672,0.1938,0.2586,0.5832,0.4974
escalation,108616572,320829062,3,0,0.7012,0.5344,0.6943,0.586,0.5242
escalation,108845919,185109474,0,0,0.2699,0.271,0.2555,0.5265,0.4949
escalation,108845919,289927644,1,1,0.5371,0.3239,0.5447,0.5621,0.4842
escalation,109140975,239003454,0,0,0.5559,0.5885,0.5759,0.5264,0.508
escalation,109140975,317762138,1,0,0.4556,0.5344,0.4696,0.5004,0.4732
escalation,109418553,188978214,0,0,0.4716,0.3838,0.4809,0.5328,0.4946
escalation,109418553,209390466,1,1,0.5488,0.4289,0.5578,0.5531,0.4897
escalation,109418553,223709346,2,1,0.2575,0.1394,0.2572,0.6012,0.4857
escalation,109470600,59753346,0,0,0.4375,0.4315,0.4429,0.5428,0.5013
escalation,109470600,64745430,1,1,0.2419,0.1703,0.2313,0.5984,0.4782
escalation,109821987,324956054,0,0,0.2212,0.2292,0.221,0.5354,0.4982
escalation,109821987,382541198,1,0,0.1943,0.158,0.193,0.5391,0.468
escalation,109821987,387866210,2,0,0.2325,0.2066,0.2286,0.5653,0.4895
escalation,110089980,264152370,0,0,0.2846,0.2043,0.2827,0.525,0.4775
escalation,110089980,325564304,1,1,0.3089,0.2064,0.3213,0.5569,0.4659
escalation,110455767,141789846,0,1,0.5547,0.6164,0.5627,0.5332,0.5103
escalation,110455767,204241458,1,0,0.3632,0.2434,0.3623,0.5744,0.4572
escalation,110660049,88190610,0,0,0.3215,0.3415,0.3237,0.5368,0.4909
escalation,110660049,102677346,1,0,0.337,0.2313,0.3361,0.5446,0.4569
escalation,110735343,26338872,0,0,0.3043,0.2487,0.3023,0.5244,0.4823
escalation,110735343,55833498,1,0,0.3582,0.3047,0.3505,0.5332,0.454
escalation,110759211,187847466,0,1,0.3686,0.2295,0.3715,0.534,0.4881
escalation,110759211,240969900,1,1,0.2884,0.3139,0.2846,0.5276,0.4713
escalation,110877237,175569234,0,0,0.4385,0.3923,0.4383,0.5293,0.4928
escalation,110877237,181935228,1,1,0.6259,0.5363,0.6205,0.5089,0.467
escalation,110883771,230817072,0,1,0.4555,0.4008,0.4607,0.5378,0.4974
escalation,110883771,239328372,1,0,0.2706,0.2765,0.2596,0.5356,0.4653
escalation,111102903,148219890,0,0,0.4893,0.4887,0.5044,0.53,0.4985
escalation,111102903,150292842,1,0,0.3339,0.4982,0.3374,0.5031,0.4658
escalation,111141693,175619190,0,1,0.293,0.3431,0.2982,0.5334,0.5033
escalation,111141693,215195550,1,0,0.2379,0.1418,0.2372,0.5653,0.4685
escalation,111141936,143148450,0,1,0.3359,0.2155,0.3426,0.5236,0.4808
escalation,111141936,167447172,1,0,0.4743,0.3628,0.4683,0.5182,0.4685
escalation,111141936,185269104,2,0,0.3714,0.4057,0.3846,0.5513,0.5006
escalation,111179124,175239762,0,1,0.3351,0.4082,0.3358,0.5316,0.4918
escalation,111179124,204171414,1,0,0.1868,0.3322,0.1837,0.5135,0.4558
escalation,111255543,324252878,0,0,0.1814,0.1793,0.1842,0.5365,0.4876
escalation,111255543,356185214,1,1,0.7584,0.7441,0.7645,0.5202,0.5041
escalation,111255543,356683622,2,1,0.3805,0.244,0.3914,0.5846,0.4905
escalation,111255543,410190554,3,0,0.1788,0.1366,0.173,0.599,0.4855
escalation,111255543,410867540,4,0,0.4065,0.2573,0.408,0.6184,0.4967
escalation,111420567,142234224,0,1,0.5507,0.6672,0.5679,0.5434,0.5223
escalation,111420567,172048704,1,0,0.4201,0.3967,0.4354,0.5629,0.4758
escalation,111420567,182745564,2,1,0.6623,0.7329,0.6708,0.563,0.5252
escalation,111420567,183404256,3,1,0.4335,0.2966,0.4357,0.614,0.4986
escalation,111522312,249670182,0,0,0.349,0.3245,0.3545,0.5301,0.4909
escalation,111522312,268532376,1,1,0.4448,0.2669,0.4445,0.5533,0.4613
escalation,112075191,182399856,0,0,0.4151,0.1654,0.4143,0.53,0.4796
escalation,112075191,247829664,1,1,0.37,0.4025,0.3714,0.5009,0.4589
escalation,112075191,286527978,2,1,0.4109,0.25,0.4041,0.5426,0.4713
escalation,112200192,117403698,0,0,0.4489,0.4458,0.4549,0.5317,0.4953
escalation,112200192,120362850,1,0,0.3533,0.3047,0.3494,0.573,0.4827
escalation,112357161,264971268,0,0,0.2016,0.1438,0.2039,0.5319,0.4803
escalation,112357161,289975536,1,0,0.2252,0.1206,0.2142,0.5496,0.465
escalation,112430484,157905888,0,1,0.5232,0.3362,0.5231,0.5265,0.4921
escalation,112430484,177573366,1,1,0.6375,0.3928,0.6352,0.5114,0.4599
escalation,112433319,169969458,0,1,0.5106,0.2731,0.5156,0.5296,0.4815
escalation,112433319,209253390,1,0,0.2312,0.3219,0.2313,0.4953,0.4532
escalation,112563099,192958626,0,0,0.4537,0.5068,0.4605,0.5334,0.5005
escalation,112563099,197466372,1,1,0.4084,0.5675,0.4117,0.5118,0.4619
escalation,112563099,206504892,2,0,0.5365,0.5782,0.5419,0.5491,0.4832
escalation,112563099,233580420,3,0,0.3875,0.6086,0.3996,0.577,0.5012
escalation,112563099,238133004,4,1,0.4257,0.5356,0.4248,0.5831,0.4833
escalation,112563099,261628914,5,1,0.5368,0.5765,0.5469,0.5947,0.5012
escalation,112563099,267107304,6,1,0.4833,0.6192,0.482,0.569,0.5008
escalation,112563099,364390292,7,1,0.5971,0.7116,0.6177,0.5815,0.491
escalation,112596327,33893166,0,0,0.2143,0.1362,0.2159,0.5235,0.4725
escalation,112596327,37329198,1,0,0.1567,0.1118,0.1535,0.5365,0.4361
escalation,112596327,100715670,2,1,0.6604,0.6477,0.6614,0.5775,0.5273
escalation,112609359,188663982,0,0,0.2204,0.18,0.2227,0.5308,0.4788
escalation,112609359,195275124,1,0,0.2471,0.1719,0.2452,0.5235,0.4465
escalation,112609359,256444518,2,0,0.2484,0.1878,0.2458,0.5621,0.4823
escalation,112609359,282465510,3,1,0.3856,0.3439,0.392,0.5952,0.4993
escalation,112636503,131056866,0,0,0.203,0.2419,0.2062,0.5306,0.4894
escalation,112636503,142890498,1,0,0.3459,0.3883,0.344,0.5364,0.4758
escalation,112636503,158376690,2,0,0.5587,0.5604,0.567,0.5714,0.5063
escalation,112636503,170634756,3,0,0.5067,0.3195,0.5032,0.6041,0.5077
escalation,112636503,179972352,4,1,0.6307,0.5423,0.6337,0.6201,0.5198
escalation,112897701,289920462,0,1,0.4094,0.3822,0.4078,0.5338,0.4942
escalation,112897701,323172122,1,0,0.498,0.2182,0.4968,0.5444,0.4593
escalation,112897701,379052138,2,1,0.749,0.7318,0.7526,0.5665,0.5212
escalation,113686569,48362868,0,1,0.4406,0.4102,0.4453,0.539,0.4997
escalation,113686569,49645260,1,0,0.1806,0.1033,0.1695,0.5682,0.4396
escalation,114490530,139196160,0,0,0.3978,0.3581,0.3991,0.534,0.4883
escalation,114490530,148327260,1,0,0.3257,0.22,0.3251,0.5417,0.4479
escalation,114490530,151004592,2,0,0.3466,0.3204,0.3495,0.5731,0.502
escalation,114497073,170149908,0,1,0.5785,0.6092,0.5904,0.5299,0.5157
escalation,114497073,183728658,1,0,0.257,0.3295,0.2466,0.5471,0.453
escalation,114497073,210329490,2,1,0.2772,0.2622,0.2711,0.5615,0.4826
escalation,114497073,243606000,3,0,0.1941,0.1325,0.1918,0.5947,0.4766
escalation,114497073,274473738,4,0,0.4064,0.2803,0.3953,0.6044,0.4929
escalation,114497073,307874348,5,1,0.5084,0.5827,0.5102,0.6104,0.5091
escalation,114620895,187812270,0,1,0.4983,0.4835,0.505,0.5212,0.4988
escalation,114620895,237236814,1,0,0.2074,0.2751,0.1978,0.5311,0.4488
escalation,122136422,303229844,0,1,0.3305,0.3278,0.334,0.5469,0.4972
escalation,122136422,391998518,1,0,0.7054,0.6768,0.7135,0.5054,0.4801
escalation,122841374,353683874,0,0,0.2489,0.2702,0.2476,0.5309,0.484
escalation,122841374,393702092,1,1,0.7491,0.4987,0.7498,0.5508,0.4876
escalation,127236389,346748936,0,1,0.4609,0.5502,0.47,0.5402,0.5086
escalation,127236389,365483402,1,1,0.3755,0.6106,0.3781,0.503,0.459
escalation,127510709,331961876,0,0,0.4504,0.3333,0.4562,0.5305,0.4977
escalation,127510709,413779178,1,1,0.2852,0.2481,0.2776,0.5417,0.4724
escalation,137145308,310700186,0,0,0.3006,0.1902,0.3009,0.5318,0.4857
escalation,137145308,313055738,1,0,0.4472,0.1904,0.4493,0.5558,0.4587
escalation,138105365,304957268,0,0,0.4337,0.5317,0.4501,0.5433,0.5062
escalation,138105365,321456530,1,1,0.1807,0.5198,0.185,0.5167,0.4555
escalation,138701210,308443466,0,1,0.3814,0.3105,0.3808,0.5394,0.5017
escalation,138701210,334855238,1,0,0.2692,0.1479,0.2687,0.5246,0.431
escalation,138747326,339620960,0,1,0.2951,0.3782,0.3021,0.5391,0.4979
escalation,138747326,369056024,1,0,0.3779,0.4492,0.3998,0.5106,0.4495
escalation,141289808,294252050,0,1,0.3543,0.32,0.3655,0.5394,0.503
escalation,141289808,370756376,1,0,0.5075,0.3487,0.5112,0.5274,0.4631
escalation,141289808,422541836,2,0,0.3503,0.4365,0.3446,0.5624,0.4971
escalation,172263200,352515164,0,0,0.1886,0.1631,0.1884,0.5263,0.4767
escalation,172263200,397932290,1,1,0.5828,0.6096,0.5855,0.5174,0.4846
escalation,175765100,331947290,0,1,0.3846,0.4008,0.3895,0.5397,0.501
escalation,175765100,335446412,1,0,0.385,0.2533,0.3775,0.5271,0.4545
escalation,176227709,384307232,0,0,0.3422,0.3833,0.3445,0.5317,0.4906
escalation,176227709,391462058,1,0,0.2539,0.2991,0.2529,0.5322,0.4578
escalation,176823428,307808768,0,1,0.3459,0.3049,0.3456,0.5369,0.4944
escalation,176823428,383077736,1,0,0.4081,0.3009,0.4001,0.5437,0.4794
escalation,176823428,384954788,2,1,0.7823,0.5693,0.7812,0.5736,0.5195
escalation,181005341,341992994,0,0,0.3022,0.1994,0.3007,0.5442,0.488
escalation,181005341,383226260,1,0,0.2332,0.2655,0.231,0.5196,0.4587
escalation,181005341,389024180,2,1,0.6074,0.425,0.6088,0.5412,0.4811
escalation,186709955,380223206,0,0,0.3231,0.3194,0.321,0.5284,0.4971
escalation,186709955,382577282,1,0,0.2692,0.2658,0.2633,0.5352,0.4711
escalation,187298114,313755044,0,0,0.4756,0.5369,0.4859,0.5448,0.5099
escalation,187298114,322610720,1,1,0.2935,0.5005,0.2948,0.5007,0.4609
escalation,187298114,363787034,2,0,0.4248,0.3345,0.4207,0.5441,0.4837
escalation,187298114,377345516,3,0,0.1612,0.2726,0.1575,0.5588,0.4969
readmit30,11394,35935938,0,0,0.1005,0.0802,0.0965,0.4804,0.4453
readmit30,11394,54021606,1,1,0.1162,0.116,0.104,0.3558,0.3311
readmit30,11394,66624354,2,0,0.1784,0.2134,0.207,0.4264,0.4063
readmit30,12447,3247932,0,0,0.086,0.0886,0.0954,0.478,0.4429
readmit30,12447,9170688,1,0,0.1313,0.1568,0.1408,0.3628,0.3363
readmit30,12447,61518390,2,0,0.1319,0.1028,0.1328,0.4643,0.4199
readmit30,12447,67935924,3,0,0.1944,0.1039,0.1919,0.3562,0.3628
readmit30,13041,4971204,0,0,0.1025,0.0912,0.1016,0.4795,0.4406
readmit30,13041,16429764,1,1,0.1907,0.1428,0.2335,0.359,0.3335
readmit30,13041,17719134,2,1,0.2131,0.2537,0.2196,0.4783,0.4187
readmit30,13041,19423404,3,0,0.316,0.2773,0.3593,0.4045,0.4031
readmit30,13041,27586146,4,0,0.2783,0.2066,0.2815,0.3973,0.3597
readmit30,13041,37761462,5,0,0.1879,0.2411,0.1728,0.448,0.3967
readmit30,13041,68799558,6,0,0.1485,0.1807,0.1639,0.4909,0.4163
readmit30,13041,74513244,7,0,0.2604,0.1661,0.2584,0.3928,0.3697
readmit30,20232,82170354,0,1,0.0792,0.0737,0.0872,0.4819,0.443
readmit30,20232,83725614,1,0,0.1258,0.1414,0.1235,0.405,0.3661
readmit30,24030,55873812,0,0,0.0555,0.0416,0.0561,0.4923,0.4552
readmit30,24030,65767266,1,0,0.093,0.0791,0.0693,0.3613,0.3457
readmit30,32733,28414086,0,0,0.0762,0.0534,0.0705,0.4875,0.4505
readmit30,32733,75327630,1,0,0.1091,0.0804,0.1015,0.3942,0.3546
readmit30,34353,12064386,0,0,0.055,0.032,0.0417,0.5056,0.468
readmit30,34353,61737618,1,0,0.074,0.0408,0.0433,0.4198,0.3765
readmit30,34353,87197496,2,0,0.1091,0.0702,0.0888,0.4071,0.3889
readmit30,42867,3051324,0,0,0.0905,0.0761,0.0909,0.4815,0.444
readmit30,42867,12283968,1,0,0.154,0.1486,0.1265,0.3576,0.3319
readmit30,48996,54121806,0,0,0.0851,0.066,0.1055,0.4861,0.4516
readmit30,48996,78178722,1,0,0.0995,0.0996,0.1215,0.3704,0.338
readmit30,60399,39702324,0,1,0.0617,0.0381,0.059,0.494,0.457
readmit30,60399,41137938,1,0,0.1832,0.1556,0.1782,0.3609,0.3427
readmit30,60399,78768138,2,1,0.1166,0.112,0.1828,0.4938,0.4346
readmit30,60399,79335054,3,0,0.1911,0.1319,0.185,0.3587,0.3806
readmit30,60399,84075882,4,0,0.2019,0.1988,0.2116,0.367,0.3481
readmit30,62964,26314494,0,0,0.1122,0.0918,0.1249,0.4798,0.4404
readmit30,62964,41113488,1,0,0.1061,0.1327,0.1214,0.3778,0.3423
readmit30,62964,84022944,2,0,0.1633,0.1384,0.2716,0.4999,0.4328
readmit30,68787,60922734,0,0,0.0549,0.0337,0.0395,0.5052,0.4697
readmit30,68787,64176900,1,0,0.0614,0.0482,0.0397,0.412,0.3766
readmit30,69489,37358718,0,0,0.0928,0.076,0.1084,0.4776,0.4425
readmit30,69489,56862828,1,1,0.1237,0.1289,0.1324,0.3764,0.341
readmit30,87183,76727634,0,0,0.0794,0.057,0.0767,0.4861,0.4488
readmit30,87183,85701516,1,0,0.1188,0.095,0.0875,0.3488,0.3291
readmit30,102762,70351794,0,1,0.1151,0.1833,0.1569,0.4646,0.4371
readmit30,102762,71172876,1,0,0.1233,0.0926,0.1,0.403,0.3659
readmit30,103194,8872974,0,0,0.0812,0.0625,0.0851,0.483,0.4473
readmit30,103194,11690058,1,0,0.0885,0.0854,0.0893,0.3917,0.3519
readmit30,103194,20853186,2,0,0.1391,0.1171,0.1272,0.4145,0.3878
readmit30,109404,48661584,0,0,0.077,0.0573,0.0772,0.4844,0.4503
readmit30,109404,58724346,1,0,0.1102,0.1085,0.1185,0.3766,0.3454
readmit30,122220,24252936,0,1,0.228,0.1995,0.2856,0.4583,0.4329
readmit30,122220,24819000,1,0,0.1099,0.1959,0.1627,0.3833,0.3532
readmit30,122220,88176804,2,0,0.163,0.1537,0.2344,0.4676,0.4119
readmit30,125595,34534008,0,0,0.0679,0.0918,0.1066,0.469,0.4364
readmit30,125595,74624604,1,0,0.1154,0.1424,0.2294,0.3707,0.3395
readmit30,125793,31394058,0,0,0.0972,0.0917,0.0937,0.4798,0.4434
readmit30,125793,48109056,1,0,0.1382,0.1266,0.1198,0.3552,0.3302
readmit30,125793,55309800,2,0,0.2058,0.1505,0.1907,0.3899,0.3781
readmit30,126783,38933580,0,0,0.0629,0.0529,0.0604,0.4906,0.4579
readmit30,126783,50002434,1,0,0.0929,0.0456,0.0447,0.403,0.3696
readmit30,126783,62679222,2,0,0.1142,0.0608,0.0682,0.3916,0.3969
readmit30,139581,47541828,0,0,0.0663,0.0561,0.0461,0.4894,0.4544
readmit30,139581,64127778,1,0,0.1226,0.1334,0.1343,0.3393,0.3299
readmit30,158328,68346432,0,0,0.159,0.0738,0.1444,0.4812,0.4514
readmit30,158328,73401618,1,0,0.1097,0.0811,0.0892,0.3497,0.3305
readmit30,163989,28983528,0,0,0.1286,0.0858,0.145,0.4746,0.4404
readmit30,163989,39865224,1,0,0.1043,0.1287,0.0932,0.3585,0.3324
readmit30,193176,98841066,0,1,0.0732,0.0778,0.0962,0.4771,0.439
readmit30,193176,100215576,1,0,0.111,0.1496,0.1393,0.3985,0.3617
readmit30,193176,109633044,2,1,0.143,0.0965,0.1693,0.4457,0.4053
readmit30,196578,32980998,0,0,0.0939,0.0732,0.0935,0.4786,0.4418
readmit30,196578,69438504,1,0,0.1375,0.0918,0.1677,0.3996,0.3561
readmit30,198405,22788882,0,0,0.0633,0.0383,0.0385,0.4962,0.4597
readmit30,198405,44548188,1,0,0.1439,0.1223,0.1118,0.3399,0.3283
readmit30,198405,65275902,2,0,0.1402,0.0956,0.0873,0.4453,0.4024
readmit30,198405,78606864,3,1,0.1557,0.1133,0.1252,0.345,0.3598
readmit30,211689,37946328,0,0,0.0856,0.0891,0.0746,0.4779,0.4425
readmit30,211689,60937110,1,0,0.1352,0.1051,0.1031,0.3625,0.3368
readmit30,211689,67181580,2,1,0.1979,0.1726,0.2078,0.3643,0.3619
readmit30,211689,67938762,3,0,0.3559,0.3276,0.3948,0.3795,0.3987
readmit30,211689,71580516,4,0,0.1562,0.1819,0.1386,0.4165,0.37
readmit30,211689,82434240,5,0,0.1653,0.1637,0.1457,0.4182,0.3885
readmit30,211932,91594566,0,0,0.0425,0.0319,0.0338,0.5065,0.4716
readmit30,211932,111390660,1,0,0.0972,0.1301,0.1766,0.3245,0.3258
readmit30,212895,41396004,0,0,0.1153,0.1879,0.1423,0.4644,0.433
readmit30,212895,45311892,1,0,0.1145,0.144,0.126,0.3501,0.329
readmit30,228366,27042762,0,0,0.1176,0.0843,0.1349,0.4712,0.44
readmit30,228366,32030502,1,0,0.1709,0.1123,0.1812,0.3733,0.3415
readmit30,228366,56747766,2,0,0.1666,0.1418,0.1259,0.4,0.3797
readmit30,228366,59547756,3,0,0.2323,0.2111,0.1982,0.3132,0.3483
readmit30,228366,63189360,4,0,0.1381,0.1588,0.1154,0.4108,0.3693
readmit30,228366,67078932,5,0,0.1818,0.15,0.1306,0.3893,0.3742
readmit30,228924,41243652,0,1,0.118,0.0718,0.1028,0.4787,0.445
readmit30,228924,41863722,1,0,0.1307,0.149,0.1288,0.3733,0.3515
readmit30,231237,21343650,0,0,0.0666,0.0451,0.0595,0.4876,0.4488
readmit30,231237,29498844,1,0,0.1626,0.1178,0.1773,0.3553,0.3351
readmit30,236349,83596560,0,1,0.1145,0.0893,0.1394,0.4738,0.4424
readmit30,236349,85418040,1,0,0.1129,0.1165,0.1069,0.4143,0.3639
readmit30,244566,42107802,0,0,0.1837,0.227,0.3054,0.4439,0.4278
readmit30,244566,45563394,1,0,0.2441,0.2367,0.393,0.3635,0.3341
readmit30,244566,55147062,2,0,0.1734,0.2287,0.149,0.3854,0.3728
readmit30,244566,58324788,3,0,0.2252,0.2798,0.2428,0.3475,0.3594
readmit30,244566,64741146,4,1,0.3419,0.2373,0.2926,0.3855,0.3572
readmit30,244566,66556896,5,0,0.4073,0.3638,0.4316,0.4555,0.4235
readmit30,269073,34728228,0,0,0.0825,0.0667,0.0903,0.4808,0.4489
readmit30,269073,38472216,1,0,0.1812,0.1717,0.2598,0.3357,0.3244
readmit30,276606,2095932,0,0,0.1518,0.1277,0.164,0.4631,0.433
readmit30,276606,9354006,1,1,0.1884,0.1683,0.1977,0.3636,0.3309
readmit30,276606,11014350,2,0,0.2621,0.2798,0.4117,0.4976,0.4407
readmit30,276606,17573994,3,0,0.1492,0.2114,0.1644,0.349,0.3526
readmit30,276606,23401032,4,0,0.1873,0.2293,0.1905,0.3813,0.3533
readmit30,276606,34129842,5,0,0.2125,0.2474,0.1898,0.4333,0.3922
readmit30,276606,59618904,6,0,0.1616,0.2048,0.162,0.4427,0.3958
readmit30,276606,69842148,7,0,0.225,0.2192,0.2239,0.4241,0.3794
readmit30,276606,72448302,8,0,0.1634,0.2226,0.18,0.4355,0.3886
readmit30,276606,76682058,9,0,0.1862,0.2152,0.1733,0.397,0.3767
readmit30,278298,14077452,0,1,0.0464,0.0469,0.0444,0.4925,0.457
readmit30,278298,15113850,1,0,0.0928,0.0778,0.1048,0.4053,0.373
readmit30,280692,27972744,0,0,0.0657,0.0899,0.0837,0.4759,0.4396
readmit30,280692,53038680,1,0,0.089,0.0749,0.0904,0.3922,0.3519
readmit30,280692,80699058,2,0,0.1465,0.1103,0.1792,0.4223,0.3962
readmit30,282078,53748456,0,0,0.1153,0.08,0.124,0.478,0.4428
readmit30,282078,57104886,1,0,0.1444,0.0929,0.124,0.3694,0.3409
readmit30,293967,4495386,0,0,0.0534,0.052,0.0466,0.4918,0.4542
readmit30,293967,61059468,1,0,0.0606,0.0528,0.0486,0.3968,0.3591
readmit30,294039,30444042,0,1,0.0933,0.0527,0.0857,0.4923,0.4526
readmit30,294039,32969310,1,0,0.1225,0.0888,0.1078,0.4,0.3679
readmit30,302373,21947160,0,0,0.1108,0.0926,0.1138,0.4793,0.443
readmit30,302373,30167034,1,0,0.1065,0.1049,0.099,0.3845,0.3442
readmit30,302373,48154674,2,0,0.1527,0.1589,0.173,0.3972,0.3785
readmit30,315423,12277398,0,0,0.0468,0.0294,0.0306,0.5075,0.471
readmit30,315423,17531964,1,0,0.1188,0.1031,0.1153,0.3265,0.3262
readmit30,315423,76142682,2,0,0.1473,0.1015,0.1949,0.4923,0.4289
readmit30,317934,5651706,0,0,0.0533,0.0359,0.032,0.4984,0.4617
readmit30,317934,76263852,1,0,0.0556,0.0397,0.0445,0.4188,0.3748
readmit30,321102,9420324,0,0,0.0335,0.0374,0.0303,0.498,0.4584
readmit30,321102,41519532,1,0,0.0532,0.0468,0.0356,0.4262,0.3813
readmit30,325170,9821106,0,0,0.0726,0.0611,0.0739,0.4878,0.4486
readmit30,325170,55170690,1,0,0.1083,0.0741,0.0953,0.4026,0.3667
readmit30,326520,8824062,0,0,0.0571,0.0627,0.0595,0.4833,0.4475
readmit30,326520,11926770,1,0,0.1215,0.1213,0.1163,0.3655,0.3391
readmit30,326520,26438676,2,0,0.1465,0.1302,0.1487,0.4028,0.3778
readmit30,326520,76275552,3,0,0.1477,0.1407,0.2099,0.4216,0.4044
readmit30,326520,80543094,4,0,0.1472,0.1424,0.1967,0.3679,0.3405
readmit30,326520,83941194,5,0,0.1623,0.1793,0.1968,0.4145,0.3936
readmit30,327609,87368724,0,1,0.0557,0.033,0.0522,0.5012,0.4639
readmit30,327609,88061682,1,0,0.0994,0.0956,0.1017,0.3817,0.361
readmit30,336645,42635142,0,0,0.0445,0.0556,0.044,0.4856,0.4481
readmit30,336645,82225410,1,0,0.0748,0.0543,0.0738,0.4314,0.3824
readmit30,343584,28298262,0,0,0.0911,0.0915,0.0959,0.4738,0.4372
readmit30,343584,49747134,1,0,0.1494,0.1707,0.2003,0.3536,0.3369
readmit30,343584,56965302,2,0,0.1947,0.1823,0.1849,0.3922,0.3735
readmit30,345708,23062122,0,0,0.0557,0.0657,0.0625,0.4799,0.4446
readmit30,345708,31058808,1,0,0.101,0.0899,0.113,0.3695,0.3337
readmit30,345708,34827894,2,0,0.1547,0.1357,0.1707,0.4062,0.3883
readmit30,345708,57066942,3,0,0.129,0.1356,0.1318,0.3543,0.3668
readmit30,345708,84158166,4,0,0.0943,0.0833,0.0973,0.4664,0.4047
readmit30,361962,48926496,0,1,0.1557,0.1246,0.1815,0.4731,0.4432
readmit30,361962,49811358,1,0,0.1593,0.1384,0.1313,0.3625,0.3417
readmit30,362466,16278096,0,0,0.0788,0.087,0.0959,0.4778,0.4395
readmit30,362466,41757852,1,0,0.0732,0.0841,0.0961,0.3853,0.3484
readmit30,362466,55933536,2,0,0.1111,0.1181,0.1494,0.4071,0.385
readmit30,362466,66660876,3,1,0.0897,0.1002,0.0843,0.371,0.3759
readmit30,362466,68043960,4,1,0.2343,0.1991,0.2076,0.3815,0.3641
readmit30,362466,68794068,5,0,0.1971,0.288,0.2238,0.4945,0.4419
readmit30,362466,71668512,6,0,0.215,0.1816,0.2014,0.3885,0.367
readmit30,369792,24267606,0,0,0.1341,0.0906,0.1626,0.4676,0.4356
readmit30,369792,65850030,1,0,0.1107,0.0925,0.1436,0.4273,0.374
readmit30,379224,48222798,0,0,0.0854,0.0509,0.1093,0.4857,0.4468
readmit30,379224,56321934,1,1,0.1908,0.0951,0.2134,0.3806,0.3491
readmit30,379224,58591950,2,0,0.2133,0.1495,0.1953,0.452,0.4176
readmit30,379224,76359498,3,0,0.1586,0.1507,0.1641,0.3611,0.3704
readmit30,381843,62605470,0,0,0.0934,0.0555,0.0969,0.4868,0.4483
readmit30,381843,65108754,1,0,0.129,0.075,0.1125,0.3871,0.3556
readmit30,381843,79637982,2,0,0.1763,0.1248,0.1504,0.3826,0.3721
readmit30,384777,11669718,0,1,0.0631,0.0483,0.0602,0.4948,0.4604
readmit30,384777,12521232,1,0,0.1442,0.08,0.1181,0.3659,0.356
readmit30,384777,16212018,2,0,0.123,0.0735,0.1042,0.4196,0.3946
readmit30,384777,43998648,3,0,0.1158,0.0566,0.0853,0.4035,0.3996
readmit30,384813,73215522,0,1,0.109,0.0623,0.0867,0.4833,0.4482
readmit30,384813,74131302,1,0,0.1084,0.0858,0.1077,0.4191,0.3747
readmit30,384939,2524314,0,0,0.097,0.1139,0.1408,0.4667,0.4407
readmit30,384939,8355312,1,0,0.1259,0.1497,0.1847,0.334,0.3233
readmit30,384939,24309066,2,1,0.2051,0.1451,0.2068,0.4076,0.377
readmit30,384939,26592654,3,0,0.219,0.3063,0.2759,0.3664,0.3918
readmit30,384939,31753782,4,0,0.1739,0.2259,0.2189,0.3951,0.3616
readmit30,384939,43175052,5,0,0.1442,0.2349,0.1953,0.4169,0.3915
readmit30,384939,48753036,6,1,0.2374,0.2307,0.2478,0.3917,0.366
readmit30,384939,49565298,7,0,0.392,0.3049,0.3418,0.4685,0.4126
readmit30,384939,52976586,8,1,0.3042,0.3026,0.3073,0.4045,0.3686
readmit30,384939,55157508,9,1,0.3371,0.3603,0.3789,0.424,0.4065
readmit30,384939,56442516,10,0,0.4563,0.4494,0.5463,0.4957,0.4292
readmit30,384939,60027540,11,1,0.3127,0.3221,0.3171,0.4658,0.4032
readmit30,384939,62068794,12,0,0.3558,0.4387,0.4735,0.4713,0.4217
readmit30,384939,74238960,13,0,0.3055,0.3685,0.3309,0.4421,0.3913
readmit30,384939,78651810,14,0,0.4051,0.3332,0.4284,0.4453,0.3916
readmit30,384939,85371444,15,0,0.2417,0.3393,0.2907,0.4488,0.3974
readmit30,387675,27025674,0,0,0.0477,0.0357,0.0424,0.4976,0.4591
readmit30,387675,44362638,1,0,0.0682,0.0477,0.043,0.3922,0.3586
readmit30,392463,22623486,0,1,0.0814,0.0796,0.0976,0.478,0.4403
readmit30,392463,23760732,1,0,0.1147,0.1584,0.1482,0.3888,0.3557
readmit30,392463,26973900,2,1,0.1671,0.1739,0.2151,0.4082,0.3855
readmit30,392463,27761088,3,0,0.2204,0.2477,0.2469,0.3969,0.3958
readmit30,392463,40813968,4,0,0.1289,0.2289,0.1006,0.3736,0.348
readmit30,400500,5279394,0,0,0.0956,0.0681,0.0958,0.4823,0.4469
readmit30,400500,26985486,1,0,0.0848,0.0528,0.0703,0.3948,0.3573
readmit30,400500,55803648,2,0,0.0891,0.0704,0.1215,0.4335,0.4081
readmit30,400500,58988670,3,0,0.123,0.1534,0.1283,0.3109,0.3469
readmit30,400500,64349760,4,0,0.1222,0.0998,0.1201,0.4028,0.3677
readmit30,400500,76101618,5,0,0.1219,0.097,0.0983,0.3947,0.3876
readmit30,408663,58301064,0,1,0.1042,0.0934,0.1033,0.4771,0.4485
readmit30,408663,61733268,1,0,0.1827,0.2405,0.3011,0.385,0.3642
readmit30,409104,61852236,0,0,0.0388,0.0298,0.0214,0.5074,0.4748
readmit30,409104,70983384,1,0,0.096,0.0805,0.0735,0.3581,0.341
readmit30,409104,81111618,2,1,0.1395,0.1058,0.1002,0.3892,0.3782
readmit30,409104,84075678,3,0,0.1458,0.192,0.1239,0.3924,0.4064
readmit30,412038,3844308,0,0,0.0953,0.0943,0.1068,0.4788,0.4409
readmit30,412038,85026276,1,0,0.0906,0.085,0.1101,0.404,0.3598
readmit30,412056,54150726,0,0,0.0944,0.1085,0.1103,0.4738,0.4418
readmit30,412056,57723540,1,0,0.15,0.1369,0.1503,0.3327,0.3227
readmit30,429633,8401404,0,0,0.057,0.048,0.0552,0.4958,0.459
readmit30,429633,31222044,1,0,0.1134,0.0606,0.0692,0.382,0.3453
readmit30,435699,23041764,0,1,0.0905,0.0832,0.1395,0.472,0.4379
readmit30,435699,23712366,1,0,0.1628,0.1943,0.2212,0.3895,0.3559
readmit30,436446,8506704,0,0,0.0651,0.098,0.0746,0.4732,0.4379
readmit30,436446,15670902,1,0,0.1107,0.129,0.1382,0.3708,0.3383
readmit30,436446,18193344,2,0,0.1352,0.1548,0.148,0.4101,0.3848
readmit30,436446,83719194,3,1,0.1082,0.169,0.1201,0.3811,0.3848
readmit30,436446,85162212,4,0,0.2485,0.2168,0.2779,0.4338,0.3851
readmit30,459477,23453850,0,0,0.0901,0.0704,0.1021,0.4786,0.4409
readmit30,459477,41391756,1,0,0.1482,0.166,0.1719,0.3405,0.3253
readmit30,461799,55047984,0,1,0.0628,0.082,0.0694,0.4759,0.4398
readmit30,461799,57240162,1,0,0.1367,0.1575,0.1561,0.3977,0.3608
readmit30,461799,67092582,2,0,0.1513,0.1046,0.1302,0.4389,0.3961
readmit30,463932,3712704,0,0,0.1081,0.0908,0.1127,0.4751,0.4385
readmit30,463932,55879422,1,0,0.0817,0.0787,0.1005,0.4413,0.3823
readmit30,463932,59514474,2,0,0.1198,0.1086,0.1008,0.3891,0.3695
readmit30,467613,15442512,0,0,0.0571,0.0594,0.0503,0.4897,0.4528
readmit30,467613,45352308,1,0,0.1828,0.0924,0.1657,0.3338,0.3227
readmit30,467748,66393336,0,0,0.1474,0.2283,0.2044,0.463,0.4395
readmit30,467748,76396212,1,0,0.184,0.2673,0.3033,0.3352,0.3302
readmit30,489186,32587314,0,1,0.2595,0.2314,0.3472,0.4594,0.4335
readmit30,489186,32765250,1,0,0.0873,0.1426,0.1508,0.401,0.3634
readmit30,493074,62958012,0,0,0.1061,0.0745,0.1173,0.4786,0.4414
readmit30,493074,73631790,1,0,0.1457,0.1046,0.1505,0.3727,0.3435
readmit30,497178,9328908,0,0,0.1268,0.1,0.142,0.4668,0.4313
readmit30,497178,30049656,1,0,0.1121,0.1126,0.1242,0.4095,0.3709
readmit30,497178,35453850,2,0,0.1604,0.1181,0.1109,0.4039,0.3739
readmit30,497178,42263988,3,0,0.1279,0.138,0.1252,0.3542,0.3627
readmit30,497178,47466570,4,0,0.1526,0.1497,0.1296,0.3751,0.3568
readmit30,497178,60417204,5,0,0.1704,0.1335,0.1662,0.4283,0.3897
readmit30,497178,68205324,6,0,0.2099,0.2452,0.2108,0.379,0.3689
readmit30,502308,28093332,0,1,0.0478,0.0337,0.0403,0.5036,0.4644
readmit30,502308,28610106,1,0,0.1741,0.078,0.1335,0.3812,0.3597
readmit30,502434,48738960,0,0,0.1059,0.131,0.1481,0.4683,0.4421
readmit30,502434,68759628,1,0,0.1292,0.0883,0.1504,0.3591,0.3358
readmit30,502434,74792148,2,0,0.1597,0.1059,0.1355,0.3857,0.3774
readmit30,502434,77922288,3,0,0.1917,0.1796,0.2188,0.3281,0.3528
readmit30,502434,84804000,4,0,0.1684,0.1518,0.1834,0.4055,0.3735
readmit30,527112,34091988,0,0,0.2756,0.1781,0.3449,0.4614,0.4339
readmit30,527112,51240258,1,0,0.1263,0.1472,0.1592,0.381,0.3443
readmit30,527112,62364498,2,0,0.2023,0.1589,0.2458,0.398,0.3845
readmit30,536094,55230960,0,0,0.0571,0.0752,0.0589,0.4781,0.4406
readmit30,536094,59118144,1,0,0.1108,0.1199,0.1158,0.3692,0.341
readmit30,536094,73362864,2,1,0.1448,0.1634,0.1689,0.4053,0.3853
readmit30,536094,75731292,3,1,0.1851,0.2316,0.1809,0.409,0.4032
readmit30,536094,77169582,4,0,0.2686,0.2525,0.2455,0.4314,0.386
readmit30,539721,28515048,0,0,0.0669,0.052,0.0727,0.4861,0.4468
readmit30,539721,64168890,1,1,0.1455,0.1644,0.1951,0.3632,0.3427
readmit30,540747,54783492,0,0,0.066,0.0494,0.0861,0.4945,0.4552
readmit30,540747,84133206,1,0,0.0509,0.0444,0.0371,0.427,0.3808
readmit30,556002,31048596,0,1,0.1179,0.0705,0.0984,0.4796,0.4432
readmit30,556002,32449590,1,0,0.1852,0.145,0.2158,0.3875,0.3557
readmit30,556002,41885508,2,0,0.2216,0.1897,0.2224,0.3983,0.3763
readmit30,561609,51241260,0,0,0.096,0.1434,0.1165,0.4623,0.4315
readmit30,561609,72818088,1,0,0.126,0.1311,0.1888,0.3721,0.3398
readmit30,568098,4540344,0,0,0.0679,0.0704,0.0746,0.4859,0.4465
readmit30,568098,36679710,1,0,0.0857,0.0534,0.1006,0.4313,0.3791
readmit30,580788,2843922,0,0,0.0829,0.0881,0.0926,0.4775,0.4406
readmit30,580788,29622108,1,0,0.1589,0.1238,0.1658,0.381,0.3442
readmit30,596403,9494880,0,1,0.0855,0.0574,0.099,0.4855,0.454
readmit30,596403,11026326,1,0,0.1628,0.1011,0.1185,0.3939,0.3544
readmit30,596403,59829792,2,0,0.0786,0.0795,0.0654,0.4886,0.4315
readmit30,596403,71759598,3,0,0.1686,0.0875,0.1255,0.3324,0.3514
readmit30,598581,62378214,0,0,0.1456,0.146,0.1807,0.4583,0.4315
readmit30,598581,85152588,1,0,0.1282,0.1376,0.1845,0.3918,0.3463
readmit30,602604,3880440,0,0,0.0817,0.0968,0.0901,0.4741,0.4415
readmit30,602604,29639160,1,0,0.1303,0.1276,0.1316,0.3609,0.3302
readmit30,622449,51366714,0,0,0.0873,0.0491,0.0563,0.4932,0.4569
readmit30,622449,54671802,1,0,0.1451,0.1117,0.1189,0.3148,0.3197
readmit30,622449,82833756,2,0,0.1685,0.1305,0.1707,0.3993,0.3837
readmit30,635895,43619550,0,0,0.0819,0.1205,0.0723,0.4719,0.4364
readmit30,635895,62293638,1,0,0.1097,0.1404,0.0947,0.3468,0.3298
readmit30,640575,16199634,0,0,0.0636,0.0645,0.0758,0.4843,0.4523
readmit30,640575,18847008,1,0,0.1329,0.1147,0.1469,0.3531,0.3343
readmit30,640575,24905478,2,0,0.1532,0.1176,0.1753,0.4187,0.3913
readmit30,640575,44071470,3,0,0.1979,0.1625,0.1864,0.3226,0.348
readmit30,640575,51870480,4,0,0.1632,0.1765,0.1636,0.3853,0.3611
readmit30,640575,58725576,5,0,0.1394,0.1879,0.1525,0.4384,0.3989
readmit30,651888,19403436,0,1,0.1183,0.1379,0.1327,0.4668,0.4333
readmit30,651888,19852584,1,1,0.1289,0.2185,0.1514,0.4214,0.3648
readmit30,652626,57077640,0,1,0.0946,0.0607,0.094,0.4849,0.4472
readmit30,652626,59166990,1,0,0.0983,0.1075,0.1024,0.4136,0.3677
readmit30,654273,3686640,0,0,0.0839,0.1104,0.0916,0.4722,0.4376
readmit30,654273,59651256,1,0,0.125,0.1729,0.1513,0.3721,0.3381
readmit30,666936,11703846,0,0,0.0619,0.0666,0.0645,0.4826,0.4453
readmit30,666936,26120322,1,0,0.1707,0.1509,0.1607,0.3415,0.3275
readmit30,671337,37959306,0,0,0.0614,0.03,0.0382,0.5106,0.4772
readmit30,671337,41125812,1,0,0.0808,0.0477,0.0517,0.366,0.3456
readmit30,671337,72964806,2,0,0.0968,0.0587,0.0879,0.4673,0.4291
readmit30,671337,81310038,3,0,0.1005,0.0604,0.0828,0.3633,0.3737
readmit30,688347,2549826,0,0,0.0473,0.0316,0.0214,0.5064,0.4699
readmit30,688347,14526552,1,0,0.1001,0.0824,0.0865,0.3502,0.3401
readmit30,689544,39632184,0,0,0.0782,0.0841,0.0874,0.4738,0.4381
readmit30,689544,55829658,1,0,0.1031,0.1027,0.093,0.3855,0.3427
readmit30,689544,65859540,2,1,0.178,0.1082,0.1696,0.4095,0.3921
readmit30,689544,66994710,3,1,0.2509,0.2123,0.2364,0.3862,0.3942
readmit30,689544,73908336,4,1,0.2339,0.2317,0.2181,0.4247,0.3885
readmit30,689544,89648538,5,0,0.3154,0.3048,0.314,0.4899,0.4278
readmit30,693747,3787566,0,0,0.0324,0.0378,0.0219,0.5007,0.4644
readmit30,693747,63798354,1,0,0.0942,0.0686,0.0836,0.3852,0.3504
readmit30,703512,40843140,0,0,0.042,0.0311,0.0239,0.5052,0.4697
readmit30,703512,56503428,1,0,0.0711,0.0628,0.0484,0.3804,0.3549
readmit30,704907,41255298,0,0,0.0791,0.0646,0.0672,0.4859,0.4486
readmit30,704907,43993656,1,1,0.1059,0.0959,0.0891,0.3588,0.3428
readmit30,704907,44834754,2,0,0.177,0.1586,0.1496,0.3878,0.3914
readmit30,706797,96210942,0,0,0.0458,0.0315,0.0295,0.5103,0.4778
readmit30,706797,110293170,1,0,0.1153,0.0533,0.1119,0.3849,0.361
readmit30,712899,51092640,0,0,0.0458,0.0464,0.0474,0.4934,0.4572
readmit30,712899,54684960,1,0,0.1072,0.0508,0.0807,0.4005,0.3627
readmit30,712899,61089756,2,0,0.1618,0.1124,0.1106,0.3643,0.359
readmit30,718461,26099454,0,0,0.06,0.0375,0.0477,0.4994,0.4617
readmit30,718461,54918438,1,0,0.0623,0.0617,0.0498,0.387,0.3567
readmit30,720369,2473668,0,0,0.0521,0.0424,0.0376,0.4946,0.4559
readmit30,720369,27672474,1,0,0.0688,0.0563,0.0491,0.395,0.3581
readmit30,726057,6800616,0,0,0.1124,0.1618,0.1398,0.4676,0.4354
readmit30,726057,9066744,1,0,0.1798,0.2154,0.1879,0.3594,0.3247
readmit30,727740,11211318,0,0,0.122,0.1276,0.1292,0.4678,0.4354
readmit30,727740,16002372,1,0,0.1305,0.112,0.1467,0.3696,0.3396
readmit30,727740,31851672,2,1,0.1803,0.1551,0.162,0.3959,0.3753
readmit30,727740,33278466,3,0,0.2367,0.2676,0.2287,0.3748,0.3844
readmit30,730935,10310262,0,1,0.0729,0.0786,0.0754,0.4767,0.4425
readmit30,730935,12132756,1,0,0.1714,0.1729,0.1691,0.4034,0.3629
readmit30,730935,17731632,2,0,0.177,0.1548,0.1913,0.4008,0.3786
readmit30,730935,23641788,3,0,0.2144,0.2513,0.224,0.3335,0.3529
readmit30,730935,28473204,4,0,0.151,0.2229,0.1546,0.4176,0.3732
readmit30,730935,31995576,5,0,0.2053,0.1605,0.1641,0.4198,0.3893
readmit30,730935,39194028,6,0,0.2698,0.2079,0.2676,0.3753,0.3633
readmit30,730935,86745816,7,0,0.2032,0.1747,0.2685,0.5131,0.4418
readmit30,737622,8391696,0,0,0.0342,0.0404,0.0344,0.4967,0.4568
readmit30,737622,38606292,1,1,0.1216,0.1012,0.1489,0.3549,0.3361
readmit30,737622,40217946,2,0,0.1342,0.1914,0.1366,0.5,0.4364
readmit30,738999,25726092,0,1,0.0633,0.0434,0.0614,0.4875,0.4522
readmit30,738999,27717276,1,0,0.1368,0.1444,0.1486,0.3805,0.3546
readmit30,743886,31034454,0,0,0.0922,0.0828,0.0896,0.4808,0.4429
readmit30,743886,59664180,1,0,0.0833,0.0625,0.0783,0.4016,0.3576
readmit30,743886,63220008,2,0,0.1527,0.1226,0.1388,0.3735,0.3677
readmit30,743886,67176774,3,0,0.22,0.1128,0.1914,0.3663,0.3691
readmit30,743886,77903274,4,1,0.1819,0.1812,0.1716,0.3459,0.3405
readmit30,743886,79217034,5,0,0.2835,0.2914,0.3123,0.438,0.4232
readmit30,743886,85242624,6,0,0.3191,0.1981,0.2663,0.3871,0.3622
readmit30,751068,92492436,0,0,0.0532,0.0921,0.0813,0.4757,0.4405
readmit30,751068,99005934,1,0,0.1229,0.1157,0.1568,0.3761,0.3414
readmit30,751068,104850300,2,0,0.1059,0.0598,0.1038,0.4672,0.4084
readmit30,751554,40928304,0,0,0.0952,0.0787,0.0829,0.4762,0.4401
readmit30,751554,66908370,1,0,0.1167,0.156,0.173,0.3324,0.318
readmit30,751554,77324760,2,0,0.1292,0.1304,0.1503,0.4487,0.4054
readmit30,752373,26120886,0,0,0.0667,0.0478,0.0714,0.4878,0.4488
readmit30,752373,30428070,1,0,0.192,0.1107,0.1697,0.3537,0.334
readmit30,752373,75694014,2,0,0.1255,0.1039,0.1441,0.457,0.4154
readmit30,758205,42007644,0,0,0.0675,0.0591,0.0673,0.4848,0.4473
readmit30,758205,49276758,1,0,0.1548,0.166,0.1571,0.3292,0.3228
readmit30,768051,12586650,0,0,0.0413,0.0323,0.0304,0.5031,0.4657
readmit30,768051,21947316,1,0,0.0519,0.0553,0.0385,0.3776,0.3508
readmit30,772065,7292958,0,1,0.0912,0.1124,0.1054,0.4695,0.4368
readmit30,772065,8024742,1,0,0.1017,0.1242,0.1299,0.4324,0.3757
readmit30,785916,17607768,0,0,0.0306,0.0675,0.0473,0.4798,0.4459
readmit30,785916,50342928,1,0,0.1035,0.1042,0.0966,0.3588,0.3395
readmit30,787446,48089418,0,0,0.0875,0.0824,0.0998,0.4755,0.4381
readmit30,787446,59011932,1,0,0.1296,0.1233,0.1525,0.3768,0.342
readmit30,787446,76161708,2,0,0.1285,0.1409,0.1221,0.4133,0.3886
readmit30,789876,6992808,0,0,0.0721,0.0718,0.0751,0.4781,0.4426
readmit30,789876,11033382,1,1,0.1395,0.152,0.1685,0.3474,0.3287
readmit30,790038,33729894,0,1,0.1164,0.1545,0.1502,0.466,0.4357
readmit30,790038,36481122,1,0,0.1406,0.0993,0.108,0.4112,0.3646
readmit30,796122,43146798,0,0,0.1203,0.0991,0.1317,0.4735,0.4432
readmit30,796122,49969098,1,0,0.1448,0.1319,0.127,0.3441,0.3282
readmit30,796122,66444984,2,0,0.1702,0.1654,0.1586,0.3889,0.3786
readmit30,799695,75912810,0,0,0.1628,0.1615,0.1955,0.4509,0.4284
readmit30,799695,81185568,1,0,0.2226,0.2071,0.2743,0.3706,0.3285
readmit30,800064,42752382,0,0,0.0679,0.0486,0.0927,0.4858,0.4517
readmit30,800064,53585550,1,0,0.1399,0.0886,0.1139,0.3436,0.3272
readmit30,800064,61572576,2,1,0.155,0.0975,0.1534,0.3929,0.3891
readmit30,800064,63759462,3,0,0.1881,0.165,0.1586,0.3753,0.3912
readmit30,800064,73310652,4,0,0.2286,0.1673,0.2127,0.3487,0.3362
readmit30,812880,58343118,0,1,0.0736,0.0644,0.083,0.4826,0.4505
readmit30,812880,59987262,1,0,0.1795,0.114,0.1763,0.3807,0.3504
readmit30,812880,62195544,2,0,0.149,0.1469,0.1653,0.3995,0.3845
readmit30,837414,8005920,0,0,0.0721,0.0963,0.0829,0.4725,0.435
readmit30,837414,10323636,1,0,0.1176,0.1464,0.1661,0.3803,0.3487
readmit30,837414,14053824,2,0,0.1593,0.1687,0.1745,0.396,0.3751
readmit30,837414,18649518,3,0,0.1829,0.2232,0.2145,0.3612,0.3725
readmit30,894942,6805482,0,0,0.0863,0.0844,0.0928,0.482,0.4431
readmit30,894942,9918510,1,0,0.1174,0.0935,0.1235,0.3615,0.336
readmit30,896022,26804898,0,0,0.1559,0.1084,0.189,0.4644,0.4334
readmit30,896022,58881546,1,0,0.1776,0.1759,0.2314,0.3572,0.3267
readmit30,896022,69098040,2,1,0.1362,0.1327,0.1288,0.4561,0.4033
readmit30,896022,69894930,3,0,0.2056,0.1952,0.2151,0.3939,0.3974
readmit30,896022,73425888,4,0,0.1676,0.114,0.0634,0.408,0.3636
readmit30,896022,87648186,5,0,0.2689,0.1838,0.1928,0.3843,0.376
readmit30,897120,17381394,0,0,0.0863,0.0586,0.089,0.4859,0.4475
readmit30,897120,55591662,1,0,0.0959,0.0701,0.0948,0.407,0.3618
readmit30,900603,53049300,0,0,0.0542,0.0507,0.0568,0.4889,0.4488
readmit30,900603,91074294,1,0,0.1095,0.0644,0.1067,0.4012,0.3636
readmit30,902799,58848552,0,0,0.1065,0.1019,0.0894,0.4757,0.4439
readmit30,902799,64182708,1,0,0.2532,0.1802,0.3719,0.3277,0.3198
readmit30,908091,70304652,0,1,0.0577,0.0546,0.0569,0.4888,0.4506
readmit30,908091,70654518,1,0,0.0816,0.102,0.064,0.3875,0.3645
readmit30,916947,20095914,0,0,0.2136,0.235,0.2698,0.4611,0.4339
readmit30,916947,25707282,1,0,0.1778,0.1524,0.2146,0.3593,0.3322
readmit30,935802,65410854,0,1,0.0893,0.086,0.1113,0.4792,0.4434
readmit30,935802,65624862,1,0,0.1281,0.105,0.1165,0.3821,0.3504
readmit30,947934,37675872,0,0,0.1112,0.1312,0.1522,0.4601,0.4336
readmit30,947934,67326456,1,0,0.1932,0.1461,0.2353,0.3857,0.3427
readmit30,947934,76121016,2,1,0.1187,0.1023,0.1248,0.4463,0.4028
readmit30,947934,77745012,3,0,0.172,0.1604,0.1504,0.3739,0.384
readmit30,975762,39404298,0,1,0.1033,0.1021,0.1122,0.473,0.439
readmit30,975762,40043604,1,0,0.0976,0.1652,0.0889,0.3724,0.3484
readmit30,980820,10718838,0,0,0.0845,0.051,0.055,0.4921,0.457
readmit30,980820,15553104,1,0,0.1099,0.092,0.0844,0.3758,0.3463
readmit30,1009602,11488980,0,0,0.0849,0.0688,0.0884,0.4831,0.4438
readmit30,1009602,56614836,1,0,0.1673,0.1151,0.1773,0.3806,0.3422
readmit30,1011789,71285070,0,1,0.3935,0.3871,0.7042,0.45,0.4361
readmit30,1011789,71506986,1,0,0.1289,0.1133,0.1084,0.4373,0.3792
readmit30,1030149,44924352,0,0,0.1777,0.1447,0.1885,0.4648,0.4339
readmit30,1030149,69560568,1,0,0.1385,0.1397,0.1601,0.375,0.3403
readmit30,1037673,16519662,0,0,0.134,0.0854,0.1426,0.4796,0.4463
readmit30,1037673,49032180,1,0,0.1337,0.0877,0.1474,0.3729,0.3404
readmit30,1040931,27399756,0,0,0.0639,0.0626,0.0773,0.4853,0.4499
readmit30,1040931,53869632,1,0,0.1351,0.1109,0.1345,0.3683,0.3372
readmit30,1040931,67199652,2,1,0.118,0.122,0.1105,0.4164,0.3879
readmit30,1040931,67952424,3,0,0.1879,0.1734,0.1973,0.409,0.4024
readmit30,1041291,5053842,0,0,0.0656,0.0455,0.056,0.4943,0.4569
readmit30,1041291,69631248,1,0,0.158,0.0746,0.1774,0.4086,0.3585
readmit30,1048914,85066212,0,0,0.096,0.1001,0.1176,0.4776,0.4407
readmit30,1048914,87653214,1,0,0.1414,0.1106,0.1753,0.3951,0.3516
readmit30,1071144,109898706,0,1,0.0736,0.036,0.0594,0.4979,0.4582
readmit30,1071144,110678406,1,0,0.1136,0.1195,0.1236,0.3636,0.3493
readmit30,1079289,25406736,0,0,0.1308,0.1235,0.1684,0.4658,0.437
readmit30,1079289,29980428,1,1,0.2029,0.2112,0.3003,0.3472,0.3275
readmit30,1079289,31728906,2,0,0.2153,0.2273,0.2531,0.445,0.4142
readmit30,1079289,41480310,3,0,0.2395,0.2174,0.2564,0.3569,0.365
readmit30,1118907,64747392,0,0,0.049,0.0356,0.036,0.5002,0.4647
readmit30,1118907,81165456,1,0,0.1132,0.1012,0.083,0.335,0.3289
readmit30,1119600,18873840,0,0,0.0411,0.0339,0.0269,0.5011,0.4663
readmit30,1119600,22045728,1,0,0.0629,0.0587,0.0452,0.371,0.3441
readmit30,1137798,71578926,0,1,0.1894,0.1086,0.1841,0.4724,0.4378
readmit30,1137798,72853218,1,1,0.2109,0.1428,0.1925,0.41,0.3642
readmit30,1137798,73811724,2,0,0.3024,0.187,0.2945,0.4611,0.4175
readmit30,1137798,83721852,3,0,0.1863,0.176,0.1747,0.3605,0.3707
readmit30,1137798,89465730,4,0,0.1554,0.1782,0.1275,0.3889,0.3628
readmit30,1143009,29032002,0,0,0.1264,0.1008,0.1385,0.4659,0.4316
readmit30,1143009,50599740,1,0,0.2083,0.2645,0.278,0.3454,0.3262
readmit30,1160811,28461678,0,1,0.0513,0.0341,0.0369,0.5008,0.4686
readmit30,1160811,28868250,1,0,0.3163,0.1879,0.326,0.3609,0.3496
readmit30,1160811,36346188,2,0,0.1779,0.1059,0.1499,0.4257,0.4087
readmit30,1160811,41259222,3,0,0.1487,0.218,0.1882,0.3343,0.3593
readmit30,1166373,43900524,0,0,0.0441,0.0403,0.031,0.501,0.4693
readmit30,1166373,78490548,1,0,0.0676,0.0488,0.0456,0.4013,0.375
readmit30,1186011,16203756,0,0,0.0505,0.0377,0.0496,0.4996,0.4671
readmit30,1186011,64156572,1,0,0.1382,0.0835,0.1238,0.3816,0.3503
readmit30,1186704,18658662,0,0,0.0546,0.0614,0.0547,0.4836,0.4458
readmit30,1186704,79391706,1,1,0.1227,0.0804,0.1138,0.4051,0.3608
readmit30,1186704,81335820,2,1,0.1735,0.1279,0.1725,0.4053,0.3931
readmit30,1186704,85603302,3,0,0.2756,0.2267,0.2842,0.3831,0.3939
readmit30,1190016,15344052,0,0,0.156,0.0679,0.1815,0.4833,0.4469
readmit30,1190016,17746332,1,1,0.155,0.0996,0.1815,0.3433,0.3295
readmit30,1190016,19909692,2,1,0.4044,0.2266,0.5657,0.389,0.394
readmit30,1190016,22104558,3,0,0.5606,0.3477,0.7333,0.3814,0.3977
readmit30,1197360,11293452,0,0,0.0525,0.0419,0.0488,0.4972,0.4583
readmit30,1197360,35831874,1,0,0.1226,0.0694,0.0824,0.3578,0.3342
readmit30,1206027,5041998,0,1,0.0718,0.0812,0.0821,0.4822,0.4458
readmit30,1206027,44362458,1,0,0.0962,0.0526,0.087,0.4401,0.4022
readmit30,1215531,23601084,0,0,0.0742,0.0827,0.0849,0.4766,0.4407
readmit30,1215531,35810202,1,0,0.151,0.1301,0.1499,0.3335,0.3266
readmit30,1215531,42243360,2,0,0.1466,0.163,0.1193,0.4128,0.3771
readmit30,1215531,54097950,3,0,0.1752,0.2239,0.1743,0.327,0.3558
readmit30,1217313,3006750,0,0,0.0559,0.0407,0.0474,0.4941,0.4564
readmit30,1217313,58953558,1,0,0.0442,0.0479,0.0476,0.4182,0.3785
readmit30,1227474,24907098,0,0,0.0562,0.0428,0.0577,0.4947,0.4581
readmit30,1227474,50535258,1,0,0.1305,0.0963,0.0977,0.3485,0.3353
readmit30,1227474,75059142,2,0,0.1548,0.1162,0.1516,0.4289,0.3905
readmit30,1257426,71876034,0,0,0.0904,0.0709,0.1019,0.4843,0.4465
readmit30,1257426,84005892,1,0,0.1278,0.1176,0.1389,0.3585,0.3383
readmit30,1276191,41361468,0,0,0.0787,0.0756,0.0724,0.4803,0.4471
readmit30,1276191,63184686,1,0,0.0923,0.0945,0.0739,0.3456,0.3286
readmit30,1288395,8583738,0,1,0.0879,0.0791,0.1034,0.4801,0.4478
readmit30,1288395,9025296,1,0,0.1277,0.1148,0.1153,0.3909,0.3541
readmit30,1288395,31368516,2,0,0.1869,0.217,0.2491,0.378,0.3698
readmit30,1288395,47965110,3,0,0.2203,0.1939,0.2544,0.3904,0.3887
readmit30,1288395,52596252,4,0,0.1382,0.1379,0.1353,0.4101,0.3766
readmit30,1302210,24158514,0,1,0.0496,0.0477,0.0503,0.4887,0.453
readmit30,1302210,26830128,1,0,0.1455,0.1205,0.148,0.3988,0.3665
readmit30,1306746,11659914,0,0,0.1586,0.0867,0.1698,0.4742,0.4407
readmit30,1306746,20182080,1,0,0.1134,0.134,0.1244,0.3593,0.3315
readmit30,1309176,31362630,0,1,0.1869,0.0904,0.3177,0.4798,0.4447
readmit30,1309176,34228086,1,0,0.2953,0.1634,0.521,0.3804,0.3501
readmit30,1314126,26738190,0,0,0.1194,0.0993,0.1686,0.4704,0.4381
readmit30,1314126,31709448,1,1,0.126,0.1281,0.1661,0.3651,0.3391
readmit30,1314126,32950938,2,0,0.2042,0.1876,0.2088,0.4325,0.4028
readmit30,1314126,49337304,3,0,0.2347,0.1755,0.2258,0.3443,0.3589
readmit30,1314126,61217508,4,0,0.2686,0.1795,0.2732,0.4018,0.3698
readmit30,1314126,64745352,5,0,0.1873,0.1446,0.2109,0.439,0.3954
readmit30,1314126,67417062,6,0,0.1947,0.1597,0.2003,0.3743,0.361
readmit30,1348497,46992030,0,0,0.0567,0.0392,0.064,0.5015,0.4651
readmit30,1348497,85699092,1,0,0.1045,0.047,0.0873,0.3954,0.3662
readmit30,1349262,84247032,0,1,0.1228,0.0628,0.1315,0.4932,0.4622
readmit30,1349262,86830866,1,0,0.2,0.1128,0.1887,0.3928,0.3707
readmit30,1397259,25796952,0,1,0.0892,0.0523,0.083,0.4876,0.4484
readmit30,1397259,46826706,1,0,0.2016,0.1921,0.223,0.3689,0.3493
readmit30,1397259,61548918,2,0,0.1658,0.198,0.216,0.4309,0.3891
readmit30,1397871,33565596,0,0,0.057,0.0559,0.0631,0.4889,0.4512
readmit30,1397871,85044978,1,0,0.1112,0.0762,0.1008,0.3877,0.3549
readmit30,1397871,89329536,2,0,0.0762,0.062,0.0545,0.4273,0.3977
readmit30,1412037,59544276,0,0,0.0569,0.0407,0.0484,0.4964,0.4564
readmit30,1412037,74233254,1,1,0.118,0.0776,0.0979,0.3619,0.3413
readmit30,1412037,75427344,2,0,0.2214,0.1597,0.213,0.4722,0.429
readmit30,1449711,89013870,0,0,0.0673,0.0618,0.0892,0.4818,0.4438
readmit30,1449711,100202820,1,0,0.1458,0.1101,0.1624,0.3525,0.3359
readmit30,1495170,26304114,0,0,0.0646,0.0502,0.0703,0.4908,0.4521
readmit30,1495170,64056618,1,0,0.1572,0.0958,0.1606,0.392,0.3606
readmit30,1507581,23488122,0,0,0.0538,0.0612,0.0599,0.4844,0.4451
readmit30,1507581,35843094,1,0,0.1232,0.1233,0.157,0.3437,0.3349
readmit30,1507581,67227192,2,0,0.0826,0.0706,0.0779,0.5068,0.4407
readmit30,1514196,42202764,0,0,0.044,0.0712,0.0454,0.478,0.4416
readmit30,1514196,81332652,1,0,0.101,0.1203,0.1056,0.3774,0.3364
readmit30,1524726,60836784,0,0,0.0706,0.0532,0.0689,0.4883,0.451
readmit30,1524726,85799952,1,0,0.0983,0.0764,0.0713,0.3778,0.3502
readmit30,1533960,111135678,0,1,0.0733,0.0483,0.0948,0.4886,0.4556
readmit30,1533960,111686076,1,0,0.1223,0.0841,0.1289,0.3956,0.37
readmit30,1538298,64821654,0,0,0.0358,0.0338,0.0242,0.5032,0.4661
readmit30,1538298,69356910,1,0,0.1089,0.1069,0.0896,0.3508,0.3344
readmit30,1538298,73775256,2,0,0.1531,0.1413,0.1459,0.3961,0.3816
readmit30,1538298,79948908,3,0,0.1589,0.1818,0.1421,0.3502,0.366
readmit30,1545894,72655302,0,1,0.087,0.0771,0.0808,0.4789,0.4446
readmit30,1545894,74018460,1,0,0.1504,0.0886,0.1044,0.3933,0.364
readmit30,1553220,94182252,0,0,0.0412,0.0338,0.0425,0.5044,0.4705
readmit30,1553220,108685740,1,0,0.0987,0.0679,0.0841,0.3811,0.3541
readmit30,1558026,67713180,0,0,0.0626,0.0474,0.0529,0.4916,0.4551
readmit30,1558026,91394070,1,0,0.1419,0.0395,0.1702,0.4046,0.3751
readmit30,1564821,27016326,0,0,0.0449,0.0521,0.0456,0.4852,0.4483
readmit30,1564821,51229698,1,0,0.0849,0.0805,0.0755,0.3659,0.3385
readmit30,1588410,27026562,0,0,0.0632,0.0462,0.0566,0.4884,0.4499
readmit30,1588410,36844578,1,0,0.14,0.0858,0.1774,0.3763,0.3492
readmit30,1610838,99559992,0,0,0.0612,0.058,0.0703,0.4871,0.4526
readmit30,1610838,102563982,1,0,0.0928,0.0609,0.0712,0.3816,0.3537
readmit30,1612422,98199090,0,1,0.0453,0.033,0.0357,0.5026,0.4639
readmit30,1612422,98330934,1,0,0.0713,0.0579,0.0474,0.4101,0.3788
readmit30,1621656,78172626,0,1,0.0968,0.0552,0.0963,0.4832,0.4473
readmit30,1621656,79003080,1,0,0.1807,0.1531,0.2597,0.3905,0.3635
readmit30,1623978,44671278,0,0,0.0413,0.031,0.0324,0.5042,0.4728
readmit30,1623978,64580748,1,0,0.2304,0.1329,0.2131,0.343,0.3302
readmit30,1635642,85196730,0,1,0.1033,0.1006,0.1068,0.4842,0.4497
readmit30,1635642,85680966,1,0,0.1201,0.0766,0.0808,0.3648,0.3452
readmit30,1636011,49097772,0,0,0.0763,0.0566,0.0699,0.4913,0.4534
readmit30,1636011,69021222,1,0,0.0761,0.0692,0.0626,0.3571,0.34
readmit30,1668276,37592628,0,0,0.1486,0.158,0.1899,0.4645,0.4332
readmit30,1668276,85541970,1,0,0.1301,0.0968,0.1996,0.4328,0.3732
readmit30,1682532,106901538,0,1,0.0672,0.0678,0.0867,0.4816,0.4422
readmit30,1682532,108650904,1,0,0.1332,0.1342,0.2139,0.3897,0.357
readmit30,1682532,110749014,2,0,0.1404,0.1374,0.1941,0.4086,0.3758
readmit30,1683828,71228412,0,0,0.1533,0.1427,0.1766,0.4682,0.4366
readmit30,1683828,88809090,1,0,0.2898,0.1509,0.2928,0.357,0.3316
readmit30,1691541,10939452,0,0,0.0848,0.0823,0.1082,0.4786,0.4409
readmit30,1691541,44443848,1,0,0.1336,0.1224,0.1553,0.4062,0.3605
readmit30,1697292,41257578,0,1,0.1497,0.2472,0.1962,0.4611,0.4366
readmit30,1697292,42141462,1,0,0.1319,0.1541,0.1551,0.4036,0.3693
readmit30,1707498,28313370,0,0,0.1128,0.0798,0.1234,0.48,0.4407
readmit30,1707498,35548776,1,0,0.119,0.1461,0.1302,0.3458,0.3331
readmit30,1707498,53474388,2,0,0.1602,0.1914,0.1981,0.4011,0.3817
readmit30,1707498,81445830,3,0,0.125,0.1474,0.1793,0.4006,0.3823
readmit30,1719279,2088630,0,0,0.1131,0.109,0.1204,0.4711,0.438
readmit30,1719279,4478760,1,1,0.2003,0.1484,0.2374,0.382,0.3408
readmit30,1719279,5130642,2,0,0.1968,0.2009,0.2162,0.4374,0.4089
readmit30,1719279,7825020,3,1,0.1495,0.1895,0.1558,0.3676,0.3744
readmit30,1719279,15903870,4,1,0.3141,0.2466,0.296,0.4342,0.3832
readmit30,1719279,16441296,5,1,0.2892,0.3623,0.3213,0.4695,0.4285
readmit30,1720836,10052046,0,0,0.0703,0.0868,0.0785,0.4746,0.4398
readmit30,1720836,36578154,1,0,0.1033,0.108,0.1162,0.3886,0.3477
readmit30,1741662,2373468,0,0,0.0842,0.112,0.0921,0.4765,0.4397
readmit30,1741662,17155770,1,0,0.1477,0.1362,0.1375,0.3688,0.3319
readmit30,1741662,64172544,2,0,0.1272,0.1395,0.1325,0.496,0.4341
readmit30,1781532,57650274,0,0,0.0744,0.0459,0.0445,0.4927,0.4569
readmit30,1781532,63967116,1,0,0.1241,0.0975,0.1173,0.3546,0.3373
readmit30,1781532,72975846,2,0,0.1279,0.1344,0.123,0.3804,0.3706
readmit30,1802727,33965826,0,1,0.0641,0.0561,0.0606,0.4838,0.4469
readmit30,1802727,36086694,1,0,0.1534,0.1818,0.1594,0.3601,0.3466
readmit30,1802727,44228214,2,0,0.1568,0.1854,0.1512,0.4252,0.3941
readmit30,1810332,52498062,0,0,0.1057,0.128,0.1155,0.4712,0.4374
readmit30,1810332,55048680,1,0,0.1729,0.1656,0.1896,0.3403,0.3235
readmit30,1815903,37084530,0,0,0.0491,0.0342,0.0458,0.5003,0.4652
readmit30,1815903,39995220,1,0,0.239,0.1497,0.2406,0.3235,0.3239
readmit30,1815903,45606090,2,0,0.1978,0.1282,0.2095,0.4359,0.4079
readmit30,1824723,104572806,0,0,0.0638,0.07,0.0869,0.4782,0.4404
readmit30,1824723,106732698,1,0,0.1215,0.1574,0.146,0.3741,0.3401
readmit30,1825524,84904536,0,0,0.0644,0.0441,0.054,0.5039,0.4702
readmit30,1825524,98835072,1,0,0.1344,0.1104,0.1255,0.3625,0.345
readmit30,1825524,104995308,2,0,0.169,0.1577,0.161,0.387,0.3868
readmit30,1841031,61319010,0,0,0.0577,0.0456,0.0702,0.4902,0.4513
readmit30,1841031,64034628,1,0,0.0828,0.0563,0.0624,0.3994,0.3624
readmit30,1847529,29091768,0,0,0.0613,0.0587,0.0561,0.474,0.4398
readmit30,1847529,59066802,1,0,0.0641,0.0647,0.0487,0.3984,0.3582
readmit30,1869426,153499530,0,0,0.1366,0.1536,0.1669,0.4588,0.4302
readmit30,1869426,219967992,1,1,0.1285,0.1532,0.1463,0.3902,0.3453
readmit30,1892088,85454706,0,0,0.0788,0.0564,0.0692,0.4883,0.4525
readmit30,1892088,98136504,1,0,0.087,0.0452,0.0666,0.393,0.3561
readmit30,1918116,9785502,0,0,0.0627,0.0349,0.0622,0.5008,0.4626
readmit30,1918116,12137514,1,1,0.067,0.0631,0.0594,0.3668,0.3553
readmit30,1918116,12573588,2,0,0.1698,0.1198,0.1782,0.4394,0.4014
readmit30,1918116,26736630,3,0,0.1471,0.0831,0.1309,0.3541,0.3733
readmit30,1943298,10860936,0,0,0.2087,0.1607,0.2277,0.4619,0.4309
readmit30,1943298,14275458,1,0,0.2247,0.1768,0.265,0.3684,0.3357
readmit30,1943298,25610082,2,0,0.1663,0.2157,0.1695,0.4085,0.3763
readmit30,1943298,52175022,3,0,0.1635,0.1937,0.1832,0.4134,0.3878
readmit30,1943298,64240566,4,0,0.153,0.17,0.145,0.3921,0.3529
readmit30,1943298,84483822,5,0,0.1723,0.1661,0.1932,0.4701,0.4196
readmit30,1947771,41918676,0,0,0.066,0.0623,0.0665,0.4881,0.4482
readmit30,1947771,47086764,1,0,0.1839,0.0867,0.1617,0.3572,0.3352
readmit30,1947771,61184442,2,0,0.1868,0.0995,0.1987,0.415,0.3841
readmit30,2003355,8156442,0,1,0.0708,0.0381,0.0629,0.5051,0.4698
readmit30,2003355,10108158,1,0,0.1258,0.1058,0.1006,0.3355,0.3363
readmit30,2016180,100035954,0,0,0.0568,0.055,0.0561,0.4853,0.4492
readmit30,2016180,124570500,1,0,0.1565,0.1114,0.1675,0.3608,0.339
readmit30,2032542,65754042,0,0,0.0943,0.1026,0.105,0.4758,0.4388
readmit30,2032542,74341656,1,0,0.189,0.1585,0.193,0.3483,0.3282
readmit30,2037609,38954394,0,0,0.122,0.1006,0.1459,0.4748,0.4407
readmit30,2037609,64938792,1,0,0.1355,0.1094,0.1417,0.3485,0.3285
readmit30,2063763,32554656,0,0,0.0665,0.0435,0.0655,0.4921,0.4617
readmit30,2063763,39622794,1,1,0.1175,0.0722,0.0937,0.3616,0.3402
readmit30,2063763,40809666,2,0,0.1804,0.2269,0.2031,0.4289,0.4138
readmit30,2079882,9165276,0,0,0.0833,0.1061,0.088,0.4714,0.4363
readmit30,2079882,45544302,1,0,0.1111,0.1426,0.1346,0.3936,0.3522
readmit30,2091330,12843810,0,0,0.1013,0.1141,0.1279,0.4695,0.4355
readmit30,2091330,28750548,1,0,0.1218,0.1351,0.1373,0.3679,0.3372
readmit30,2091330,70008690,2,1,0.1123,0.1113,0.1094,0.4288,0.3944
readmit30,2091330,71174136,3,0,0.1439,0.1493,0.1354,0.3708,0.3897
readmit30,2122605,14678364,0,0,0.05,0.0587,0.0442,0.4847,0.4451
readmit30,2122605,51470088,1,0,0.1144,0.1461,0.1415,0.38,0.3418
readmit30,2134971,38225634,0,0,0.1266,0.1463,0.1337,0.4649,0.4332
readmit30,2134971,44499330,1,0,0.1605,0.1676,0.1585,0.3747,0.3364
readmit30,2134971,48771108,2,0,0.1429,0.1979,0.1502,0.3863,0.3756
readmit30,2134971,87647310,3,0,0.1806,0.1546,0.2825,0.4717,0.4273
readmit30,2145096,58981962,0,0,0.1791,0.1174,0.223,0.4716,0.4366
readmit30,2145096,69780924,1,1,0.1739,0.1256,0.1856,0.3694,0.3409
readmit30,2147688,36349920,0,0,0.0454,0.0431,0.0419,0.4984,0.4588
readmit30,2147688,60061380,1,0,0.1167,0.0554,0.0574,0.3954,0.3664
readmit30,2154393,27483810,0,0,0.1118,0.1596,0.1593,0.4563,0.4285
readmit30,2154393,47228934,1,0,0.1494,0.1862,0.1646,0.3577,0.3311
readmit30,2205450,19081458,0,0,0.074,0.1376,0.1125,0.4628,0.4324
readmit30,2205450,77148048,1,0,0.1568,0.1412,0.2244,0.4214,0.366
readmit30,2205450,84615918,2,0,0.1568,0.143,0.1619,0.4127,0.3789
readmit30,2205450,89582850,3,0,0.1114,0.1638,0.1476,0.3534,0.3679
readmit30,2245050,186393132,0,0,0.0765,0.0616,0.0774,0.4875,0.4497
readmit30,2245050,191127714,1,0,0.1468,0.101,0.1425,0.3594,0.3364
readmit30,2268036,66297240,0,0,0.0834,0.0695,0.094,0.4799,0.4437
readmit30,2268036,118547166,1,0,0.1749,0.1691,0.2129,0.3829,0.3416
readmit30,2311560,42665214,0,0,0.0988,0.119,0.1146,0.4625,0.4356
readmit30,2311560,181106400,1,0,0.1108,0.0997,0.138,0.4112,0.356
readmit30,2351223,102490350,0,0,0.0559,0.0339,0.042,0.5082,0.477
readmit30,2351223,110072892,1,0,0.0986,0.0546,0.0687,0.3615,0.3489
readmit30,2437191,134738730,0,0,0.0839,0.0375,0.0269,0.4937,0.4612
readmit30,2437191,282269118,1,0,0.0739,0.0502,0.0463,0.4168,0.3736
readmit30,2446317,91303554,0,0,0.0403,0.0312,0.0314,0.5059,0.4697
readmit30,2446317,94348836,1,0,0.0792,0.0582,0.0695,0.3689,0.3511
readmit30,2448531,44487240,0,0,0.0475,0.0498,0.0445,0.4836,0.4489
readmit30,2448531,52241946,1,1,0.1213,0.0762,0.1127,0.3655,0.3413
readmit30,2448531,53035470,2,1,0.1953,0.1721,0.2078,0.475,0.4305
readmit30,2448531,53745522,3,1,0.2702,0.2758,0.3165,0.3811,0.3919
readmit30,2448531,55982232,4,0,0.3941,0.3745,0.5171,0.457,0.4078
readmit30,2448531,61524132,5,0,0.3715,0.3769,0.4971,0.4279,0.4029
readmit30,2448531,64357392,6,1,0.3879,0.3626,0.4398,0.4406,0.3914
readmit30,2448531,65858184,7,1,0.3803,0.4856,0.5005,0.4772,0.4242
readmit30,2448531,69020250,8,0,0.3812,0.4738,0.4185,0.4829,0.4218
readmit30,2448531,84452652,9,0,0.3938,0.341,0.4271,0.4167,0.3834
readmit30,2485890,19588704,0,0,0.0415,0.043,0.0361,0.4947,0.4541
readmit30,2485890,69334038,1,0,0.0431,0.0661,0.0345,0.4097,0.3662
readmit30,2489940,19073778,0,0,0.1752,0.1358,0.2077,0.469,0.436
readmit30,2489940,34903818,1,0,0.1808,0.1365,0.1773,0.3676,0.3387
readmit30,2498724,56748174,0,0,0.0969,0.0606,0.082,0.483,0.4472
readmit30,2498724,71056266,1,1,0.1193,0.0691,0.1018,0.3733,0.3428
readmit30,2498724,71648652,2,0,0.1661,0.1774,0.1672,0.427,0.4085
readmit30,2498724,75615798,3,0,0.1661,0.136,0.1487,0.3627,0.3727
readmit30,2511531,105153132,0,1,0.2877,0.2447,0.4409,0.4683,0.4488
readmit30,2511531,105449274,1,0,0.1042,0.104,0.1333,0.4157,0.3722
readmit30,2511801,89110278,0,0,0.0463,0.0402,0.0546,0.491,0.4551
readmit30,2511801,97509540,1,0,0.0813,0.0564,0.0916,0.3995,0.3583
readmit30,2535174,5123124,0,0,0.0602,0.0459,0.0509,0.4918,0.4542
readmit30,2535174,21340494,1,0,0.1196,0.0834,0.1021,0.365,0.3418
readmit30,2549439,34397004,0,0,0.0467,0.0286,0.029,0.51,0.475
readmit30,2549439,40339542,1,0,0.0781,0.0358,0.0423,0.4136,0.3825
readmit30,2552292,25155270,0,0,0.098,0.1135,0.1117,0.4624,0.4321
readmit30,2552292,33288540,1,0,0.1658,0.1784,0.2378,0.3729,0.3411
readmit30,2552292,41408190,2,1,0.234,0.1989,0.2459,0.4065,0.3802
readmit30,2552292,43191960,3,0,0.3215,0.2818,0.3394,0.4059,0.4004
readmit30,2552292,52136754,4,0,0.3343,0.2271,0.3712,0.4125,0.3665
readmit30,2571498,10555854,0,0,0.0738,0.0445,0.0714,0.4887,0.4547
readmit30,2571498,53985942,1,0,0.0954,0.0556,0.0942,0.4023,0.3627
readmit30,2582478,102742788,0,0,0.178,0.1898,0.181,0.4537,0.4308
readmit30,2582478,120379734,1,0,0.1376,0.1528,0.1137,0.3545,0.3216
readmit30,2587446,23806686,0,0,0.0613,0.0517,0.0581,0.4894,0.4526
readmit30,2587446,30994302,1,0,0.1004,0.0956,0.159,0.3484,0.3351
readmit30,2594745,15907536,0,1,0.0562,0.0459,0.0608,0.4911,0.4554
readmit30,2594745,16958718,1,0,0.124,0.0897,0.114,0.3835,0.3627
readmit30,2594745,61731492,2,1,0.125,0.0996,0.2018,0.4673,0.4228
readmit30,2594745,62494218,3,1,0.1939,0.0741,0.2031,0.397,0.4085
readmit30,2594745,64623516,4,1,0.4003,0.2176,0.4342,0.3899,0.3769
readmit30,2594745,72978750,5,1,0.5149,0.3253,0.677,0.4054,0.4087
readmit30,2594745,73672776,6,0,0.3796,0.3952,0.3757,0.4397,0.4104
readmit30,2594745,76865742,7,1,0.3147,0.2063,0.3737,0.4012,0.3931
readmit30,2594745,78435570,8,0,0.3611,0.3432,0.2946,0.4772,0.4124
readmit30,2598264,32708274,0,1,0.2911,0.1938,0.3319,0.4584,0.4295
readmit30,2598264,33341352,1,0,0.4019,0.2534,0.4941,0.391,0.3583
readmit30,2608236,37306932,0,0,0.1049,0.0997,0.097,0.4769,0.443
readmit30,2608236,48921036,1,1,0.141,0.1227,0.1231,0.3569,0.3301
readmit30,2608236,49694076,2,0,0.2187,0.1935,0.231,0.4123,0.4004
readmit30,2661867,56507568,0,0,0.0978,0.1022,0.1061,0.4696,0.4369
readmit30,2661867,77717070,1,1,0.1555,0.1593,0.1735,0.3569,0.3334
readmit30,2661867,79889964,2,0,0.2017,0.2431,0.262,0.4341,0.4095
readmit30,2673612,43263114,0,0,0.1607,0.1362,0.1975,0.4692,0.4368
readmit30,2673612,48352464,1,0,0.1581,0.1179,0.1529,0.3682,0.334
readmit30,2686905,90179646,0,0,0.0518,0.0353,0.0493,0.5017,0.4623
readmit30,2686905,99980850,1,0,0.1064,0.0514,0.0865,0.3754,0.3473
readmit30,2688174,80798148,0,0,0.0831,0.0402,0.0614,0.4952,0.4573
readmit30,2688174,84936072,1,0,0.1086,0.0719,0.0702,0.3534,0.3407
readmit30,2719521,38140146,0,0,0.0912,0.1181,0.1133,0.4697,0.4386
readmit30,2719521,45580134,1,0,0.1076,0.1125,0.1034,0.365,0.335
readmit30,2719521,64712916,2,0,0.1924,0.1763,0.2584,0.3816,0.3782
readmit30,2728458,16295568,0,0,0.1536,0.1526,0.1886,0.4619,0.4339
readmit30,2728458,76746510,1,0,0.2266,0.1418,0.2571,0.3916,0.3461
readmit30,2742849,7046418,0,0,0.1125,0.1048,0.129,0.4748,0.4385
readmit30,2742849,11751744,1,0,0.1387,0.1178,0.1511,0.3765,0.3395
readmit30,2742849,67162932,2,0,0.1304,0.1023,0.1709,0.4947,0.4304
readmit30,2781846,49158186,0,0,0.1008,0.0983,0.1431,0.4762,0.4451
readmit30,2781846,71039004,1,0,0.0887,0.125,0.1081,0.3779,0.344
readmit30,2781846,87296568,2,0,0.1424,0.1558,0.1822,0.4205,0.3905
readmit30,2795418,57383988,0,0,0.1474,0.0754,0.1481,0.4869,0.4488
readmit30,2795418,87418152,1,0,0.1425,0.0618,0.0751,0.3909,0.3568
readmit30,2797191,68862990,0,0,0.0727,0.0493,0.0691,0.4917,0.4566
readmit30,2797191,81552648,1,0,0.1132,0.088,0.1038,0.3588,0.3327
readmit30,2802447,75931188,0,1,0.0971,0.1547,0.117,0.4642,0.4343
readmit30,2802447,76744908,1,0,0.1612,0.0991,0.1081,0.4279,0.3754
readmit30,2803122,10742286,0,0,0.1081,0.0733,0.1104,0.4835,0.4464
readmit30,2803122,15013374,1,0,0.1025,0.0708,0.0805,0.388,0.3453
readmit30,2807802,31419822,0,0,0.0479,0.0337,0.0343,0.5012,0.4657
readmit30,2807802,62578914,1,0,0.1086,0.0581,0.0632,0.363,0.3455
readmit30,2808585,40811448,0,1,0.1565,0.2316,0.2023,0.4483,0.4261
readmit30,2808585,41914002,1,0,0.2599,0.3554,0.3648,0.3985,0.3602
readmit30,2825568,99369966,0,1,0.0724,0.0531,0.0635,0.4947,0.4585
readmit30,2825568,99583890,1,0,0.0793,0.0466,0.0514,0.4111,0.3792
readmit30,2834964,71421906,0,0,0.0739,0.0814,0.0887,0.4752,0.4413
readmit30,2834964,85602204,1,0,0.1303,0.1216,0.116,0.3714,0.3412
readmit30,2844990,24311544,0,0,0.0574,0.0444,0.0532,0.4882,0.4496
readmit30,2844990,83843352,1,0,0.1166,0.0685,0.1048,0.4046,0.3633
readmit30,2866797,92099220,0,0,0.0438,0.0396,0.0363,0.5022,0.4663
readmit30,2866797,108446316,1,0,0.0972,0.1093,0.1146,0.3413,0.3311
readmit30,2888406,49268172,0,1,0.1369,0.1146,0.1267,0.4648,0.4322
readmit30,2888406,51610500,1,1,0.1872,0.2091,0.1873,0.4184,0.3742
readmit30,2888406,52452078,2,0,0.2207,0.247,0.2088,0.4264,0.3995
readmit30,2901186,86802060,0,1,0.0516,0.0378,0.0424,0.4993,0.4656
readmit30,2901186,88010622,1,0,0.1146,0.0485,0.0748,0.4281,0.3846
readmit30,2923146,3419166,0,0,0.0732,0.0969,0.1025,0.4741,0.4421
readmit30,2923146,19736598,1,0,0.1473,0.1334,0.1761,0.3736,0.3359
readmit30,2923146,23437020,2,0,0.1213,0.19,0.1416,0.3811,0.3726
readmit30,2923146,30180144,3,0,0.1467,0.1826,0.1455,0.3744,0.3785
readmit30,2944764,99402012,0,1,0.0577,0.0343,0.0545,0.5058,0.4726
readmit30,2944764,99783564,1,0,0.1022,0.0706,0.0962,0.3825,0.3651
readmit30,2962674,30142098,0,0,0.1766,0.0712,0.1785,0.4798,0.4468
readmit30,2962674,53014428,1,0,0.1544,0.1284,0.1252,0.3318,0.3185
readmit30,2976228,17972376,0,0,0.0493,0.0581,0.0478,0.4864,0.448
readmit30,2976228,27776058,1,0,0.127,0.1244,0.1098,0.3534,0.3343
readmit30,2977263,62759982,0,0,0.1722,0.0986,0.194,0.4782,0.443
readmit30,2977263,65557380,1,0,0.2038,0.2043,0.2475,0.3402,0.326
readmit30,2977263,70028526,2,0,0.1381,0.2072,0.1968,0.4117,0.3883
readmit30,2977263,76499346,3,0,0.1448,0.2659,0.1749,0.3364,0.3574
readmit30,3015603,81357978,0,1,0.0991,0.0939,0.0975,0.4771,0.439
readmit30,3015603,81780462,1,0,0.1372,0.197,0.1414,0.3521,0.3425
readmit30,3016755,36696258,0,1,0.041,0.0365,0.0353,0.4979,0.4671
readmit30,3016755,37765332,1,0,0.0976,0.0508,0.0754,0.4126,0.385
readmit30,3016755,76137108,2,0,0.1162,0.0549,0.1028,0.4669,0.4223
readmit30,3045654,101078346,0,1,0.2698,0.2068,0.3822,0.4661,0.4449
readmit30,3045654,101315496,1,0,0.0598,0.1099,0.0697,0.4046,0.3662
readmit30,3070143,65393832,0,0,0.117,0.1237,0.1329,0.4711,0.4358
readmit30,3070143,71256366,1,0,0.2432,0.1619,0.2612,0.3534,0.3311
readmit30,3077325,55662504,0,1,0.0973,0.0641,0.0872,0.4845,0.4515
readmit30,3077325,56426946,1,0,0.1566,0.1442,0.215,0.3866,0.3634
readmit30,3094443,2855388,0,0,0.0999,0.0905,0.1068,0.477,0.4424
readmit30,3094443,43723674,1,0,0.0739,0.065,0.0495,0.4147,0.3691
readmit30,3094443,47641224,2,0,0.1708,0.1237,0.1349,0.3679,0.3616
readmit30,3094443,57965688,3,0,0.1368,0.1382,0.1347,0.366,0.3753
readmit30,3096612,40233780,0,0,0.1023,0.1367,0.1163,0.4749,0.4413
readmit30,3096612,56981088,1,0,0.1553,0.1373,0.1568,0.3319,0.3218
readmit30,3103983,62297916,0,0,0.2715,0.2046,0.3426,0.446,0.4277
readmit30,3103983,138173814,1,0,0.1257,0.1505,0.1966,0.4213,0.3683
readmit30,3135996,53388444,0,0,0.0493,0.0373,0.0409,0.4941,0.4563
readmit30,3135996,64653210,1,0,0.0747,0.0931,0.0567,0.3547,0.3367
readmit30,3148938,29765304,0,1,0.0666,0.0595,0.0621,0.4911,0.4574
readmit30,3148938,32720310,1,0,0.1247,0.1023,0.1057,0.3638,0.3506
readmit30,3148938,52396530,2,0,0.1663,0.1984,0.2577,0.3623,0.3659
readmit30,3166389,97226532,0,0,0.0683,0.0411,0.0603,0.496,0.4608
readmit30,3166389,110168892,1,0,0.072,0.0997,0.0987,0.3587,0.3371
readmit30,3170016,67333500,0,0,0.0913,0.0678,0.1102,0.4778,0.4414
readmit30,3170016,77448828,1,0,0.1355,0.1361,0.1658,0.3732,0.3452
readmit30,3180249,44092350,0,0,0.0909,0.1614,0.1254,0.4569,0.4298
readmit30,3180249,61423218,1,0,0.0741,0.1101,0.0975,0.4043,0.3536
readmit30,3183093,72950010,0,0,0.0545,0.0374,0.0566,0.4985,0.4603
readmit30,3183093,80869182,1,0,0.0933,0.0622,0.0496,0.3803,0.3532
readmit30,3184848,52554402,0,0,0.1145,0.1182,0.1236,0.4712,0.4365
readmit30,3184848,57253386,1,0,0.1065,0.1952,0.1298,0.3321,0.3192
readmit30,3189339,13670784,0,0,0.0966,0.0798,0.1124,0.4709,0.4386
readmit30,3189339,39150768,1,0,0.1694,0.1254,0.1826,0.355,0.3297
readmit30,3189339,59720472,2,0,0.2666,0.2217,0.2814,0.4107,0.3814
readmit30,3189339,81349806,3,0,0.0861,0.1153,0.0851,0.4042,0.3895
readmit30,3220974,22501938,0,0,0.1403,0.085,0.1242,0.4821,0.4472
readmit30,3220974,59244960,1,0,0.1063,0.0531,0.0554,0.4209,0.3811
readmit30,3224826,20997336,0,1,0.051,0.0496,0.0529,0.488,0.4501
readmit30,3224826,21465654,1,0,0.1013,0.0843,0.085,0.4136,0.3744
readmit30,3234870,12578700,0,0,0.1035,0.0666,0.1042,0.4843,0.4448
readmit30,3234870,21079710,1,0,0.1419,0.0731,0.1175,0.4039,0.3627
readmit30,3234870,83372400,2,0,0.1232,0.1042,0.1266,0.4565,0.4087
readmit30,3240720,23653926,0,0,0.1118,0.12,0.1345,0.4671,0.436
readmit30,3240720,63750228,1,1,0.1005,0.1207,0.1525,0.4215,0.3659
readmit30,3240720,64651560,2,0,0.2188,0.1982,0.2268,0.4076,0.3879
readmit30,3245256,83979594,0,0,0.0349,0.0319,0.0264,0.512,0.4807
readmit30,3245256,104882868,1,0,0.0897,0.0618,0.068,0.3707,0.3547
readmit30,3252996,40213356,0,0,0.0742,0.0441,0.0616,0.4921,0.4541
readmit30,3252996,44636232,1,0,0.1018,0.1163,0.0919,0.3403,0.3302
readmit30,3254877,41839230,0,0,0.1098,0.0748,0.0974,0.4804,0.446
readmit30,3254877,82712952,1,0,0.1267,0.0833,0.1248,0.3975,0.3594
readmit30,3254877,86003682,2,0,0.1139,0.0775,0.0872,0.4185,0.3906
readmit30,3257847,8391366,0,1,0.123,0.1194,0.1335,0.4628,0.4321
readmit30,3257847,10082976,1,0,0.2062,0.3213,0.2554,0.3838,0.3565
readmit30,3268206,24029982,0,0,0.1313,0.0803,0.1477,0.4761,0.4426
readmit30,3268206,27264744,1,0,0.1773,0.1498,0.2352,0.357,0.3328
readmit30,3268206,84934662,2,0,0.0666,0.091,0.066,0.5089,0.4371
readmit30,3291156,18224202,0,1,0.0882,0.1151,0.116,0.4705,0.438
readmit30,3291156,20056782,1,1,0.1251,0.1894,0.1813,0.3689,0.3457
readmit30,3291156,22436538,2,0,0.266,0.3258,0.3854,0.4649,0.4281
readmit30,3328920,38929008,0,0,0.1013,0.0667,0.1093,0.4848,0.4499
readmit30,3328920,45590292,1,0,0.1247,0.1007,0.1279,0.3563,0.3317
readmit30,3328920,60373116,2,0,0.1384,0.1796,0.1672,0.3684,0.3702
readmit30,3339945,45329682,0,0,0.1687,0.1592,0.2228,0.4603,0.4317
readmit30,3339945,60153006,1,0,0.1926,0.1617,0.2191,0.3721,0.3363
readmit30,3354408,23289540,0,0,0.1587,0.1052,0.1607,0.4698,0.4388
readmit30,3354408,41227350,1,0,0.1037,0.0948,0.0874,0.3952,0.3528
readmit30,3363453,47162328,0,0,0.0786,0.0506,0.0559,0.5003,0.467
readmit30,3363453,50627928,1,0,0.1206,0.0927,0.1277,0.3382,0.3382
readmit30,3363453,61168476,2,0,0.1145,0.1072,0.0986,0.3652,0.379
readmit30,3372390,40575756,0,0,0.0866,0.1064,0.0976,0.4726,0.4411
readmit30,3372390,43256520,1,0,0.1169,0.1204,0.1311,0.3849,0.3495
readmit30,3372390,48835518,2,0,0.1805,0.1464,0.1618,0.3843,0.3737
readmit30,3411342,13515804,0,1,0.1039,0.0818,0.1039,0.4775,0.4406
readmit30,3411342,14597160,1,1,0.2154,0.1949,0.2008,0.3739,0.3492
readmit30,3411342,16183920,2,0,0.2178,0.2571,0.2248,0.4736,0.4189
readmit30,3411342,21098160,3,1,0.1821,0.2076,0.1855,0.378,0.3758
readmit30,3411342,21713748,4,0,0.3401,0.3144,0.3496,0.4364,0.3901
readmit30,3414762,25199628,0,0,0.1088,0.1397,0.139,0.4673,0.4361
readmit30,3414762,31136262,1,0,0.1092,0.0994,0.1186,0.4001,0.3514
readmit30,3448971,44492196,0,0,0.1581,0.1665,0.1925,0.4559,0.4288
readmit30,3448971,47490276,1,0,0.2186,0.1866,0.2572,0.3752,0.3395
readmit30,3448971,65137026,2,0,0.1647,0.2005,0.1581,0.3732,0.3614
readmit30,3448971,72945234,3,0,0.1969,0.2041,0.1948,0.3503,0.3639
readmit30,3460428,83458398,0,1,0.1221,0.1348,0.1464,0.4631,0.4348
readmit30,3460428,84800010,1,0,0.1634,0.2022,0.2085,0.4078,0.3619
readmit30,3488049,6897696,0,0,0.0609,0.0466,0.0445,0.4923,0.4565
readmit30,3488049,60077784,1,0,0.0441,0.0365,0.0249,0.4205,0.3812
readmit30,3488049,74459238,2,0,0.0615,0.041,0.0303,0.4305,0.4128
readmit30,3492504,61043328,0,1,0.0419,0.029,0.0197,0.5054,0.4697
readmit30,3492504,61855800,1,0,0.0745,0.0497,0.049,0.4159,0.3867
readmit30,3508920,87334392,0,0,0.0593,0.0502,0.0619,0.488,0.4502
readmit30,3508920,101041176,1,1,0.1253,0.0763,0.1202,0.381,0.3489
readmit30,3508920,101558202,2,0,0.1833,0.1291,0.2167,0.4447,0.4136
readmit30,3509442,49438788,0,0,0.0769,0.0844,0.0669,0.4747,0.4429
readmit30,3509442,52365486,1,1,0.1814,0.1595,0.2434,0.3363,0.3204
readmit30,3509442,53026128,2,0,0.2116,0.2381,0.2056,0.4401,0.4121
readmit30,3510819,87958416,0,0,0.1143,0.07,0.1606,0.4764,0.4393
readmit30,3510819,97526574,1,0,0.1073,0.0913,0.123,0.4093,0.3643
readmit30,3510819,105160614,2,0,0.1558,0.1507,0.1423,0.3664,0.3585
readmit30,3510819,111467268,3,1,0.157,0.1525,0.1984,0.3743,0.3753
readmit30,3510819,111965040,4,0,0.1626,0.188,0.1859,0.4648,0.4066
readmit30,3517785,8873856,0,0,0.0864,0.1126,0.1103,0.4708,0.4368
readmit30,3517785,18317856,1,0,0.1405,0.1307,0.153,0.3786,0.3425
readmit30,3517785,31279272,2,0,0.1856,0.138,0.1991,0.4095,0.3923
readmit30,3523662,36220050,0,0,0.148,0.1157,0.1312,0.4718,0.441
readmit30,3523662,41414292,1,0,0.1716,0.1539,0.1985,0.3373,0.3227
readmit30,3527271,47769036,0,0,0.0682,0.0812,0.0632,0.4872,0.454
readmit30,3527271,62211198,1,0,0.1972,0.1374,0.1915,0.3198,0.3189
readmit30,3538080,4507116,0,0,0.1145,0.1379,0.1248,0.4663,0.4336
readmit30,3538080,7216542,1,1,0.1722,0.1708,0.1997,0.3658,0.3357
readmit30,3538080,8773956,2,1,0.2084,0.2405,0.2298,0.4555,0.4123
readmit30,3538080,10757838,3,1,0.2593,0.2706,0.2801,0.3968,0.3902
readmit30,3538080,12563526,4,1,0.2374,0.3161,0.2582,0.4391,0.389
readmit30,3538080,14573106,5,0,0.4239,0.404,0.4858,0.4892,0.4234
readmit30,3538080,23202696,6,0,0.2926,0.2926,0.2714,0.4362,0.3883
readmit30,3538080,50011002,7,1,0.184,0.3297,0.1968,0.439,0.3957
readmit30,3538080,51223284,8,0,0.2403,0.4073,0.2654,0.4755,0.4107
readmit30,3538080,62064000,9,0,0.2738,0.3147,0.2619,0.394,0.3707
readmit30,3539961,52901784,0,1,0.1194,0.081,0.2026,0.4814,0.4493
readmit30,3539961,53750268,1,0,0.1954,0.2238,0.2466,0.3857,0.3584
readmit30,3539961,86421756,2,1,0.1489,0.1951,0.194,0.4912,0.4258
readmit30,3539961,87102768,3,0,0.2205,0.1666,0.2145,0.382,0.3901
readmit30,3591747,48202854,0,0,0.1161,0.1321,0.1565,0.4702,0.4405
readmit30,3591747,59688102,1,1,0.1337,0.122,0.1271,0.3771,0.3375
readmit30,3591747,60800046,2,0,0.1855,0.1938,0.1857,0.4204,0.4026
readmit30,3595455,28265958,0,0,0.0447,0.0309,0.03,0.5054,0.4693
readmit30,3595455,85931850,1,0,0.0472,0.0388,0.0255,0.4174,0.3816
readmit30,3598173,95404986,0,0,0.0441,0.0354,0.0416,0.4985,0.4599
readmit30,3598173,102273150,1,0,0.0696,0.0598,0.0612,0.392,0.3614
readmit30,3616155,7497384,0,1,0.1856,0.1858,0.2355,0.456,0.4309
readmit30,3616155,8373876,1,0,0.2104,0.3388,0.3072,0.3816,0.353
readmit30,3616155,12367974,2,0,0.2246,0.3103,0.2745,0.4082,0.3805
readmit30,3616155,21486336,3,0,0.213,0.2205,0.2301,0.3789,0.3761
readmit30,3647196,58227990,0,1,0.2061,0.1694,0.2468,0.4622,0.4331
readmit30,3647196,65816982,1,0,0.3762,0.2748,0.438,0.3565,0.3382
readmit30,3647862,52365444,0,0,0.1197,0.1251,0.147,0.4712,0.4468
readmit30,3647862,64328016,1,0,0.1039,0.1656,0.1117,0.3218,0.3256
readmit30,3647862,66908334,2,0,0.1357,0.1873,0.1691,0.3534,0.3677
readmit30,3647862,72181920,3,0,0.135,0.13,0.1517,0.3656,0.3798
readmit30,3677022,99301710,0,1,0.1656,0.0345,0.2163,0.5081,0.4816
readmit30,3677022,100179534,1,1,0.2728,0.0776,0.4632,0.4081,0.3872
readmit30,3677022,102092346,2,0,0.3408,0.1505,0.4611,0.4671,0.4434
readmit30,3697362,7823850,0,0,0.0691,0.047,0.0652,0.493,0.4536
readmit30,3697362,64536972,1,0,0.106,0.0524,0.0685,0.428,0.3816
readmit30,3699018,51243930,0,1,0.1175,0.1228,0.1417,0.469,0.4394
readmit30,3699018,53627262,1,1,0.1587,0.1702,0.1943,0.3569,0.3386
readmit30,3699018,54430386,2,0,0.2371,0.273,0.2343,0.4446,0.4086
readmit30,3710286,12561348,0,0,0.0844,0.0658,0.106,0.4822,0.4446
readmit30,3710286,58107072,1,1,0.1065,0.0779,0.1057,0.39,0.3513
readmit30,3719394,19760346,0,0,0.0776,0.0511,0.0654,0.4856,0.4483
readmit30,3719394,33416364,1,0,0.1426,0.1034,0.1456,0.3623,0.3444
readmit30,3719394,48786780,2,0,0.1565,0.2496,0.2047,0.3554,0.3607
readmit30,3719394,73768500,3,0,0.1808,0.1925,0.1966,0.3815,0.3756
readmit30,3732687,32760828,0,0,0.1502,0.1175,0.1822,0.4691,0.435
readmit30,3732687,67713498,1,0,0.1167,0.0877,0.1529,0.4236,0.3686
readmit30,3765078,85265406,0,0,0.0494,0.0305,0.0453,0.5093,0.4746
readmit30,3765078,88284990,1,0,0.0898,0.0925,0.104,0.3385,0.3377
readmit30,3765078,105492078,2,0,0.1654,0.0946,0.1737,0.4044,0.3854
readmit30,3783204,48352344,0,1,0.079,0.0465,0.0762,0.4951,0.4582
readmit30,3783204,48779130,1,0,0.0797,0.0673,0.0572,0.3873,0.3667
readmit30,3803508,44411952,0,0,0.0425,0.0355,0.0361,0.5016,0.4647
readmit30,3803508,52278216,1,0,0.0586,0.0395,0.0267,0.4087,0.378
readmit30,3803508,74978100,2,0,0.0754,0.0617,0.0857,0.4173,0.3964
readmit30,3829743,17845638,0,1,0.1291,0.0512,0.1145,0.4929,0.4566
readmit30,3829743,18864042,1,0,0.1469,0.0823,0.0991,0.3789,0.3549
readmit30,3830769,67730082,0,1,0.127,0.1185,0.1546,0.4722,0.441
readmit30,3830769,68447238,1,1,0.1489,0.1757,0.1851,0.371,0.3468
readmit30,3830769,69193416,2,0,0.3243,0.2395,0.3714,0.4347,0.4073
readmit30,3850605,77066880,0,1,0.151,0.109,0.1451,0.4716,0.4391
readmit30,3850605,78538998,1,0,0.1658,0.1547,0.1473,0.3829,0.3535
readmit30,3862251,4969548,0,0,0.0614,0.0524,0.0574,0.486,0.4501
readmit30,3862251,15343320,1,0,0.2536,0.1511,0.3016,0.3463,0.3236
readmit30,3862251,51057018,2,0,0.2164,0.218,0.377,0.4429,0.4052
readmit30,3862251,54610818,3,0,0.1168,0.1012,0.1008,0.3784,0.3754
readmit30,3862251,64180236,4,1,0.1022,0.0685,0.0615,0.4253,0.3837
readmit30,3862251,65024214,5,0,0.1611,0.2129,0.1199,0.3848,0.3865
readmit30,3873213,98912196,0,1,0.0522,0.0314,0.0278,0.51,0.4789
readmit30,3873213,99158664,1,0,0.1045,0.0468,0.0453,0.4073,0.3865
readmit30,3878073,69120960,0,0,0.1163,0.0807,0.1424,0.469,0.4391
readmit30,3878073,74937204,1,0,0.1579,0.123,0.1184,0.3342,0.3212
readmit30,3879450,40801134,0,1,0.0786,0.0628,0.063,0.4847,0.4482
readmit30,3879450,42258804,1,0,0.1748,0.192,0.1783,0.3461,0.3351
readmit30,3879450,56483580,2,0,0.1587,0.2079,0.1693,0.4287,0.4002
readmit30,3893184,85745232,0,1,0.3253,0.3525,0.5641,0.4626,0.4478
readmit30,3893184,85991082,1,0,0.0982,0.084,0.0801,0.4113,0.368
readmit30,3937320,33450030,0,0,0.0305,0.0428,0.0195,0.4936,0.4589
readmit30,3937320,54848652,1,1,0.1143,0.1351,0.0872,0.3214,0.3199
readmit30,3937320,59836644,2,0,0.2368,0.2494,0.2473,0.4057,0.4
readmit30,3945510,85984368,0,1,0.0947,0.0433,0.0821,0.4917,0.4539
readmit30,3945510,88068300,1,0,0.1278,0.0761,0.1459,0.424,0.3826
readmit30,3965526,41423550,0,0,0.1143,0.1276,0.1358,0.4618,0.4326
readmit30,3965526,58219542,1,0,0.1809,0.1834,0.2147,0.3605,0.3319
readmit30,3965526,73654818,2,0,0.1144,0.125,0.1337,0.4631,0.417
readmit30,3991806,30390828,0,0,0.0577,0.0596,0.0658,0.4882,0.4531
readmit30,3991806,47350896,1,0,0.106,0.1311,0.1112,0.3279,0.3259
readmit30,4017933,46597998,0,0,0.0957,0.0973,0.0997,0.471,0.4382
readmit30,4017933,50270034,1,0,0.1366,0.142,0.1453,0.3632,0.3343
readmit30,4029444,3699204,0,0,0.075,0.0946,0.0825,0.4759,0.4414
readmit30,4029444,9823128,1,0,0.1359,0.1042,0.1468,0.3615,0.335
readmit30,4029444,21936402,2,0,0.1476,0.1158,0.1153,0.3923,0.3755
readmit30,4029444,36694164,3,0,0.0962,0.1223,0.0868,0.3552,0.3714
readmit30,4035924,98855544,0,0,0.1287,0.0808,0.156,0.4821,0.451
readmit30,4035924,106790478,1,0,0.1239,0.1148,0.1473,0.3972,0.3569
readmit30,4040712,92221272,0,0,0.0219,0.0367,0.0127,0.5149,0.4918
readmit30,4040712,111062664,1,0,0.0603,0.0371,0.0325,0.4224,0.3919
readmit30,4070646,97024074,0,0,0.0588,0.0606,0.0851,0.4789,0.4446
readmit30,4070646,102415116,1,0,0.0828,0.1278,0.094,0.3465,0.3313
readmit30,4070646,109896384,2,0,0.1899,0.1577,0.2119,0.3982,0.3777
readmit30,4091589,105006120,0,0,0.0558,0.1108,0.1085,0.4696,0.4367
readmit30,4091589,107029548,1,1,0.1273,0.181,0.2024,0.3689,0.3399
readmit30,4091589,108903426,2,0,0.1431,0.2743,0.2426,0.4571,0.4142
readmit30,4091589,111974712,3,0,0.2712,0.2725,0.402,0.3565,0.3705
readmit30,4101165,58065558,0,0,0.0559,0.0467,0.0587,0.4942,0.4608
readmit30,4101165,66351114,1,0,0.0855,0.045,0.0701,0.4056,0.372
readmit30,4101165,80293248,2,0,0.1022,0.0838,0.0825,0.4037,0.3825
readmit30,4104585,62021406,0,1,0.0486,0.0349,0.036,0.5022,0.4645
readmit30,4104585,62398974,1,0,0.1169,0.0783,0.0655,0.3906,0.3714
readmit30,4106358,32188362,0,0,0.0485,0.0288,0.0262,0.5108,0.4794
readmit30,4106358,70333470,1,1,0.0511,0.0405,0.0404,0.3947,0.3661
readmit30,4106358,70811262,2,0,0.1382,0.0923,0.0995,0.4268,0.411
readmit30,4106358,77921964,3,0,0.1369,0.1162,0.1248,0.3415,0.3684
readmit30,4116168,14005782,0,0,0.0494,0.051,0.0541,0.4863,0.45
readmit30,4116168,66707418,1,0,0.0562,0.0498,0.0408,0.4217,0.3763
readmit30,4139433,47154648,0,1,0.1425,0.1635,0.1538,0.4641,0.4367
readmit30,4139433,47740404,1,1,0.1693,0.1922,0.1853,0.3681,0.3478
readmit30,4143366,50533368,0,0,0.1756,0.0987,0.1803,0.4748,0.4388
readmit30,4143366,62427966,1,0,0.1768,0.1598,0.1643,0.3679,0.3399
readmit30,4190490,102230478,0,0,0.0491,0.0344,0.0415,0.5023,0.471
readmit30,4190490,106498662,1,0,0.094,0.0554,0.0869,0.3891,0.3658
readmit30,4190490,108598824,2,0,0.1217,0.0739,0.1233,0.4084,0.3937
readmit30,4191417,27009678,0,0,0.0485,0.0529,0.0478,0.4863,0.4455
readmit30,4191417,31266678,1,0,0.0735,0.0991,0.0756,0.3621,0.3424
readmit30,4226058,54931578,0,1,0.1914,0.1713,0.2223,0.4633,0.4339
readmit30,4226058,57102816,1,0,0.2008,0.1973,0.2529,0.4007,0.3633
readmit30,4226301,39877476,0,1,0.0667,0.0917,0.0872,0.4796,0.4405
readmit30,4226301,42313680,1,0,0.1004,0.1588,0.1614,0.4157,0.3656
readmit30,4226301,66352278,2,0,0.1391,0.1336,0.1514,0.4188,0.3878
readmit30,4226301,78490512,3,0,0.1666,0.1369,0.1445,0.4104,0.3919
readmit30,4233960,77116206,0,1,0.0645,0.0882,0.0789,0.4779,0.445
readmit30,4233960,79110420,1,0,0.1056,0.1359,0.1275,0.3865,0.3571
readmit30,4234680,66015186,0,0,0.106,0.1302,0.1263,0.4673,0.4342
readmit30,4234680,75907248,1,0,0.1144,0.1153,0.1511,0.3804,0.3448
readmit30,4234680,82474410,2,1,0.1588,0.1651,0.1521,0.3725,0.3648
readmit30,4234680,83480460,3,1,0.4473,0.3978,0.5396,0.3866,0.3914
readmit30,4250106,7136664,0,0,0.0896,0.0738,0.0827,0.4854,0.4483
readmit30,4250106,14725812,1,0,0.0717,0.0442,0.0334,0.4153,0.3738
readmit30,4285548,106007910,0,1,0.084,0.0812,0.0811,0.4818,0.4467
readmit30,4285548,107418246,1,0,0.097,0.1136,0.0788,0.3784,0.355
readmit30,4315734,34837980,0,0,0.0821,0.0663,0.0893,0.4803,0.4424
readmit30,4315734,46806264,1,0,0.1539,0.1452,0.1497,0.3442,0.3262
readmit30,4327020,6907530,0,0,0.058,0.0603,0.0728,0.486,0.4464
readmit30,4327020,12882954,1,0,0.1184,0.1017,0.1209,0.3677,0.3329
readmit30,4366782,108241116,0,0,0.1135,0.0721,0.1297,0.4808,0.4437
readmit30,4366782,118902936,1,0,0.1546,0.1432,0.1697,0.3412,0.3254
readmit30,4407480,66827406,0,0,0.1234,0.1097,0.1434,0.4669,0.4358
readmit30,4407480,123062976,1,0,0.1575,0.1692,0.1893,0.3519,0.331
readmit30,4469805,59161290,0,1,0.0726,0.1504,0.1286,0.4589,0.433
readmit30,4469805,60244218,1,1,0.2238,0.2626,0.4444,0.415,0.3664
readmit30,4469805,64637322,2,0,0.2733,0.3096,0.3212,0.4379,0.4074
readmit30,4521564,36366708,0,1,0.0727,0.0429,0.0712,0.4933,0.4555
readmit30,4521564,38357346,1,0,0.1298,0.0847,0.1094,0.3937,0.3633
readmit30,4525335,55507272,0,0,0.1367,0.1186,0.153,0.4714,0.4392
readmit30,4525335,82473906,1,0,0.1926,0.1469,0.2272,0.3456,0.3288
readmit30,4544595,69317640,0,1,0.2799,0.1609,0.2716,0.4694,0.446
readmit30,4544595,69723102,1,0,0.1055,0.0762,0.0735,0.3922,0.3673
readmit30,4582233,3328332,0,1,0.1199,0.119,0.1348,0.4688,0.4366
readmit30,4582233,4259742,1,0,0.1608,0.1829,0.1894,0.3974,0.3576
readmit30,4586832,13570998,0,0,0.0577,0.0385,0.0459,0.4962,0.4597
readmit30,4586832,17919372,1,0,0.0853,0.0707,0.0804,0.372,0.3427
readmit30,4608009,133296492,0,1,0.0707,0.0472,0.0691,0.4912,0.4528
readmit30,4608009,134734038,1,0,0.1656,0.1425,0.1556,0.3727,0.3485
readmit30,4624767,3043686,0,0,0.0522,0.0469,0.0421,0.4998,0.4581
readmit30,4624767,35148378,1,0,0.0465,0.0338,0.016,0.4201,0.3853
readmit30,4647159,51609678,0,0,0.0979,0.101,0.1138,0.4732,0.444
readmit30,4647159,87051636,1,0,0.1164,0.0606,0.1045,0.4176,0.3685
readmit30,4675086,15871200,0,0,0.0854,0.0631,0.115,0.4811,0.4452
readmit30,4675086,28178508,1,0,0.1182,0.1061,0.1289,0.3663,0.3361
readmit30,4684905,8296188,0,0,0.0672,0.055,0.0779,0.4875,0.4481
readmit30,4684905,14068950,1,0,0.0974,0.0716,0.0798,0.3976,0.3554
readmit30,4684905,36092820,2,0,0.1202,0.1058,0.104,0.4125,0.3851
readmit30,4684905,45587736,3,0,0.1061,0.0683,0.0677,0.4043,0.3983
readmit30,4698171,44828208,0,0,0.078,0.0653,0.0697,0.4891,0.4551
readmit30,4698171,52499616,1,0,0.0659,0.0863,0.0498,0.3422,0.324
readmit30,4705974,56863494,0,0,0.0794,0.0551,0.0935,0.49,0.4556
readmit30,4705974,61009812,1,1,0.1541,0.1042,0.1636,0.3719,0.3381
readmit30,4705974,62070516,2,0,0.2272,0.1213,0.2194,0.4409,0.4193
readmit30,4714767,37432254,0,1,0.3317,0.3124,0.4567,0.4529,0.4319
readmit30,4714767,37730652,1,0,0.1189,0.2562,0.1656,0.3866,0.3529
readmit30,4745646,29748780,0,1,0.0718,0.1046,0.1147,0.4684,0.4336
readmit30,4745646,32473464,1,0,0.1802,0.2335,0.36,0.3916,0.3577
readmit30,4745646,71565018,2,0,0.158,0.1763,0.2038,0.4582,0.4046
readmit30,4746240,39399660,0,0,0.094,0.135,0.1279,0.4658,0.4357
readmit30,4746240,52684920,1,0,0.1797,0.184,0.2439,0.3535,0.3297
readmit30,4746240,71029020,2,0,0.2661,0.1793,0.3023,0.423,0.3896
readmit30,4780008,46479282,0,0,0.0252,0.0282,0.0134,0.5133,0.4809
readmit30,4780008,58571370,1,0,0.0913,0.0452,0.0438,0.3774,0.3552
readmit30,4780422,39869454,0,0,0.1316,0.1003,0.1433,0.4744,0.4395
readmit30,4780422,81632310,1,0,0.1611,0.1703,0.2806,0.3943,0.3617
readmit30,4791987,22572468,0,1,0.0644,0.0459,0.0642,0.4867,0.4507
readmit30,4791987,23847948,1,0,0.1231,0.1281,0.1465,0.3893,0.3715
readmit30,4791987,34054728,2,0,0.1472,0.1145,0.1474,0.4101,0.3873
readmit30,4791987,74995026,3,0,0.0989,0.0832,0.112,0.4392,0.4156
readmit30,4791987,86225610,4,0,0.0841,0.0573,0.0702,0.4233,0.3879
readmit30,4792257,67193658,0,0,0.0519,0.0586,0.0522,0.489,0.4492
readmit30,4792257,70351320,1,0,0.1045,0.0903,0.0905,0.3564,0.3365
readmit30,4792257,73862082,2,0,0.15,0.1008,0.1718,0.4204,0.3994
readmit30,4811706,79642056,0,0,0.0895,0.0721,0.0809,0.4851,0.4459
readmit30,4811706,86264916,1,0,0.1603,0.1399,0.1395,0.3408,0.3231
readmit30,4830336,31757760,0,0,0.1753,0.1282,0.1844,0.4775,0.4464
readmit30,4830336,36593004,1,1,0.1123,0.1193,0.1085,0.3414,0.3263
readmit30,4830336,37664442,2,0,0.2432,0.185,0.2525,0.4392,0.4131
readmit30,4835637,51363420,0,1,0.0861,0.0752,0.0937,0.482,0.4462
readmit30,4835637,52584894,1,1,0.1477,0.1101,0.167,0.3893,0.3617
readmit30,4835637,54148080,2,0,0.2349,0.14,0.2454,0.4467,0.4186
readmit30,4876191,17827428,0,0,0.083,0.0669,0.0808,0.4848,0.4465
readmit30,4876191,20187900,1,0,0.1219,0.1108,0.114,0.3651,0.3372
readmit30,4937643,3600198,0,0,0.0875,0.0954,0.0879,0.473,0.4408
readmit30,4937643,6325398,1,1,0.1434,0.1463,0.1703,0.3347,0.3175
readmit30,4937643,7897794,2,0,0.1892,0.2177,0.201,0.4446,0.4085
readmit30,4963419,6355014,0,0,0.1188,0.1217,0.1529,0.4664,0.4386
readmit30,4963419,44340048,1,0,0.0826,0.0816,0.1238,0.4331,0.3776
readmit30,4963977,43183128,0,0,0.0854,0.1248,0.124,0.4665,0.4371
readmit30,4963977,46580028,1,0,0.1121,0.1492,0.1451,0.3616,0.3323
readmit30,5040189,8942640,0,0,0.0546,0.0348,0.0543,0.5029,0.4653
readmit30,5040189,11642766,1,0,0.0534,0.038,0.0183,0.3927,0.369
readmit30,5040189,42068952,2,0,0.1225,0.0722,0.1049,0.3903,0.3868
readmit30,5091876,18153918,0,0,0.0525,0.0768,0.0653,0.4809,0.4431
readmit30,5091876,62151258,1,0,0.086,0.0777,0.0768,0.4109,0.3582
readmit30,5128038,47311716,0,0,0.068,0.0455,0.0373,0.4973,0.4624
readmit30,5128038,69094242,1,0,0.0909,0.0525,0.0402,0.3623,0.3479
readmit30,5150925,4902108,0,0,0.0578,0.0455,0.049,0.4927,0.455
readmit30,5150925,17220654,1,0,0.079,0.0649,0.0589,0.3756,0.3458
readmit30,5159286,12982038,0,0,0.0718,0.084,0.0813,0.4772,0.4399
readmit30,5159286,20073180,1,0,0.1536,0.1636,0.2001,0.3439,0.329
readmit30,5159286,28543956,2,0,0.1979,0.1777,0.2151,0.437,0.3956
readmit30,5159286,39071562,3,1,0.1499,0.1883,0.1374,0.3636,0.3667
readmit30,5159286,40578840,4,0,0.2667,0.3335,0.2752,0.4224,0.386
readmit30,5159286,48513960,5,1,0.2553,0.248,0.2408,0.4291,0.3955
readmit30,5159286,49433436,6,1,0.4215,0.3462,0.4536,0.4392,0.4046
readmit30,5159286,51870732,7,0,0.3646,0.4069,0.3686,0.4698,0.4193
readmit30,5159286,77284002,8,0,0.1838,0.2899,0.166,0.4444,0.3823
readmit30,5167224,28834392,0,0,0.1569,0.0987,0.1751,0.4742,0.4413
readmit30,5167224,32930052,1,0,0.1971,0.1751,0.2141,0.3537,0.3286
readmit30,5177574,103211208,0,0,0.0435,0.0328,0.0425,0.5036,0.4685
readmit30,5177574,109314600,1,0,0.1028,0.0514,0.1033,0.3834,0.3611
readmit30,5180076,22710498,0,1,0.2813,0.2549,0.3459,0.4585,0.4352
readmit30,5180076,23444118,1,0,0.0889,0.0909,0.0547,0.4149,0.3636
readmit30,5184900,59019054,0,1,0.0868,0.0626,0.0542,0.4892,0.4533
readmit30,5184900,60561696,1,0,0.1414,0.1527,0.1101,0.3462,0.3379
readmit30,5184900,71572728,2,0,0.3002,0.1955,0.3258,0.3884,0.3759
readmit30,5207157,54874650,0,0,0.1278,0.1325,0.1529,0.4703,0.4406
readmit30,5207157,57595266,1,0,0.136,0.1471,0.158,0.3486,0.3306
readmit30,5207157,65102382,2,0,0.1536,0.1167,0.1049,0.3946,0.3859
readmit30,5207157,82345440,3,0,0.089,0.0828,0.0664,0.3584,0.3766
readmit30,5207247,8306436,0,1,0.0461,0.0743,0.0497,0.4807,0.4426
readmit30,5207247,9317154,1,0,0.1781,0.165,0.1904,0.3865,0.3567
readmit30,5207247,11535120,2,0,0.1647,0.1276,0.1624,0.4172,0.3884
readmit30,5207247,18299760,3,1,0.1974,0.1401,0.1693,0.3645,0.3727
readmit30,5207247,20302278,4,1,0.2543,0.2111,0.2196,0.4187,0.3822
readmit30,5207247,21599490,5,0,0.3524,0.3401,0.3691,0.4743,0.4327
readmit30,5207247,30883902,6,1,0.3063,0.2019,0.2869,0.3822,0.3627
readmit30,5207247,32583660,7,1,0.3792,0.3888,0.3809,0.459,0.4142
readmit30,5207247,33734100,8,1,0.3966,0.4322,0.4357,0.4907,0.4184
readmit30,5207247,35795934,9,0,0.3819,0.4454,0.3717,0.4586,0.4126
readmit30,5207247,43738782,10,0,0.3678,0.376,0.3766,0.4746,0.4103
readmit30,5207247,66542346,11,0,0.2965,0.3856,0.2986,0.5179,0.4236
readmit30,5207247,84073746,12,0,0.2079,0.2395,0.2502,0.4992,0.4145
readmit30,5214069,45969630,0,0,0.113,0.1038,0.1144,0.4714,0.44
readmit30,5214069,60566214,1,0,0.1139,0.12,0.0788,0.3543,0.3269
readmit30,5214069,80624676,2,0,0.1047,0.0927,0.137,0.4423,0.4054
readmit30,5217912,33443946,0,0,0.0957,0.0679,0.1006,0.4838,0.4468
readmit30,5217912,66486984,1,1,0.1028,0.0864,0.1134,0.3902,0.3514
readmit30,5234841,72695196,0,0,0.0653,0.043,0.054,0.4923,0.4541
readmit30,5234841,75429492,1,1,0.1069,0.0735,0.0688,0.3697,0.3436
readmit30,5234841,83590158,2,0,0.2402,0.2135,0.2657,0.4206,0.4039
readmit30,5238972,58513614,0,0,0.1842,0.1399,0.2172,0.4648,0.4342
readmit30,5238972,63280602,1,0,0.1922,0.112,0.1677,0.365,0.3331
readmit30,5279346,32269344,0,0,0.1227,0.1078,0.1553,0.4697,0.4343
readmit30,5279346,61545162,1,0,0.1881,0.1838,0.2053,0.3634,0.3325
readmit30,5297328,93066054,0,0,0.0576,0.0374,0.0546,0.5009,0.4671
readmit30,5297328,111053142,1,0,0.1738,0.1076,0.177,0.3524,0.3405
readmit30,5326353,46589742,0,0,0.0916,0.1158,0.1155,0.4683,0.4409
readmit30,5326353,51243822,1,0,0.1178,0.1313,0.1775,0.3704,0.3456
readmit30,5332491,2294130,0,1,0.1154,0.0779,0.1125,0.4837,0.445
readmit30,5332491,3174918,1,0,0.1875,0.155,0.2325,0.3819,0.3526
readmit30,5333787,24623514,0,0,0.0996,0.0645,0.1218,0.4843,0.4471
readmit30,5333787,83208372,1,1,0.1595,0.0878,0.1711,0.4017,0.3525
readmit30,5336874,8056050,0,1,0.0479,0.0344,0.0317,0.5045,0.4709
readmit30,5336874,8943906,1,1,0.1385,0.1003,0.138,0.3603,0.3486
readmit30,5336874,9582996,2,0,0.252,0.1986,0.2665,0.4445,0.416
readmit30,5359194,48205932,0,0,0.0841,0.0619,0.0604,0.4878,0.4506
readmit30,5359194,55730130,1,1,0.13,0.0782,0.0907,0.3857,0.3564
readmit30,5359194,56843982,2,0,0.1832,0.1183,0.1127,0.374,0.3827
readmit30,5428017,33268734,0,0,0.0792,0.0414,0.0647,0.4923,0.4557
readmit30,5428017,46840932,1,0,0.0992,0.0631,0.108,0.3829,0.3595
readmit30,5428017,66007572,2,0,0.1147,0.1001,0.1263,0.4047,0.3804
readmit30,5463981,53634606,0,0,0.1586,0.1206,0.1985,0.4688,0.4392
readmit30,5463981,69183096,1,0,0.1186,0.0914,0.0702,0.3888,0.3445
readmit30,5464557,21582012,0,0,0.0789,0.0625,0.0917,0.4816,0.4472
readmit30,5464557,35735868,1,0,0.1493,0.0979,0.1042,0.3502,0.3256
readmit30,5464557,81093576,2,0,0.0814,0.0593,0.0538,0.4818,0.4279
readmit30,5478696,84475050,0,1,0.0496,0.0297,0.0347,0.5076,0.4727
readmit30,5478696,85357674,1,0,0.1183,0.0528,0.1454,0.4272,0.398
readmit30,5481009,93241644,0,1,0.0622,0.0617,0.0842,0.4827,0.4495
readmit30,5481009,94430904,1,0,0.0939,0.0908,0.0868,0.4106,0.3683
readmit30,5481009,106483524,2,1,0.143,0.1405,0.1303,0.3929,0.3741
readmit30,5507217,47506824,0,1,0.1572,0.1454,0.2176,0.4663,0.4333
readmit30,5507217,60058032,1,0,0.2157,0.2116,0.313,0.3846,0.3565
readmit30,5539599,100698924,0,0,0.4091,0.2742,0.4141,0.4414,0.4378
readmit30,5539599,129013770,1,1,0.2222,0.2757,0.1826,0.3615,0.3295
readmit30,5619231,26297682,0,0,0.1122,0.081,0.1223,0.4744,0.4413
readmit30,5619231,46314108,1,0,0.1085,0.1246,0.0926,0.3557,0.3287
readmit30,5619231,65745276,2,0,0.1227,0.1515,0.1411,0.4219,0.3883
readmit30,5619231,85509108,3,0,0.1172,0.0924,0.0917,0.3927,0.3869
readmit30,5647284,57472488,0,0,0.0627,0.0594,0.0685,0.4818,0.4457
readmit30,5647284,80836824,1,0,0.1076,0.1081,0.1277,0.3724,0.3378
readmit30,5652693,62576568,0,0,0.1261,0.1183,0.129,0.4651,0.4367
readmit30,5652693,74993910,1,0,0.1406,0.1275,0.1554,0.3817,0.345
readmit30,5662800,7839114,0,1,0.1044,0.1098,0.1164,0.4631,0.429
readmit30,5662800,8065074,1,0,0.19,0.2348,0.2251,0.4082,0.366
readmit30,5665779,38248836,0,0,0.1105,0.1251,0.1191,0.4718,0.4424
readmit30,5665779,45057696,1,0,0.1856,0.1316,0.2345,0.3352,0.3216
readmit30,5714001,73066728,0,0,0.0332,0.0332,0.016,0.5135,0.4883
readmit30,5714001,78532956,1,0,0.0829,0.0686,0.0468,0.364,0.3538
readmit30,5723469,81808632,0,0,0.1922,0.178,0.2957,0.4591,0.435
readmit30,5723469,86178480,1,0,0.1745,0.2123,0.2199,0.3726,0.3459
readmit30,5728716,31179888,0,0,0.139,0.199,0.159,0.4624,0.4339
readmit30,5728716,37890294,1,0,0.1361,0.1345,0.1511,0.3642,0.3371
readmit30,5728716,63031776,2,0,0.1538,0.1142,0.1316,0.416,0.3856
readmit30,5772663,29750310,0,0,0.0573,0.0369,0.0434,0.4991,0.4674
readmit30,5772663,84516330,1,1,0.1462,0.0758,0.1188,0.3814,0.3567
readmit30,5772663,86132004,2,1,0.119,0.0978,0.0957,0.4106,0.4044
readmit30,5772663,88151772,3,0,0.2972,0.1777,0.2966,0.365,0.3869
readmit30,5786604,8373792,0,0,0.163,0.1234,0.179,0.4698,0.4359
readmit30,5786604,16855848,1,0,0.1475,0.1399,0.1644,0.3601,0.3337
readmit30,5833440,6993492,0,0,0.0911,0.0424,0.0707,0.4941,0.4553
readmit30,5833440,9844014,1,1,0.1513,0.1121,0.1472,0.3493,0.3351
readmit30,5833440,10655934,2,0,0.1056,0.1613,0.0847,0.4402,0.4053
readmit30,5860782,42417276,0,0,0.0688,0.0353,0.0369,0.4971,0.4649
readmit30,5860782,83370390,1,0,0.0659,0.0339,0.0303,0.4148,0.3857
readmit30,5871888,74403378,0,0,0.2436,0.2096,0.2924,0.4616,0.4301
readmit30,5871888,77634174,1,1,0.1599,0.1971,0.2459,0.366,0.3388
readmit30,5877477,3483090,0,0,0.1084,0.0859,0.1301,0.4743,0.441
readmit30,5877477,17619450,1,0,0.1239,0.0928,0.1292,0.3953,0.3495
readmit30,5877477,24214002,2,1,0.1632,0.1292,0.1442,0.3841,0.3731
readmit30,5877477,31602270,3,0,0.2524,0.2409,0.2628,0.3733,0.3893
readmit30,5886081,85014630,0,0,0.0829,0.0775,0.0762,0.4822,0.4487
readmit30,5886081,88728678,1,0,0.1292,0.0967,0.1236,0.3697,0.3381
readmit30,5886081,92362074,2,0,0.1667,0.1269,0.179,0.3982,0.3838
readmit30,5889969,37339572,0,0,0.0794,0.0486,0.0668,0.495,0.4574
readmit30,5889969,66518082,1,1,0.3045,0.2352,0.3562,0.2791,0.3037
readmit30,5889969,69533136,2,0,0.3161,0.3896,0.3543,0.4437,0.4152
readmit30,5894550,11488596,0,0,0.0853,0.0573,0.08,0.4911,0.4517
readmit30,5894550,55928412,1,0,0.0945,0.0763,0.0951,0.3957,0.3546
readmit30,5926887,88935546,0,0,0.053,0.0428,0.0539,0.4968,0.4665
readmit30,5926887,103131378,1,0,0.0662,0.0388,0.0416,0.4225,0.3902
readmit30,5926887,108272538,2,0,0.1127,0.0546,0.0887,0.4317,0.4194
readmit30,5940954,39824436,0,1,0.1369,0.1577,0.1675,0.4565,0.4302
readmit30,5940954,41220126,1,0,0.2097,0.319,0.295,0.3885,0.3521
readmit30,5972319,33733644,0,0,0.032,0.0316,0.0231,0.5071,0.4737
readmit30,5972319,39850416,1,0,0.0527,0.0578,0.0387,0.377,0.3573
readmit30,5974767,77746602,0,1,0.0563,0.0415,0.0479,0.4905,0.453
readmit30,5974767,80015304,1,0,0.1747,0.1451,0.1905,0.3726,0.354
readmit30,5975127,49855242,0,0,0.0971,0.0731,0.1095,0.479,0.4425
readmit30,5975127,54484602,1,0,0.1427,0.1234,0.1586,0.3634,0.3408
readmit30,6005718,14074620,0,0,0.0577,0.0464,0.0636,0.4906,0.4508
readmit30,6005718,30167226,1,0,0.1134,0.0808,0.1167,0.3677,0.3468
readmit30,6037488,33531912,0,0,0.0682,0.0769,0.0826,0.4777,0.4423
readmit30,6037488,58217268,1,0,0.1396,0.1624,0.1263,0.3565,0.3244
readmit30,6088059,83865846,0,0,0.1186,0.1082,0.1505,0.4773,0.4469
readmit30,6088059,110453682,1,0,0.1113,0.0647,0.0849,0.4059,0.3614
readmit30,6089022,14562120,0,0,0.0428,0.069,0.0417,0.4811,0.4426
readmit30,6089022,61580676,1,0,0.0542,0.051,0.0426,0.4318,0.3804
readmit30,6098004,109670694,0,1,0.1139,0.0751,0.1352,0.4834,0.4484
readmit30,6098004,109771584,1,0,0.0883,0.0749,0.1069,0.4039,0.3705
readmit30,6119892,64052922,0,1,0.2056,0.219,0.3182,0.4557,0.4284
readmit30,6119892,64990572,1,0,0.1612,0.2861,0.2169,0.416,0.3615
readmit30,6119892,70973688,2,0,0.2253,0.2128,0.2497,0.4111,0.3848
readmit30,6135462,105543432,0,1,0.0459,0.0333,0.0399,0.5004,0.4626
readmit30,6135462,106350162,1,0,0.1036,0.0597,0.0831,0.4081,0.3796
readmit30,6160626,40167048,0,1,0.0849,0.059,0.0792,0.4874,0.4494
readmit30,6160626,40768566,1,0,0.153,0.1036,0.1359,0.373,0.351
readmit30,6160626,49558698,2,0,0.2101,0.1504,0.2247,0.3924,0.3756
readmit30,6179049,22768584,0,0,0.1012,0.0692,0.0837,0.4879,0.4519
readmit30,6179049,46812894,1,1,0.1663,0.1265,0.1185,0.3416,0.3223
readmit30,6179049,48151884,2,1,0.2151,0.1935,0.1972,0.4189,0.401
readmit30,6179049,48759750,3,0,0.2482,0.2514,0.2364,0.3894,0.3937
readmit30,6179049,52575036,4,0,0.182,0.2086,0.1626,0.3912,0.3569
readmit30,6212574,32190048,0,0,0.0794,0.0445,0.0885,0.4884,0.4526
readmit30,6212574,39750186,1,0,0.1007,0.1195,0.149,0.3594,0.3384
readmit30,6215319,18065952,0,1,0.061,0.0469,0.0655,0.4914,0.4524
readmit30,6215319,18915774,1,0,0.1567,0.1123,0.1395,0.3851,0.3583
readmit30,6235830,73380348,0,0,0.0695,0.0363,0.067,0.5013,0.4653
readmit30,6235830,80394780,1,0,0.0968,0.0775,0.0861,0.3545,0.3388
readmit30,6401997,24545892,0,0,0.2244,0.1389,0.2736,0.4656,0.4354
readmit30,6401997,35713380,1,0,0.1449,0.1314,0.1652,0.3727,0.3399
readmit30,6416856,28448046,0,0,0.1298,0.1223,0.1712,0.4675,0.4374
readmit30,6416856,34832388,1,1,0.1649,0.125,0.1916,0.3583,0.3275
readmit30,6416856,36456948,2,0,0.4007,0.28,0.4847,0.4408,0.41
readmit30,6416856,41396136,3,0,0.2248,0.2936,0.2916,0.3646,0.3693
readmit30,6420969,32741370,0,1,0.0472,0.0329,0.037,0.5061,0.4711
readmit30,6420969,33433074,1,0,0.1162,0.0575,0.0791,0.41,0.3787
readmit30,6451281,154102974,0,0,0.0804,0.0485,0.0694,0.4934,0.4526
readmit30,6451281,171971292,1,0,0.1162,0.0895,0.1049,0.3572,0.3332
readmit30,6466158,77488548,0,0,0.0599,0.0472,0.0533,0.4944,0.4554
readmit30,6466158,88213974,1,0,0.0898,0.0925,0.0757,0.3676,0.3387
readmit30,6466167,23200560,0,0,0.1103,0.077,0.1286,0.4765,0.442
readmit30,6466167,44648844,1,0,0.1219,0.1491,0.1184,0.3469,0.3282
readmit30,6466167,59658870,2,0,0.1446,0.1697,0.157,0.4105,0.3905
readmit30,6466167,62607018,3,0,0.1479,0.1766,0.1581,0.3432,0.3609
readmit30,6466167,65582760,4,0,0.1424,0.1966,0.1573,0.3664,0.3521
readmit30,6470073,56705160,0,1,0.1467,0.1531,0.1925,0.4638,0.4346
readmit30,6470073,57688260,1,0,0.1777,0.2237,0.2389,0.3914,0.3526
readmit30,6539481,2732424,0,0,0.1639,0.1123,0.1809,0.4666,0.4364
readmit30,6539481,9686640,1,0,0.0938,0.1264,0.1392,0.3818,0.3436
readmit30,6539481,22996368,2,0,0.103,0.1419,0.1796,0.4026,0.3785
readmit30,6539481,48527274,3,0,0.1532,0.1402,0.2306,0.3634,0.3681
readmit30,6598917,72748662,0,0,0.0948,0.0626,0.0959,0.484,0.4492
readmit30,6598917,77500626,1,0,0.1327,0.1322,0.1251,0.3368,0.326
readmit30,6626160,119617944,0,0,0.0734,0.0591,0.0714,0.4854,0.4519
readmit30,6626160,123032622,1,0,0.119,0.0937,0.0917,0.3557,0.3351
readmit30,6630894,46229562,0,0,0.0715,0.1371,0.0773,0.4672,0.4413
readmit30,6630894,69431154,1,1,0.172,0.0896,0.1458,0.3736,0.3384
readmit30,6648012,62297496,0,1,0.1722,0.1261,0.1946,0.4621,0.4302
readmit30,6648012,63082464,1,0,0.1915,0.224,0.1964,0.3998,0.3667
readmit30,6648012,70429332,2,0,0.1869,0.1824,0.1798,0.4159,0.3756
readmit30,6676524,23507160,0,0,0.0387,0.034,0.0305,0.4987,0.461
readmit30,6676524,34810188,1,0,0.0747,0.0601,0.0424,0.366,0.3493
readmit30,6676524,39606282,2,0,0.0971,0.0931,0.0926,0.3947,0.3782
readmit30,6676524,74354070,3,0,0.05,0.0594,0.0517,0.4456,0.4239
readmit30,6676524,89625960,4,0,0.0889,0.0556,0.0597,0.3915,0.3705
readmit30,6766083,25115496,0,1,0.2329,0.19,0.2972,0.4633,0.4353
readmit30,6766083,25538280,1,0,0.1213,0.1155,0.1213,0.3942,0.3584
readmit30,6766083,70913790,2,0,0.2133,0.1147,0.2421,0.4365,0.3995
readmit30,6767289,27693474,0,0,0.1723,0.1229,0.2097,0.4699,0.4372
readmit30,6767289,38488926,1,0,0.1448,0.1408,0.1879,0.3543,0.3316
readmit30,6792615,34062606,0,0,0.1296,0.1911,0.2161,0.4495,0.4253
readmit30,6792615,53021202,1,0,0.165,0.2413,0.2051,0.3548,0.3272
readmit30,6798231,73547262,0,1,0.0453,0.0364,0.0393,0.4961,0.4571
readmit30,6798231,74248158,1,1,0.1031,0.0825,0.0924,0.4321,0.3867
readmit30,6798231,75773994,2,0,0.2386,0.1575,0.269,0.4433,0.4154
readmit30,6823026,26327094,0,0,0.0711,0.0559,0.0625,0.4857,0.4491
readmit30,6823026,46161216,1,0,0.1198,0.1135,0.0918,0.3431,0.3264
readmit30,6827778,111020538,0,0,0.0868,0.077,0.0964,0.4827,0.4481
readmit30,6827778,292025130,1,0,0.105,0.0718,0.1184,0.3928,0.3535
readmit30,6827778,388528064,2,0,0.1471,0.1039,0.1464,0.3892,0.38
readmit30,6847722,104966562,0,1,0.0749,0.074,0.0896,0.48,0.4442
readmit30,6847722,110096064,1,0,0.1541,0.1748,0.2036,0.3613,0.3468
readmit30,6884595,4251816,0,0,0.0479,0.0658,0.0497,0.4806,0.4443
readmit30,6884595,7908600,1,0,0.0598,0.0766,0.054,0.3676,0.3366
readmit30,6884595,11737752,2,1,0.0826,0.0708,0.0778,0.4331,0.3998
readmit30,6884595,13652892,3,0,0.1189,0.1786,0.0934,0.3455,0.3825
readmit30,6884595,18072510,4,1,0.1893,0.1533,0.1621,0.3797,0.3559
readmit30,6884595,18439536,5,0,0.3019,0.268,0.2344,0.4627,0.4225
readmit30,6884595,21460038,6,1,0.2274,0.2226,0.2184,0.3849,0.3644
readmit30,6884595,22788300,7,0,0.3724,0.3306,0.3409,0.4709,0.4255
readmit30,6884595,32596494,8,0,0.3612,0.238,0.3198,0.4219,0.3828
readmit30,6884595,43715544,9,0,0.3549,0.1842,0.3041,0.3869,0.3724
readmit30,6884901,83276592,0,1,0.0673,0.0401,0.0577,0.4991,0.4621
readmit30,6884901,83628390,1,1,0.1392,0.1093,0.1164,0.3819,0.3642
readmit30,6884901,84263778,2,0,0.2444,0.2281,0.2732,0.4637,0.4228
readmit30,6884901,87949812,3,0,0.2191,0.1802,0.1976,0.3435,0.367
readmit30,6886395,86823084,0,1,0.0479,0.0386,0.0369,0.4958,0.4591
readmit30,6886395,87744006,1,0,0.0905,0.1073,0.0804,0.3932,0.3646
readmit30,6936948,102150108,0,0,0.0418,0.0343,0.0346,0.5073,0.476
readmit30,6936948,111523956,1,0,0.1349,0.1225,0.1477,0.3616,0.3467
readmit30,6946713,89637672,0,0,0.0523,0.0406,0.0627,0.4954,0.4619
readmit30,6946713,102970662,1,0,0.1111,0.0972,0.1858,0.3377,0.3244
readmit30,7258698,25419390,0,1,0.5756,0.298,0.8266,0.4468,0.4363
readmit30,7258698,26297136,1,1,0.433,0.426,0.7231,0.4322,0.379
readmit30,7258698,26862408,2,0,0.2143,0.3405,0.3073,0.4668,0.4204
readmit30,7258698,29927856,3,1,0.3027,0.3363,0.4129,0.364,0.3716
readmit30,7258698,30852276,4,0,0.3901,0.3959,0.4803,0.459,0.3996
readmit30,7632135,35023344,0,0,0.1359,0.1053,0.1642,0.4696,0.4366
readmit30,7632135,45721494,1,0,0.1745,0.162,0.1999,0.3706,0.3377
readmit30,7632135,69263850,2,0,0.1986,0.157,0.2385,0.396,0.374
readmit30,7646184,6384966,0,0,0.084,0.0831,0.097,0.482,0.448
readmit30,7646184,15840348,1,0,0.0767,0.0595,0.0678,0.4058,0.3593
readmit30,7708914,71814054,0,0,0.1045,0.0634,0.1062,0.4858,0.4476
readmit30,7708914,76803294,1,1,0.1445,0.1175,0.1274,0.356,0.3354
readmit30,7708914,77888994,2,0,0.1924,0.1815,0.1837,0.4455,0.4097
readmit30,7783875,5189298,0,0,0.1255,0.0935,0.1585,0.4764,0.4456
readmit30,7783875,12639234,1,0,0.1389,0.0971,0.1275,0.3581,0.3295
readmit30,7873875,73838928,0,1,0.4495,0.4019,0.6394,0.4604,0.4448
readmit30,7873875,74193930,1,0,0.0861,0.11,0.1027,0.3957,0.3688
readmit30,7929306,289326030,0,1,0.1197,0.0588,0.116,0.4852,0.4472
readmit30,7929306,291184836,1,1,0.1277,0.0749,0.0861,0.4162,0.3813
readmit30,7939341,94878438,0,0,0.05,0.06,0.0665,0.4834,0.4458
readmit30,7939341,98550906,1,1,0.0885,0.1457,0.1244,0.3502,0.335
readmit30,7939341,100099140,2,0,0.266,0.3009,0.3404,0.4219,0.4007
readmit30,8070885,99074538,0,0,0.0663,0.0468,0.0661,0.4894,0.4505
readmit30,8070885,109377798,1,0,0.1033,0.0938,0.1004,0.3642,0.3421
readmit30,8075088,106173684,0,1,0.1169,0.0902,0.1272,0.4766,0.4436
readmit30,8075088,106405122,1,0,0.1123,0.1303,0.134,0.3886,0.3596
readmit30,8090829,90642624,0,0,0.0799,0.0508,0.0822,0.4844,0.4528
readmit30,8090829,103981296,1,0,0.1197,0.0414,0.0799,0.4031,0.3788
readmit30,8106075,72442416,0,0,0.2478,0.1732,0.2808,0.4517,0.428
readmit30,8106075,78664728,1,0,0.1094,0.1221,0.1286,0.4298,0.364
readmit30,8121393,126864672,0,1,0.1556,0.1382,0.1793,0.4594,0.4303
readmit30,8121393,209394600,1,0,0.2471,0.274,0.3051,0.4051,0.3642
readmit30,8121519,29889792,0,0,0.0827,0.0491,0.0898,0.4889,0.4535
readmit30,8121519,70223964,1,0,0.1128,0.0622,0.0851,0.3994,0.3634
readmit30,8161929,68235414,0,0,0.0876,0.0575,0.0963,0.4863,0.4551
readmit30,8161929,79140390,1,0,0.1365,0.1297,0.1577,0.3415,0.3338
readmit30,8161929,85483236,2,0,0.1692,0.1478,0.157,0.3728,0.3669
readmit30,8191152,48502758,0,0,0.118,0.0804,0.1188,0.4778,0.4419
readmit30,8191152,74361954,1,0,0.1682,0.1224,0.17,0.3502,0.3305
readmit30,8191152,77889036,2,0,0.1459,0.149,0.1876,0.4065,0.3875
readmit30,8325099,5754180,0,0,0.0563,0.0469,0.0522,0.4921,0.452
readmit30,8325099,30944034,1,0,0.0746,0.0657,0.0755,0.3863,0.3585
readmit30,8336142,99331386,0,0,0.1189,0.1491,0.1651,0.4561,0.4287
readmit30,8336142,105317430,1,1,0.1054,0.1411,0.1147,0.386,0.3462
readmit30,8336142,107080314,2,0,0.175,0.2514,0.185,0.4299,0.3995
readmit30,8420310,3684690,0,0,0.0607,0.0711,0.076,0.4782,0.4474
readmit30,8420310,14945952,1,0,0.1017,0.0883,0.1358,0.3963,0.3585
readmit30,8463780,57081612,0,1,0.1019,0.1188,0.1164,0.4674,0.4344
readmit30,8463780,58370298,1,0,0.1637,0.2053,0.2341,0.4453,0.3868
readmit30,8516331,23150640,0,0,0.0819,0.0544,0.0686,0.4879,0.4511
readmit30,8516331,35360754,1,0,0.1567,0.1061,0.1366,0.3512,0.3296
readmit30,8606322,31301946,0,0,0.0582,0.0497,0.0578,0.4931,0.4519
readmit30,8606322,74839224,1,0,0.105,0.0704,0.1107,0.4,0.3632
readmit30,8621901,23488602,0,0,0.086,0.065,0.0823,0.4847,0.4463
readmit30,8621901,54979998,1,0,0.1011,0.1468,0.0947,0.3523,0.3322
readmit30,8641071,32758752,0,0,0.0789,0.0586,0.0756,0.4798,0.4445
readmit30,8641071,60210324,1,0,0.1617,0.1644,0.1909,0.3279,0.3189
readmit30,8641071,72981234,2,0,0.1204,0.1354,0.1355,0.4605,0.411
readmit30,8648685,21588312,0,0,0.0584,0.0572,0.062,0.4829,0.4465
readmit30,8648685,39723756,1,1,0.1121,0.1795,0.1136,0.3199,0.313
readmit30,8648685,40555188,2,0,0.2268,0.2941,0.2631,0.4126,0.4013
readmit30,8648685,49269582,3,0,0.1841,0.2468,0.1945,0.3843,0.3783
readmit30,8648685,52998432,4,0,0.2954,0.2157,0.2367,0.3943,0.3602
readmit30,8680284,105733938,0,0,0.0668,0.0469,0.077,0.4972,0.4682
readmit30,8680284,112760628,1,0,0.1172,0.0695,0.1313,0.3843,0.3632
readmit30,8683191,64125336,0,1,0.0657,0.0465,0.067,0.4945,0.455
readmit30,8683191,64498620,1,0,0.1469,0.1137,0.1305,0.3777,0.3489
readmit30,8703396,23734188,0,1,0.2019,0.0885,0.2122,0.4755,0.4412
readmit30,8703396,24886620,1,0,0.1852,0.1775,0.2089,0.3837,0.3577
readmit30,8703396,70189866,2,0,0.1768,0.1694,0.2128,0.451,0.4057
readmit30,8812899,22037016,0,0,0.128,0.1201,0.1501,0.4661,0.436
readmit30,8812899,26523678,1,1,0.1841,0.1704,0.2079,0.3752,0.3384
readmit30,8812899,26964852,2,0,0.1934,0.1985,0.2301,0.4123,0.3981
readmit30,8812899,46403580,3,1,0.2297,0.248,0.2899,0.3323,0.3511
readmit30,8812899,46956930,4,0,0.172,0.37,0.207,0.4189,0.3874
readmit30,8812899,61042938,5,0,0.1953,0.279,0.2087,0.4547,0.4059
readmit30,8869959,32031048,0,1,0.1737,0.1399,0.1833,0.4693,0.4362
readmit30,8869959,33833070,1,0,0.2651,0.2141,0.321,0.3639,0.3454
readmit30,8880903,54342984,0,0,0.1439,0.0973,0.1617,0.4716,0.4405
readmit30,8880903,62135448,1,1,0.1414,0.1391,0.1626,0.3578,0.3325
readmit30,8880903,63706044,2,0,0.2527,0.2158,0.2781,0.4316,0.4056
readmit30,8972262,38933388,0,0,0.0971,0.069,0.0698,0.4867,0.4554
readmit30,8972262,47165820,1,1,0.1758,0.1578,0.1731,0.3154,0.3174
readmit30,8972262,48926004,2,0,0.2022,0.2708,0.2178,0.463,0.4223
readmit30,8989155,82725282,0,0,0.0969,0.0615,0.1012,0.4845,0.4515
readmit30,8989155,86047362,1,0,0.1573,0.0916,0.1736,0.3823,0.3467
readmit30,9035649,83024682,0,1,0.0855,0.036,0.098,0.5057,0.4756
readmit30,9035649,84747972,1,0,0.1166,0.1151,0.1892,0.3685,0.3534
readmit30,9076995,34933062,0,0,0.0645,0.0596,0.0781,0.4866,0.4515
readmit30,9076995,50197254,1,0,0.1575,0.1522,0.2128,0.3449,0.3314
readmit30,9083610,4672434,0,0,0.0781,0.0746,0.0708,0.4827,0.4455
readmit30,9083610,11171214,1,0,0.1267,0.0573,0.087,0.4025,0.3586
readmit30,9083610,20832132,2,0,0.2029,0.1148,0.185,0.3778,0.3667
readmit30,9083610,23901954,3,0,0.2121,0.1459,0.1966,0.3591,0.3697
readmit30,9103536,28615104,0,0,0.075,0.0778,0.0644,0.4763,0.4419
readmit30,9103536,60423636,1,1,0.1764,0.1534,0.1999,0.3341,0.3198
readmit30,9103536,61968060,2,0,0.2941,0.2876,0.4949,0.4237,0.41
readmit30,9133209,38334306,0,0,0.1108,0.118,0.1222,0.466,0.4329
readmit30,9133209,56412288,1,0,0.1522,0.1651,0.1626,0.3681,0.3368
readmit30,9215208,53383524,0,1,0.0993,0.0898,0.0821,0.4749,0.4383
readmit30,9215208,53820576,1,0,0.1257,0.2179,0.1357,0.3725,0.3491
readmit30,9215208,81089370,2,0,0.2255,0.196,0.2644,0.3918,0.3739
readmit30,9226386,74449542,0,0,0.0573,0.0431,0.0428,0.4963,0.4556
readmit30,9226386,85058562,1,0,0.1325,0.1134,0.1098,0.3554,0.3349
readmit30,9231039,32163192,0,0,0.0571,0.0706,0.0612,0.4818,0.4433
readmit30,9231039,36582714,1,0,0.1595,0.0835,0.1747,0.359,0.3332
readmit30,9231039,56461476,2,1,0.1715,0.1393,0.1625,0.385,0.3794
readmit30,9231039,58406736,3,0,0.2046,0.2753,0.2133,0.3587,0.3819
readmit30,9247878,47408520,0,0,0.0981,0.0604,0.0682,0.4846,0.4491
readmit30,9247878,63745932,1,0,0.151,0.1174,0.1462,0.3302,0.3225
readmit30,9344745,68052426,0,0,0.1,0.1015,0.1115,0.4738,0.4375
readmit30,9344745,86519382,1,1,0.1656,0.1852,0.2182,0.3573,0.33
readmit30,9344745,87864930,2,1,0.1984,0.226,0.2316,0.4368,0.4016
readmit30,9416367,38837670,0,1,0.0975,0.107,0.0993,0.4731,0.4457
readmit30,9416367,41312832,1,0,0.131,0.1603,0.0948,0.3594,0.3414
readmit30,9448812,26742000,0,0,0.055,0.04,0.0561,0.499,0.468
readmit30,9448812,40280136,1,0,0.0878,0.1243,0.0901,0.3203,0.319
readmit30,9448812,60819678,2,0,0.1416,0.1413,0.1323,0.3989,0.3797
readmit30,9455670,54119184,0,1,0.1431,0.1341,0.1932,0.4645,0.4372
readmit30,9455670,55994256,1,0,0.2484,0.2129,0.3187,0.3678,0.3453
readmit30,9455670,78746220,2,0,0.1827,0.1496,0.2126,0.4422,0.404
readmit30,9455670,85075242,3,0,0.1177,0.0895,0.1017,0.3924,0.3796
readmit30,9596799,46560462,0,0,0.0808,0.0452,0.0597,0.4887,0.4547
readmit30,9596799,64671504,1,0,0.1029,0.1087,0.0868,0.3282,0.3201
readmit30,9684189,53231454,0,0,0.0784,0.0652,0.0817,0.4811,0.4435
readmit30,9684189,123826950,1,0,0.1151,0.1038,0.1359,0.39,0.3539
readmit30,9791118,63415968,0,1,0.1459,0.1299,0.1648,0.4684,0.4375
readmit30,9791118,63641706,1,0,0.1471,0.2771,0.2155,0.3545,0.3418
readmit30,9791118,84661074,2,1,0.3639,0.2125,0.4432,0.3987,0.388
readmit30,9791118,87339330,3,0,0.2637,0.2424,0.2695,0.3762,0.3889
readmit30,9824967,43846752,0,0,0.0811,0.0598,0.0608,0.4862,0.4513
readmit30,9824967,50036238,1,0,0.1144,0.086,0.078,0.3501,0.3316
readmit30,9825822,24888792,0,0,0.0404,0.0312,0.0137,0.5179,0.4914
readmit30,9825822,42061320,1,0,0.064,0.0333,0.0209,0.4304,0.4007
readmit30,9834561,85501524,0,0,0.0654,0.052,0.0771,0.4858,0.449
readmit30,9834561,91114392,1,0,0.0896,0.0755,0.1021,0.3773,0.3495
readmit30,10023390,41998008,0,1,0.1236,0.1345,0.1386,0.464,0.434
readmit30,10023390,46598346,1,0,0.21,0.3314,0.3658,0.3598,0.3433
readmit30,10052415,102243756,0,0,0.0849,0.0556,0.1039,0.4911,0.458
readmit30,10052415,106579002,1,0,0.1089,0.0816,0.12,0.3722,0.3485
readmit30,10072764,33443574,0,0,0.0617,0.1055,0.1161,0.469,0.4376
readmit30,10072764,53738508,1,1,0.1014,0.1743,0.1881,0.3476,0.323
readmit30,10149354,35331432,0,0,0.0445,0.0379,0.028,0.4971,0.4595
readmit30,10149354,50818218,1,0,0.1154,0.084,0.077,0.3574,0.3384
readmit30,10184580,29229528,0,0,0.148,0.1654,0.1667,0.4746,0.445
readmit30,10184580,39656586,1,0,0.1312,0.1276,0.1368,0.349,0.3326
readmit30,10331820,70909920,0,1,0.0448,0.0394,0.0445,0.4971,0.4588
readmit30,10331820,72556662,1,0,0.0957,0.0978,0.0915,0.3706,0.354
readmit30,10350423,156467052,0,0,0.0744,0.0711,0.0856,0.4853,0.4487
readmit30,10350423,225799530,1,0,0.171,0.112,0.174,0.3723,0.3428
readmit30,10373607,106426590,0,1,0.0572,0.0598,0.064,0.487,0.4528
readmit30,10373607,108177840,1,0,0.1209,0.0955,0.1321,0.3903,0.3656
readmit30,10492236,23035728,0,0,0.1563,0.1427,0.1513,0.4686,0.4363
readmit30,10492236,32784540,1,1,0.2144,0.1675,0.2002,0.3587,0.3327
readmit30,10651266,109902222,0,1,0.0404,0.0291,0.0333,0.5068,0.4734
readmit30,10651266,110219856,1,0,0.0699,0.0432,0.0538,0.4166,0.3887
readmit30,10716048,27012624,0,1,0.0939,0.084,0.1016,0.4805,0.4424
readmit30,10716048,27393606,1,0,0.1999,0.1443,0.2039,0.3784,0.349
readmit30,10772127,75721872,0,1,0.2791,0.1928,0.3665,0.4743,0.452
readmit30,10772127,76074816,1,0,0.0972,0.0573,0.0485,0.4129,0.3841
readmit30,10789191,29902632,0,0,0.1464,0.1117,0.1601,0.4695,0.4353
readmit30,10789191,61950576,1,0,0.1953,0.1714,0.2366,0.3827,0.3478
readmit30,10810287,52012890,0,1,0.109,0.143,0.1629,0.4646,0.436
readmit30,10810287,53022366,1,0,0.2373,0.1935,0.2924,0.3713,0.3483
readmit30,10810287,56228436,2,0,0.2101,0.19,0.2166,0.4122,0.3862
readmit30,10810287,61520388,3,0,0.1795,0.1709,0.1682,0.3717,0.3628
readmit30,10810287,84516504,4,1,0.2128,0.167,0.233,0.4083,0.3695
readmit30,10810287,84919602,5,0,0.1453,0.1267,0.1337,0.4548,0.4218
readmit30,10886715,28042506,0,0,0.0454,0.032,0.0284,0.5018,0.4663
readmit30,10886715,56441946,1,0,0.1119,0.1331,0.1104,0.3162,0.3135
readmit30,10916118,86454090,0,0,0.0487,0.0482,0.0529,0.4884,0.4537
readmit30,10916118,103503048,1,0,0.092,0.1428,0.0923,0.3229,0.3237
readmit30,10942839,53649978,0,0,0.0911,0.0735,0.0746,0.4928,0.4592
readmit30,10942839,61860768,1,0,0.1253,0.1011,0.0762,0.3156,0.3177
readmit30,11085903,112206456,0,1,0.0458,0.0296,0.0377,0.5072,0.4722
readmit30,11085903,112361136,1,0,0.0877,0.0592,0.0688,0.3942,0.3654
readmit30,11110140,78563190,0,0,0.1245,0.1167,0.1452,0.4701,0.4356
readmit30,11110140,83103354,1,0,0.1584,0.1411,0.186,0.361,0.3315
readmit30,11172978,82012308,0,1,0.3662,0.1706,0.4249,0.4762,0.4554
readmit30,11172978,82165146,1,0,0.1218,0.1367,0.094,0.3575,0.3459
readmit30,11172978,85603632,2,1,0.1991,0.1123,0.1908,0.3976,0.391
readmit30,11172978,86234616,3,1,0.2843,0.1866,0.2612,0.3512,0.3765
readmit30,11172978,87306474,4,0,0.3395,0.2548,0.3321,0.4125,0.3876
readmit30,11182545,61367148,0,1,0.1605,0.1887,0.1971,0.4489,0.426
readmit30,11182545,75905082,1,0,0.1475,0.2925,0.2115,0.4398,0.3792
readmit30,11299797,88813218,0,0,0.0437,0.0301,0.0282,0.5083,0.4708
readmit30,11299797,92567130,1,0,0.0889,0.074,0.0714,0.3403,0.3364
readmit30,11439090,29752056,0,0,0.0764,0.0789,0.1144,0.4751,0.441
readmit30,11439090,38484756,1,1,0.1455,0.1589,0.1973,0.3528,0.3264
readmit30,11439090,40045134,2,0,0.2969,0.2659,0.438,0.4284,0.4088
readmit30,11439090,57716640,3,1,0.24,0.2642,0.2991,0.366,0.3721
readmit30,11439090,58625826,4,0,0.2132,0.3524,0.225,0.4231,0.3847
readmit30,11537919,68085612,0,0,0.0679,0.0696,0.0852,0.4775,0.439
readmit30,11537919,75600438,1,1,0.349,0.2189,0.4113,0.3355,0.3261
readmit30,11537919,76480794,2,0,0.524,0.3244,0.8158,0.4218,0.4056
readmit30,11543022,85860792,0,0,0.0499,0.034,0.044,0.5035,0.4666
readmit30,11543022,89519766,1,0,0.1102,0.0746,0.124,0.342,0.3339
readmit30,11609586,108934848,0,0,0.0934,0.036,0.0891,0.5017,0.465
readmit30,11609586,112970802,1,0,0.1041,0.0546,0.0954,0.3637,0.3473
readmit30,11614176,110821698,0,1,0.1074,0.0827,0.1369,0.4801,0.4464
readmit30,11614176,111416742,1,0,0.1239,0.1427,0.1268,0.3937,0.3616
readmit30,11794212,98293170,0,1,0.0575,0.069,0.0816,0.4758,0.4394
readmit30,11794212,99322800,1,0,0.1206,0.1387,0.1764,0.3977,0.3584
readmit30,11946240,14653584,0,0,0.0436,0.0364,0.0409,0.4999,0.4641
readmit30,11946240,17381334,1,1,0.0991,0.1252,0.1055,0.3315,0.3276
readmit30,11946240,17719356,2,1,0.1246,0.2289,0.1145,0.4394,0.4103
readmit30,11946240,18846750,3,0,0.193,0.2844,0.1959,0.4105,0.4073
readmit30,11958903,19890894,0,0,0.3,0.1541,0.3378,0.4618,0.4329
readmit30,11958903,33889218,1,0,0.1735,0.1827,0.2199,0.3555,0.3322
readmit30,11974338,9329586,0,0,0.0358,0.0404,0.0365,0.4923,0.4539
readmit30,11974338,89513472,1,0,0.133,0.0508,0.1283,0.4252,0.3822
readmit30,12203910,97979388,0,0,0.0565,0.0415,0.0559,0.4964,0.4585
readmit30,12203910,102222168,1,0,0.0756,0.0505,0.051,0.3872,0.3514
readmit30,12395151,86384460,0,0,0.0474,0.0359,0.0481,0.4992,0.4643
readmit30,12395151,98373378,1,0,0.1203,0.1001,0.153,0.3525,0.3339
readmit30,12395151,102387738,2,0,0.1343,0.1184,0.1536,0.421,0.3934
readmit30,12529116,94200900,0,0,0.1826,0.1723,0.2277,0.4484,0.4275
readmit30,12529116,97987902,1,0,0.1384,0.2158,0.1457,0.3451,0.3201
readmit30,12560472,41018946,0,1,0.0895,0.0569,0.0873,0.4873,0.4509
readmit30,12560472,42043152,1,0,0.164,0.1381,0.1826,0.3739,0.3493
readmit30,12560472,72807096,2,0,0.1515,0.1482,0.2269,0.4804,0.4277
readmit30,12683916,29849364,0,0,0.0865,0.0583,0.086,0.4874,0.4483
readmit30,12683916,36976296,1,0,0.1328,0.1077,0.1277,0.3474,0.332
readmit30,12683916,56745798,2,0,0.1261,0.1532,0.1223,0.3869,0.377
readmit30,12698262,85710414,0,0,0.0444,0.0326,0.0398,0.5005,0.4601
readmit30,12698262,92122578,1,0,0.0739,0.0466,0.0598,0.3974,0.3716
readmit30,12858876,107965590,0,1,0.1259,0.1482,0.1789,0.4657,0.439
readmit30,12858876,108513636,1,0,0.1266,0.0967,0.1502,0.4391,0.3827
readmit30,13043106,37772448,0,0,0.2039,0.2323,0.3005,0.4532,0.4322
readmit30,13043106,41098458,1,0,0.1441,0.1631,0.1296,0.3995,0.3518
readmit30,13093560,93978396,0,0,0.0631,0.0385,0.0624,0.5045,0.4728
readmit30,13093560,98998698,1,0,0.096,0.0697,0.0821,0.3716,0.3465
readmit30,13111425,84784986,0,0,0.0718,0.0478,0.084,0.4912,0.4534
readmit30,13111425,88213752,1,0,0.0764,0.0489,0.059,0.3902,0.3537
readmit30,13111425,91017990,2,0,0.1283,0.1175,0.1371,0.3658,0.3682
readmit30,13128345,36239004,0,1,0.0961,0.0673,0.0921,0.4827,0.4459
readmit30,13128345,37915692,1,0,0.1599,0.1316,0.138,0.3754,0.3498
readmit30,13128345,47979234,2,0,0.1651,0.1304,0.1322,0.4211,0.3938
readmit30,13133430,83504208,0,0,0.1009,0.0613,0.1282,0.4841,0.4497
readmit30,13133430,91018728,1,0,0.0679,0.1005,0.0795,0.3672,0.3332
readmit30,13152114,25269228,0,0,0.0517,0.038,0.0497,0.4979,0.4644
readmit30,13152114,110769138,1,1,0.1463,0.0369,0.0845,0.4019,0.3678
readmit30,13152114,137428896,2,0,0.1479,0.0909,0.126,0.4376,0.4172
readmit30,13280211,91898748,0,0,0.046,0.0302,0.0315,0.5085,0.4731
readmit30,13280211,107732856,1,0,0.0777,0.0468,0.0486,0.3917,0.3602
readmit30,13470561,88725498,0,0,0.0969,0.0925,0.1376,0.4734,0.4405
readmit30,13470561,104256924,1,0,0.1157,0.1022,0.1714,0.3738,0.3395
readmit30,13486356,51739350,0,1,0.1643,0.1701,0.2991,0.4638,0.4304
readmit30,13486356,52078146,1,1,0.1314,0.1989,0.2434,0.3849,0.3531
readmit30,13486356,53728980,2,1,0.2742,0.3078,0.4789,0.4351,0.4078
readmit30,13486356,54871170,3,0,0.3212,0.4175,0.5646,0.4008,0.3995
readmit30,13486356,62100912,4,1,0.3008,0.3174,0.5029,0.4023,0.3629
readmit30,13486356,63609060,5,1,0.3628,0.4286,0.6317,0.4771,0.4349
readmit30,13486356,64095192,6,0,0.4256,0.4872,0.6148,0.4427,0.3973
readmit30,13592745,44702034,0,1,0.1322,0.0804,0.1187,0.4848,0.452
readmit30,13592745,45046686,1,1,0.1246,0.1883,0.1696,0.3398,0.3366
readmit30,13592745,45782328,2,1,0.2416,0.1895,0.2315,0.4268,0.4072
readmit30,13592745,46432656,3,0,0.2939,0.3453,0.3961,0.3879,0.4004
readmit30,13592745,69287214,4,0,0.2773,0.1967,0.2406,0.4182,0.3621
readmit30,13605390,58100232,0,0,0.1168,0.1278,0.1331,0.4714,0.4395
readmit30,13605390,65307618,1,0,0.1769,0.1717,0.2098,0.332,0.32
readmit30,13669767,25080720,0,0,0.1544,0.1328,0.149,0.4657,0.4344
readmit30,13669767,29168538,1,0,0.1096,0.0997,0.1182,0.3634,0.3353
readmit30,13686867,84071742,0,1,0.1633,0.1129,0.2368,0.4664,0.4357
readmit30,13686867,85241808,1,0,0.1936,0.1895,0.2931,0.3782,0.3495
readmit30,13918554,14610636,0,1,0.1992,0.1561,0.2095,0.4654,0.436
readmit30,13918554,37358676,1,0,0.1493,0.0982,0.1302,0.3884,0.3566
readmit30,13918554,49261548,2,0,0.127,0.1152,0.1286,0.4375,0.3957
readmit30,13918554,74060106,3,0,0.1771,0.1237,0.1844,0.3702,0.376
readmit30,14189319,86953998,0,1,0.1264,0.1199,0.1705,0.4715,0.4362
readmit30,14189319,87767916,1,1,0.1778,0.2524,0.2256,0.4127,0.3616
readmit30,14189319,88138602,2,0,0.3185,0.3542,0.5548,0.4469,0.4137
readmit30,14364063,31419150,0,1,0.1142,0.0791,0.1387,0.4743,0.4397
readmit30,14364063,33457770,1,0,0.1643,0.1757,0.2713,0.393,0.359
readmit30,14515371,5266116,0,0,0.1645,0.2582,0.1722,0.4438,0.4274
readmit30,14515371,34559748,1,1,0.175,0.3558,0.2749,0.4227,0.3646
readmit30,14515371,35005608,2,0,0.2132,0.3143,0.387,0.4566,0.4103
readmit30,14515371,80030580,3,0,0.1994,0.2648,0.2506,0.3725,0.3736
readmit30,14664402,21775626,0,0,0.1141,0.0826,0.1388,0.4756,0.4409
readmit30,14664402,27954420,1,0,0.2075,0.192,0.285,0.3369,0.3211
readmit30,14664402,39382338,2,0,0.1953,0.2171,0.2917,0.3742,0.372
readmit30,14664402,48750834,3,0,0.2514,0.2777,0.3342,0.3408,0.3615
readmit30,14760162,28042824,0,0,0.1082,0.0857,0.114,0.475,0.4414
readmit30,14760162,84931746,1,1,0.2376,0.1736,0.2395,0.3734,0.3423
readmit30,14760162,85865004,2,1,0.1451,0.1696,0.17,0.417,0.3962
readmit30,14760162,88038438,3,1,0.2504,0.2055,0.338,0.3938,0.3971
readmit30,14760162,88984284,4,1,0.2338,0.2165,0.2228,0.4259,0.3857
readmit30,14760162,89956194,5,0,0.2796,0.2871,0.2623,0.442,0.4154
readmit30,14780889,36060306,0,1,0.1385,0.101,0.154,0.4711,0.4379
readmit30,14780889,36717270,1,0,0.2004,0.1344,0.2083,0.4088,0.3704
readmit30,14780889,65415816,2,1,0.241,0.1575,0.2025,0.3835,0.3681
readmit30,14780889,67064400,3,0,0.2622,0.2463,0.2563,0.4125,0.4023
readmit30,14780889,75368628,4,0,0.2111,0.1644,0.2158,0.406,0.3619
readmit30,14780889,86210868,5,1,0.3962,0.3203,0.5034,0.3696,0.3735
readmit30,14780889,86850498,6,0,0.1955,0.3655,0.2562,0.4449,0.4092
readmit30,15223878,19748106,0,1,0.0961,0.0873,0.1155,0.4763,0.4424
readmit30,15223878,20617194,1,0,0.1247,0.0825,0.1451,0.4219,0.3738
readmit30,15223878,29147814,2,0,0.1406,0.1013,0.1314,0.4056,0.3804
readmit30,15223878,50354880,3,0,0.1669,0.1399,0.1623,0.3437,0.3627
readmit30,15378678,25540692,0,0,0.1666,0.068,0.1428,0.4848,0.45
readmit30,15378678,31548354,1,0,0.1182,0.0958,0.1046,0.3584,0.3375
readmit30,15435828,63657720,0,0,0.1622,0.185,0.3578,0.4589,0.4319
readmit30,15435828,67425450,1,1,0.211,0.1998,0.2904,0.3603,0.3307
readmit30,15435828,68118504,2,0,0.2161,0.3504,0.2943,0.4237,0.4014
readmit30,15447132,22333986,0,0,0.0758,0.0525,0.0842,0.4875,0.4494
readmit30,15447132,71600262,1,0,0.0934,0.0674,0.0846,0.4135,0.3725
readmit30,15525891,74130684,0,0,0.118,0.07,0.1302,0.4859,0.4485
readmit30,15525891,78389856,1,0,0.1728,0.1069,0.1626,0.3566,0.3342
readmit30,15558840,22037874,0,0,0.0636,0.0323,0.0357,0.5161,0.4892
readmit30,15558840,38256594,1,0,0.1693,0.0922,0.1071,0.3397,0.3259
readmit30,15730164,30297222,0,0,0.2525,0.2366,0.3219,0.456,0.4309
readmit30,15730164,39042210,1,0,0.1367,0.1587,0.1604,0.3615,0.3317
readmit30,15853950,87009552,0,0,0.0973,0.0866,0.1097,0.4842,0.4527
readmit30,15853950,89871906,1,0,0.0878,0.0632,0.0672,0.4,0.3711
readmit30,15974154,49087650,0,0,0.0695,0.0758,0.0514,0.49,0.4545
readmit30,15974154,52137438,1,0,0.1684,0.1361,0.1413,0.3064,0.3068
readmit30,16008777,91704780,0,0,0.049,0.0323,0.0491,0.5163,0.4887
readmit30,16008777,97937160,1,0,0.0915,0.0392,0.0561,0.4011,0.383
readmit30,16227387,87737850,0,0,0.0716,0.0744,0.0901,0.4828,0.4458
readmit30,16227387,93464964,1,0,0.1121,0.1055,0.1301,0.3629,0.3341
readmit30,16230114,25860630,0,0,0.1447,0.1565,0.1844,0.4618,0.4319
readmit30,16230114,30558432,1,0,0.1169,0.1326,0.132,0.3681,0.3362
readmit30,16230114,50098026,2,0,0.0933,0.1492,0.0627,0.4423,0.3993
readmit30,16267221,50933088,0,0,0.1418,0.1944,0.1953,0.4624,0.4326
readmit30,16267221,61846788,1,1,0.1707,0.1579,0.1814,0.3425,0.3213
readmit30,16267221,63761118,2,1,0.2625,0.2744,0.3223,0.456,0.4175
readmit30,16267221,65418348,3,0,0.3115,0.3167,0.3587,0.3754,0.3864
readmit30,16267221,77268072,4,0,0.2594,0.2465,0.2834,0.4063,0.3693
readmit30,16294725,61907100,0,0,0.0705,0.0447,0.0616,0.489,0.4576
readmit30,16294725,88508370,1,0,0.1069,0.0391,0.0786,0.398,0.3764
readmit30,16313625,61749426,0,0,0.1173,0.122,0.1192,0.4647,0.4312
readmit30,16313625,74514882,1,0,0.1337,0.0963,0.1064,0.3604,0.3361
readmit30,16317198,48126936,0,0,0.1094,0.073,0.1115,0.4909,0.456
readmit30,16317198,69852936,1,0,0.1221,0.0684,0.0796,0.3631,0.3424
readmit30,16458822,26742708,0,0,0.1391,0.1591,0.1371,0.4704,0.4394
readmit30,16458822,53932410,1,0,0.1727,0.1184,0.1785,0.3677,0.3476
readmit30,16472790,28617318,0,0,0.1918,0.1664,0.2037,0.4588,0.4312
readmit30,16472790,46844658,1,0,0.1651,0.1674,0.1747,0.3689,0.3391
readmit30,16490682,89193642,0,0,0.2684,0.1596,0.3626,0.4701,0.4421
readmit30,16490682,111390678,1,0,0.073,0.0485,0.0651,0.4407,0.3902
readmit30,16516467,22051944,0,1,0.1197,0.099,0.1403,0.4737,0.4408
readmit30,16516467,22544952,1,1,0.1497,0.1618,0.1718,0.365,0.3492
readmit30,16516467,25184604,2,0,0.1839,0.1852,0.1926,0.4437,0.4109
readmit30,16516467,28470948,3,0,0.2121,0.2052,0.2495,0.3603,0.3643
readmit30,16516467,34816860,4,0,0.3075,0.196,0.3466,0.3889,0.3581
readmit30,16516467,42366402,5,0,0.3138,0.2425,0.3017,0.4048,0.381
readmit30,16516467,77206278,6,1,0.1717,0.1657,0.1937,0.483,0.4194
readmit30,16516467,78529524,7,1,0.195,0.1627,0.1701,0.4129,0.3885
readmit30,16516467,79009506,8,0,0.2457,0.2129,0.2387,0.4667,0.4126
readmit30,16544241,26473410,0,0,0.0454,0.0362,0.0409,0.4972,0.4583
readmit30,16544241,55716414,1,0,0.0745,0.0805,0.0633,0.3504,0.3403
readmit30,16544241,73507626,2,0,0.1569,0.1056,0.1765,0.4011,0.3831
readmit30,16606017,22075986,0,0,0.0732,0.048,0.0665,0.4885,0.4492
readmit30,16606017,28144290,1,0,0.1137,0.1437,0.108,0.3509,0.3329
readmit30,16697187,91783026,0,0,0.0563,0.0329,0.0439,0.5079,0.4768
readmit30,16697187,92186628,1,0,0.1974,0.1632,0.2143,0.4522,0.3925
readmit30,16700526,94171404,0,1,0.1038,0.1428,0.1698,0.4657,0.4356
readmit30,16700526,95340870,1,0,0.1416,0.2227,0.1798,0.4064,0.3652
readmit30,16759368,27897312,0,0,0.2058,0.1606,0.2459,0.4655,0.4378
readmit30,16759368,40077492,1,0,0.2095,0.175,0.243,0.331,0.32
readmit30,16837974,91757982,0,0,0.046,0.038,0.041,0.5005,0.4654
readmit30,16837974,100627188,1,0,0.1001,0.1067,0.1183,0.3253,0.3236
readmit30,16862724,96628170,0,0,0.0854,0.1225,0.1496,0.4619,0.4367
readmit30,16862724,102587142,1,0,0.1519,0.1525,0.3156,0.3378,0.3219
readmit30,16862724,108040596,2,1,0.1859,0.1606,0.2628,0.4063,0.3791
readmit30,16862724,108824634,3,0,0.1922,0.2657,0.2347,0.3822,0.393
readmit30,17018172,73206108,0,0,0.0557,0.0562,0.0605,0.4827,0.4459
readmit30,17018172,79228212,1,0,0.1928,0.1466,0.2128,0.324,0.3219
readmit30,17095032,33428058,0,0,0.0503,0.0438,0.051,0.4961,0.464
readmit30,17095032,38243496,1,0,0.0973,0.0754,0.0461,0.354,0.333
readmit30,17097309,63899574,0,1,0.0898,0.0841,0.0833,0.4836,0.4489
readmit30,17097309,65367876,1,0,0.1257,0.108,0.0871,0.3725,0.3473
readmit30,17207532,94798014,0,1,0.1588,0.1751,0.2159,0.4726,0.4476
readmit30,17207532,95150856,1,1,0.085,0.0748,0.1133,0.4268,0.3853
readmit30,17207532,96790314,2,1,0.1615,0.1404,0.2158,0.4544,0.4217
readmit30,17207532,97286310,3,0,0.2596,0.1683,0.3007,0.4249,0.4265
readmit30,17241183,94443414,0,0,0.0463,0.0336,0.0531,0.506,0.4747
readmit30,17241183,101585388,1,0,0.0862,0.0605,0.0944,0.3915,0.3616
readmit30,17243199,33981006,0,0,0.0459,0.0339,0.0339,0.5019,0.4623
readmit30,17243199,47417358,1,0,0.0774,0.0476,0.0491,0.3982,0.3695
readmit30,17333721,32707026,0,0,0.0473,0.0548,0.0513,0.4881,0.4511
readmit30,17333721,36598266,1,0,0.12,0.1596,0.1151,0.334,0.3215
readmit30,17375076,35140518,0,1,0.056,0.0423,0.041,0.4934,0.4548
readmit30,17375076,37603098,1,0,0.1538,0.1328,0.1434,0.3719,0.3518
readmit30,17380692,25870368,0,0,0.048,0.0329,0.0401,0.5049,0.4682
readmit30,17380692,31866900,1,0,0.1394,0.0744,0.1237,0.3657,0.3417
readmit30,17592462,57715560,0,0,0.1203,0.2336,0.2099,0.4507,0.4287
readmit30,17592462,63068604,1,0,0.2344,0.2267,0.3496,0.3666,0.3318
readmit30,17592462,84372126,2,0,0.2246,0.1684,0.2608,0.4151,0.3794
readmit30,17665578,28889580,0,0,0.0805,0.0723,0.0926,0.4757,0.4401
readmit30,17665578,34980786,1,1,0.1176,0.1143,0.1586,0.3692,0.3436
readmit30,17665578,37735026,2,0,0.1584,0.2338,0.1995,0.4365,0.4132
readmit30,17665578,67078290,3,0,0.2511,0.1681,0.2722,0.3736,0.3704
readmit30,17866323,103128060,0,0,0.0647,0.0366,0.0639,0.4985,0.4634
readmit30,17866323,109978038,1,0,0.1085,0.0586,0.0978,0.3725,0.3508
readmit30,17924301,98493774,0,1,0.0469,0.0278,0.0241,0.5123,0.4808
readmit30,17924301,99108426,1,0,0.0882,0.042,0.0519,0.4123,0.3866
readmit30,18030258,42147054,0,1,0.123,0.1764,0.1862,0.4714,0.4486
readmit30,18030258,44376318,1,0,0.1547,0.0883,0.1052,0.3789,0.3522
readmit30,18030258,70000494,2,0,0.1029,0.0795,0.0757,0.4457,0.4175
readmit30,18037134,36357396,0,0,0.045,0.0419,0.0514,0.4942,0.46
readmit30,18037134,65863446,1,0,0.0788,0.066,0.0728,0.3761,0.345
readmit30,18064845,25149186,0,0,0.0712,0.0457,0.054,0.4937,0.4565
readmit30,18064845,87857226,1,0,0.1066,0.064,0.0886,0.3946,0.3637
readmit30,18099693,24971718,0,1,0.0832,0.078,0.0823,0.4725,0.4383
readmit30,18099693,27576150,1,0,0.2068,0.2673,0.4007,0.3769,0.3583
readmit30,18099693,53570550,2,0,0.2412,0.2607,0.2678,0.4178,0.3793
readmit30,18099693,70601310,3,1,0.1438,0.2087,0.2033,0.4006,0.3826
readmit30,18099693,72678450,4,1,0.3233,0.2628,0.3552,0.4156,0.3797
readmit30,18099693,73730412,5,0,0.2796,0.4433,0.327,0.4611,0.4209
readmit30,18111078,37281984,0,0,0.0656,0.0615,0.0737,0.4846,0.4477
readmit30,18111078,53649402,1,1,0.1535,0.1069,0.169,0.3751,0.3443
readmit30,18111078,55417488,2,1,0.2589,0.1618,0.2342,0.4434,0.4103
readmit30,18111078,57107808,3,0,0.2675,0.195,0.285,0.3943,0.3919
readmit30,18114201,101693130,0,0,0.0368,0.0305,0.0246,0.5098,0.4745
readmit30,18114201,104305104,1,0,0.0608,0.0359,0.0309,0.3982,0.3725
readmit30,18142569,25593810,0,0,0.178,0.0938,0.1934,0.4772,0.4428
readmit30,18142569,35013966,1,0,0.0852,0.075,0.0991,0.3665,0.3473
readmit30,18172098,26841144,0,1,0.0612,0.0393,0.0505,0.4938,0.4637
readmit30,18172098,27777342,1,0,0.127,0.0888,0.097,0.3731,0.3545
readmit30,18223407,27604860,0,1,0.1708,0.1094,0.1371,0.4808,0.4478
readmit30,18223407,28139178,1,0,0.1155,0.0742,0.086,0.4007,0.371
readmit30,18238878,31867662,0,1,0.1124,0.0779,0.1179,0.4832,0.4467
readmit30,18238878,34170456,1,0,0.107,0.0671,0.0882,0.4061,0.3805
readmit30,18251865,40730382,0,0,0.0436,0.0371,0.0351,0.4995,0.4624
readmit30,18251865,82029858,1,0,0.0506,0.043,0.0273,0.4045,0.3758
readmit30,18286812,41422086,0,0,0.1634,0.1451,0.1813,0.4682,0.4355
readmit30,18286812,44936016,1,0,0.139,0.1351,0.1365,0.3756,0.3433
readmit30,18304299,28086858,0,0,0.0797,0.058,0.0532,0.488,0.4544
readmit30,18304299,34546134,1,0,0.1024,0.1236,0.0689,0.3419,0.3253
readmit30,18326295,31969836,0,1,0.1596,0.0991,0.1629,0.471,0.4377
readmit30,18326295,32723076,1,0,0.1523,0.1589,0.1867,0.3778,0.3515
readmit30,18328716,29176368,0,0,0.1302,0.1143,0.1405,0.4736,0.444
readmit30,18328716,36370146,1,0,0.1636,0.1214,0.1427,0.3454,0.3286
readmit30,18371151,102261510,0,0,0.0611,0.0518,0.0755,0.4849,0.4513
readmit30,18371151,105260910,1,0,0.1078,0.0816,0.113,0.3904,0.3581
readmit30,18447399,30986136,0,0,0.1072,0.0512,0.0793,0.4971,0.4679
readmit30,18447399,46074450,1,0,0.1109,0.0889,0.0604,0.3312,0.3238
readmit30,18539523,32769210,0,1,0.1077,0.0918,0.1193,0.4756,0.4405
readmit30,18539523,33986550,1,0,0.1238,0.1024,0.1045,0.4072,0.3664
readmit30,18621360,51709212,0,0,0.1875,0.0969,0.1977,0.4723,0.4426
readmit30,18621360,62061522,1,0,0.132,0.1214,0.1098,0.3725,0.3398
readmit30,18621360,68778222,2,1,0.1577,0.1606,0.1388,0.3635,0.3595
readmit30,18621360,70121304,3,0,0.2525,0.2736,0.2869,0.382,0.3974
readmit30,18639378,104327478,0,1,0.1196,0.1229,0.155,0.4743,0.4424
readmit30,18639378,104664930,1,0,0.0861,0.1037,0.1049,0.4018,0.3623
readmit30,18661347,34657596,0,1,0.1475,0.2459,0.1949,0.457,0.4369
readmit30,18661347,35940810,1,0,0.1372,0.0993,0.1389,0.4226,0.3713
readmit30,18661347,51482544,2,0,0.1275,0.1385,0.1362,0.3798,0.3763
readmit30,18679941,104701008,0,0,0.048,0.0325,0.0453,0.5085,0.478
readmit30,18679941,107222448,1,0,0.0996,0.0438,0.0937,0.4093,0.3809
readmit30,18750564,51077550,0,0,0.0886,0.053,0.1107,0.4886,0.4581
readmit30,18750564,78643242,1,0,0.1755,0.1094,0.245,0.3493,0.3299
readmit30,18766737,58402524,0,0,0.0799,0.0681,0.0931,0.4822,0.4477
readmit30,18766737,61489974,1,0,0.0979,0.0805,0.0995,0.3871,0.3582
readmit30,18794709,36867276,0,1,0.0977,0.0429,0.0676,0.4974,0.458
readmit30,18794709,38169996,1,0,0.1248,0.1038,0.0738,0.3607,0.3466
readmit30,18862416,106541412,0,1,0.1023,0.0428,0.1086,0.4947,0.4604
readmit30,18862416,108423942,1,0,0.1146,0.057,0.09,0.4353,0.3936
readmit30,18875952,107711268,0,0,0.0508,0.0406,0.0541,0.5009,0.4626
readmit30,18875952,112281738,1,0,0.0678,0.0453,0.0537,0.3795,0.3507
readmit30,18912870,54230898,0,0,0.1095,0.0687,0.123,0.4792,0.4435
readmit30,18912870,66089064,1,1,0.1435,0.1153,0.1348,0.3849,0.3432
readmit30,18912870,66663138,2,0,0.2164,0.1943,0.2188,0.4418,0.4131
readmit30,18922167,38069736,0,0,0.05,0.0528,0.0267,0.487,0.453
readmit30,18922167,64089180,1,0,0.1023,0.1117,0.0869,0.3426,0.3303
readmit30,18937323,64529040,0,0,0.064,0.0462,0.0635,0.489,0.4544
readmit30,18937323,81364482,1,0,0.0971,0.0997,0.1002,0.3505,0.3323
readmit30,18949023,57377784,0,0,0.0747,0.0406,0.0636,0.4934,0.4565
readmit30,18949023,86500518,1,0,0.1653,0.1071,0.1393,0.3851,0.3529
readmit30,18966942,39765204,0,1,0.0841,0.0586,0.0716,0.4864,0.455
readmit30,18966942,40870260,1,0,0.1159,0.1313,0.0873,0.3773,0.3475
readmit30,18969354,54688278,0,0,0.0635,0.0448,0.0579,0.4901,0.4515
readmit30,18969354,60676656,1,0,0.0974,0.0797,0.0723,0.3757,0.3538
readmit30,19017621,39094752,0,0,0.0922,0.1204,0.0936,0.4751,0.4439
readmit30,19017621,42449046,1,0,0.1112,0.1444,0.136,0.3095,0.3152
readmit30,19030626,108289626,0,1,0.0594,0.0463,0.0692,0.4951,0.4604
readmit30,19030626,109269198,1,0,0.1096,0.0583,0.1179,0.4477,0.4042
readmit30,19042020,39629520,0,1,0.1106,0.1753,0.1377,0.4609,0.4336
readmit30,19042020,40794492,1,0,0.211,0.2038,0.2584,0.384,0.3505
readmit30,19042020,77567484,2,0,0.2006,0.0945,0.2501,0.4864,0.4189
readmit30,19160046,58333158,0,1,0.2,0.0702,0.1824,0.4858,0.449
readmit30,19160046,60450366,1,0,0.2512,0.1842,0.2273,0.3366,0.3302
readmit30,19160046,71464320,2,0,0.1777,0.1692,0.1764,0.4208,0.3974
readmit30,19181988,48009318,0,1,0.0938,0.1005,0.1132,0.4767,0.444
readmit30,19181988,48154068,1,0,0.1875,0.1675,0.1805,0.3487,0.3391
readmit30,19188630,74000760,0,1,0.0423,0.0318,0.0254,0.5114,0.4787
readmit30,19188630,75203076,1,0,0.0692,0.0569,0.0473,0.3964,0.379
readmit30,19197999,41681310,0,0,0.0694,0.0641,0.0705,0.4916,0.4626
readmit30,19197999,46625610,1,0,0.1266,0.1501,0.1423,0.334,0.3305
readmit30,19203822,41422818,0,0,0.153,0.1443,0.1911,0.4693,0.4357
readmit30,19203822,52139130,1,0,0.1775,0.1953,0.2387,0.3342,0.3218
readmit30,19237428,42248130,0,0,0.1059,0.0711,0.0855,0.4816,0.4524
readmit30,19237428,45676566,1,0,0.1711,0.1268,0.1888,0.3467,0.3325
readmit30,19291968,63181908,0,1,0.052,0.0448,0.0592,0.4909,0.4548
readmit30,19291968,64535592,1,0,0.0757,0.0778,0.0833,0.4175,0.3858
readmit30,19308456,76442790,0,0,0.0814,0.0867,0.0894,0.477,0.4397
readmit30,19308456,83500638,1,0,0.1247,0.1319,0.1367,0.3649,0.3356
readmit30,19330434,61208382,0,1,0.0448,0.034,0.0418,0.5071,0.4745
readmit30,19330434,62625540,1,0,0.0892,0.092,0.0762,0.3689,0.3499
readmit30,19389843,44992428,0,0,0.1041,0.1175,0.1311,0.4729,0.4439
readmit30,19389843,53090850,1,0,0.1104,0.1236,0.0945,0.3652,0.3391
readmit30,19389843,61448940,2,0,0.1956,0.216,0.2211,0.3765,0.368
readmit30,19487934,45985458,0,0,0.0926,0.1342,0.0792,0.4725,0.444
readmit30,19487934,57620802,1,0,0.1072,0.075,0.0705,0.3843,0.3477
readmit30,19535517,46369818,0,0,0.1368,0.0622,0.1052,0.4913,0.4548
readmit30,19535517,57247236,1,1,0.1677,0.1339,0.2053,0.3417,0.3226
readmit30,19535517,59009928,2,0,0.1872,0.2371,0.2087,0.4715,0.4263
readmit30,19582479,68418252,0,0,0.0664,0.0639,0.0691,0.4831,0.4474
readmit30,19582479,73179066,1,0,0.2096,0.1324,0.1939,0.3406,0.3219
readmit30,19620414,82592442,0,1,0.0436,0.0397,0.0432,0.4947,0.462
readmit30,19620414,84707148,1,0,0.1176,0.1102,0.1478,0.3952,0.3688
readmit30,19658358,48151392,0,0,0.1755,0.1037,0.1856,0.4722,0.4374
readmit30,19658358,61021086,1,0,0.2603,0.1603,0.2942,0.3414,0.3338
readmit30,19683837,62043144,0,0,0.1002,0.0869,0.1136,0.4814,0.4439
readmit30,19683837,225735438,1,1,0.131,0.1289,0.1597,0.4115,0.3625
readmit30,19693035,49698258,0,0,0.0918,0.1093,0.0882,0.477,0.4428
readmit30,19693035,86030496,1,0,0.1174,0.0434,0.0668,0.4055,0.3718
readmit30,19696329,51618774,0,0,0.0604,0.0796,0.0352,0.4889,0.4612
readmit30,19696329,56689944,1,0,0.1449,0.1422,0.0908,0.2842,0.3036
readmit30,19696329,87422988,2,0,0.0869,0.0815,0.0774,0.5123,0.4513
readmit30,19704186,53088498,0,0,0.1919,0.175,0.2261,0.4601,0.4358
readmit30,19704186,81743736,1,1,0.1386,0.2031,0.1633,0.3443,0.3308
readmit30,19813545,53761290,0,0,0.1053,0.0835,0.1073,0.4806,0.4488
readmit30,19813545,61592130,1,0,0.1463,0.1367,0.1926,0.3461,0.3316
readmit30,19829754,52139178,0,0,0.0967,0.1647,0.1335,0.4651,0.4343
readmit30,19829754,70717440,1,0,0.1012,0.1343,0.1492,0.3858,0.3429
readmit30,19848159,53871702,0,1,0.1035,0.1288,0.1192,0.4699,0.438
readmit30,19848159,55003164,1,0,0.1527,0.1747,0.1612,0.3684,0.3463
readmit30,19910097,78728706,0,0,0.0497,0.0471,0.0499,0.4946,0.4558
readmit30,19910097,83480076,1,0,0.0962,0.0746,0.081,0.3762,0.3489
readmit30,19962774,72741912,0,0,0.1047,0.1942,0.1477,0.4503,0.4254
readmit30,19962774,81017346,1,0,0.171,0.2004,0.1878,0.4015,0.3472
readmit30,20040534,56342610,0,0,0.0939,0.1021,0.1031,0.4683,0.439
readmit30,20040534,60065526,1,0,0.1666,0.1628,0.22,0.3328,0.3188
readmit30,20042865,67702374,0,1,0.0463,0.0462,0.0409,0.491,0.4537
readmit30,20042865,68114622,1,0,0.1497,0.0936,0.1331,0.3867,0.3592
readmit30,20141199,61884306,0,0,0.0764,0.1207,0.0584,0.4765,0.4453
readmit30,20141199,84782208,1,0,0.1147,0.0723,0.0688,0.3587,0.3318
readmit30,20185920,59639418,0,0,0.0708,0.0466,0.0339,0.4913,0.4566
readmit30,20185920,66110628,1,0,0.0895,0.0542,0.0617,0.3662,0.351
readmit30,20207034,62083146,0,1,0.0918,0.097,0.0978,0.4792,0.4474
readmit30,20207034,67093488,1,0,0.2422,0.1665,0.2098,0.3731,0.36
readmit30,20263797,61232340,0,1,0.1569,0.1285,0.1832,0.4653,0.4347
readmit30,20263797,61569480,1,0,0.162,0.1961,0.2144,0.3812,0.3498
readmit30,20284983,61345464,0,0,0.1116,0.1357,0.1494,0.4653,0.4354
readmit30,20284983,78756102,1,0,0.1526,0.0542,0.0987,0.4074,0.3662
readmit30,20327886,62969952,0,0,0.1026,0.1853,0.1257,0.4604,0.4344
readmit30,20327886,69179076,1,1,0.1263,0.1408,0.2171,0.3669,0.3389
readmit30,20327886,69666582,2,1,0.2969,0.2941,0.3591,0.4347,0.4138
readmit30,20327886,69881862,3,0,0.2229,0.2015,0.1918,0.3892,0.3922
readmit30,20328678,62991174,0,1,0.1153,0.1703,0.14,0.4654,0.4375
readmit30,20328678,63284496,1,0,0.0861,0.1844,0.1109,0.3712,0.3468
readmit30,20363427,69576384,0,1,0.1334,0.0935,0.1407,0.4797,0.4463
readmit30,20363427,70633404,1,0,0.1458,0.1121,0.1122,0.3569,0.3451
readmit30,20368107,70784232,0,1,0.0792,0.0704,0.0865,0.4816,0.444
readmit30,20368107,70965306,1,0,0.1503,0.1565,0.1696,0.3892,0.3541
readmit30,20461023,65157300,0,1,0.1014,0.1045,0.098,0.4804,0.4449
readmit30,20461023,65577834,1,0,0.1009,0.1793,0.0945,0.3378,0.3343
readmit30,20468151,65260488,0,1,0.0977,0.1262,0.1178,0.4663,0.4351
readmit30,20468151,67334052,1,0,0.1183,0.1618,0.1149,0.4062,0.3655
readmit30,20486322,68266800,0,0,0.0726,0.0551,0.0762,0.4852,0.4484
readmit30,20486322,71957148,1,0,0.1235,0.0577,0.1025,0.4075,0.3607
readmit30,20719170,70493328,0,1,0.1701,0.1154,0.1731,0.4719,0.4392
readmit30,20719170,72089772,1,0,0.1717,0.1619,0.1408,0.383,0.352
readmit30,20721366,72933264,0,1,0.0859,0.0745,0.1053,0.4801,0.4486
readmit30,20721366,74336556,1,1,0.1351,0.1229,0.1454,0.3848,0.3558
readmit30,20721366,76736562,2,0,0.2464,0.1885,0.2969,0.452,0.4208
readmit30,20721366,84515580,3,0,0.2556,0.1887,0.346,0.365,0.3708
readmit30,20721366,89434380,4,0,0.2081,0.1808,0.2684,0.3965,0.3666
readmit30,20735928,73262586,0,1,0.0748,0.0491,0.0452,0.4906,0.4543
readmit30,20735928,74200902,1,0,0.0872,0.0734,0.0726,0.3911,0.368
readmit30,20758005,73472244,0,0,0.1098,0.0863,0.1069,0.4808,0.442
readmit30,20758005,86408286,1,0,0.1412,0.1155,0.1549,0.3875,0.3457
readmit30,20762586,73803516,0,0,0.0767,0.0535,0.0721,0.4907,0.4563
readmit30,20762586,78997128,1,0,0.1278,0.1022,0.1209,0.3506,0.3338
readmit30,20777562,74138790,0,1,0.3152,0.1059,0.359,0.477,0.4484
readmit30,20777562,74502024,1,0,0.1018,0.0579,0.1045,0.428,0.3892
readmit30,20802951,96067074,0,1,0.195,0.2836,0.2146,0.4405,0.4286
readmit30,20802951,97347294,1,1,0.3083,0.4287,0.3561,0.4649,0.3841
readmit30,20833083,72329262,0,0,0.098,0.063,0.0511,0.482,0.4451
readmit30,20833083,81179772,1,0,0.1775,0.116,0.1488,0.3534,0.3324
readmit30,20892348,74903760,0,1,0.2662,0.1628,0.3592,0.4729,0.4509
readmit30,20892348,74956926,1,1,0.2746,0.227,0.1949,0.3386,0.3398
readmit30,20892348,82667616,2,0,0.328,0.2837,0.3902,0.4179,0.4132
readmit30,20893824,73999554,0,0,0.1184,0.1091,0.1476,0.4685,0.4343
readmit30,20893824,76742388,1,0,0.1752,0.1646,0.2003,0.3826,0.3449
readmit30,20906199,49952340,0,1,0.1712,0.1763,0.2053,0.4531,0.4283
readmit30,20906199,69997890,1,0,0.2387,0.2797,0.3088,0.385,0.3551
readmit30,20925720,79155564,0,1,0.1243,0.0704,0.1138,0.4918,0.4563
readmit30,20925720,80777244,1,1,0.1191,0.083,0.0748,0.378,0.363
readmit30,20925720,81941616,2,1,0.2243,0.1146,0.1614,0.4087,0.4011
readmit30,20931813,77009874,0,1,0.0779,0.0508,0.081,0.4914,0.4542
readmit30,20931813,78220866,1,0,0.1504,0.1008,0.1132,0.3815,0.3522
readmit30,20984310,78165084,0,1,0.0648,0.0407,0.0538,0.4936,0.4582
readmit30,20984310,80043300,1,0,0.1249,0.1472,0.1683,0.399,0.366
readmit30,21001473,76144548,0,0,0.0756,0.0374,0.0571,0.4967,0.461
readmit30,21001473,78659592,1,0,0.0904,0.0483,0.0394,0.3848,0.3594
readmit30,21012291,76376094,0,1,0.1107,0.0503,0.0647,0.4908,0.4577
readmit30,21012291,76900200,1,0,0.1203,0.102,0.1115,0.4178,0.3782
readmit30,21191544,82068066,0,1,0.0588,0.0387,0.0383,0.4976,0.4569
readmit30,21191544,84350850,1,0,0.0952,0.0611,0.0435,0.4058,0.3706
readmit30,21221559,80827668,0,0,0.0885,0.0875,0.0986,0.4748,0.4383
readmit30,21221559,83363190,1,0,0.0628,0.0644,0.0524,0.3985,0.356
readmit30,21575736,34049166,0,0,0.0844,0.0467,0.079,0.4888,0.4511
readmit30,21575736,191833206,1,0,0.0994,0.0818,0.1037,0.412,0.3616
readmit30,21775383,189328284,0,0,0.0634,0.0502,0.0523,0.4872,0.4523
readmit30,21775383,345408506,1,1,0.2238,0.1602,0.1801,0.3139,0.3114
readmit30,22202586,37284162,0,0,0.1037,0.0918,0.1048,0.4771,0.4466
readmit30,22202586,130101378,1,0,0.1127,0.0687,0.129,0.3783,0.3555
readmit30,22261167,55613334,0,1,0.0884,0.0901,0.1334,0.4733,0.4406
readmit30,22261167,70430568,1,1,0.2326,0.2469,0.2901,0.3488,0.339
readmit30,22812759,40789188,0,0,0.0728,0.0886,0.0833,0.4764,0.4386
readmit30,22812759,62898486,1,0,0.1571,0.1404,0.1726,0.3532,0.3306
readmit30,22943799,119827806,0,0,0.1103,0.1286,0.207,0.4685,0.4353
readmit30,22943799,125422974,1,0,0.1285,0.1535,0.191,0.3786,0.3348
readmit30,22980474,33839664,0,0,0.0768,0.1006,0.0937,0.4713,0.436
readmit30,22980474,50608248,1,1,0.1559,0.138,0.1975,0.3614,0.3376
readmit30,23116581,54666600,0,1,0.0398,0.0453,0.0261,0.494,0.4564
readmit30,23116581,58096866,1,0,0.1452,0.1227,0.114,0.343,0.3377
readmit30,23124780,203465166,0,0,0.0669,0.0539,0.0755,0.4926,0.4601
readmit30,23124780,240421146,1,1,0.1994,0.1441,0.173,0.3266,0.3164
readmit30,23188743,138244134,0,0,0.0577,0.0499,0.0676,0.4901,0.4567
readmit30,23188743,149201478,1,0,0.1352,0.0854,0.1644,0.3705,0.3461
readmit30,23192109,137879820,0,0,0.2038,0.2315,0.2433,0.4602,0.4326
readmit30,23192109,157200762,1,0,0.1408,0.1173,0.1807,0.3982,0.3579
readmit30,23194638,114441876,0,1,0.0756,0.0649,0.079,0.4866,0.4478
readmit30,23194638,115700676,1,0,0.1194,0.1001,0.1002,0.3793,0.3529
readmit30,23194638,126015216,2,0,0.1773,0.124,0.1835,0.4132,0.385
readmit30,23195880,105039348,0,0,0.0598,0.0544,0.0572,0.4939,0.4544
readmit30,23195880,108154200,1,0,0.1034,0.0728,0.0821,0.3727,0.3412
readmit30,23195880,121300578,2,1,0.1264,0.0818,0.1019,0.4211,0.3967
readmit30,23195880,122790168,3,0,0.1721,0.1099,0.1297,0.3781,0.3904
readmit30,23195880,125321784,4,1,0.1792,0.1259,0.155,0.3852,0.3531
readmit30,23195880,125844558,5,0,0.3325,0.2019,0.2769,0.4534,0.4225
readmit30,23200389,98891268,0,0,0.1689,0.1362,0.2311,0.4748,0.4488
readmit30,23200389,105897816,1,1,0.1562,0.1249,0.1504,0.3487,0.3312
readmit30,23200389,107379936,2,0,0.2204,0.1729,0.206,0.3947,0.3945
readmit30,23200686,107866542,0,0,0.0994,0.094,0.1181,0.4792,0.441
readmit30,23200686,157873356,1,0,0.1069,0.0888,0.1149,0.4162,0.3611
readmit30,23204079,116891280,0,0,0.0925,0.0348,0.0774,0.5031,0.4666
readmit30,23204079,188816946,1,0,0.1456,0.0645,0.1224,0.3798,0.3471
readmit30,23208876,145258716,0,0,0.069,0.0316,0.0476,0.5155,0.4869
readmit30,23208876,148897902,1,0,0.0856,0.0366,0.044,0.4037,0.3854
readmit30,23213079,117053754,0,0,0.2701,0.1801,0.4474,0.479,0.4589
readmit30,23213079,134932782,1,1,0.0849,0.074,0.0913,0.3603,0.3452
readmit30,23213079,136294596,2,0,0.1848,0.171,0.2091,0.4027,0.3969
readmit30,23213952,108671442,0,0,0.0668,0.0571,0.0723,0.4902,0.4513
readmit30,23213952,115262406,1,0,0.1371,0.0919,0.1436,0.3708,0.3377
readmit30,23213952,168644376,2,0,0.1261,0.0887,0.108,0.4572,0.4085
readmit30,23213952,185835972,3,0,0.1332,0.1056,0.1209,0.3542,0.3649
readmit30,23215509,115026528,0,0,0.145,0.1798,0.1576,0.4539,0.4268
readmit30,23215509,155417694,1,0,0.0811,0.1919,0.1102,0.445,0.3739
readmit30,23219082,107229126,0,0,0.0776,0.071,0.0807,0.4824,0.4434
readmit30,23219082,112906164,1,0,0.0969,0.0892,0.0932,0.4033,0.3569
readmit30,23219082,151733022,2,0,0.1255,0.1017,0.1828,0.4629,0.411
readmit30,23219082,184020948,3,0,0.0979,0.0746,0.0902,0.412,0.3952
readmit30,23221485,103181982,0,0,0.1607,0.1736,0.1914,0.4612,0.4338
readmit30,23221485,120406074,1,0,0.1335,0.153,0.1913,0.361,0.3355
readmit30,23221485,125809212,2,0,0.1644,0.1446,0.1635,0.3945,0.3763
readmit30,23225958,97324662,0,0,0.1855,0.1339,0.2015,0.4686,0.4396
readmit30,23225958,121217556,1,0,0.1046,0.1433,0.1186,0.3818,0.3407
readmit30,23226408,111880686,0,0,0.161,0.178,0.1882,0.4574,0.4286
readmit30,23226408,119107698,1,0,0.1371,0.1971,0.1534,0.3936,0.3469
readmit30,23226840,112770582,0,1,0.0751,0.052,0.0896,0.4894,0.4501
readmit30,23226840,114062124,1,0,0.1185,0.1467,0.1318,0.399,0.3607
readmit30,23228523,95711550,0,0,0.0573,0.0377,0.0546,0.4971,0.4602
readmit30,23228523,114160794,1,0,0.0797,0.0769,0.0852,0.3815,0.3567
readmit30,23232276,108351924,0,0,0.0954,0.1416,0.1226,0.4639,0.4303
readmit30,23232276,115005120,1,0,0.1929,0.1324,0.2307,0.4128,0.3529
readmit30,23232276,120081552,2,0,0.2063,0.1715,0.1813,0.3883,0.358
readmit30,23232276,123951222,3,0,0.1507,0.1293,0.1316,0.4078,0.3919
readmit30,23232276,126736326,4,0,0.32,0.1024,0.2788,0.413,0.3622
readmit30,23234220,149705208,0,0,0.1293,0.1488,0.1478,0.4708,0.4394
readmit30,23234220,155612958,1,0,0.163,0.1382,0.1554,0.3597,0.3335
readmit30,23237658,109530312,0,0,0.3452,0.1317,0.3613,0.4768,0.4424
readmit30,23237658,163450164,1,0,0.0934,0.0505,0.0709,0.4001,0.3604
readmit30,23239881,132782898,0,1,0.0588,0.0532,0.0551,0.4901,0.4517
readmit30,23239881,133948500,1,0,0.13,0.1287,0.1048,0.3625,0.3446
readmit30,23241114,117576468,0,0,0.0927,0.1117,0.1157,0.4691,0.4353
readmit30,23241114,131716734,1,0,0.1197,0.1607,0.1506,0.3659,0.3379
readmit30,23241114,134943606,2,0,0.1449,0.1645,0.1613,0.4093,0.3835
readmit30,23242941,144102324,0,0,0.0751,0.184,0.0788,0.4648,0.4343
readmit30,23242941,157672716,1,0,0.1678,0.1265,0.1522,0.3838,0.34
readmit30,23252436,134153688,0,0,0.0959,0.0868,0.1101,0.481,0.4446
readmit30,23252436,165783594,1,0,0.1237,0.0693,0.0856,0.3891,0.3518
readmit30,23258988,109982514,0,0,0.0757,0.0432,0.0538,0.4954,0.458
readmit30,23258988,131225886,1,0,0.1164,0.0925,0.1023,0.3397,0.3258
readmit30,23258988,148594128,2,0,0.1378,0.0677,0.0871,0.4652,0.4203
readmit30,23262525,99488040,0,0,0.0591,0.049,0.0739,0.4913,0.4533
readmit30,23262525,114492414,1,0,0.0649,0.0439,0.0405,0.411,0.3705
readmit30,23266998,110787864,0,0,0.1087,0.0751,0.1131,0.48,0.4462
readmit30,23266998,131493954,1,0,0.1772,0.0943,0.2016,0.3779,0.3424
readmit30,23272101,112783116,0,0,0.072,0.0746,0.0708,0.4849,0.4459
readmit30,23272101,130489086,1,0,0.1327,0.1106,0.1083,0.3716,0.3411
readmit30,23272101,144415104,2,0,0.0989,0.1329,0.08,0.4438,0.4023
readmit30,23272101,154537608,3,0,0.1624,0.1604,0.1805,0.3687,0.3702
readmit30,23272101,184983594,4,0,0.1859,0.1624,0.1691,0.4059,0.3648
readmit30,23281101,108154356,0,0,0.0912,0.1144,0.106,0.4729,0.4368
readmit30,23281101,132070284,1,0,0.1717,0.1893,0.1686,0.3494,0.3252
readmit30,23281101,150676176,2,0,0.1242,0.1767,0.1763,0.4507,0.4018
readmit30,23281101,185313078,3,0,0.1298,0.1575,0.1393,0.3624,0.3573
readmit30,23283522,111050574,0,0,0.0783,0.065,0.0801,0.4835,0.447
readmit30,23283522,132824274,1,0,0.1141,0.0892,0.1109,0.3915,0.3516
readmit30,23283522,151333056,2,0,0.0837,0.0946,0.0833,0.4289,0.3889
readmit30,23284971,160891614,0,0,0.2021,0.2502,0.2516,0.4614,0.4391
readmit30,23284971,176505420,1,0,0.0781,0.065,0.0746,0.4024,0.3648
readmit30,23285502,111986784,0,0,0.0415,0.0503,0.041,0.4904,0.4516
readmit30,23285502,168436806,1,0,0.0697,0.0711,0.0707,0.4049,0.3602
readmit30,23286609,102348930,0,0,0.152,0.1803,0.1935,0.4492,0.4253
readmit30,23286609,112554486,1,0,0.1485,0.2205,0.1685,0.3786,0.3371
readmit30,23286609,123246810,2,0,0.1582,0.2309,0.1478,0.4079,0.3783
readmit30,23290542,141836352,0,1,0.1089,0.0895,0.112,0.4795,0.4418
readmit30,23290542,144481044,1,0,0.1764,0.1157,0.1508,0.4042,0.3638
readmit30,23290542,154792224,2,0,0.1563,0.112,0.1255,0.4138,0.3876
readmit30,23290542,169279260,3,0,0.1482,0.1376,0.1404,0.3786,0.3741
readmit30,23292027,106169610,0,0,0.0728,0.0801,0.0924,0.4765,0.4417
readmit30,23292027,112906632,1,0,0.097,0.1324,0.1043,0.352,0.3278
readmit30,23303034,133059420,0,0,0.1057,0.0981,0.1051,0.4769,0.4389
readmit30,23303034,144471846,1,0,0.1427,0.13,0.1266,0.3908,0.3492
readmit30,23304114,111982416,0,0,0.1308,0.1209,0.1536,0.4612,0.4322
readmit30,23304114,122700120,1,0,0.1182,0.1096,0.1223,0.4056,0.3543
readmit30,23304114,149140104,2,0,0.1293,0.1084,0.1466,0.4399,0.4011
readmit30,23304114,158089020,3,0,0.1525,0.1354,0.162,0.3468,0.361
readmit30,23308488,124361232,0,0,0.0628,0.0634,0.0685,0.4875,0.4492
readmit30,23308488,126761226,1,0,0.1247,0.1216,0.1306,0.3429,0.3277
readmit30,23308488,161879574,2,0,0.1128,0.0884,0.1156,0.4791,0.4187
readmit30,23309712,97473054,0,0,0.0586,0.0486,0.0587,0.4884,0.4503
readmit30,23309712,101896140,1,0,0.1141,0.1072,0.1076,0.3388,0.3255
readmit30,23309712,115138920,2,0,0.1259,0.1219,0.1426,0.4439,0.4017
readmit30,23312916,129594708,0,1,0.1294,0.1033,0.1396,0.474,0.4378
readmit30,23312916,131071122,1,0,0.1352,0.1455,0.1379,0.4274,0.3747
readmit30,23312916,146463126,2,0,0.1525,0.1706,0.1648,0.3974,0.3728
readmit30,23318451,128286300,0,0,0.0379,0.0336,0.0297,0.5017,0.4623
readmit30,23318451,138927612,1,0,0.0663,0.0786,0.053,0.3712,0.3481
readmit30,23319567,99604818,0,0,0.0732,0.076,0.0815,0.4742,0.4395
readmit30,23319567,164480886,1,0,0.0948,0.1133,0.1287,0.4167,0.3665
readmit30,23319567,174194724,2,0,0.1561,0.1264,0.1735,0.4057,0.3798
readmit30,23319567,180109824,3,0,0.1955,0.152,0.214,0.3687,0.3688
readmit30,23320953,98924946,0,0,0.0919,0.0443,0.0618,0.4909,0.4554
readmit30,23320953,107743938,1,0,0.1267,0.1122,0.1613,0.3565,0.336
readmit30,23320953,123994212,2,0,0.1069,0.0992,0.1063,0.4401,0.3977
readmit30,23320953,145044522,3,0,0.1229,0.1299,0.0968,0.3652,0.3713
readmit30,23320953,153479256,4,0,0.1397,0.128,0.1297,0.376,0.3566
readmit30,23320953,156663738,5,0,0.1668,0.181,0.1601,0.3794,0.3676
readmit30,23320953,165380538,6,0,0.1799,0.1979,0.1869,0.3892,0.367
readmit30,23321394,127511142,0,0,0.0624,0.0556,0.0739,0.4897,0.4497
readmit30,23321394,155446566,1,0,0.1489,0.1312,0.1442,0.3152,0.3172
readmit30,23322933,98211828,0,0,0.1081,0.075,0.1108,0.4772,0.4398
readmit30,23322933,111597966,1,0,0.0983,0.0876,0.1074,0.3753,0.3445
readmit30,23322933,117528864,2,1,0.1356,0.1045,0.1418,0.4055,0.3865
readmit30,23322933,118174794,3,0,0.2128,0.1823,0.2055,0.3962,0.3934
readmit30,23323482,97790412,0,1,0.0449,0.0332,0.0327,0.5004,0.4665
readmit30,23323482,161721504,1,0,0.0856,0.0575,0.1051,0.4527,0.4008
readmit30,23330529,99125262,0,0,0.0644,0.0472,0.0607,0.4904,0.4503
readmit30,23330529,121406112,1,0,0.1072,0.077,0.1097,0.3852,0.3507
readmit30,23339826,98977530,0,0,0.1425,0.1271,0.1447,0.4679,0.4357
readmit30,23339826,117378138,1,0,0.0961,0.0761,0.0832,0.418,0.366
readmit30,23339826,140458278,2,0,0.1197,0.1173,0.1118,0.4064,0.3801
readmit30,23341320,133864434,0,0,0.0856,0.0734,0.0939,0.4831,0.4481
readmit30,23341320,158217882,1,0,0.1432,0.1023,0.1379,0.3706,0.3426
readmit30,23360130,90655836,0,0,0.0787,0.0678,0.0824,0.4861,0.4465
readmit30,23360130,104198802,1,0,0.1866,0.1291,0.1455,0.3537,0.3352
readmit30,23362083,68183988,0,1,0.0765,0.1045,0.0786,0.4745,0.4374
readmit30,23362083,68561622,1,0,0.1399,0.2017,0.1388,0.3938,0.3579
readmit30,23362353,26275734,0,0,0.1013,0.0852,0.1124,0.4747,0.4386
readmit30,23362353,43760430,1,0,0.1476,0.0995,0.1553,0.4103,0.3674
readmit30,23362668,50597244,0,0,0.1453,0.1247,0.1673,0.4697,0.4378
readmit30,23362668,54621888,1,1,0.1749,0.1803,0.2152,0.3784,0.3438
readmit30,23362668,55166214,2,0,0.1903,0.2202,0.2319,0.4501,0.4127
readmit30,23362668,58475016,3,0,0.2541,0.2351,0.3188,0.3499,0.3662
readmit30,23362668,61351110,4,0,0.1698,0.2354,0.1797,0.4136,0.3607
readmit30,23362668,76285962,5,0,0.2556,0.2538,0.271,0.4214,0.4009
readmit30,23362668,85616334,6,0,0.2015,0.1983,0.1988,0.4108,0.3739
readmit30,23362668,106179978,7,1,0.3535,0.2018,0.4677,0.426,0.3841
readmit30,23362668,106827228,8,0,0.3383,0.2552,0.3649,0.4689,0.4108
readmit30,23364747,87515220,0,1,0.1408,0.1291,0.1492,0.4598,0.4332
readmit30,23364747,87858168,1,1,0.1719,0.1782,0.0923,0.4426,0.3864
readmit30,23364747,89958990,2,1,0.275,0.2663,0.2867,0.4465,0.4114
readmit30,23364747,90264570,3,0,0.3102,0.3723,0.3292,0.4252,0.4171
readmit30,23365647,42073620,0,0,0.0876,0.0614,0.1014,0.4785,0.4463
readmit30,23365647,47159292,1,1,0.1438,0.1288,0.2127,0.3476,0.3347
readmit30,23365647,70588560,2,0,0.1552,0.2759,0.1126,0.5077,0.4375
readmit30,23366592,28313124,0,0,0.1118,0.0647,0.1108,0.489,0.4484
readmit30,23366592,44121114,1,0,0.1305,0.0886,0.1318,0.3503,0.3397
readmit30,23370543,122793492,0,0,0.1173,0.0981,0.1237,0.4744,0.4406
readmit30,23370543,146162940,1,1,0.1614,0.1589,0.1916,0.3639,0.3366
readmit30,23370543,147216642,2,0,0.1504,0.2402,0.1653,0.4744,0.4201
readmit30,23370543,152559726,3,0,0.1833,0.2145,0.1781,0.3424,0.3507
readmit30,23372820,51749238,0,0,0.0375,0.0533,0.0405,0.4862,0.449
readmit30,23372820,90268620,1,0,0.1116,0.0611,0.1077,0.4278,0.3813
readmit30,23377662,73636812,0,0,0.144,0.1168,0.1593,0.472,0.4374
readmit30,23377662,78439668,1,0,0.2063,0.1368,0.2229,0.36,0.3334
readmit30,23378175,46109838,0,1,0.1728,0.1853,0.2221,0.464,0.439
readmit30,23378175,54631458,1,0,0.3054,0.2424,0.3173,0.338,0.3321
readmit30,23379948,23555472,0,0,0.0788,0.0576,0.0795,0.4881,0.4532
readmit30,23379948,53247810,1,0,0.1224,0.1329,0.1397,0.3566,0.3302
readmit30,23381154,20887740,0,0,0.1169,0.0783,0.1324,0.4807,0.4467
readmit30,23381154,47496504,1,0,0.1646,0.1351,0.216,0.3402,0.3273
readmit30,23384979,97480404,0,0,0.1089,0.071,0.1398,0.4785,0.4434
readmit30,23384979,158883390,1,0,0.1256,0.131,0.144,0.39,0.3505
readmit30,23384979,163452420,2,0,0.155,0.1462,0.152,0.4111,0.3811
readmit30,23384979,179107326,3,0,0.1776,0.1687,0.1937,0.381,0.3808
readmit30,23386257,32003196,0,1,0.0936,0.0714,0.0984,0.4831,0.447
readmit30,23386257,33421674,1,0,0.1375,0.1218,0.1363,0.3798,0.3489
readmit30,23391585,119870430,0,0,0.2097,0.3042,0.2931,0.4543,0.4333
readmit30,23391585,152299188,1,0,0.1302,0.1037,0.1459,0.4001,0.3541
readmit30,23393988,33578520,0,0,0.0982,0.0773,0.1165,0.4781,0.4482
readmit30,23393988,40881912,1,1,0.1769,0.1163,0.2085,0.3628,0.3414
readmit30,23393988,42027258,2,1,0.1898,0.1768,0.1928,0.4692,0.419
readmit30,23393988,43138302,3,0,0.2926,0.1908,0.2743,0.3615,0.3777
readmit30,23393988,73074942,4,1,0.2378,0.176,0.273,0.4817,0.4181
readmit30,23393988,74848320,5,0,0.2416,0.1531,0.2518,0.4344,0.4107
readmit30,23395950,38619024,0,1,0.16,0.1304,0.1828,0.4654,0.4351
readmit30,23395950,40808658,1,0,0.1846,0.2055,0.2044,0.3783,0.3488
readmit30,23395950,102939846,2,0,0.0999,0.1328,0.1323,0.4975,0.4315
readmit30,23398488,113382426,0,0,0.0977,0.1043,0.0997,0.4727,0.4373
readmit30,23398488,117803256,1,1,0.1325,0.1478,0.1721,0.3766,0.3411
readmit30,23398488,118554540,2,1,0.2172,0.2404,0.2051,0.4499,0.4071
readmit30,23398488,120572160,3,0,0.3079,0.2706,0.2968,0.3862,0.3911
readmit30,23398488,123050358,4,0,0.2738,0.2658,0.2418,0.4085,0.3659
readmit30,23398488,127929642,5,1,0.3235,0.3372,0.3167,0.427,0.393
readmit30,23398488,128980494,6,1,0.4269,0.4001,0.4324,0.4886,0.4255
readmit30,23398488,129618780,7,1,0.3991,0.4261,0.3898,0.4437,0.4079
readmit30,23398488,131125500,8,1,0.3337,0.4821,0.3542,0.4908,0.418
readmit30,23398488,132599958,9,0,0.3627,0.5051,0.376,0.4804,0.4246
readmit30,23398488,142915734,10,1,0.3611,0.4329,0.3639,0.4606,0.402
readmit30,23398488,144485214,11,1,0.5047,0.5209,0.5386,0.5289,0.4411
readmit30,23398488,146010834,12,1,0.4454,0.5067,0.4213,0.5183,0.4345
readmit30,23398488,147333522,13,1,0.5397,0.5219,0.5968,0.5034,0.4332
readmit30,23398488,149137290,14,0,0.4481,0.565,0.5353,0.533,0.446
readmit30,23398488,152296638,15,0,0.5979,0.4436,0.5635,0.4753,0.4031
readmit30,23398488,160971726,16,0,0.4402,0.4615,0.4492,0.4937,0.4162
readmit30,23398488,168461664,17,1,0.4186,0.4093,0.3666,0.4813,0.4088
readmit30,23398488,185553792,18,1,0.2998,0.5001,0.3402,0.5094,0.4354
readmit30,23398488,186531582,19,0,0.4143,0.5233,0.4311,0.5346,0.4437
readmit30,23399685,50764056,0,0,0.1245,0.1107,0.1506,0.4707,0.4358
readmit30,23399685,64250622,1,0,0.1563,0.1526,0.1779,0.3622,0.3313
readmit30,23399685,72222252,2,0,0.2388,0.1691,0.2702,0.391,0.3792
readmit30,23399685,92795700,3,0,0.2361,0.1861,0.2416,0.376,0.3776
readmit30,23399685,103583958,4,0,0.2222,0.1657,0.2775,0.3793,0.3527
readmit30,23401773,44440248,0,0,0.0762,0.0697,0.0914,0.478,0.4402
readmit30,23401773,65151078,1,0,0.2014,0.141,0.233,0.3635,0.3342
readmit30,23401773,75606738,2,0,0.2332,0.1635,0.2603,0.3942,0.3821
readmit30,23403996,104992170,0,0,0.2121,0.1849,0.2263,0.4774,0.4473
readmit30,23403996,153076482,1,0,0.1325,0.097,0.1098,0.3879,0.3451
readmit30,23411331,128762556,0,0,0.0999,0.0974,0.1112,0.4806,0.4435
readmit30,23411331,132671700,1,0,0.1099,0.116,0.1246,0.4005,0.3454
readmit30,23414679,72693756,0,0,0.0713,0.0592,0.0872,0.4844,0.4506
readmit30,23414679,104020476,1,0,0.0952,0.0854,0.1472,0.4053,0.3655
readmit30,23414679,106512858,2,0,0.1077,0.0973,0.1215,0.4218,0.3912
readmit30,23416101,70428798,0,0,0.0994,0.1401,0.1083,0.4715,0.439
readmit30,23416101,91106010,1,0,0.0859,0.0787,0.1047,0.4051,0.3557
readmit30,23422473,76755594,0,0,0.0935,0.0884,0.0946,0.4857,0.4499
readmit30,23422473,80689698,1,0,0.1886,0.1213,0.1778,0.3484,0.3232
readmit30,23422779,30530796,0,0,0.0935,0.0659,0.0968,0.4845,0.4458
readmit30,23422779,92566266,1,0,0.1219,0.093,0.1399,0.4119,0.3603
readmit30,23422779,105354084,2,0,0.1448,0.1695,0.1844,0.3613,0.3636
readmit30,23422779,109800906,3,0,0.2163,0.1764,0.2335,0.3821,0.3806
readmit30,23423382,26940744,0,0,0.181,0.0929,0.2051,0.4741,0.4398
readmit30,23423382,63421224,1,0,0.1577,0.1065,0.1703,0.4088,0.358
readmit30,23423382,96638766,2,0,0.1969,0.1108,0.1896,0.4368,0.4
readmit30,23426694,71331090,0,0,0.0864,0.0779,0.087,0.4781,0.4388
readmit30,23426694,104386770,1,0,0.1045,0.059,0.095,0.4324,0.3821
readmit30,23427063,64453620,0,0,0.098,0.112,0.1384,0.4797,0.443
readmit30,23427063,110903838,1,0,0.1131,0.0785,0.1142,0.4201,0.3724
readmit30,23429052,22456986,0,0,0.0526,0.0517,0.0364,0.4914,0.4579
readmit30,23429052,83969220,1,0,0.0668,0.0547,0.061,0.4158,0.3713
readmit30,23430708,96489912,0,0,0.094,0.0938,0.0865,0.4756,0.4402
readmit30,23430708,108990990,1,1,0.18,0.1306,0.1892,0.3652,0.332
readmit30,23433057,67562916,0,0,0.122,0.0749,0.1275,0.4826,0.4477
readmit30,23433057,83774454,1,0,0.0795,0.0672,0.087,0.4165,0.3693
readmit30,23433057,98910948,2,1,0.1246,0.0898,0.1308,0.4123,0.3857
readmit30,23433057,100205550,3,1,0.1364,0.1466,0.1268,0.4004,0.4085
readmit30,23433057,102149172,4,0,0.1745,0.1742,0.1847,0.423,0.3872
readmit30,23441589,131274924,0,0,0.0356,0.0322,0.0291,0.5045,0.4663
readmit30,23441589,186743460,1,0,0.1093,0.0593,0.1233,0.4238,0.3853
readmit30,23441985,64225860,0,0,0.0355,0.0319,0.0168,0.5083,0.4727
readmit30,23441985,247047930,1,0,0.0753,0.0552,0.041,0.4,0.3692
readmit30,23443083,110089776,0,1,0.1106,0.0943,0.1219,0.4782,0.4414
readmit30,23443083,111407526,1,0,0.2325,0.1688,0.2184,0.3848,0.3493
readmit30,23445063,44242872,0,0,0.0754,0.0459,0.0526,0.4893,0.4558
readmit30,23445063,59523846,1,0,0.0823,0.0631,0.0682,0.3742,0.3532
readmit30,23445063,102671124,2,0,0.1031,0.0773,0.1443,0.4515,0.4081
readmit30,23445063,108244830,3,0,0.0926,0.0508,0.0722,0.4057,0.4074
readmit30,23453532,106960710,0,0,0.0882,0.1075,0.1045,0.4711,0.4395
readmit30,23453532,112612404,1,0,0.1526,0.1426,0.16,0.3517,0.3305
readmit30,23453532,127326762,2,0,0.1561,0.1455,0.2012,0.4101,0.3883
readmit30,23453532,131402904,3,0,0.1825,0.1418,0.3475,0.3767,0.373
readmit30,23461479,100450128,0,1,0.0517,0.0363,0.045,0.5009,0.4613
readmit30,23461479,101051820,1,0,0.1012,0.0766,0.063,0.3838,0.3635
readmit30,23461479,111161580,2,0,0.1162,0.0691,0.0974,0.4284,0.4081
readmit30,23461479,113677920,3,0,0.1679,0.1651,0.1823,0.317,0.3533
readmit30,23464449,20325216,0,0,0.0419,0.0424,0.0364,0.4966,0.4614
readmit30,23464449,59646558,1,0,0.0584,0.0468,0.0425,0.4127,0.3715
readmit30,23464449,72893190,2,0,0.1207,0.095,0.1361,0.3783,0.373
readmit30,23464449,80908548,3,0,0.1945,0.1446,0.1946,0.3409,0.3645
readmit30,23464449,91702656,4,1,0.1276,0.1054,0.1317,0.4206,0.3843
readmit30,23464449,93816390,5,0,0.1928,0.1816,0.1992,0.4245,0.4082
readmit30,23464449,95790294,6,0,0.2189,0.1928,0.2175,0.3845,0.3651
readmit30,23464449,108266418,7,0,0.1611,0.1679,0.15,0.4222,0.3853
readmit30,23465349,110100870,0,0,0.1259,0.0979,0.1376,0.4683,0.435
readmit30,23465349,159217008,1,1,0.0802,0.0812,0.0947,0.4449,0.3765
readmit30,23465349,160263120,2,0,0.136,0.1289,0.1286,0.4286,0.4044
readmit30,23471226,22818462,0,0,0.0914,0.062,0.0862,0.4858,0.4468
readmit30,23471226,42308886,1,1,0.1765,0.1433,0.1729,0.3358,0.3225
readmit30,23471226,43184250,2,0,0.2277,0.2488,0.2296,0.4522,0.4191
readmit30,23474277,132361782,0,1,0.1242,0.1585,0.1744,0.4585,0.4307
readmit30,23474277,134153490,1,0,0.1899,0.2163,0.2146,0.4195,0.3689
readmit30,23478066,148357698,0,0,0.06,0.0487,0.0598,0.4921,0.4507
readmit30,23478066,160919628,1,0,0.1044,0.092,0.0993,0.3606,0.3355
readmit30,23481693,21189468,0,1,0.1018,0.1404,0.1396,0.4701,0.4379
readmit30,23481693,23487042,1,0,0.1415,0.1756,0.1731,0.3878,0.3631
readmit30,23481693,30044718,2,0,0.1911,0.1873,0.217,0.4087,0.3782
readmit30,23481693,37098882,3,0,0.1773,0.2171,0.1942,0.3683,0.3772
readmit30,23481693,87823080,4,0,0.2471,0.1663,0.2747,0.4662,0.4004
readmit30,23481693,109456668,5,0,0.2234,0.131,0.2393,0.4302,0.3952
readmit30,23481747,44218638,0,1,0.135,0.0783,0.1461,0.4831,0.4444
readmit30,23481747,46716324,1,0,0.1667,0.1573,0.1709,0.3874,0.3571
readmit30,23481990,76030554,0,0,0.0629,0.0425,0.0287,0.4978,0.4631
readmit30,23481990,93625728,1,0,0.0752,0.0546,0.0379,0.3595,0.3422
readmit30,23482134,54921372,0,0,0.0708,0.0565,0.0617,0.4826,0.4475
readmit30,23482134,87508584,1,0,0.0899,0.1217,0.1201,0.4059,0.3616
readmit30,23483601,77769798,0,0,0.0872,0.0768,0.0852,0.4802,0.441
readmit30,23483601,92600430,1,1,0.1181,0.0934,0.1376,0.3899,0.3483
readmit30,23483601,93858990,2,0,0.1655,0.1413,0.1716,0.4492,0.4151
readmit30,23483601,96736944,3,1,0.2048,0.1421,0.2042,0.3629,0.374
readmit30,23483601,97807524,4,0,0.2543,0.2406,0.2883,0.4382,0.3917
readmit30,23483601,101360028,5,0,0.1964,0.1893,0.2186,0.4564,0.4031
readmit30,23483601,110024004,6,0,0.2755,0.1821,0.2962,0.3894,0.366
readmit30,23488218,108776778,0,0,0.1164,0.0911,0.1104,0.4791,0.4414
readmit30,23488218,111621408,1,0,0.1531,0.1462,0.141,0.3655,0.3268
readmit30,23488398,20620008,0,0,0.0816,0.1466,0.1005,0.4658,0.4365
readmit30,23488398,41857560,1,0,0.0804,0.1002,0.1107,0.364,0.3392
readmit30,23488398,71473086,2,0,0.087,0.1027,0.1185,0.4808,0.4224
readmit30,23492493,22180002,0,0,0.0499,0.0352,0.0369,0.4985,0.4624
readmit30,23492493,27385674,1,0,0.1382,0.126,0.159,0.3294,0.3231
readmit30,23492493,35959770,2,0,0.1687,0.1329,0.1727,0.398,0.3826
readmit30,23492493,42024564,3,0,0.264,0.1858,0.2714,0.3282,0.3554
readmit30,23492493,55996566,4,0,0.1913,0.1613,0.1548,0.375,0.356
readmit30,23493690,96155976,0,0,0.2286,0.1942,0.2805,0.4497,0.427
readmit30,23493690,155586054,1,0,0.1272,0.165,0.1762,0.4268,0.3651
readmit30,23505525,55320588,0,0,0.0985,0.0547,0.1037,0.4894,0.4568
readmit30,23505525,64649460,1,0,0.0885,0.0759,0.0706,0.3755,0.3413
readmit30,23506875,101673006,0,0,0.0625,0.064,0.0677,0.481,0.4453
readmit30,23506875,138878358,1,0,0.0481,0.0369,0.0257,0.4442,0.3972
readmit30,23506875,187623798,2,0,0.0715,0.0485,0.0499,0.452,0.4204
readmit30,23510367,103959696,0,0,0.1349,0.0868,0.1677,0.4746,0.4422
readmit30,23510367,112206300,1,0,0.1141,0.095,0.1168,0.3668,0.3362
readmit30,23510367,157840092,2,0,0.1088,0.1139,0.1088,0.4642,0.4196
readmit30,23512554,124374462,0,0,0.0634,0.0932,0.0657,0.4783,0.4403
readmit30,23512554,170553168,1,0,0.1012,0.0811,0.0986,0.421,0.3717
readmit30,23521833,37652814,0,0,0.0569,0.0414,0.0525,0.4964,0.4557
readmit30,23521833,93118860,1,0,0.0694,0.0788,0.0704,0.4019,0.3667
readmit30,23522778,104298006,0,0,0.0571,0.0659,0.0617,0.4826,0.4417
readmit30,23522778,176516292,1,0,0.1078,0.1177,0.1055,0.4006,0.3574
readmit30,23523012,61057878,0,0,0.1721,0.1265,0.2043,0.4675,0.4361
readmit30,23523012,71022966,1,0,0.2171,0.1625,0.3059,0.365,0.338
readmit30,23523012,92607960,2,0,0.1365,0.1519,0.1718,0.4581,0.4052
readmit30,23524605,89645952,0,0,0.1396,0.0939,0.1532,0.4781,0.441
readmit30,23524605,92951622,1,0,0.1452,0.1338,0.1666,0.3624,0.3372
readmit30,23530401,44226954,0,0,0.1684,0.0925,0.1848,0.4725,0.4376
readmit30,23530401,78832764,1,0,0.1603,0.1427,0.2166,0.3873,0.3499
readmit30,23530401,88588692,2,0,0.1185,0.1172,0.152,0.4189,0.3886
readmit30,23530401,90778668,3,0,0.1406,0.1592,0.1382,0.3579,0.3662
readmit30,23530401,93102096,4,0,0.2472,0.1826,0.2419,0.3635,0.3492
readmit30,23532516,106525908,0,0,0.0962,0.0836,0.0785,0.4757,0.4404
readmit30,23532516,126868386,1,0,0.094,0.0755,0.0639,0.3885,0.3538
readmit30,23532516,161317248,2,0,0.0876,0.0963,0.0966,0.4352,0.3963
readmit30,23538213,99629268,0,0,0.1045,0.1281,0.1403,0.4616,0.4315
readmit30,23538213,105016710,1,0,0.1372,0.1398,0.179,0.3745,0.3478
readmit30,23548212,131879058,0,1,0.0668,0.0437,0.0732,0.4938,0.4558
readmit30,23548212,132914712,1,0,0.0823,0.0765,0.0937,0.391,0.3678
readmit30,23558319,28800336,0,0,0.0579,0.0423,0.0529,0.4941,0.4559
readmit30,23558319,41363244,1,0,0.2074,0.1323,0.2472,0.3342,0.3263
readmit30,23558319,63953928,2,0,0.1861,0.1288,0.2204,0.4338,0.3935
readmit30,23558319,82158642,3,0,0.1304,0.1221,0.1303,0.4013,0.3945
readmit30,23558319,103769466,4,1,0.1554,0.1432,0.1641,0.404,0.3661
readmit30,23558319,105471516,5,0,0.1696,0.18,0.1739,0.4675,0.4274
readmit30,23561631,48785964,0,0,0.0636,0.0431,0.048,0.4971,0.4612
readmit30,23561631,65414202,1,0,0.1058,0.1233,0.1204,0.3215,0.3162
readmit30,23562531,45919110,0,1,0.0769,0.0784,0.0831,0.4829,0.4449
readmit30,23562531,46846188,1,0,0.1564,0.1418,0.1419,0.3761,0.3436
readmit30,23562531,107897766,2,0,0.1078,0.1355,0.1171,0.4906,0.4296
readmit30,23570568,64534092,0,0,0.0823,0.0853,0.0869,0.4775,0.4409
readmit30,23570568,69575766,1,1,0.1718,0.1647,0.1708,0.3539,0.3273
readmit30,23570568,71897130,2,1,0.2606,0.2572,0.2842,0.4741,0.4252
readmit30,23572080,127936806,0,0,0.0701,0.054,0.0674,0.4898,0.4497
readmit30,23572080,149658228,1,0,0.1045,0.0694,0.0868,0.3972,0.3574
readmit30,23572080,166398720,2,1,0.101,0.0784,0.0759,0.4162,0.3889
readmit30,23572080,169414806,3,1,0.1845,0.1331,0.1655,0.3829,0.3972
readmit30,23572080,172414656,4,0,0.234,0.1569,0.2371,0.4219,0.3908
readmit30,23573313,61555116,0,1,0.0985,0.0947,0.1052,0.4771,0.4415
readmit30,23573313,62578626,1,0,0.1934,0.1879,0.2036,0.3791,0.3499
readmit30,23573313,88598922,2,0,0.1585,0.1927,0.1628,0.428,0.3934
readmit30,23573313,101706984,3,1,0.1486,0.1592,0.1814,0.4095,0.3907
readmit30,23573313,102579462,4,0,0.2189,0.1866,0.2195,0.4282,0.3881
readmit30,23579172,121288410,0,0,0.0631,0.0464,0.0506,0.4927,0.4535
readmit30,23579172,144026034,1,0,0.0712,0.0864,0.0631,0.3596,0.342
readmit30,23579172,164669028,2,0,0.11,0.1165,0.1096,0.424,0.3919
readmit30,23582016,95691438,0,0,0.0836,0.0721,0.0855,0.4828,0.4457
readmit30,23582016,120922044,1,0,0.1804,0.1038,0.1743,0.3553,0.3323
readmit30,23582016,129635850,2,0,0.112,0.1252,0.1392,0.4075,0.3832
readmit30,23584023,51888690,0,0,0.1354,0.1135,0.1663,0.4769,0.4384
readmit30,23584023,64256556,1,0,0.208,0.1234,0.2255,0.3778,0.3448
readmit30,23584023,90260022,2,0,0.176,0.143,0.2064,0.4336,0.4083
readmit30,23584023,95912562,3,0,0.1908,0.1325,0.1798,0.3616,0.3665
readmit30,23588325,74630238,0,0,0.0894,0.0721,0.0641,0.4816,0.4463
readmit30,23588325,110118006,1,1,0.1522,0.0925,0.1956,0.4077,0.3647
readmit30,23588325,110570352,2,0,0.1825,0.1566,0.1852,0.415,0.3941
readmit30,23590476,143725044,0,0,0.0668,0.0783,0.0917,0.474,0.4414
readmit30,23590476,163606638,1,0,0.1142,0.1151,0.1359,0.3934,0.3532
readmit30,23590476,169047828,2,1,0.1236,0.124,0.1139,0.4039,0.3842
readmit30,23590476,170324280,3,0,0.1969,0.19,0.2039,0.3788,0.3861
readmit30,23590674,118959444,0,0,0.0726,0.0858,0.1001,0.4768,0.4409
readmit30,23590674,125832708,1,0,0.1003,0.0805,0.0753,0.3859,0.3496
readmit30,23590674,155843070,2,0,0.1423,0.1218,0.1508,0.3886,0.3745
readmit30,23590674,161716566,3,0,0.1282,0.1529,0.1392,0.3436,0.3623
readmit30,23590674,171016170,4,0,0.1693,0.1525,0.1649,0.372,0.3534
readmit30,23590674,175458150,5,0,0.1324,0.1831,0.1131,0.4036,0.3883
readmit30,23590674,183080160,6,0,0.1587,0.1747,0.1225,0.3659,0.3593
readmit30,23590854,49932180,0,0,0.0822,0.1108,0.1115,0.4704,0.4388
readmit30,23590854,62688672,1,0,0.1776,0.1221,0.2128,0.3511,0.3279
readmit30,23590854,100340466,2,0,0.1329,0.1081,0.1708,0.528,0.4559
readmit30,23590854,106634106,3,0,0.1332,0.1193,0.1236,0.34,0.3633
readmit30,23597811,25560594,0,0,0.1109,0.0842,0.1032,0.4752,0.44
readmit30,23597811,42456918,1,0,0.1129,0.123,0.1204,0.3745,0.3413
readmit30,23607054,25597500,0,0,0.0844,0.0749,0.0932,0.4852,0.4513
readmit30,23607054,109724910,1,0,0.1233,0.1084,0.1193,0.3477,0.3322
readmit30,23608431,42701130,0,1,0.1125,0.1507,0.1267,0.4606,0.4308
readmit30,23608431,44559090,1,0,0.1892,0.3087,0.2205,0.4004,0.3595
readmit30,23608431,70815444,2,1,0.1128,0.2185,0.1344,0.4461,0.394
readmit30,23608431,73675854,3,1,0.2841,0.2675,0.3013,0.4105,0.4087
readmit30,23608431,74772834,4,0,0.211,0.2867,0.1771,0.4464,0.3922
readmit30,23615235,95816748,0,0,0.0542,0.051,0.063,0.4905,0.4537
readmit30,23615235,119363016,1,0,0.0905,0.0551,0.1267,0.4232,0.3739
readmit30,23619924,70025928,0,1,0.061,0.0323,0.0515,0.5009,0.4631
readmit30,23619924,72304500,1,0,0.1527,0.1344,0.1302,0.3669,0.3541
readmit30,23621040,81502518,0,0,0.0563,0.0601,0.0546,0.487,0.4484
readmit30,23621040,102785418,1,0,0.0903,0.0997,0.0904,0.3653,0.3434
readmit30,23622750,37570818,0,0,0.0518,0.0522,0.0514,0.4887,0.451
readmit30,23622750,56749794,1,0,0.0697,0.0773,0.0604,0.3916,0.3516
readmit30,23627772,87618924,0,0,0.0822,0.0472,0.0961,0.4926,0.4538
readmit30,23627772,94085028,1,0,0.1983,0.0971,0.1609,0.3493,0.3367
readmit30,23628231,74051322,0,0,0.0827,0.0671,0.0881,0.4859,0.4472
readmit30,23628231,96302004,1,0,0.0592,0.0873,0.0483,0.3615,0.34
readmit30,23635107,20188626,0,1,0.1213,0.1286,0.137,0.473,0.4362
readmit30,23635107,21106590,1,1,0.2047,0.1994,0.3073,0.3936,0.3647
readmit30,23635107,23483562,2,0,0.2557,0.2473,0.3301,0.4475,0.4081
readmit30,23635107,27682338,3,0,0.2305,0.2119,0.2345,0.3821,0.3722
readmit30,23638302,136350978,0,0,0.0675,0.1017,0.0652,0.4753,0.4389
readmit30,23638302,157056516,1,0,0.1176,0.0757,0.111,0.4224,0.3691
readmit30,23638959,90585840,0,0,0.0543,0.0461,0.0444,0.4951,0.458
readmit30,23638959,93068982,1,0,0.08,0.0553,0.0461,0.3987,0.3584
readmit30,23639148,20807994,0,0,0.0625,0.0371,0.053,0.497,0.459
readmit30,23639148,57619332,1,0,0.053,0.0497,0.0474,0.4434,0.4002
readmit30,23639148,94196832,2,0,0.053,0.0371,0.0318,0.4513,0.4258
readmit30,23671719,32918838,0,0,0.0714,0.054,0.067,0.4919,0.4641
readmit30,23671719,94488186,1,1,0.0847,0.0551,0.0741,0.4101,0.3732
readmit30,23671719,94664832,2,0,0.1372,0.1195,0.1081,0.413,0.3986
readmit30,23671719,100345188,3,0,0.1038,0.074,0.0779,0.4017,0.3958
readmit30,23675787,123532938,0,0,0.1025,0.0723,0.1184,0.481,0.4449
readmit30,23675787,163391616,1,0,0.0718,0.1101,0.0874,0.4183,0.3679
readmit30,23675787,180153396,2,0,0.1182,0.1198,0.1107,0.3764,0.3657
readmit30,23677434,122926266,0,1,0.1706,0.2778,0.224,0.4638,0.4404
readmit30,23677434,124540842,1,0,0.1553,0.1242,0.133,0.3882,0.3514
readmit30,23679081,101173386,0,1,0.1389,0.0866,0.138,0.4855,0.4492
readmit30,23679081,102249672,1,0,0.1851,0.1492,0.1693,0.3548,0.334
readmit30,23683167,101808666,0,0,0.0632,0.0602,0.0699,0.4849,0.4472
readmit30,23683167,159821508,1,0,0.125,0.0756,0.163,0.4321,0.3812
readmit30,23710464,91711248,0,0,0.0702,0.0659,0.0578,0.4866,0.4513
readmit30,23710464,96838542,1,0,0.1076,0.0934,0.0838,0.3685,0.3379
readmit30,23724792,124794924,0,0,0.0566,0.0335,0.043,0.5023,0.4627
readmit30,23724792,169202754,1,0,0.053,0.0472,0.0369,0.4054,0.3729
readmit30,23727483,127505112,0,0,0.0566,0.0475,0.0552,0.4969,0.4565
readmit30,23727483,132901152,1,0,0.1103,0.0964,0.1068,0.3583,0.3298
readmit30,23740947,56593878,0,0,0.0773,0.0483,0.0475,0.499,0.4664
readmit30,23740947,83720922,1,0,0.0954,0.0651,0.0548,0.37,0.3467
readmit30,23740947,102404340,2,0,0.1249,0.0846,0.0939,0.4318,0.4046
readmit30,23740947,105522888,3,0,0.1418,0.1036,0.1358,0.3509,0.37
readmit30,23740947,110273898,4,0,0.138,0.1273,0.1257,0.3812,0.3604
readmit30,23754105,24009618,0,0,0.1093,0.0951,0.1233,0.4792,0.441
readmit30,23754105,67317708,1,0,0.1338,0.133,0.1572,0.3797,0.3443
readmit30,23754105,71087148,2,0,0.1618,0.1309,0.166,0.4084,0.3827
readmit30,23754105,89614512,3,0,0.1857,0.1425,0.2183,0.3763,0.3786
readmit30,23754105,101157582,4,0,0.1567,0.1225,0.1445,0.3999,0.3649
readmit30,23764158,119816730,0,0,0.1056,0.1089,0.1199,0.4684,0.4326
readmit30,23764158,155349402,1,0,0.0661,0.0726,0.0646,0.4352,0.3742
readmit30,23766786,51818886,0,0,0.1122,0.0638,0.0981,0.4857,0.4507
readmit30,23766786,65037876,1,1,0.1481,0.1173,0.1548,0.359,0.3325
readmit30,23766786,66716364,2,0,0.1851,0.1801,0.2032,0.4228,0.4035
readmit30,23769711,67193262,0,0,0.1372,0.1053,0.1499,0.4763,0.4425
readmit30,23769711,76397754,1,1,0.1148,0.1026,0.1033,0.3959,0.3525
readmit30,23769711,78990672,2,0,0.24,0.1694,0.2315,0.426,0.4005
readmit30,23769711,92963628,3,1,0.2672,0.1943,0.2961,0.3575,0.3733
readmit30,23769711,93873510,4,0,0.2437,0.2558,0.2509,0.4223,0.383
readmit30,23770161,26308680,0,0,0.0948,0.0906,0.1001,0.4768,0.4415
readmit30,23770161,86037090,1,0,0.1076,0.0813,0.1271,0.4177,0.374
readmit30,23770161,95831640,2,0,0.0865,0.0725,0.0708,0.4259,0.3913
readmit30,23772033,70326012,0,0,0.1059,0.0628,0.0839,0.488,0.4532
readmit30,23772033,86933664,1,0,0.1063,0.0875,0.0964,0.3634,0.3394
readmit30,23772033,96102828,2,0,0.1846,0.1402,0.2215,0.4141,0.3963
readmit30,23778927,102436770,0,0,0.0987,0.0737,0.1032,0.4846,0.4479
readmit30,23778927,105947478,1,0,0.1573,0.1235,0.1656,0.3696,0.3363
readmit30,23788134,96939360,0,0,0.1426,0.0636,0.1191,0.4855,0.4463
readmit30,23788134,144239910,1,0,0.1313,0.1075,0.1286,0.3797,0.3502
readmit30,23788134,150384534,2,0,0.1363,0.1237,0.125,0.3951,0.3794
readmit30,23788494,29295792,0,1,0.0935,0.1305,0.1133,0.4671,0.4376
readmit30,23788494,33362670,1,1,0.224,0.2067,0.3035,0.3896,0.3513
readmit30,23790033,124105998,0,0,0.0494,0.039,0.035,0.497,0.4577
readmit30,23790033,174058080,1,0,0.0919,0.0714,0.069,0.3601,0.3379
readmit30,23791275,134790738,0,0,0.0478,0.0387,0.0399,0.4983,0.4595
readmit30,23791275,166011066,1,0,0.223,0.2334,0.2108,0.319,0.318
readmit30,23796567,100214796,0,0,0.0754,0.1035,0.092,0.4654,0.436
readmit30,23796567,117420786,1,0,0.1215,0.184,0.2521,0.3759,0.3411
readmit30,23796567,121864230,2,0,0.1348,0.21,0.1266,0.3767,0.3646
readmit30,23820255,97843080,0,0,0.0969,0.1918,0.172,0.4498,0.4274
readmit30,23820255,102764088,1,0,0.0964,0.1589,0.1162,0.3882,0.3465
readmit30,23820255,133273026,2,0,0.1671,0.1685,0.2277,0.4074,0.3787
readmit30,23820255,148864302,3,0,0.162,0.1638,0.1822,0.3723,0.3721
readmit30,23820255,152676138,4,0,0.1963,0.1864,0.1892,0.3773,0.3517
readmit30,23825826,81884682,0,1,0.0805,0.0804,0.087,0.4807,0.4456
readmit30,23825826,82453002,1,0,0.1567,0.1384,0.193,0.3749,0.3548
readmit30,23833737,46189548,0,0,0.0512,0.0498,0.078,0.492,0.4549
readmit30,23833737,62723910,1,1,0.1513,0.1636,0.1658,0.3369,0.3236
readmit30,23833737,63765816,2,1,0.1508,0.2335,0.1797,0.4475,0.4179
readmit30,23833737,65132154,3,0,0.1917,0.2067,0.1378,0.4315,0.41
readmit30,23836959,68784744,0,0,0.1161,0.0975,0.1296,0.4811,0.4449
readmit30,23836959,106441920,1,0,0.1625,0.1031,0.2122,0.4008,0.3597
readmit30,23836959,110037684,2,0,0.1353,0.1076,0.1407,0.4072,0.3923
readmit30,23838966,51361050,0,0,0.1297,0.1268,0.1618,0.4619,0.4353
readmit30,23838966,68117442,1,1,0.1614,0.1855,0.2079,0.3389,0.3196
readmit30,23838966,69218406,2,1,0.1938,0.3482,0.2416,0.4884,0.4256
readmit30,23838966,70908990,3,0,0.2682,0.3176,0.2736,0.4235,0.412
readmit30,23838966,76316568,4,0,0.3057,0.2738,0.3237,0.4006,0.3673
readmit30,23838966,84087654,5,0,0.3377,0.3368,0.3772,0.458,0.4017
readmit30,23838966,105521166,6,0,0.1903,0.248,0.1867,0.4905,0.4131
readmit30,23844726,108071826,0,0,0.0854,0.0788,0.0907,0.4818,0.4432
readmit30,23844726,117781776,1,0,0.1663,0.1204,0.176,0.366,0.3375
readmit30,23845311,166879320,0,0,0.1546,0.1889,0.1558,0.4656,0.4343
readmit30,23845311,175409172,1,0,0.1332,0.1372,0.1306,0.3893,0.3486
readmit30,23845311,183402660,2,0,0.1858,0.1874,0.2045,0.3998,0.3782
readmit30,23852565,99065496,0,0,0.1025,0.0871,0.1452,0.4781,0.4479
readmit30,23852565,128516808,1,0,0.1355,0.1106,0.1412,0.3758,0.3418
readmit30,23852565,156061110,2,0,0.1248,0.1224,0.1207,0.4233,0.3951
readmit30,23883903,70447014,0,0,0.101,0.102,0.1177,0.4685,0.4368
readmit30,23883903,101363934,1,0,0.0725,0.0768,0.076,0.4558,0.394
readmit30,23885352,107456292,0,0,0.0743,0.1018,0.0781,0.4753,0.439
readmit30,23885352,110634942,1,0,0.1259,0.163,0.1215,0.3675,0.3339
readmit30,23885352,113704374,2,0,0.1724,0.2037,0.2233,0.4535,0.4068
readmit30,23885352,117991710,3,0,0.1966,0.1938,0.1857,0.3564,0.3589
readmit30,23885352,120534312,4,0,0.1683,0.2267,0.1638,0.3934,0.3591
readmit30,23885352,122454300,5,1,0.2457,0.2179,0.286,0.4519,0.4032
readmit30,23885352,123911766,6,1,0.2908,0.3015,0.2931,0.4357,0.3986
readmit30,23885352,125625846,7,1,0.3378,0.4312,0.4232,0.4429,0.4086
readmit30,23885352,127443840,8,1,0.4074,0.4358,0.4173,0.5022,0.4268
readmit30,23885352,134913114,9,0,0.4588,0.4096,0.4689,0.4792,0.4182
readmit30,23885352,143423094,10,0,0.2561,0.3405,0.2163,0.4584,0.3989
readmit30,23898897,60053256,0,0,0.0713,0.0681,0.0661,0.484,0.4495
readmit30,23898897,94443810,1,0,0.3373,0.1959,0.4415,0.3748,0.3449
readmit30,23905719,23531844,0,1,0.1004,0.0997,0.1102,0.4784,0.4396
readmit30,23905719,25936668,1,0,0.1544,0.2385,0.1581,0.3799,0.3552
readmit30,23905719,29473650,2,0,0.1674,0.1876,0.1702,0.4247,0.3898
readmit30,23905719,104327400,3,0,0.1295,0.1217,0.2507,0.4596,0.4265
readmit30,23910381,95368824,0,0,0.0808,0.0717,0.0991,0.4878,0.4549
readmit30,23910381,127232184,1,0,0.1371,0.0827,0.1074,0.379,0.3522
readmit30,23922657,135343344,0,0,0.0933,0.0983,0.098,0.4755,0.4367
readmit30,23922657,138777522,1,0,0.1116,0.153,0.1377,0.3744,0.3419
readmit30,23922657,156907572,2,0,0.1628,0.1806,0.1824,0.3966,0.3778
readmit30,23922657,161152092,3,1,0.1424,0.2109,0.1443,0.3608,0.3662
readmit30,23922657,163594110,4,0,0.2464,0.2658,0.2513,0.423,0.3869
readmit30,23935167,24131616,0,1,0.0846,0.1264,0.1184,0.4681,0.4339
readmit30,23935167,27005580,1,0,0.1872,0.1817,0.2369,0.4331,0.3754
readmit30,23935167,60868752,2,0,0.2798,0.1665,0.2573,0.4332,0.3903
readmit30,23935167,64568268,3,0,0.1554,0.1511,0.1565,0.375,0.375
readmit30,23935572,114468834,0,0,0.0561,0.0825,0.0659,0.4763,0.4394
readmit30,23935572,147202236,1,0,0.0721,0.1196,0.0799,0.3814,0.3472
readmit30,23935572,165673512,2,1,0.0848,0.1256,0.0749,0.391,0.3724
readmit30,23935572,167513316,3,0,0.1327,0.2054,0.1608,0.3777,0.3906
readmit30,23937264,22563114,0,0,0.0474,0.0317,0.0281,0.5083,0.4774
readmit30,23937264,26113728,1,0,0.0991,0.1192,0.0921,0.3356,0.3343
readmit30,23938983,57082704,0,0,0.0788,0.0625,0.0691,0.4883,0.4467
readmit30,23938983,97887024,1,0,0.2177,0.0504,0.1565,0.4347,0.3856
readmit30,23939118,150672666,0,0,0.0476,0.055,0.049,0.4875,0.452
readmit30,23939118,157829964,1,0,0.0967,0.1089,0.0949,0.3425,0.3276
readmit30,23942376,60505554,0,0,0.1593,0.1407,0.1672,0.4691,0.4367
readmit30,23942376,68189466,1,0,0.255,0.161,0.2428,0.353,0.3293
readmit30,23942376,71794632,2,0,0.1713,0.1947,0.2085,0.4155,0.391
readmit30,23942376,77935818,3,0,0.2918,0.205,0.2576,0.3457,0.3556
readmit30,23949342,131810910,0,0,0.0555,0.0394,0.0491,0.4991,0.4581
readmit30,23949342,135460428,1,1,0.1188,0.0625,0.0866,0.3847,0.3521
readmit30,23949342,136203780,2,0,0.2048,0.1118,0.1371,0.4435,0.4146
readmit30,23949342,141233430,3,0,0.2659,0.1068,0.2278,0.3428,0.3586
readmit30,23949972,27358524,0,0,0.0714,0.0536,0.0599,0.4916,0.458
readmit30,23949972,48108468,1,0,0.1205,0.1061,0.1146,0.3516,0.3327
readmit30,23950053,50965038,0,0,0.0951,0.0929,0.1049,0.4762,0.4407
readmit30,23950053,60449550,1,0,0.1787,0.1277,0.1741,0.3438,0.327
readmit30,23950053,63328710,2,0,0.2081,0.1678,0.2167,0.4097,0.3834
readmit30,23950053,65869368,3,0,0.2496,0.1953,0.2492,0.3401,0.3675
readmit30,23950053,68660364,4,1,0.2178,0.234,0.2131,0.3806,0.359
readmit30,23950053,70427958,5,0,0.3377,0.343,0.3707,0.4642,0.4218
readmit30,23954067,104414004,0,0,0.0671,0.1061,0.0611,0.4729,0.4363
readmit30,23954067,116735016,1,0,0.1122,0.1211,0.1369,0.3821,0.3439
readmit30,23956335,107301540,0,0,0.1087,0.1488,0.1282,0.4681,0.4361
readmit30,23956335,127758936,1,0,0.1769,0.1633,0.2284,0.3482,0.331
readmit30,23975055,155354958,0,1,0.103,0.0928,0.1191,0.4762,0.4407
readmit30,23975055,156936846,1,0,0.1243,0.1588,0.179,0.3776,0.3502
readmit30,23978133,128200662,0,0,0.077,0.0672,0.0884,0.4833,0.4474
readmit30,23978133,163296162,1,0,0.1086,0.0882,0.1203,0.3624,0.342
readmit30,23978133,182918340,2,0,0.1402,0.1316,0.17,0.3997,0.3815
readmit30,23980266,69918720,0,0,0.0873,0.0762,0.0853,0.4842,0.4499
readmit30,23980266,80737698,1,0,0.1158,0.0875,0.1044,0.375,0.3442
readmit30,23980266,103596246,2,0,0.1303,0.064,0.0755,0.4504,0.4124
readmit30,23986080,58940706,0,1,0.1385,0.115,0.1773,0.4722,0.4445
readmit30,23986080,60056922,1,1,0.1757,0.1591,0.1515,0.3552,0.3388
readmit30,23986080,60549366,2,0,0.2091,0.1866,0.1463,0.4487,0.4156
readmit30,23993037,123108834,0,0,0.0296,0.0323,0.0182,0.5024,0.4656
readmit30,23993037,157172592,1,0,0.0563,0.0669,0.0481,0.4182,0.3818
readmit30,23998185,46248108,0,0,0.0559,0.0554,0.0566,0.4869,0.4533
readmit30,23998185,52266132,1,1,0.1129,0.0663,0.0546,0.3566,0.3378
readmit30,23998185,52900650,2,0,0.2084,0.1812,0.2296,0.4447,0.4148
readmit30,23998185,56227620,3,0,0.1715,0.1431,0.1317,0.3617,0.378
readmit30,23998185,65580594,4,0,0.1913,0.1446,0.1713,0.3933,0.357
readmit30,24004449,82984626,0,1,0.0494,0.0338,0.0393,0.5035,0.4681
readmit30,24004449,84964560,1,0,0.1143,0.0986,0.0848,0.3751,0.3518
readmit30,24004449,98758692,2,0,0.12,0.087,0.0868,0.423,0.4022
readmit30,24014808,70965528,0,0,0.1146,0.0945,0.1376,0.4727,0.4395
readmit30,24014808,103986894,1,1,0.1783,0.1302,0.2533,0.4013,0.3569
readmit30,24014808,104505522,2,0,0.182,0.1342,0.2228,0.4276,0.4033
readmit30,24018885,96189042,0,0,0.1563,0.0947,0.1917,0.473,0.4428
readmit30,24018885,100371150,1,0,0.1774,0.1172,0.1757,0.3801,0.3407
readmit30,24029262,104274228,0,0,0.0668,0.047,0.0573,0.4903,0.4518
readmit30,24029262,178490724,1,0,0.152,0.1068,0.1282,0.3626,0.3395
readmit30,24034014,103307616,0,0,0.041,0.0471,0.0369,0.4914,0.452
readmit30,24034014,173745510,1,0,0.1515,0.0732,0.1358,0.4114,0.3733
readmit30,24036237,93999684,0,1,0.1116,0.1111,0.1249,0.4729,0.4361
readmit30,24036237,95256462,1,0,0.1855,0.1778,0.2164,0.412,0.3651
readmit30,24036237,104355618,2,1,0.1546,0.1612,0.1708,0.4295,0.3994
readmit30,24036237,105583452,3,1,0.1773,0.21,0.1815,0.3956,0.3917
readmit30,24036237,106920384,4,0,0.228,0.2451,0.2247,0.4283,0.3856
readmit30,24055182,53996556,0,0,0.1063,0.0905,0.1177,0.4633,0.4365
readmit30,24055182,71284980,1,0,0.1955,0.121,0.1913,0.3565,0.3325
readmit30,24079095,115800468,0,1,0.1921,0.0935,0.2792,0.4683,0.435
readmit30,24079095,116484774,1,0,0.2545,0.2695,0.3593,0.414,0.374
readmit30,24110847,117007428,0,0,0.0684,0.0416,0.0693,0.4952,0.4533
readmit30,24110847,123040680,1,0,0.1972,0.1878,0.2653,0.3415,0.3333
readmit30,24110847,152961912,2,0,0.1366,0.1213,0.1295,0.4386,0.3953
readmit30,24110847,161362272,3,0,0.1118,0.1011,0.1152,0.4011,0.3912
readmit30,24114879,59390562,0,0,0.0711,0.0605,0.0812,0.4842,0.4476
readmit30,24114879,66695058,1,0,0.1887,0.1189,0.2082,0.3504,0.3326
readmit30,24115563,146414802,0,0,0.0482,0.0323,0.0308,0.5041,0.4667
readmit30,24115563,153469914,1,0,0.0934,0.0467,0.0547,0.3972,0.3653
readmit30,24125868,140724204,0,0,0.073,0.0426,0.0686,0.4928,0.4549
readmit30,24125868,181629264,1,0,0.0689,0.0414,0.0494,0.4369,0.3945
readmit30,24129774,109866906,0,0,0.0506,0.0355,0.0452,0.5003,0.462
readmit30,24129774,174206166,1,0,0.0747,0.0736,0.0857,0.4029,0.3653
readmit30,24136605,22766604,0,1,0.0795,0.0338,0.0515,0.5051,0.4706
readmit30,24136605,24090006,1,0,0.1782,0.118,0.1756,0.3325,0.3364
readmit30,24150663,106837128,0,0,0.0735,0.0471,0.0799,0.4934,0.4568
readmit30,24150663,128450724,1,0,0.0899,0.0703,0.0894,0.3934,0.3553
readmit30,24174819,42942462,0,0,0.069,0.0426,0.0641,0.4939,0.4602
readmit30,24174819,92610462,1,0,0.1443,0.1062,0.1105,0.3584,0.3396
readmit30,24178320,97488606,0,0,0.1296,0.176,0.1976,0.4497,0.4271
readmit30,24178320,103405788,1,0,0.1191,0.1806,0.1567,0.3979,0.3539
readmit30,24178320,120960582,2,0,0.1063,0.1692,0.1179,0.4403,0.3911
readmit30,24181092,37083018,0,0,0.0899,0.0831,0.0921,0.4802,0.4436
readmit30,24181092,92494062,1,0,0.1221,0.0913,0.1502,0.4334,0.3714
readmit30,24181722,63940866,0,0,0.0682,0.0643,0.0751,0.4833,0.4445
readmit30,24181722,71582292,1,0,0.1603,0.1592,0.167,0.3486,0.3271
readmit30,24181722,85499364,2,0,0.1265,0.1758,0.1627,0.4093,0.385
readmit30,24185808,29210742,0,0,0.0737,0.0509,0.0637,0.491,0.453
readmit30,24185808,33857604,1,0,0.145,0.0985,0.1433,0.3767,0.3432
readmit30,24185808,44389140,2,0,0.1672,0.1563,0.1464,0.3846,0.3686
readmit30,24185808,66160860,3,0,0.1237,0.1581,0.1421,0.3936,0.3877
readmit30,24209856,33996072,0,0,0.0827,0.1081,0.1055,0.4661,0.436
readmit30,24209856,60796578,1,1,0.207,0.18,0.2686,0.3211,0.3146
readmit30,24209856,62770350,2,1,0.2236,0.3456,0.256,0.4514,0.4147
readmit30,24209856,64738278,3,0,0.3037,0.4374,0.3425,0.4355,0.4123
readmit30,24209856,81788214,4,1,0.2011,0.3301,0.2692,0.4244,0.3723
readmit30,24209856,83869698,5,1,0.2846,0.4744,0.3471,0.4746,0.4222
readmit30,24209856,84917100,6,1,0.3478,0.4848,0.4174,0.5049,0.4338
readmit30,24209856,84968082,7,0,0.3052,0.414,0.3441,0.456,0.4077
readmit30,24211863,106842552,0,0,0.0557,0.0517,0.0438,0.4934,0.457
readmit30,24211863,110611782,1,0,0.0972,0.0682,0.0676,0.3761,0.3471
readmit30,24213591,72228750,0,0,0.0994,0.0929,0.1166,0.475,0.4415
readmit30,24213591,76150356,1,0,0.1856,0.1321,0.1795,0.3676,0.3363
readmit30,24213591,86119602,2,0,0.1577,0.1476,0.1646,0.426,0.3952
readmit30,24214563,96663624,0,0,0.1154,0.0862,0.135,0.4738,0.4396
readmit30,24214563,161464368,1,0,0.0957,0.1057,0.1231,0.434,0.3791
readmit30,24220701,101367132,0,0,0.0629,0.0595,0.0761,0.4855,0.4533
readmit30,24220701,168484164,1,0,0.2177,0.1489,0.2346,0.3452,0.328
readmit30,24225822,69001992,0,0,0.1152,0.0974,0.1275,0.4805,0.4436
readmit30,24225822,81630876,1,0,0.1425,0.1222,0.1287,0.3741,0.3396
readmit30,24232068,108763158,0,0,0.0885,0.0594,0.0852,0.4899,0.4503
readmit30,24232068,156491382,1,0,0.1473,0.0717,0.1483,0.4064,0.3651
readmit30,24232068,185092608,2,0,0.1038,0.0666,0.0776,0.4216,0.3954
readmit30,24239736,110273514,0,1,0.0667,0.0459,0.0646,0.4968,0.456
readmit30,24239736,111360894,1,1,0.1246,0.1008,0.123,0.3783,0.3634
readmit30,24239736,113208564,2,0,0.2125,0.1402,0.1938,0.4389,0.4058
readmit30,24239736,130085754,3,0,0.1543,0.1255,0.1476,0.3541,0.3671
readmit30,24240690,37914306,0,0,0.0455,0.0326,0.0293,0.5028,0.466
readmit30,24240690,54286140,1,0,0.1082,0.0665,0.1227,0.3779,0.3521
readmit30,24240690,84035196,2,0,0.0672,0.0443,0.0456,0.5002,0.4492
readmit30,24244101,130396368,0,0,0.0519,0.0731,0.0573,0.4819,0.4415
readmit30,24244101,149211456,1,0,0.0866,0.0771,0.0762,0.4009,0.3478
readmit30,24257187,148882788,0,1,0.1308,0.0871,0.1509,0.4742,0.4381
readmit30,24257187,151404000,1,0,0.1747,0.2242,0.2095,0.4109,0.3672
readmit30,24257187,161617722,2,0,0.1452,0.237,0.1769,0.4139,0.3807
readmit30,24263271,110403186,0,0,0.0714,0.1134,0.0963,0.4665,0.4339
readmit30,24263271,143034186,1,0,0.1844,0.1374,0.2439,0.4259,0.37
readmit30,24266376,98232126,0,1,0.0747,0.0863,0.0782,0.4812,0.4431
readmit30,24266376,99182754,1,1,0.1937,0.1533,0.159,0.3446,0.3345
readmit30,24266376,99836058,2,0,0.2629,0.2775,0.2419,0.4827,0.4324
readmit30,24266376,147522498,3,0,0.1861,0.1223,0.3344,0.488,0.4311
readmit30,24266376,150380034,4,1,0.1318,0.1367,0.1049,0.3674,0.3417
readmit30,24266376,151733118,5,0,0.2484,0.226,0.2496,0.4897,0.4353
readmit30,24266376,186876468,6,0,0.2063,0.1334,0.1902,0.389,0.3625
readmit30,24269067,109727976,0,1,0.0793,0.0465,0.0721,0.4946,0.4567
readmit30,24269067,111556530,1,0,0.1237,0.0759,0.1092,0.4193,0.378
readmit30,24272919,170752254,0,0,0.0824,0.0749,0.0867,0.4863,0.445
readmit30,24272919,184503372,1,0,0.112,0.0442,0.0641,0.4253,0.3815
readmit30,24274575,52238586,0,0,0.0969,0.0873,0.1024,0.4788,0.4461
readmit30,24274575,103533288,1,0,0.1034,0.0808,0.1267,0.405,0.3588
readmit30,24277923,111079344,0,0,0.0695,0.0499,0.0715,0.493,0.4553
readmit30,24277923,113374398,1,0,0.1017,0.0611,0.0712,0.3661,0.3427
readmit30,24279696,101498982,0,0,0.0905,0.063,0.111,0.484,0.4457
readmit30,24279696,141220476,1,0,0.0715,0.0525,0.063,0.4273,0.3823
readmit30,24286599,128992806,0,1,0.0484,0.0648,0.0502,0.4809,0.4453
readmit30,24286599,129507234,1,0,0.1017,0.171,0.1435,0.3812,0.3556
readmit30,24289218,111168918,0,0,0.0406,0.0371,0.0367,0.5011,0.4673
readmit30,24289218,118802358,1,0,0.1528,0.1667,0.1641,0.3321,0.3267
readmit30,24304473,154535400,0,0,0.088,0.0661,0.0935,0.4861,0.4481
readmit30,24304473,159594750,1,0,0.1602,0.0909,0.1462,0.361,0.3339
readmit30,24319062,122823258,0,0,0.0626,0.0928,0.0806,0.4768,0.4385
readmit30,24319062,144033498,1,0,0.1043,0.1716,0.1362,0.3685,0.3327
readmit30,24319062,178195710,2,0,0.1404,0.1591,0.1606,0.4455,0.3945
readmit30,24319422,95714298,0,0,0.0951,0.0916,0.1193,0.4765,0.4445
readmit30,24319422,101583240,1,0,0.1195,0.129,0.1305,0.3545,0.3293
readmit30,24319422,113882640,2,1,0.1389,0.1655,0.1323,0.3888,0.3706
readmit30,24319422,114592884,3,0,0.1935,0.2657,0.2051,0.4019,0.3968
readmit30,24319422,123575256,4,1,0.1828,0.213,0.1702,0.4046,0.3649
readmit30,24319422,125172552,5,0,0.2296,0.3022,0.2512,0.4881,0.4265
readmit30,24329232,159802116,0,0,0.0582,0.0342,0.0477,0.503,0.4611
readmit30,24329232,170989500,1,0,0.0935,0.0412,0.055,0.3989,0.3657
readmit30,24331167,81219324,0,0,0.0753,0.0834,0.0791,0.4818,0.4447
readmit30,24331167,84446286,1,0,0.1413,0.1051,0.1464,0.3927,0.3546
readmit30,24333939,116885754,0,0,0.061,0.0439,0.0643,0.493,0.4537
readmit30,24333939,122279574,1,0,0.1186,0.118,0.1113,0.3584,0.343
readmit30,24345990,260892456,0,0,0.0874,0.1204,0.1049,0.461,0.432
readmit30,24345990,280576302,1,1,0.2149,0.1402,0.2213,0.363,0.3389
readmit30,24366528,130890714,0,0,0.1085,0.1133,0.1273,0.4744,0.4403
readmit30,24366528,155726622,1,0,0.1551,0.1341,0.1743,0.3699,0.3405
readmit30,24382089,141946014,0,1,0.0634,0.0638,0.0736,0.4799,0.4443
readmit30,24382089,142922034,1,0,0.1249,0.1339,0.1536,0.4017,0.3648
readmit30,24391584,104806326,0,0,0.1637,0.1222,0.1667,0.4742,0.439
readmit30,24391584,134886852,1,1,0.2237,0.1461,0.2276,0.3879,0.3438
readmit30,24391584,137762502,2,0,0.1708,0.1699,0.1622,0.4579,0.4223
readmit30,24393168,101871516,0,0,0.1245,0.098,0.1492,0.4751,0.4428
readmit30,24393168,110428974,1,0,0.103,0.0991,0.0886,0.3557,0.3307
readmit30,24401799,115523634,0,0,0.0636,0.1001,0.0999,0.4737,0.4372
readmit30,24401799,123815760,1,1,0.1068,0.1071,0.1342,0.3751,0.3392
readmit30,24401799,124459908,2,1,0.1839,0.1778,0.1982,0.4486,0.4202
readmit30,24401799,125297988,3,0,0.2351,0.2346,0.2367,0.3858,0.385
readmit30,24401799,128074950,4,1,0.2083,0.1839,0.19,0.3862,0.3522
readmit30,24401799,128363052,5,0,0.3707,0.3448,0.3888,0.4567,0.4225
readmit30,24401799,136714278,6,0,0.3261,0.2312,0.3138,0.448,0.3864
readmit30,24401799,145213956,7,0,0.312,0.2332,0.3011,0.3872,0.3722
readmit30,24401799,155122542,8,0,0.3005,0.3079,0.3213,0.433,0.3867
readmit30,24401799,165487206,9,0,0.3028,0.2604,0.3226,0.4146,0.3857
readmit30,24402258,45422196,0,0,0.0554,0.0367,0.0377,0.4987,0.463
readmit30,24402258,89527590,1,0,0.1121,0.0761,0.0948,0.3713,0.3525
readmit30,24404805,86499642,0,0,0.0581,0.0413,0.063,0.4944,0.4583
readmit30,24404805,92459634,1,0,0.1137,0.1139,0.1438,0.358,0.334
readmit30,24406911,176084418,0,1,0.0593,0.0553,0.0671,0.4883,0.4522
readmit30,24406911,178321902,1,0,0.1101,0.1256,0.1036,0.3669,0.3467
readmit30,24407892,97479942,0,0,0.1093,0.0896,0.1335,0.4733,0.4436
readmit30,24407892,107801646,1,0,0.1209,0.1293,0.1799,0.3772,0.3494
readmit30,24407892,121674216,2,0,0.1346,0.1068,0.16,0.4375,0.4038
readmit30,24407892,126304266,3,1,0.145,0.1223,0.1703,0.3566,0.3659
readmit30,24407892,128419554,4,0,0.2241,0.1691,0.2073,0.4131,0.377
readmit30,24412194,103784106,0,0,0.08,0.086,0.0885,0.4768,0.4432
readmit30,24412194,158208468,1,0,0.1057,0.069,0.118,0.4341,0.3718
readmit30,24417693,63658440,0,0,0.0818,0.0654,0.105,0.4809,0.4431
readmit30,24417693,88724094,1,1,0.1134,0.0778,0.0971,0.3978,0.3627
readmit30,24417693,89859708,2,0,0.1542,0.1202,0.1807,0.4313,0.4107
readmit30,24430419,106737342,0,0,0.0428,0.0478,0.038,0.5002,0.4631
readmit30,24430419,111201840,1,0,0.0826,0.067,0.069,0.3536,0.3368
readmit30,24430419,178515828,2,0,0.1153,0.0548,0.1154,0.4578,0.4111
readmit30,24437097,120166938,0,0,0.0766,0.0709,0.0837,0.4789,0.4423
readmit30,24437097,129256398,1,0,0.1306,0.1395,0.1667,0.3414,0.3257
readmit30,24441066,112279128,0,0,0.0515,0.0359,0.0588,0.4983,0.4642
readmit30,24441066,126786576,1,0,0.1223,0.0936,0.1398,0.3588,0.3402
readmit30,24453063,103112898,0,1,0.1876,0.1687,0.2325,0.4541,0.4307
readmit30,24453063,104057262,1,0,0.2413,0.2322,0.2842,0.4247,0.3668
readmit30,24478227,26878572,0,0,0.19,0.169,0.2588,0.4591,0.4305
readmit30,24478227,41651622,1,0,0.1468,0.1844,0.1948,0.3841,0.3375
readmit30,24483078,164307144,0,0,0.0674,0.0654,0.0811,0.4825,0.4448
readmit30,24483078,167519928,1,1,0.1101,0.101,0.1067,0.3712,0.3419
readmit30,24483078,168637986,2,0,0.2269,0.1931,0.2802,0.4499,0.4135
readmit30,24483825,106513422,0,0,0.0509,0.0364,0.0488,0.5039,0.4668
readmit30,24483825,131850102,1,0,0.0774,0.0464,0.0794,0.4277,0.3811
readmit30,24483825,169411806,2,0,0.1108,0.1001,0.1066,0.4336,0.4051
readmit30,24484401,112876734,0,0,0.0592,0.0315,0.0492,0.5034,0.4647
readmit30,24484401,116917044,1,0,0.0869,0.0682,0.0704,0.3722,0.3499
readmit30,24484464,138517122,0,1,0.0608,0.0466,0.0611,0.4947,0.454
readmit30,24484464,139531116,1,0,0.1118,0.0697,0.105,0.4258,0.3789
readmit30,24492195,86040522,0,0,0.0947,0.0723,0.1013,0.4802,0.4417
readmit30,24492195,89548194,1,0,0.1302,0.1435,0.1432,0.363,0.3361
readmit30,24492195,101762508,2,0,0.2057,0.1639,0.2355,0.4032,0.3806
readmit30,24492753,31536654,0,0,0.1529,0.1499,0.182,0.4653,0.437
readmit30,24492753,39063978,1,0,0.1599,0.1518,0.1972,0.3325,0.3199
readmit30,24494715,121836114,0,1,0.0707,0.0634,0.0715,0.4869,0.4482
readmit30,24494715,122014428,1,0,0.1501,0.1134,0.1415,0.3883,0.3607
readmit30,24494715,175382730,2,0,0.1181,0.0944,0.139,0.482,0.4272
readmit30,24499035,120656790,0,0,0.1067,0.2361,0.1371,0.455,0.4333
readmit30,24499035,124734732,1,0,0.1034,0.0947,0.1127,0.3955,0.3481
readmit30,24499035,133178700,2,0,0.1255,0.1189,0.1222,0.406,0.3957
readmit30,24499098,108266166,0,0,0.0618,0.0466,0.0699,0.4951,0.4565
readmit30,24499098,163382748,1,0,0.0975,0.0539,0.0858,0.4111,0.365
readmit30,24512868,56106606,0,0,0.1096,0.0929,0.1181,0.4766,0.4428
readmit30,24512868,102098088,1,0,0.0541,0.0473,0.0505,0.4416,0.3846
readmit30,24540165,98972922,0,1,0.1093,0.0494,0.0998,0.5039,0.4635
readmit30,24540165,99796476,1,0,0.3364,0.1762,0.4704,0.3106,0.3317
readmit30,24540165,105819636,2,0,0.1369,0.1319,0.1415,0.427,0.4024
readmit30,24540165,115851132,3,0,0.2105,0.2162,0.3452,0.3078,0.3473
readmit30,24540165,157838844,4,0,0.1136,0.0815,0.1539,0.5008,0.4245
readmit30,24549705,114372828,0,1,0.18,0.217,0.2705,0.4512,0.4285
readmit30,24549705,117368154,1,0,0.2238,0.2527,0.3438,0.4171,0.3654
readmit30,24552162,96367020,0,0,0.172,0.1524,0.1896,0.4667,0.4345
readmit30,24552162,104116746,1,0,0.1982,0.1722,0.2063,0.3615,0.3325
readmit30,24555195,99562566,0,0,0.0486,0.0496,0.0525,0.4905,0.4543
readmit30,24555195,108025098,1,0,0.1112,0.1253,0.1039,0.3425,0.3226
readmit30,24560082,102941382,0,0,0.0832,0.0646,0.0929,0.4757,0.4379
readmit30,24560082,163603914,1,0,0.1063,0.119,0.1028,0.3952,0.3556
readmit30,24577812,95331126,0,0,0.0592,0.0483,0.0606,0.4907,0.4517
readmit30,24577812,163820394,1,0,0.127,0.0688,0.1319,0.3813,0.3504
readmit30,24577812,180695814,2,0,0.1406,0.0738,0.1457,0.4246,0.394
readmit30,24596334,113136048,0,0,0.0625,0.067,0.0687,0.4832,0.4468
readmit30,24596334,118141596,1,0,0.1076,0.0924,0.1059,0.3682,0.3373
readmit30,24596334,132319944,2,0,0.1946,0.17,0.2592,0.3622,0.3677
readmit30,24601626,97276380,0,1,0.1144,0.1188,0.1599,0.4652,0.4349
readmit30,24601626,154181196,1,1,0.1317,0.1625,0.2085,0.4475,0.3858
readmit30,24601626,155806314,2,1,0.1504,0.1154,0.1671,0.4586,0.4157
readmit30,24601626,157199460,3,0,0.2347,0.2039,0.2215,0.3837,0.3882
readmit30,24601626,164732298,4,0,0.2027,0.2181,0.1968,0.4147,0.3704
readmit30,24619536,98346066,0,0,0.0513,0.033,0.0334,0.501,0.4647
readmit30,24619536,179137764,1,0,0.077,0.0575,0.0666,0.3937,0.3596
readmit30,24670386,103573188,0,0,0.0799,0.1007,0.096,0.4702,0.4351
readmit30,24670386,109172814,1,1,0.1064,0.1598,0.1421,0.3777,0.3439
readmit30,24670386,141462678,2,0,0.0955,0.2968,0.144,0.4862,0.4284
readmit30,24675966,104289528,0,0,0.0849,0.1024,0.1023,0.4711,0.4361
readmit30,24675966,119434266,1,0,0.1358,0.1054,0.1695,0.3754,0.3415
readmit30,24677901,102300318,0,0,0.0481,0.03,0.0347,0.5148,0.4848
readmit30,24677901,112028364,1,0,0.1611,0.0975,0.1413,0.3155,0.3323
readmit30,24697314,147051774,0,1,0.118,0.071,0.1271,0.4924,0.4576
readmit30,24697314,147894312,1,0,0.0515,0.1351,0.0346,0.3391,0.3255
readmit30,24726600,105613980,0,0,0.1086,0.0914,0.1261,0.4759,0.4396
readmit30,24726600,107987604,1,0,0.1909,0.2022,0.2155,0.3669,0.3367
readmit30,24738912,113967024,0,0,0.0741,0.0781,0.0905,0.4748,0.4427
readmit30,24738912,118163574,1,0,0.1179,0.1067,0.1174,0.3705,0.3358
readmit30,24741981,22256340,0,0,0.0925,0.0809,0.1003,0.4842,0.4467
readmit30,24741981,34820298,1,0,0.1232,0.1023,0.1069,0.3777,0.3398
readmit30,24750549,109101792,0,0,0.0564,0.0658,0.0585,0.4883,0.4504
readmit30,24750549,159091680,1,0,0.0918,0.0652,0.0697,0.3917,0.3543
readmit30,24753807,65508846,0,0,0.1027,0.0819,0.1123,0.4794,0.4433
readmit30,24753807,102855846,1,0,0.1049,0.1284,0.1165,0.3789,0.3437
readmit30,24764337,121514286,0,0,0.1376,0.1347,0.1797,0.4689,0.4355
readmit30,24764337,126943464,1,0,0.1009,0.1042,0.1139,0.3782,0.3445
readmit30,24764337,158336868,2,0,0.1285,0.1404,0.1127,0.4046,0.3816
readmit30,24785838,140097552,0,1,0.0701,0.0644,0.0681,0.4864,0.4457
readmit30,24785838,141224994,1,0,0.1158,0.1328,0.1023,0.391,0.3587
readmit30,24787638,109962054,0,1,0.0473,0.0384,0.0389,0.4951,0.4564
readmit30,24787638,110112228,1,0,0.0954,0.1219,0.1008,0.3782,0.3564
readmit30,24788205,60807516,0,0,0.155,0.0728,0.1414,0.4861,0.4464
readmit30,24788205,65587014,1,0,0.2146,0.1175,0.1961,0.3588,0.3345
readmit30,24788205,70474458,2,0,0.2637,0.1346,0.2685,0.3993,0.3807
readmit30,24800184,127078848,0,0,0.076,0.088,0.0928,0.4786,0.4421
readmit30,24800184,151678566,1,0,0.0998,0.1344,0.1638,0.3826,0.3422
readmit30,24802803,111052914,0,0,0.0779,0.0521,0.0766,0.4875,0.4461
readmit30,24802803,118749162,1,1,0.1269,0.1104,0.1524,0.3679,0.3454
readmit30,24805836,112098582,0,0,0.0712,0.0474,0.0742,0.4919,0.4511
readmit30,24805836,119850018,1,0,0.1582,0.1268,0.1285,0.3548,0.3354
readmit30,24822252,112448886,0,0,0.0711,0.0384,0.0631,0.499,0.4606
readmit30,24822252,180897588,1,0,0.0906,0.0499,0.0852,0.4244,0.3755
readmit30,24825015,112642188,0,0,0.0498,0.0429,0.0526,0.4949,0.4559
readmit30,24825015,117052710,1,0,0.0658,0.0628,0.0537,0.3929,0.3535
readmit30,24825015,132534432,2,0,0.1509,0.1242,0.1395,0.3687,0.3642
readmit30,24825339,113304192,0,0,0.1592,0.2208,0.165,0.4643,0.434
readmit30,24825339,127859202,1,1,0.131,0.1431,0.1617,0.3817,0.3441
readmit30,24833970,38205780,0,1,0.1126,0.105,0.126,0.4664,0.4335
readmit30,24833970,68292240,1,1,0.1909,0.2594,0.2237,0.3979,0.3625
readmit30,24833970,118201596,2,0,0.2258,0.2925,0.3232,0.4775,0.4214
readmit30,24833970,125386950,3,0,0.2309,0.2339,0.2632,0.369,0.3692
readmit30,24843537,114538206,0,0,0.1232,0.0848,0.1443,0.4788,0.4423
readmit30,24843537,122567904,1,0,0.0971,0.1663,0.1224,0.3395,0.3259
readmit30,24873165,56326788,0,1,0.1601,0.1186,0.1819,0.47,0.4382
readmit30,24873165,58193766,1,0,0.1524,0.194,0.2035,0.3947,0.3566
readmit30,24873165,72871122,2,0,0.1979,0.1349,0.246,0.4237,0.4014
readmit30,24873165,86042988,3,0,0.1613,0.1127,0.2199,0.4042,0.3931
readmit30,24873165,93326436,4,0,0.1734,0.1236,0.1726,0.4036,0.3681
readmit30,24873165,105745686,5,0,0.1805,0.1601,0.2045,0.3972,0.3832
readmit30,24880311,64669368,0,0,0.0961,0.0889,0.0931,0.48,0.4452
readmit30,24880311,82236204,1,0,0.1339,0.0914,0.1206,0.3803,0.3466
readmit30,24881940,116898258,0,0,0.0963,0.0696,0.1037,0.4827,0.4453
readmit30,24881940,125040390,1,0,0.1223,0.0849,0.1156,0.3754,0.3438
readmit30,24888339,89952576,0,0,0.0884,0.0998,0.0832,0.4709,0.4381
readmit30,24888339,104477520,1,0,0.1071,0.1254,0.1367,0.3982,0.357
readmit30,24894324,35578074,0,0,0.1499,0.1703,0.1664,0.4625,0.43
readmit30,24894324,63600948,1,0,0.2211,0.2111,0.2346,0.3674,0.3337
readmit30,24894324,90859296,2,0,0.2072,0.2005,0.2255,0.4268,0.3936
readmit30,24910875,121561206,0,0,0.0732,0.0681,0.1065,0.4857,0.4473
readmit30,24910875,124790358,1,1,0.1361,0.0743,0.1188,0.3764,0.3469
readmit30,24910875,126933756,2,0,0.263,0.1635,0.2764,0.3989,0.3868
readmit30,24914511,118487874,0,0,0.2336,0.2296,0.3033,0.4633,0.4385
readmit30,24914511,133386282,1,0,0.0866,0.0415,0.0426,0.4247,0.3758
readmit30,24928389,119757822,0,0,0.1024,0.0602,0.0865,0.4865,0.4489
readmit30,24928389,130090206,1,0,0.1431,0.1685,0.1667,0.3291,0.3265
readmit30,24930189,161388342,0,0,0.0678,0.0625,0.0736,0.4849,0.4461
readmit30,24930189,170424078,1,0,0.1322,0.1338,0.1192,0.3576,0.3316
readmit30,24932115,134806326,0,0,0.1033,0.1033,0.1059,0.4684,0.4335
readmit30,24932115,162540864,1,0,0.1445,0.1759,0.1788,0.3842,0.3509
readmit30,24932430,120034692,0,0,0.0775,0.0511,0.0801,0.4943,0.457
readmit30,24932430,147489300,1,0,0.097,0.049,0.061,0.3797,0.3497
readmit30,24933339,56509734,0,0,0.0684,0.0649,0.0577,0.4747,0.4425
readmit30,24933339,64548336,1,0,0.1671,0.1159,0.152,0.3586,0.3354
readmit30,24933339,73677714,2,1,0.1131,0.1386,0.112,0.4216,0.3981
readmit30,24933339,74632530,3,0,0.1738,0.1782,0.1467,0.3662,0.3817
readmit30,24933339,77919846,4,0,0.1926,0.1701,0.1511,0.3758,0.3528
readmit30,24934599,120178062,0,0,0.0626,0.0716,0.062,0.4805,0.4433
readmit30,24934599,161548776,1,0,0.0548,0.051,0.0495,0.4255,0.3768
readmit30,24938802,120204252,0,0,0.0429,0.0437,0.0349,0.4939,0.458
readmit30,24938802,125477754,1,0,0.0534,0.0489,0.0343,0.3966,0.3595
readmit30,24938802,175878330,2,0,0.0673,0.0623,0.0586,0.4475,0.4142
readmit30,24953526,21568086,0,0,0.1247,0.0951,0.133,0.4767,0.4412
readmit30,24953526,28134708,1,0,0.1473,0.1757,0.1722,0.3603,0.3375
readmit30,24954642,139027380,0,1,0.0772,0.0945,0.1016,0.4627,0.4337
readmit30,24954642,141476628,1,0,0.1796,0.2429,0.2732,0.411,0.3682
readmit30,24954642,154785924,2,0,0.1691,0.1532,0.1163,0.3953,0.3761
readmit30,24954642,158664000,3,0,0.2571,0.1888,0.2407,0.3557,0.3655
readmit30,24954642,161777838,4,0,0.2902,0.2038,0.2646,0.3933,0.3616
readmit30,24954642,168882750,5,0,0.3192,0.2146,0.2968,0.4073,0.3857
readmit30,24963102,164537658,0,0,0.0371,0.0358,0.0442,0.5077,0.4697
readmit30,24963102,171061212,1,1,0.0742,0.0764,0.067,0.3673,0.3395
readmit30,24963102,173517846,2,0,0.1136,0.1697,0.0908,0.4483,0.4272
readmit30,24969906,108376638,0,0,0.0626,0.0519,0.0674,0.4871,0.4475
readmit30,24969906,138062286,1,0,0.2055,0.1478,0.2074,0.3286,0.3237
readmit30,24979635,57124002,0,0,0.1759,0.1503,0.2114,0.4627,0.4318
readmit30,24979635,64441368,1,0,0.1851,0.1837,0.2508,0.3605,0.3288
readmit30,24996852,175010862,0,0,0.0699,0.0427,0.0617,0.4982,0.4607
readmit30,24996852,181992738,1,1,0.0989,0.092,0.0878,0.3468,0.3324
readmit30,24996852,182497194,2,0,0.1776,0.2193,0.1644,0.4096,0.4014
readmit30,25020162,134269986,0,0,0.0559,0.0479,0.0871,0.4967,0.4547
readmit30,25020162,167887716,1,0,0.1095,0.0833,0.0928,0.3809,0.3437
readmit30,25021449,129586512,0,0,0.1073,0.0753,0.1139,0.4865,0.447
readmit30,25021449,162710784,1,0,0.1479,0.098,0.1493,0.3675,0.3319
readmit30,25021449,173860164,2,0,0.1012,0.1025,0.0791,0.4174,0.3878
readmit30,25021449,182765604,3,0,0.1391,0.1898,0.1607,0.3234,0.3589
readmit30,25033500,130539924,0,0,0.0727,0.0824,0.069,0.4769,0.4379
readmit30,25033500,151005594,1,0,0.1387,0.0927,0.1228,0.3894,0.3468
readmit30,25033500,168722988,2,0,0.1218,0.1043,0.1478,0.4484,0.4078
readmit30,25034454,130613568,0,1,0.1077,0.1698,0.1316,0.4605,0.4323
readmit30,25034454,132443502,1,0,0.1646,0.2061,0.1999,0.3929,0.3565
readmit30,25035516,130714830,0,0,0.077,0.0527,0.0838,0.4889,0.4506
readmit30,25035516,153356706,1,0,0.0892,0.0698,0.08,0.3855,0.348
readmit30,25037244,128812440,0,1,0.109,0.0854,0.1063,0.4787,0.4424
readmit30,25037244,130097280,1,0,0.1179,0.0893,0.0776,0.4095,0.371
readmit30,25039467,64704042,0,0,0.0588,0.0563,0.0483,0.4889,0.4519
readmit30,25039467,99572304,1,0,0.107,0.0496,0.08,0.4152,0.3756
readmit30,25051131,140915142,0,0,0.0617,0.0408,0.0609,0.4971,0.4603
readmit30,25051131,165570612,1,1,0.1641,0.109,0.1485,0.3348,0.3212
readmit30,25051131,177522366,2,0,0.2377,0.1872,0.291,0.4144,0.4007
readmit30,25062282,137577102,0,0,0.1288,0.0896,0.1247,0.4803,0.4424
readmit30,25062282,155528232,1,0,0.1386,0.1415,0.1254,0.3603,0.3301
readmit30,25064397,181817058,0,1,0.1065,0.0688,0.1076,0.4797,0.441
readmit30,25064397,185628150,1,0,0.1439,0.1373,0.1513,0.3983,0.3634
readmit30,25073793,138635676,0,0,0.0533,0.0411,0.052,0.4944,0.4572
readmit30,25073793,190422696,1,0,0.0609,0.041,0.0436,0.4343,0.3876
readmit30,25084494,137487318,0,0,0.066,0.052,0.0697,0.4885,0.449
readmit30,25084494,148892742,1,0,0.1369,0.1307,0.1393,0.3458,0.3263
readmit30,25133724,141011550,0,0,0.0923,0.0677,0.0747,0.4912,0.4535
readmit30,25133724,159266328,1,0,0.0938,0.0989,0.0706,0.3385,0.3272
readmit30,25177419,155463630,0,1,0.1027,0.0885,0.1054,0.4781,0.4413
readmit30,25177419,158051646,1,0,0.1785,0.1644,0.2225,0.4035,0.3639
readmit30,25179813,59645940,0,0,0.1638,0.1751,0.2006,0.4603,0.4328
readmit30,25179813,90034686,1,1,0.2126,0.1185,0.2705,0.4121,0.3593
readmit30,25179813,106276548,2,0,0.1852,0.1434,0.1566,0.3931,0.385
readmit30,25202916,149231550,0,0,0.1402,0.113,0.1643,0.4702,0.4355
readmit30,25202916,163779258,1,0,0.1392,0.1445,0.1504,0.3674,0.3384
readmit30,25202916,166844208,2,1,0.1926,0.1576,0.1794,0.4187,0.3826
readmit30,25202916,181210482,3,1,0.2587,0.2374,0.249,0.3733,0.3864
readmit30,25202916,183129312,4,0,0.303,0.3084,0.3142,0.4484,0.3947
readmit30,25207164,150337200,0,0,0.0563,0.0501,0.0685,0.4898,0.4537
readmit30,25207164,184216926,1,0,0.0801,0.0543,0.0823,0.3976,0.3595
readmit30,25213329,160659618,0,0,0.1208,0.1096,0.13,0.4722,0.439
readmit30,25213329,175414020,1,1,0.1267,0.1438,0.1373,0.3569,0.3301
readmit30,25213329,178126884,2,0,0.1832,0.2017,0.1966,0.4288,0.4047
readmit30,25213365,150391452,0,1,0.0745,0.0867,0.0738,0.4836,0.4516
readmit30,25213365,152232072,1,0,0.0995,0.105,0.0675,0.3827,0.353
readmit30,25215048,169211340,0,1,0.0926,0.0672,0.0822,0.4866,0.4499
readmit30,25215048,177799530,1,0,0.1657,0.1117,0.1971,0.3581,0.3545
readmit30,25230285,157116336,0,0,0.0931,0.1721,0.1,0.46,0.4312
readmit30,25230285,161620950,1,0,0.1726,0.1641,0.199,0.3704,0.3315
readmit30,25246899,76504830,0,1,0.0729,0.0394,0.0402,0.502,0.4686
readmit30,25246899,77296806,1,0,0.1322,0.117,0.1012,0.3501,0.3423
readmit30,25279776,23333556,0,1,0.1272,0.1155,0.145,0.4733,0.4381
readmit30,25279776,23894484,1,0,0.1584,0.1564,0.1539,0.3871,0.3562
readmit30,25332399,21168168,0,1,0.1029,0.0986,0.1077,0.4806,0.448
readmit30,25332399,21927462,1,0,0.1383,0.1613,0.1353,0.358,0.3463
readmit30,25344387,165063372,0,1,0.0629,0.0734,0.0702,0.4837,0.4462
readmit30,25344387,165511404,1,0,0.1404,0.0988,0.1298,0.3986,0.3631
readmit30,25350579,166486974,0,0,0.0544,0.0338,0.0382,0.5005,0.4647
readmit30,25350579,176521914,1,0,0.1181,0.0997,0.1033,0.3398,0.3285
readmit30,25368930,179868882,0,0,0.077,0.0681,0.0892,0.475,0.4393
readmit30,25368930,184144824,1,0,0.1642,0.1541,0.1741,0.3518,0.3346
readmit30,25440489,179666136,0,0,0.06,0.0785,0.0902,0.4782,0.4515
readmit30,25440489,184097112,1,0,0.1299,0.1313,0.1359,0.3371,0.3183
readmit30,25521759,81868818,0,0,0.0733,0.0682,0.068,0.4839,0.4473
readmit30,25521759,85450860,1,0,0.1289,0.1194,0.1379,0.3664,0.339
readmit30,25521759,94285986,2,1,0.1729,0.1214,0.1815,0.4279,0.3962
readmit30,25521759,95059590,3,0,0.1778,0.1569,0.157,0.4045,0.4018
readmit30,25521759,97328232,4,0,0.1827,0.1525,0.1903,0.3855,0.3582
readmit30,25565193,31153296,0,0,0.1003,0.0723,0.0953,0.4875,0.4511
readmit30,25565193,48143226,1,0,0.1169,0.1164,0.1407,0.3568,0.3344
readmit30,25602759,82501152,0,0,0.0791,0.0753,0.0955,0.4857,0.4462
readmit30,25602759,85978020,1,0,0.1155,0.1134,0.1103,0.3909,0.3465
readmit30,25630164,20828520,0,0,0.1303,0.1114,0.1419,0.4738,0.4407
readmit30,25630164,24185814,1,0,0.1615,0.1188,0.193,0.3398,0.3301
readmit30,25630164,59403168,2,0,0.0954,0.0608,0.0862,0.5157,0.4496
readmit30,25630164,86410002,3,1,0.2129,0.1346,0.2017,0.3155,0.3444
readmit30,25630164,88608084,4,0,0.1919,0.17,0.1776,0.4367,0.3911
readmit30,25630164,96188640,5,1,0.2522,0.204,0.2721,0.3891,0.377
readmit30,25630164,97854126,6,0,0.2959,0.3048,0.3576,0.4301,0.4103
readmit30,25766334,54431202,0,0,0.1383,0.1117,0.1551,0.4699,0.4339
readmit30,25766334,58091574,1,0,0.1903,0.1839,0.2111,0.3472,0.3261
readmit30,25789221,45595176,0,0,0.1089,0.0744,0.1038,0.4817,0.4482
readmit30,25789221,67332000,1,0,0.1385,0.1095,0.1344,0.3688,0.3395
readmit30,25823484,105003792,0,1,0.1142,0.0683,0.1149,0.4899,0.4512
readmit30,25823484,105850350,1,0,0.1486,0.098,0.1371,0.374,0.3517
readmit30,25834608,89078244,0,1,0.0682,0.0488,0.0652,0.491,0.4525
readmit30,25834608,90468006,1,0,0.1242,0.1061,0.102,0.3777,0.3535
readmit30,25900407,21833580,0,0,0.125,0.0845,0.127,0.4812,0.4436
readmit30,25900407,67432314,1,0,0.1879,0.0893,0.1867,0.4105,0.3672
readmit30,25900407,70499682,2,1,0.1549,0.1186,0.1444,0.401,0.3758
readmit30,25956981,21090690,0,1,0.0688,0.0504,0.0538,0.4963,0.4586
readmit30,25956981,21517512,1,0,0.1208,0.1157,0.1149,0.358,0.3497
readmit30,25965054,21570294,0,0,0.0535,0.0509,0.0582,0.488,0.4504
readmit30,25965054,25991760,1,0,0.1937,0.1516,0.231,0.3327,0.3264
readmit30,25969050,38216544,0,0,0.0913,0.0753,0.0891,0.4826,0.4485
readmit30,25969050,105267612,1,0,0.1445,0.089,0.1893,0.3922,0.3597
readmit30,25969050,110197152,2,0,0.1584,0.0916,0.18,0.4116,0.3885
readmit30,25969833,22593024,0,0,0.064,0.0349,0.0499,0.5036,0.4654
readmit30,25969833,94443714,1,0,0.0664,0.0731,0.0545,0.4019,0.3665
readmit30,26004951,36538746,0,1,0.0541,0.0355,0.0382,0.5064,0.4719
readmit30,26004951,36935232,1,0,0.1052,0.0661,0.0642,0.3878,0.3596
readmit30,26014698,52463028,0,0,0.079,0.0608,0.0786,0.4821,0.4471
readmit30,26014698,64470216,1,0,0.0975,0.0688,0.111,0.38,0.3542
readmit30,26014698,91111242,2,0,0.1255,0.0992,0.1364,0.4138,0.3941
readmit30,26068302,56002158,0,0,0.0508,0.0344,0.0313,0.504,0.4678
readmit30,26068302,69346878,1,0,0.1214,0.0965,0.0845,0.3374,0.3238
readmit30,26077545,105748986,0,0,0.0737,0.0531,0.0709,0.4885,0.4518
readmit30,26077545,127568226,1,0,0.3093,0.1648,0.2895,0.3279,0.3187
readmit30,26084007,76682754,0,0,0.0688,0.058,0.046,0.4773,0.446
readmit30,26084007,145216830,1,0,0.0937,0.0854,0.095,0.3918,0.3615
readmit30,26100585,32662968,0,0,0.1157,0.0822,0.1331,0.4838,0.4484
readmit30,26100585,103527810,1,1,0.0971,0.0684,0.0934,0.4102,0.3674
readmit30,26100585,103986918,2,0,0.1665,0.116,0.169,0.4009,0.393
readmit30,26109666,32644158,0,1,0.0548,0.038,0.0552,0.4985,0.4614
readmit30,26109666,32908302,1,0,0.0814,0.0846,0.0748,0.4109,0.3758
readmit30,27160650,170944176,0,0,0.0613,0.0593,0.0712,0.4831,0.4464
readmit30,27160650,258222264,1,0,0.0894,0.075,0.118,0.4208,0.3741
readmit30,27160650,404895944,2,0,0.1268,0.0763,0.101,0.4096,0.3883
readmit30,27235746,96096552,0,0,0.0478,0.0277,0.0311,0.5099,0.4772
readmit30,27235746,98223048,1,0,0.1001,0.0704,0.0965,0.3585,0.3558
readmit30,27235746,111530562,2,0,0.1893,0.1397,0.2202,0.3746,0.3725
readmit30,27251892,174656802,0,0,0.1296,0.1763,0.1365,0.4546,0.4277
readmit30,27251892,209329656,1,0,0.1516,0.1809,0.1759,0.3674,0.3323
readmit30,27251892,319614212,2,0,0.2241,0.196,0.3452,0.5018,0.4341
readmit30,27635724,70328766,0,0,0.0832,0.0795,0.0703,0.4801,0.4456
readmit30,27635724,86529816,1,0,0.1175,0.0691,0.0962,0.3961,0.3559
readmit30,27698301,97240674,0,0,0.0471,0.0309,0.0507,0.5133,0.4833
readmit30,27698301,102187746,1,0,0.081,0.0772,0.0713,0.3554,0.3439
readmit30,27702117,87181536,0,1,0.0963,0.0683,0.1211,0.4832,0.4472
readmit30,27702117,89017044,1,0,0.2103,0.134,0.226,0.384,0.3591
readmit30,27702117,98205582,2,0,0.1847,0.1243,0.2292,0.4181,0.3905
readmit30,27702117,108447858,3,0,0.2377,0.1282,0.1841,0.355,0.3665
readmit30,27715518,45036588,0,0,0.2065,0.0844,0.2184,0.4838,0.449
readmit30,27715518,81469188,1,0,0.1027,0.0837,0.1371,0.3826,0.3502
readmit30,27715518,111736680,2,1,0.1882,0.1041,0.1963,0.409,0.391
readmit30,27725571,249172122,0,0,0.0803,0.0789,0.0953,0.4799,0.4454
readmit30,27725571,302597714,1,0,0.1032,0.0851,0.0989,0.3828,0.3494
readmit30,27761994,177234156,0,0,0.1847,0.0669,0.1806,0.4892,0.4523
readmit30,27761994,222547128,1,0,0.1245,0.0847,0.1977,0.3464,0.3363
readmit30,27761994,245592702,2,0,0.059,0.0664,0.0525,0.4453,0.4052
readmit30,27778428,199591746,0,0,0.0935,0.0709,0.0937,0.4857,0.4475
readmit30,27778428,224351880,1,0,0.1152,0.1105,0.1165,0.3656,0.3332
readmit30,27794448,45221292,0,0,0.1255,0.1074,0.1245,0.484,0.4518
readmit30,27794448,58107126,1,0,0.1244,0.1094,0.1092,0.3336,0.3212
readmit30,27858195,128282634,0,0,0.1311,0.1755,0.1872,0.4598,0.4296
readmit30,27858195,138741966,1,1,0.2962,0.2278,0.3274,0.3488,0.3279
readmit30,27860985,107386242,0,0,0.0744,0.0667,0.075,0.4836,0.444
readmit30,27860985,110521698,1,0,0.1243,0.1249,0.1262,0.3752,0.3418
readmit30,27889002,150408930,0,0,0.1079,0.1088,0.115,0.4773,0.4387
readmit30,27889002,153909948,1,0,0.2121,0.141,0.23,0.3637,0.3306
readmit30,27893916,163256526,0,0,0.1127,0.0953,0.1151,0.4797,0.4456
readmit30,27893916,175416570,1,0,0.1435,0.108,0.1229,0.3401,0.3288
readmit30,27917928,60130572,0,0,0.0914,0.0523,0.0881,0.49,0.4531
readmit30,27917928,63605394,1,0,0.0813,0.0819,0.0956,0.3547,0.3406
readmit30,27925353,91539228,0,1,0.0999,0.0752,0.1021,0.4854,0.4467
readmit30,27925353,91831464,1,0,0.1541,0.1139,0.1279,0.3784,0.3577
readmit30,27934875,86380722,0,0,0.0927,0.0722,0.0951,0.4872,0.4467
readmit30,27934875,106960458,1,0,0.1136,0.1106,0.1074,0.3654,0.3433
readmit30,27983430,309518924,0,1,0.1882,0.1408,0.2213,0.4559,0.4301
readmit30,27983430,383101130,1,0,0.1852,0.3001,0.1501,0.4518,0.38
readmit30,28079577,168757512,0,0,0.0884,0.0883,0.0936,0.4792,0.4417
readmit30,28079577,180358266,1,0,0.1007,0.118,0.1081,0.3791,0.3442
readmit30,28079577,186941154,2,0,0.0981,0.1609,0.091,0.3879,0.3732
readmit30,28152126,92115756,0,0,0.1614,0.0993,0.1772,0.4761,0.4396
readmit30,28152126,111020976,1,0,0.1192,0.1448,0.1073,0.3688,0.3375
readmit30,28185642,144789372,0,0,0.0815,0.0667,0.0831,0.4819,0.4441
readmit30,28185642,185897496,1,0,0.1261,0.0978,0.1553,0.3928,0.3508
readmit30,28185642,289109412,2,0,0.0759,0.06,0.0537,0.4812,0.4271
readmit30,28282203,166997670,0,0,0.0515,0.0557,0.0479,0.4864,0.4453
readmit30,28282203,373708712,1,0,0.1105,0.0769,0.1082,0.4138,0.3644
readmit30,28344510,165724200,0,0,0.0995,0.0974,0.1084,0.4789,0.4418
readmit30,28344510,192150138,1,0,0.1065,0.0833,0.0836,0.3966,0.3531
readmit30,28360278,153298716,0,0,0.0403,0.037,0.0288,0.5011,0.4609
readmit30,28360278,158835522,1,0,0.0886,0.0729,0.0636,0.3917,0.363
readmit30,28360278,181105170,2,1,0.1619,0.0676,0.066,0.4171,0.3959
readmit30,28360278,181607460,3,0,0.164,0.1564,0.0928,0.392,0.4021
readmit30,28379250,181857042,0,0,0.1038,0.0692,0.1007,0.4834,0.4479
readmit30,28379250,224471808,1,0,0.1395,0.1436,0.1577,0.3415,0.329
readmit30,28379349,141019044,0,0,0.0653,0.0685,0.0702,0.481,0.444
readmit30,28379349,147735804,1,0,0.1288,0.1043,0.127,0.3681,0.3379
readmit30,28379349,166177932,2,0,0.1486,0.1409,0.1485,0.401,0.3778
readmit30,28379349,319026572,3,0,0.1156,0.1194,0.161,0.4222,0.4002
readmit30,28428084,65822436,0,0,0.0955,0.058,0.0792,0.4895,0.4545
readmit30,28428084,108462804,1,1,0.079,0.0501,0.0793,0.4079,0.3692
readmit30,28428084,109279308,2,0,0.1016,0.0723,0.093,0.444,0.4183
readmit30,28469826,119310006,0,0,0.1493,0.1081,0.1814,0.4729,0.4379
readmit30,28469826,147294924,1,1,0.1446,0.1283,0.17,0.3928,0.3449
readmit30,28532295,115370466,0,0,0.0834,0.0664,0.0812,0.482,0.4464
readmit30,28532295,143876196,1,0,0.1024,0.1401,0.1029,0.3693,0.3364
readmit30,28532295,162090672,2,0,0.0933,0.1271,0.1081,0.4542,0.4033
readmit30,28532295,320768360,3,0,0.1205,0.1299,0.1006,0.368,0.3682
readmit30,28532295,383121236,4,1,0.0912,0.0917,0.1316,0.4679,0.401
readmit30,28532295,438440186,5,1,0.2072,0.1524,0.2267,0.4474,0.4078
readmit30,28567215,69533496,0,0,0.0909,0.0991,0.101,0.4769,0.4434
readmit30,28567215,87011124,1,0,0.1082,0.1055,0.1127,0.3731,0.3446
readmit30,28567215,98323338,2,0,0.1219,0.1079,0.1416,0.4319,0.3962
readmit30,28567215,104863884,3,0,0.1639,0.1328,0.1457,0.3396,0.3582
readmit30,28669275,124000056,0,0,0.1454,0.1182,0.1619,0.4723,0.4379
readmit30,28669275,127734210,1,0,0.1351,0.161,0.1607,0.361,0.3335
readmit30,28669275,130800102,2,0,0.1677,0.1757,0.195,0.411,0.3859
readmit30,28719144,75876132,0,1,0.0841,0.099,0.0874,0.4737,0.44
readmit30,28719144,77165400,1,0,0.1532,0.1505,0.1831,0.4052,0.3632
readmit30,28725633,146282946,0,0,0.0594,0.0642,0.0627,0.4879,0.4482
readmit30,28725633,150399198,1,0,0.1152,0.1129,0.1004,0.3718,0.3398
readmit30,28744758,90719070,0,1,0.0924,0.0345,0.062,0.5031,0.4677
readmit30,28744758,91626012,1,1,0.0938,0.0851,0.0803,0.3476,0.3496
readmit30,28744758,92314650,2,1,0.1526,0.2045,0.1547,0.4829,0.4321
readmit30,28744758,100734192,3,0,0.3417,0.3535,0.3748,0.3613,0.3785
readmit30,28778418,205147782,0,1,0.055,0.0385,0.0422,0.497,0.4609
readmit30,28778418,205687524,1,0,0.143,0.0998,0.0962,0.385,0.3594
readmit30,28863117,80733918,0,1,0.1625,0.1262,0.174,0.4721,0.4378
readmit30,28863117,82241856,1,1,0.2659,0.1671,0.3079,0.3928,0.3592
readmit30,28866168,164373288,0,1,0.3527,0.2858,0.467,0.4544,0.4392
readmit30,28866168,164915964,1,1,0.5151,0.1704,0.5389,0.4045,0.3664
readmit30,28866168,165012024,2,0,0.2702,0.2524,0.2313,0.4203,0.4039
readmit30,29039958,218628726,0,0,0.0527,0.0386,0.0405,0.5044,0.4674
readmit30,29039958,275128260,1,0,0.0496,0.0353,0.0188,0.4067,0.3803
readmit30,29079252,242710344,0,0,0.2002,0.1225,0.2149,0.4722,0.4363
readmit30,29079252,337888610,1,0,0.2809,0.1471,0.2805,0.4164,0.3623
readmit30,29152125,86500728,0,0,0.0524,0.0285,0.0274,0.5128,0.4808
readmit30,29152125,102269718,1,0,0.1241,0.0636,0.084,0.3644,0.3504
readmit30,29152125,104529582,2,0,0.1837,0.0852,0.115,0.3932,0.3915
readmit30,29164752,231668460,0,0,0.032,0.0301,0.0203,0.5063,0.4702
readmit30,29164752,267953562,1,0,0.1008,0.074,0.066,0.3667,0.3476
readmit30,29195586,230108946,0,1,0.2267,0.2148,0.2736,0.4672,0.44
readmit30,29195586,230796696,1,0,0.0866,0.0734,0.0656,0.4236,0.3806
readmit30,29199456,245552874,0,0,0.1017,0.0977,0.1146,0.4713,0.4418
readmit30,29199456,351420704,1,0,0.1392,0.1334,0.1384,0.3816,0.3417
readmit30,29206665,82771800,0,0,0.0488,0.038,0.0436,0.4997,0.4634
readmit30,29206665,97442082,1,0,0.1311,0.08,0.131,0.3625,0.346
readmit30,29302434,152309826,0,0,0.1275,0.0841,0.1426,0.4833,0.4437
readmit30,29302434,160781586,1,1,0.0992,0.1022,0.0855,0.35,0.3344
readmit30,29318211,87867120,0,0,0.1161,0.0622,0.1049,0.4893,0.4521
readmit30,29318211,97724604,1,1,0.1217,0.08,0.1001,0.3744,0.346
readmit30,29327787,165867906,0,0,0.1075,0.0704,0.1101,0.4813,0.4452
readmit30,29327787,267307518,1,1,0.1285,0.1023,0.1386,0.3923,0.3516
readmit30,29327787,268290234,2,1,0.1384,0.135,0.1255,0.4075,0.3885
readmit30,29327787,270011814,3,0,0.222,0.2009,0.2267,0.427,0.4113
readmit30,29388519,131834976,0,0,0.1209,0.1031,0.1423,0.4753,0.4407
readmit30,29388519,147813828,1,0,0.1244,0.1353,0.1492,0.3708,0.3366
readmit30,29418192,167087256,0,1,0.1014,0.081,0.1034,0.4763,0.4419
readmit30,29418192,170302416,1,1,0.1112,0.1271,0.0898,0.38,0.3487
readmit30,29418192,171210732,2,0,0.2138,0.1733,0.1734,0.4998,0.4449
readmit30,29464119,145182726,0,0,0.105,0.0808,0.1068,0.4815,0.4435
readmit30,29464119,166821930,1,1,0.0929,0.0792,0.0868,0.3939,0.351
readmit30,29464119,167106576,2,0,0.1625,0.1525,0.1537,0.4258,0.4038
readmit30,29464119,184756266,3,0,0.1599,0.1317,0.2233,0.3996,0.3888
readmit30,29464119,214274856,4,0,0.1577,0.1326,0.1431,0.3972,0.3683
readmit30,29464119,341346998,5,0,0.2617,0.1559,0.274,0.4292,0.3941
readmit30,29464119,367281422,6,0,0.1639,0.1261,0.1408,0.3977,0.3707
readmit30,29464119,409604930,7,1,0.221,0.1281,0.2672,0.4698,0.4204
readmit30,29491092,135975828,0,0,0.0934,0.1033,0.1182,0.4698,0.4357
readmit30,29491092,157405866,1,1,0.1709,0.1784,0.1754,0.3598,0.3369
readmit30,29491092,158582412,2,0,0.2244,0.2705,0.2336,0.4206,0.3965
readmit30,29556846,192240252,0,0,0.0556,0.0403,0.0452,0.4963,0.4579
readmit30,29556846,346622366,1,0,0.1486,0.0806,0.1174,0.3922,0.3542
readmit30,29636253,91959798,0,0,0.112,0.075,0.1175,0.4813,0.4452
readmit30,29636253,98323050,1,0,0.0851,0.0775,0.0649,0.381,0.3537
readmit30,29839869,176921466,0,0,0.0809,0.0709,0.091,0.4871,0.4474
readmit30,29839869,193681236,1,0,0.1169,0.093,0.1141,0.4057,0.3521
readmit30,30013245,305552876,0,0,0.1424,0.1106,0.1624,0.4711,0.4363
readmit30,30013245,398504246,1,1,0.1617,0.0984,0.1701,0.4055,0.3499
readmit30,30051153,240084744,0,0,0.0476,0.0368,0.0329,0.5033,0.4665
readmit30,30051153,269378076,1,0,0.1314,0.0843,0.1314,0.337,0.3278
readmit30,30059415,244280832,0,1,0.104,0.0707,0.1173,0.4826,0.443
readmit30,30059415,246961194,1,0,0.1065,0.1358,0.1088,0.3986,0.3642
readmit30,30215286,172408902,0,1,0.2003,0.0712,0.1897,0.4889,0.4514
readmit30,30215286,173002026,1,1,0.4286,0.118,0.3173,0.3621,0.3555
readmit30,30224430,145956888,0,0,0.0528,0.0566,0.0529,0.4846,0.4449
readmit30,30224430,162204900,1,0,0.1556,0.1249,0.161,0.3653,0.3397
readmit30,30224430,179145774,2,1,0.1968,0.1555,0.231,0.4188,0.3886
readmit30,30224430,181446132,3,1,0.2182,0.2289,0.2191,0.4025,0.3925
readmit30,30224430,182439516,4,0,0.3353,0.3271,0.3766,0.4371,0.3962
readmit30,30224430,191766714,5,1,0.2336,0.246,0.2487,0.4739,0.4116
readmit30,30224430,195233040,6,0,0.392,0.3458,0.4084,0.4526,0.4034
readmit30,30224430,245042160,7,1,0.3907,0.3055,0.4063,0.4612,0.403
readmit30,30224430,245535006,8,0,0.3229,0.3691,0.3394,0.5047,0.4312
readmit30,30224430,272123172,9,0,0.284,0.2312,0.2888,0.4431,0.3892
readmit30,30224430,353717786,10,0,0.2151,0.2336,0.2346,0.4576,0.3981
readmit30,30224430,392591522,11,0,0.3458,0.2493,0.3257,0.4351,0.3874
readmit30,30230082,319102592,0,0,0.278,0.2907,0.3531,0.4373,0.4255
readmit30,30230082,367829540,1,0,0.2008,0.2577,0.2841,0.4127,0.354
readmit30,30230082,391343534,2,0,0.1503,0.1699,0.1849,0.5057,0.429
readmit30,30256830,165650520,0,0,0.0497,0.0278,0.0275,0.5116,0.4768
readmit30,30256830,182358888,1,0,0.071,0.0409,0.0351,0.3974,0.3717
readmit30,30256830,252051018,2,0,0.1359,0.0516,0.1003,0.4506,0.4243
readmit30,30264570,107950524,0,1,0.0652,0.0969,0.0894,0.4754,0.4394
readmit30,30264570,109131414,1,0,0.1738,0.262,0.233,0.3987,0.3607
readmit30,30264570,111157668,2,0,0.2156,0.2168,0.2795,0.4132,0.3835
readmit30,30264570,117227184,3,0,0.2633,0.2317,0.2405,0.3683,0.3696
readmit30,30276144,143705298,0,0,0.0988,0.114,0.1118,0.4714,0.4364
readmit30,30276144,151767852,1,1,0.1581,0.1775,0.1759,0.3628,0.3353
readmit30,30276144,153116178,2,0,0.2201,0.3086,0.3355,0.4435,0.4172
readmit30,30276144,220853910,3,0,0.2037,0.2471,0.2937,0.4694,0.4165
readmit30,30276144,272377824,4,0,0.1524,0.1536,0.1335,0.3915,0.351
readmit30,30311280,148721214,0,0,0.0638,0.0949,0.0799,0.4733,0.4389
readmit30,30311280,164727300,1,0,0.1424,0.1446,0.1857,0.3727,0.3416
readmit30,30333924,258378624,0,0,0.0527,0.028,0.0259,0.5172,0.4879
readmit30,30333924,265054062,1,0,0.0971,0.0625,0.0475,0.3505,0.3461
readmit30,30406149,167573454,0,1,0.0551,0.0398,0.0411,0.493,0.4565
readmit30,30406149,168467526,1,1,0.1275,0.1348,0.1402,0.3714,0.3526
readmit30,30406149,172163394,2,1,0.2489,0.2339,0.2399,0.433,0.4079
readmit30,30472812,69394746,0,1,0.1957,0.1555,0.2376,0.4529,0.4302
readmit30,30472812,111913692,1,0,0.1247,0.2637,0.1698,0.4492,0.3808
readmit30,30474207,164723862,0,0,0.049,0.0364,0.0424,0.5005,0.4641
readmit30,30474207,173014488,1,1,0.1012,0.0834,0.0803,0.3518,0.3329
readmit30,30474207,175388568,2,1,0.1483,0.1953,0.206,0.4706,0.4267
readmit30,30474207,178859946,3,0,0.2023,0.2096,0.2568,0.4236,0.4085
readmit30,30474207,263907018,4,0,0.1317,0.09,0.1606,0.501,0.4207
readmit30,30526470,332609822,0,0,0.1914,0.1661,0.2146,0.4563,0.4282
readmit30,30526470,369691196,1,1,0.2869,0.6126,0.428,0.5676,0.4457
readmit30,30526470,393820688,2,1,0.138,0.2338,0.2411,0.4661,0.4052
readmit30,30547791,200096790,0,0,0.0487,0.0311,0.0297,0.5048,0.465
readmit30,30547791,411935726,1,0,0.1141,0.0435,0.0917,0.4055,0.3763
readmit30,30645117,241919082,0,0,0.061,0.0686,0.0724,0.4819,0.4434
readmit30,30645117,440842232,1,0,0.0584,0.0859,0.0585,0.4159,0.3596
readmit30,30656952,363720632,0,0,0.1141,0.0759,0.1235,0.475,0.4394
readmit30,30656952,391343948,1,1,0.1092,0.08,0.1032,0.4319,0.3757
readmit30,30656952,443775740,2,0,0.1377,0.1032,0.104,0.4288,0.4042
readmit30,30659625,62488848,0,0,0.0645,0.0433,0.0575,0.4923,0.4541
readmit30,30659625,87035556,1,0,0.1501,0.0924,0.1784,0.3518,0.3383
readmit30,30904929,154747674,0,0,0.0586,0.0487,0.0535,0.4892,0.4489
readmit30,30904929,256458576,1,0,0.1437,0.0851,0.1252,0.3913,0.3549
readmit30,30915810,203836956,0,0,0.0723,0.0556,0.0802,0.4875,0.4499
readmit30,30915810,235290216,1,0,0.0865,0.0804,0.0685,0.3723,0.3411
readmit30,30948714,269813592,0,0,0.0589,0.0346,0.0486,0.5035,0.4664
readmit30,30948714,280973952,1,0,0.1282,0.1,0.0933,0.3528,0.335
readmit30,31058568,247854594,0,0,0.0611,0.0325,0.0501,0.5031,0.4663
readmit30,31058568,288754230,1,0,0.0875,0.0766,0.0777,0.3492,0.3457
readmit30,31064490,153504102,0,0,0.0791,0.0459,0.0647,0.4959,0.4583
readmit30,31064490,223076838,1,0,0.1284,0.0839,0.0987,0.3825,0.356
readmit30,31127310,162514638,0,1,0.1228,0.0947,0.1625,0.4727,0.4413
readmit30,31127310,164299902,1,0,0.1044,0.1409,0.1065,0.3846,0.3565
readmit30,31127310,167270250,2,0,0.1654,0.1855,0.1847,0.4124,0.384
readmit30,31233519,153415674,0,0,0.08,0.0539,0.0864,0.4871,0.4523
readmit30,31233519,227765004,1,0,0.1736,0.0979,0.1776,0.3793,0.3499
readmit30,31237452,141678444,0,0,0.0848,0.066,0.087,0.4825,0.4428
readmit30,31237452,275334138,1,0,0.1541,0.1096,0.1486,0.3925,0.3515
readmit30,31355928,271695918,0,0,0.0641,0.0629,0.0701,0.4821,0.4443
readmit30,31355928,303676454,1,0,0.1897,0.1252,0.1817,0.3483,0.328
readmit30,31355928,333642164,2,0,0.2911,0.5403,0.3846,0.5712,0.4616
readmit30,31492026,142718904,0,0,0.052,0.056,0.0769,0.4899,0.4532
readmit30,31492026,203220372,1,0,0.1065,0.0629,0.0968,0.4266,0.3729
readmit30,31492026,221236308,2,0,0.0644,0.054,0.0302,0.4315,0.4063
readmit30,31492026,436129910,3,0,0.18,0.0655,0.1139,0.4012,0.3981
readmit30,31510116,193530360,0,0,0.1259,0.0806,0.1288,0.4808,0.4477
readmit30,31510116,219170544,1,0,0.2185,0.1048,0.1708,0.3426,0.3265
readmit30,31649796,152676462,0,0,0.1224,0.0598,0.1313,0.4861,0.4512
readmit30,31649796,289207740,1,0,0.0579,0.052,0.0479,0.4207,0.3737
readmit30,31665015,260022900,0,0,0.0793,0.0492,0.0652,0.4965,0.4568
readmit30,31665015,306751688,1,0,0.1263,0.0707,0.0952,0.3496,0.3395
readmit30,31665015,414329006,2,0,0.4608,0.5543,0.5185,0.5668,0.4661
readmit30,31667400,279469728,0,0,0.0447,0.0489,0.0442,0.5012,0.4617
readmit30,31667400,292579974,1,0,0.1069,0.0921,0.0959,0.3628,0.3292
readmit30,31749741,250026804,0,1,0.0608,0.0494,0.0624,0.4962,0.4565
readmit30,31749741,255843786,1,0,0.1588,0.1382,0.1471,0.3787,0.3511
readmit30,31764600,292974930,0,1,0.0545,0.0414,0.0561,0.5041,0.4712
readmit30,31764600,318955256,1,0,0.1097,0.065,0.0778,0.3815,0.3613
readmit30,31795785,242544936,0,1,0.1277,0.1133,0.1494,0.4707,0.436
readmit30,31795785,245858742,1,1,0.1639,0.1988,0.1871,0.4083,0.3661
readmit30,31795785,248023794,2,0,0.2187,0.201,0.2734,0.4367,0.4029
readmit30,31854177,69458340,0,0,0.1628,0.151,0.2011,0.4631,0.4321
readmit30,31854177,107685582,1,0,0.1889,0.149,0.2414,0.4063,0.3536
readmit30,31866552,252673134,0,0,0.0858,0.0732,0.1007,0.4833,0.4453
readmit30,31866552,410337920,1,1,0.1684,0.1466,0.2019,0.3428,0.3275
readmit30,31868739,129019188,0,1,0.0525,0.0478,0.0389,0.4944,0.455
readmit30,31868739,130775046,1,0,0.0989,0.1167,0.0845,0.3881,0.3592
readmit30,31953123,192610836,0,0,0.0765,0.0599,0.0783,0.485,0.4489
readmit30,31953123,248033952,1,0,0.127,0.1058,0.1206,0.358,0.333
readmit30,31953969,259211946,0,0,0.0496,0.0329,0.0175,0.5067,0.4722
readmit30,31953969,285860238,1,0,0.0916,0.0858,0.0812,0.3377,0.3257
readmit30,32076882,255771000,0,1,0.1294,0.0886,0.1434,0.4818,0.4428
readmit30,32076882,258905592,1,1,0.1813,0.1736,0.2194,0.3888,0.3537
readmit30,32114277,265966524,0,0,0.0495,0.0459,0.0488,0.4955,0.4576
readmit30,32114277,370184462,1,0,0.0597,0.062,0.0594,0.3965,0.3688
readmit30,32114277,417890534,2,0,0.1099,0.0903,0.0961,0.4165,0.3865
readmit30,32137875,264504048,0,0,0.0747,0.0533,0.0621,0.4888,0.4496
readmit30,32137875,276393390,1,0,0.1378,0.1176,0.1271,0.3489,0.3275
readmit30,32149953,236557128,0,0,0.0661,0.0721,0.0945,0.4806,0.4453
readmit30,32149953,287696184,1,0,0.1206,0.1548,0.1416,0.3518,0.327
readmit30,32219910,168637596,0,0,0.1222,0.0688,0.1048,0.4856,0.447
readmit30,32219910,181781220,1,0,0.1373,0.1041,0.1187,0.3567,0.3301
readmit30,32219910,228379242,2,1,0.1205,0.1244,0.1248,0.425,0.3972
readmit30,32219910,229607946,3,0,0.1768,0.1862,0.1455,0.3922,0.392
readmit30,32219910,263656728,4,1,0.1827,0.1487,0.1724,0.3857,0.356
readmit30,32287230,170132778,0,1,0.1647,0.1442,0.1754,0.4627,0.4311
readmit30,32287230,173885568,1,1,0.2606,0.2769,0.3565,0.4167,0.3609
readmit30,32479083,153676080,0,0,0.0553,0.0326,0.0524,0.5066,0.4709
readmit30,32479083,176339400,1,1,0.3069,0.1582,0.403,0.3174,0.3125
readmit30,32479083,176713464,2,0,0.2205,0.2396,0.2601,0.4366,0.4173
readmit30,32484429,129357348,0,0,0.0496,0.0312,0.0392,0.5048,0.468
readmit30,32484429,140877264,1,1,0.103,0.1099,0.0821,0.328,0.3202
readmit30,32484429,142069422,2,0,0.1554,0.1768,0.1509,0.4724,0.4291
readmit30,32631093,246673884,0,0,0.0723,0.0617,0.0747,0.4865,0.4459
readmit30,32631093,263714808,1,1,0.1238,0.0963,0.1172,0.3931,0.3471
readmit30,32631093,269314782,2,0,0.2011,0.213,0.2616,0.4288,0.4005
readmit30,32631093,283024488,3,0,0.1983,0.3126,0.2272,0.3582,0.371
readmit30,32631093,301927862,4,0,0.3134,0.2422,0.3809,0.3849,0.3589
readmit30,32704416,323195696,0,0,0.0628,0.0898,0.1202,0.4689,0.438
readmit30,32704416,404960918,1,0,0.0913,0.0666,0.1226,0.4168,0.3708
readmit30,32711382,147849078,0,0,0.0592,0.0595,0.0474,0.4872,0.4508
readmit30,32711382,154179048,1,0,0.1637,0.1212,0.1389,0.3163,0.3167
readmit30,32740785,232299048,0,1,0.0526,0.0506,0.0538,0.4862,0.4485
readmit30,32740785,232875990,1,0,0.1223,0.0901,0.0907,0.4049,0.3676
readmit30,32752971,264873792,0,0,0.183,0.0845,0.169,0.4826,0.442
readmit30,32752971,364985834,1,0,0.1018,0.1181,0.087,0.3711,0.3492
readmit30,32848758,116204136,0,0,0.0772,0.0516,0.0744,0.4903,0.4479
readmit30,32848758,255057456,1,0,0.0819,0.0616,0.0821,0.4191,0.3793
readmit30,32906232,274031154,0,1,0.1001,0.0646,0.116,0.4789,0.4436
readmit30,32906232,284142204,1,1,0.1525,0.1566,0.2248,0.3818,0.3595
readmit30,32906232,290594628,2,0,0.2925,0.2619,0.3883,0.4377,0.4103
readmit30,32906232,341927048,3,1,0.4299,0.2777,0.5374,0.3597,0.3788
readmit30,32906232,353765624,4,1,0.5678,0.3847,0.6482,0.4334,0.3955
readmit30,32906232,368449154,5,1,0.6511,0.5177,0.8464,0.4999,0.4475
readmit30,32906232,423793322,6,0,0.58,0.4737,0.7601,0.4777,0.4222
readmit30,32915088,263375172,0,0,0.0904,0.0614,0.0803,0.4877,0.4477
readmit30,32915088,269547354,1,0,0.1314,0.1127,0.11,0.366,0.3319
readmit30,32915088,290668836,2,0,0.164,0.1565,0.1433,0.4088,0.3848
readmit30,32916834,156514746,0,0,0.0773,0.0775,0.0895,0.4844,0.4455
readmit30,32916834,166556568,1,0,0.0902,0.0985,0.0971,0.3847,0.3473
readmit30,32916834,200397960,2,0,0.1547,0.1493,0.1606,0.3962,0.3755
readmit30,32980140,329042066,0,0,0.0621,0.0662,0.0675,0.4893,0.4468
readmit30,32980140,380894678,1,0,0.132,0.1189,0.1254,0.3756,0.3433
readmit30,33000174,232703874,0,1,0.3111,0.3041,0.42,0.4609,0.4438
readmit30,33000174,237393402,1,0,0.0973,0.0958,0.0885,0.383,0.3559
readmit30,33005223,246936438,0,0,0.0915,0.0795,0.1062,0.4815,0.4425
readmit30,33005223,287272518,1,0,0.1433,0.0984,0.1472,0.3942,0.356
readmit30,33005223,410189804,2,0,0.1758,0.1213,0.1708,0.3958,0.3772
readmit30,33069474,238271124,0,0,0.1275,0.0854,0.1363,0.4825,0.4425
readmit30,33069474,247869696,1,0,0.1786,0.1401,0.2098,0.3745,0.341
readmit30,33069474,261759054,2,0,0.1845,0.1173,0.1936,0.4232,0.3882
readmit30,33105717,248352810,0,1,0.0672,0.0588,0.0655,0.4935,0.4525
readmit30,33105717,250254480,1,0,0.1459,0.1386,0.1625,0.3627,0.3418
readmit30,33105717,258078138,2,0,0.1732,0.1622,0.1861,0.4265,0.3883
readmit30,33105717,277405242,3,1,0.3116,0.1741,0.2883,0.3586,0.3667
readmit30,33105717,280937328,4,0,0.3995,0.2486,0.3731,0.4582,0.398
readmit30,33108129,293742692,0,0,0.137,0.1714,0.1674,0.4499,0.4289
readmit30,33108129,321899792,1,0,0.5171,0.6091,0.5977,0.5815,0.4523
readmit30,33108129,402009338,2,0,0.1203,0.206,0.2302,0.4721,0.4047
readmit30,33119388,246643218,0,0,0.0586,0.0374,0.053,0.4972,0.462
readmit30,33119388,280652286,1,0,0.077,0.0558,0.042,0.392,0.3583
readmit30,33128955,244831518,0,0,0.4084,0.1715,0.4728,0.4742,0.4432
readmit30,33128955,254471160,1,0,0.0788,0.0635,0.0611,0.4057,0.3661
readmit30,33194403,253822380,0,0,0.1105,0.1014,0.1238,0.4775,0.4383
readmit30,33194403,291700302,1,0,0.2395,0.1693,0.2249,0.3487,0.3254
readmit30,33203835,290906748,0,0,0.1776,0.137,0.1997,0.4698,0.4363
readmit30,33203835,322492436,1,0,0.1599,0.162,0.1971,0.3586,0.3324
readmit30,33221943,238437084,0,0,0.0581,0.042,0.0567,0.4999,0.4599
readmit30,33221943,244255290,1,0,0.1036,0.1085,0.0886,0.3525,0.3294
readmit30,33231492,264145662,0,1,0.064,0.0341,0.0544,0.5001,0.4637
readmit30,33231492,265121388,1,0,0.1045,0.0725,0.0944,0.4127,0.383
readmit30,33281433,191827926,0,0,0.0651,0.0527,0.0779,0.4892,0.4516
readmit30,33281433,209958414,1,0,0.1124,0.0989,0.1141,0.3647,0.3346
readmit30,33310782,249732888,0,0,0.0584,0.0342,0.0404,0.505,0.4664
readmit30,33310782,259412646,1,0,0.2103,0.0944,0.1589,0.3268,0.3348
readmit30,33310782,316594796,2,0,0.1334,0.1779,0.2048,0.3458,0.3737
readmit30,33319053,267838290,0,0,0.1122,0.0696,0.1144,0.4783,0.4403
readmit30,33319053,276845742,1,0,0.1257,0.1123,0.1368,0.3874,0.351
readmit30,33319053,414359156,2,0,0.141,0.1186,0.1357,0.412,0.3845
readmit30,33450327,181097196,0,1,0.0916,0.0729,0.1183,0.4833,0.4497
readmit30,33450327,196697448,1,0,0.2113,0.1413,0.2588,0.3633,0.3504
readmit30,33456078,272572860,0,1,0.1848,0.0823,0.1545,0.4833,0.4444
readmit30,33456078,276037974,1,1,0.1506,0.1402,0.2323,0.3881,0.356
readmit30,33456078,282594174,2,0,0.2131,0.2389,0.2851,0.4689,0.4261
readmit30,33480036,247227408,0,1,0.0721,0.0693,0.0915,0.4887,0.4469
readmit30,33480036,270001638,1,0,0.1795,0.148,0.1853,0.3726,0.3508
readmit30,33553044,147172056,0,1,0.0548,0.0388,0.0684,0.4995,0.4636
readmit30,33553044,147746232,1,0,0.1302,0.1339,0.1969,0.4312,0.3828
readmit30,33553044,251095050,2,0,0.1629,0.125,0.2412,0.4625,0.4206
readmit30,33553044,258289326,3,0,0.2058,0.1694,0.2324,0.3468,0.3634
readmit30,33553503,250053312,0,1,0.0525,0.0407,0.0438,0.5029,0.4636
readmit30,33553503,251710470,1,0,0.0713,0.0551,0.0409,0.4138,0.3796
readmit30,33638427,254552112,0,0,0.0599,0.0352,0.0475,0.5011,0.4616
readmit30,33638427,264164430,1,0,0.1342,0.1147,0.1076,0.3203,0.3222
readmit30,33664266,280893498,0,0,0.0567,0.0357,0.0458,0.5029,0.4654
readmit30,33664266,375483956,1,0,0.1154,0.0891,0.0936,0.3587,0.3368
readmit30,33679899,213632508,0,0,0.1035,0.052,0.0886,0.4992,0.4631
readmit30,33679899,243203436,1,0,0.1003,0.0957,0.0718,0.3426,0.331
readmit30,33679899,267642588,2,0,0.0999,0.1291,0.0886,0.3663,0.3709
readmit30,33686028,283007262,0,0,0.0576,0.0617,0.0602,0.4869,0.4479
readmit30,33686028,379629914,1,0,0.1252,0.0839,0.1067,0.3859,0.351
readmit30,33691590,164020878,0,0,0.1407,0.0937,0.1129,0.4687,0.435
readmit30,33691590,166850952,1,0,0.2057,0.1229,0.195,0.3638,0.3351
readmit30,33691590,231799080,2,0,0.1319,0.1233,0.1563,0.5032,0.4378
readmit30,33727752,265643784,0,1,0.0588,0.0577,0.0732,0.4854,0.4465
readmit30,33727752,271244574,1,0,0.0828,0.0777,0.0758,0.4345,0.389
readmit30,33768522,111682872,0,0,0.0594,0.0727,0.063,0.4842,0.4476
readmit30,33768522,163007208,1,0,0.0638,0.0429,0.037,0.4466,0.3904
readmit30,33768522,208274430,2,0,0.0976,0.0982,0.0799,0.3762,0.3735
readmit30,33826518,259548024,0,0,0.0593,0.0484,0.0608,0.4953,0.454
readmit30,33826518,300872018,1,0,0.1103,0.0969,0.099,0.3613,0.3376
readmit30,33906141,149599074,0,0,0.0646,0.0454,0.0657,0.4947,0.4545
readmit30,33906141,160329330,1,0,0.1545,0.1088,0.1405,0.3434,0.3297
readmit30,33906141,173878086,2,0,0.2333,0.1177,0.2752,0.4382,0.4088
readmit30,33906141,186454338,3,0,0.1415,0.1318,0.1247,0.3501,0.363
readmit30,33906141,274339452,4,0,0.1284,0.0867,0.1147,0.487,0.4176
readmit30,33906141,384408632,5,0,0.1221,0.0887,0.0884,0.4091,0.3821
readmit30,33915915,237251022,0,0,0.1194,0.0958,0.1329,0.4736,0.4387
readmit30,33915915,251865330,1,0,0.0976,0.1525,0.1118,0.3566,0.3319
readmit30,33947649,145090254,0,0,0.0978,0.0663,0.1022,0.4807,0.443
readmit30,33947649,153051288,1,0,0.1332,0.1035,0.132,0.381,0.349
readmit30,33961356,267574080,0,0,0.0464,0.0354,0.0192,0.5074,0.4716
readmit30,33961356,434390012,1,0,0.0785,0.0561,0.0572,0.3631,0.3505
readmit30,34008795,117027294,0,0,0.1189,0.0813,0.0982,0.4731,0.4353
readmit30,34008795,122239980,1,0,0.1321,0.1526,0.1235,0.3456,0.3269
readmit30,34135434,257360460,0,0,0.0394,0.0283,0.015,0.5118,0.4771
readmit30,34135434,332541386,1,0,0.0694,0.0585,0.0244,0.3554,0.3463
readmit30,34174368,282141030,0,0,0.0709,0.0538,0.0689,0.4935,0.4533
readmit30,34174368,298515530,1,0,0.1483,0.1142,0.1346,0.3541,0.3304
readmit30,34245243,114768828,0,0,0.0449,0.0333,0.0347,0.5005,0.4665
readmit30,34245243,176177904,1,0,0.0854,0.0692,0.0798,0.3859,0.3524
readmit30,34248078,117817230,0,0,0.0575,0.0513,0.0657,0.4857,0.4525
readmit30,34248078,237231294,1,0,0.1312,0.0996,0.1638,0.3785,0.3488
readmit30,34248078,302537570,2,0,0.125,0.1301,0.1492,0.4077,0.3787
readmit30,34248249,305486972,0,0,0.2119,0.1694,0.267,0.4526,0.4294
readmit30,34248249,339071918,1,0,0.2563,0.2359,0.3066,0.3537,0.3301
readmit30,34248249,436066016,2,0,0.3381,0.5555,0.4709,0.6202,0.4864
readmit30,34289037,114477882,0,0,0.1019,0.0773,0.111,0.482,0.4453
readmit30,34289037,171940482,1,0,0.1134,0.1029,0.1182,0.4042,0.3538
readmit30,34318305,159842844,0,0,0.1393,0.1098,0.1685,0.4773,0.4408
readmit30,34318305,248425926,1,0,0.1026,0.0992,0.1063,0.408,0.3595
readmit30,34449615,191423394,0,0,0.1299,0.1093,0.1738,0.4798,0.4519
readmit30,34449615,201489732,1,0,0.1231,0.1308,0.1364,0.3363,0.3199
readmit30,34479522,128866614,0,0,0.1476,0.1392,0.1897,0.4565,0.4323
readmit30,34479522,137372358,1,0,0.3604,0.2465,0.5041,0.3631,0.3395
readmit30,34548651,151034748,0,0,0.0794,0.0628,0.0603,0.4853,0.4486
readmit30,34548651,188282898,1,0,0.118,0.0985,0.0974,0.3784,0.3435
readmit30,34622037,241350762,0,0,0.0653,0.0338,0.0459,0.5046,0.4717
readmit30,34622037,262574934,1,0,0.1139,0.0949,0.089,0.3239,0.3216
readmit30,34795629,199388340,0,0,0.107,0.1209,0.1157,0.4726,0.4403
readmit30,34795629,206762568,1,1,0.1206,0.1305,0.099,0.3542,0.3272
readmit30,34910028,199460982,0,0,0.2096,0.1888,0.2164,0.477,0.451
readmit30,34910028,238619076,1,0,0.1403,0.1065,0.1252,0.343,0.3271
readmit30,34937694,144772272,0,0,0.1213,0.114,0.1404,0.4653,0.4342
readmit30,34937694,166419390,1,0,0.1866,0.1648,0.1754,0.3486,0.3229
readmit30,34937694,277503798,2,1,0.1353,0.1841,0.1908,0.5079,0.4335
readmit30,34937694,280031112,3,0,0.2166,0.1403,0.23,0.386,0.3901
readmit30,34971300,143647932,0,1,0.0368,0.0292,0.0252,0.5107,0.4749
readmit30,34971300,146385132,1,0,0.0905,0.0588,0.0715,0.402,0.3737
readmit30,35001306,273774918,0,0,0.1104,0.1081,0.126,0.4707,0.4367
readmit30,35001306,356115740,1,0,0.1465,0.1466,0.1602,0.3663,0.3343
readmit30,35028576,118392180,0,0,0.0246,0.0282,0.0117,0.5166,0.485
readmit30,35028576,258961344,1,0,0.0366,0.0444,0.0269,0.4168,0.3883
readmit30,35160300,187904640,0,0,0.0689,0.0775,0.0776,0.4833,0.4439
readmit30,35160300,268693824,1,0,0.1148,0.1089,0.13,0.4294,0.3761
readmit30,35160300,316171910,2,0,0.1418,0.112,0.1343,0.3997,0.3797
readmit30,35241633,274896336,0,0,0.0791,0.0587,0.0665,0.4874,0.4477
readmit30,35241633,371944124,1,0,0.0922,0.0937,0.0858,0.3504,0.3334
readmit30,35312427,157613700,0,0,0.0612,0.0454,0.0596,0.4916,0.4529
readmit30,35312427,164163306,1,0,0.1079,0.0573,0.0481,0.3823,0.3547
readmit30,35342928,122803668,0,0,0.0518,0.0527,0.046,0.4959,0.453
readmit30,35342928,229483878,1,0,0.0621,0.0505,0.0335,0.4146,0.3711
readmit30,35368713,155217726,0,1,0.1715,0.1178,0.1681,0.4591,0.4375
readmit30,35368713,157483512,1,0,0.2138,0.3242,0.2124,0.4012,0.3677
readmit30,35409825,240906246,0,0,0.1203,0.0773,0.1341,0.4852,0.4478
readmit30,35409825,326718914,1,0,0.1252,0.097,0.1109,0.3601,0.34
readmit30,35500725,244092342,0,0,0.074,0.07,0.0863,0.4844,0.4464
readmit30,35500725,383090036,1,0,0.0971,0.0992,0.1129,0.3842,0.3468
readmit30,35522037,284224524,0,0,0.0531,0.047,0.0442,0.4924,0.456
readmit30,35522037,297760670,1,0,0.0863,0.0756,0.0429,0.3484,0.3351
readmit30,35532135,158093514,0,1,0.057,0.0356,0.0749,0.5025,0.4656
readmit30,35532135,158619210,1,0,0.0858,0.0481,0.0947,0.4337,0.3955
readmit30,35556426,130557798,0,0,0.0788,0.1013,0.087,0.4737,0.4364
readmit30,35556426,137071812,1,1,0.1211,0.1557,0.1212,0.3638,0.335
readmit30,35556426,140260770,2,1,0.2343,0.276,0.3476,0.469,0.4267
readmit30,35556426,141015522,3,0,0.2902,0.302,0.2754,0.3987,0.3936
readmit30,35637210,258515514,0,0,0.0644,0.0646,0.0758,0.4884,0.45
readmit30,35637210,300723482,1,1,0.1145,0.0961,0.1007,0.3938,0.3487
readmit30,35637210,347806244,2,0,0.1578,0.1738,0.1486,0.4909,0.4418
readmit30,35637210,349082084,3,0,0.2191,0.1262,0.1916,0.3801,0.3774
readmit30,35637210,356126456,4,0,0.1476,0.1105,0.1047,0.3992,0.3607
readmit30,35637210,405605366,5,1,0.1784,0.1373,0.1396,0.4394,0.4022
readmit30,35640126,251080914,0,0,0.0671,0.0435,0.0631,0.4985,0.4597
readmit30,35640126,421469618,1,0,0.0903,0.0617,0.077,0.3797,0.3536
readmit30,35650539,259088370,0,0,0.0754,0.0486,0.0603,0.4943,0.4557
readmit30,35650539,291969690,1,0,0.1173,0.0853,0.0825,0.3511,0.3355
readmit30,35658018,255167292,0,1,0.0523,0.0319,0.0308,0.5056,0.4692
readmit30,35658018,256669062,1,0,0.102,0.0425,0.0462,0.424,0.3901
readmit30,35693802,121859052,0,0,0.0274,0.0307,0.0195,0.5112,0.4778
readmit30,35693802,260399490,1,0,0.0787,0.0389,0.0572,0.4336,0.3906
readmit30,35765397,121875330,0,1,0.0459,0.0488,0.0481,0.4909,0.454
readmit30,35765397,123813282,1,1,0.1582,0.156,0.1563,0.3766,0.3543
readmit30,35815545,155328534,0,1,0.2595,0.1797,0.232,0.4753,0.4451
readmit30,35815545,157214892,1,0,0.2192,0.2831,0.2919,0.3351,0.3372
readmit30,35879364,81837306,0,1,0.1736,0.0832,0.1478,0.4749,0.4452
readmit30,35879364,97087128,1,0,0.2043,0.2009,0.2712,0.3474,0.3541
readmit30,35927622,145462056,0,0,0.0672,0.0555,0.0649,0.4911,0.4514
readmit30,35927622,155462922,1,0,0.1241,0.115,0.1123,0.3519,0.3327
readmit30,35927622,425602040,2,0,0.1738,0.1414,0.201,0.4672,0.4158
readmit30,35986869,269411184,0,0,0.1016,0.0677,0.1006,0.4872,0.4464
readmit30,35986869,276851154,1,0,0.0863,0.1073,0.0805,0.3732,0.3426
readmit30,35986869,406079726,2,0,0.1842,0.1219,0.1773,0.4132,0.3886
readmit30,35996976,127314414,0,0,0.1272,0.1133,0.1377,0.477,0.4393
readmit30,35996976,130103568,1,0,0.1383,0.1456,0.1355,0.3797,0.3364
readmit30,36161775,160711836,0,0,0.051,0.0336,0.0284,0.5078,0.471
readmit30,36161775,161258508,1,0,0.2076,0.05,0.1119,0.4646,0.4128
readmit30,36179685,29167980,0,0,0.116,0.0932,0.141,0.4678,0.4338
readmit30,36179685,38562012,1,0,0.1213,0.134,0.1043,0.3506,0.3347
readmit30,36184986,234854466,0,1,0.1425,0.1506,0.1566,0.4524,0.4338
readmit30,36184986,393761816,1,0,0.1033,0.3044,0.1931,0.5386,0.4303
readmit30,36216972,125303058,0,0,0.0381,0.0297,0.0249,0.5073,0.4692
readmit30,36216972,164543550,1,0,0.1553,0.1092,0.1146,0.3663,0.3394
readmit30,36216972,164984214,2,0,0.2306,0.1753,0.2123,0.5708,0.4934
readmit30,36240570,370311836,0,0,0.064,0.0342,0.0291,0.4953,0.4584
readmit30,36240570,379725770,1,1,0.2426,0.4243,0.2493,0.582,0.4713
readmit30,36291204,125869614,0,0,0.063,0.0479,0.0593,0.4937,0.4551
readmit30,36291204,152960574,1,0,0.1623,0.1102,0.1425,0.3711,0.3386
readmit30,36318330,16396764,0,0,0.0959,0.0474,0.0774,0.4912,0.4587
readmit30,36318330,101660166,1,0,0.1177,0.0914,0.1135,0.3694,0.3484
readmit30,36333270,250947810,0,1,0.0846,0.0904,0.113,0.4706,0.4361
readmit30,36333270,254652720,1,0,0.1024,0.1683,0.1482,0.4256,0.375
readmit30,36507258,163480524,0,1,0.0516,0.0368,0.0482,0.5003,0.4604
readmit30,36507258,164094018,1,0,0.095,0.0584,0.0768,0.4056,0.374
readmit30,36599292,255522990,0,0,0.0496,0.0441,0.0344,0.4931,0.4562
readmit30,36599292,302587292,1,0,0.0799,0.0731,0.048,0.3625,0.3359
readmit30,36616320,128056104,0,0,0.0746,0.0435,0.0686,0.5077,0.4793
readmit30,36616320,144919836,1,1,0.064,0.0619,0.0584,0.3778,0.354
readmit30,36616320,146689008,2,0,0.1268,0.1333,0.1094,0.4643,0.4195
readmit30,36682893,168566694,0,0,0.0656,0.0564,0.0615,0.4899,0.4513
readmit30,36682893,244462764,1,0,0.1356,0.0861,0.1367,0.41,0.3663
readmit30,36682893,429671000,2,0,0.1115,0.073,0.0699,0.415,0.3884
readmit30,36873405,214375506,0,0,0.0808,0.055,0.0882,0.4902,0.4492
readmit30,36873405,235480566,1,0,0.1233,0.1217,0.1144,0.3426,0.3303
readmit30,36873405,345497036,2,0,0.0989,0.111,0.1041,0.4488,0.4057
readmit30,36875880,130108542,0,0,0.0585,0.068,0.0628,0.4813,0.4453
readmit30,36875880,276301776,1,0,0.0788,0.0525,0.0751,0.4243,0.3756
readmit30,36936369,221858838,0,0,0.0685,0.0663,0.0884,0.4845,0.4513
readmit30,36936369,261750252,1,0,0.2933,0.0951,0.3321,0.3542,0.3406
readmit30,36936369,339643796,2,0,0.1637,0.1208,0.2186,0.3908,0.3778
readmit30,36946197,135988332,0,0,0.2692,0.1392,0.3178,0.4751,0.442
readmit30,36946197,142039758,1,0,0.1318,0.1303,0.1225,0.336,0.3191
readmit30,36949797,205642410,0,0,0.0982,0.1179,0.1136,0.4738,0.44
readmit30,36949797,225407046,1,0,0.1226,0.1246,0.1252,0.362,0.328
readmit30,36949932,185535582,0,0,0.0632,0.0576,0.0586,0.4918,0.454
readmit30,36949932,213183714,1,0,0.1684,0.1543,0.1254,0.3254,0.3202
readmit30,36998397,134740146,0,0,0.0437,0.0388,0.035,0.4969,0.4589
readmit30,36998397,140594490,1,0,0.0684,0.0589,0.0488,0.3714,0.3497
readmit30,36998397,247272378,2,0,0.068,0.0768,0.0642,0.4276,0.4004
readmit30,37010466,314871488,0,0,0.1437,0.1512,0.1505,0.4599,0.4299
readmit30,37010466,321933932,1,1,0.5387,0.5982,0.5455,0.5459,0.4266
readmit30,37011600,249046152,0,1,0.0861,0.0541,0.0808,0.4884,0.4511
readmit30,37011600,251025174,1,0,0.1299,0.0969,0.1161,0.3806,0.3567
readmit30,37072377,132532362,0,0,0.12,0.0862,0.1077,0.4839,0.4465
readmit30,37072377,139126620,1,1,0.1172,0.1074,0.0952,0.362,0.3373
readmit30,37072377,141044976,2,0,0.183,0.1862,0.1925,0.4264,0.403
readmit30,37072377,189597414,3,0,0.1999,0.2113,0.2269,0.3914,0.3855
readmit30,37072377,206684220,4,1,0.1817,0.139,0.192,0.3897,0.3551
readmit30,37072377,209012190,5,0,0.1916,0.2239,0.2006,0.4127,0.3994
readmit30,37072377,222619962,6,0,0.2162,0.2348,0.2479,0.3727,0.3581
readmit30,37072377,229485156,7,0,0.3125,0.2149,0.3717,0.38,0.3787
readmit30,37072377,347183426,8,0,0.1642,0.1773,0.1503,0.4418,0.3912
readmit30,37072377,371383964,9,0,0.1471,0.1747,0.1799,0.3989,0.3869
readmit30,37176165,209406438,0,0,0.0698,0.0476,0.0556,0.5008,0.4602
readmit30,37176165,254180364,1,0,0.0926,0.0763,0.0569,0.3521,0.3316
readmit30,37267758,197653074,0,0,0.1142,0.1085,0.1151,0.4794,0.4437
readmit30,37267758,278905278,1,0,0.0951,0.0661,0.0488,0.3759,0.3494
readmit30,37327131,168384144,0,0,0.3452,0.227,0.3462,0.4439,0.4276
readmit30,37327131,423127088,1,1,0.156,0.2062,0.16,0.4197,0.3558
readmit30,37409031,169718856,0,0,0.0672,0.0555,0.0726,0.4834,0.4492
readmit30,37409031,205522056,1,0,0.1266,0.0862,0.1145,0.3816,0.3456
readmit30,37415412,179304762,0,1,0.0911,0.0652,0.1019,0.4859,0.4462
readmit30,37415412,182784864,1,0,0.1213,0.1242,0.1263,0.3959,0.3561
readmit30,37415412,191604204,2,0,0.1648,0.1358,0.1797,0.4193,0.3897
readmit30,37455084,244751412,0,0,0.0443,0.0302,0.033,0.5082,0.4729
readmit30,37455084,309641690,1,0,0.0647,0.0586,0.0611,0.4104,0.3739
readmit30,37482696,137034204,0,0,0.0524,0.0559,0.0616,0.4882,0.4508
readmit30,37482696,416064362,1,1,0.0945,0.0746,0.099,0.4077,0.3618
readmit30,37549035,179994156,0,0,0.1207,0.0931,0.1354,0.4765,0.4396
readmit30,37549035,263123976,1,0,0.1218,0.0707,0.1177,0.4146,0.3652
readmit30,37588797,183956226,0,0,0.1046,0.0965,0.1114,0.4778,0.4403
readmit30,37588797,253445112,1,0,0.1276,0.0836,0.134,0.4161,0.3639
readmit30,37588797,267092046,2,0,0.0966,0.0939,0.0774,0.4186,0.392
readmit30,37692207,51339618,0,0,0.2373,0.2783,0.2587,0.4402,0.4252
readmit30,37692207,70459548,1,0,0.1875,0.2732,0.1958,0.3856,0.3386
readmit30,37699605,10412658,0,0,0.0624,0.0724,0.0734,0.4783,0.4418
readmit30,37699605,26999478,1,1,0.151,0.1594,0.158,0.3394,0.3262
readmit30,37699605,28158954,2,0,0.2009,0.3013,0.2505,0.4486,0.4113
readmit30,37699605,40575240,3,0,0.2398,0.2358,0.2165,0.3727,0.3714
readmit30,37755162,145057014,0,0,0.0806,0.1292,0.0988,0.4689,0.4383
readmit30,37755162,190263102,1,0,0.1008,0.0746,0.1441,0.4346,0.3724
readmit30,37755162,258184950,2,1,0.1501,0.1275,0.1552,0.4052,0.3787
readmit30,37755162,260977812,3,0,0.2237,0.1359,0.2024,0.3866,0.3827
readmit30,37755162,307879730,4,0,0.1556,0.1641,0.1261,0.3747,0.3568
readmit30,37762164,185323146,0,1,0.0336,0.034,0.0293,0.5049,0.4717
readmit30,37762164,186139164,1,0,0.1295,0.1349,0.0887,0.3452,0.3345
readmit30,37764801,146763336,0,0,0.0598,0.0679,0.0816,0.4867,0.4542
readmit30,37764801,154505130,1,0,0.0744,0.0538,0.0661,0.3919,0.3502
readmit30,37796679,171454068,0,0,0.0507,0.0461,0.0438,0.4923,0.4507
readmit30,37796679,402081530,1,0,0.1204,0.0707,0.0907,0.3946,0.3539
readmit30,37797912,137182494,0,0,0.0675,0.0651,0.1214,0.4811,0.4481
readmit30,37797912,143646450,1,0,0.1636,0.1501,0.2225,0.3387,0.3251
readmit30,37797912,147299886,2,0,0.2056,0.1838,0.2508,0.3931,0.3781
readmit30,37797912,202886694,3,1,0.185,0.1879,0.2397,0.4407,0.4013
readmit30,37797912,206592450,4,0,0.1677,0.1573,0.1721,0.4232,0.3866
readmit30,37797912,215977992,5,0,0.192,0.2106,0.2004,0.3883,0.372
readmit30,38049066,209356554,0,1,0.1515,0.1889,0.1741,0.4513,0.4278
readmit30,38049066,210950964,1,1,0.1567,0.35,0.2487,0.4224,0.3695
readmit30,38049066,216426528,2,1,0.2804,0.376,0.4148,0.4539,0.4086
readmit30,38053629,258760488,0,0,0.0722,0.077,0.0771,0.4822,0.4437
readmit30,38053629,330771332,1,0,0.1091,0.1027,0.1041,0.3592,0.3342
readmit30,38062125,269466810,0,0,0.0512,0.0336,0.0385,0.5095,0.4724
readmit30,38062125,318973358,1,0,0.1325,0.0985,0.0929,0.3469,0.3287
readmit30,38062125,432555404,2,1,0.3966,0.2416,0.4614,0.4073,0.3859
readmit30,38081241,149771196,0,1,0.0733,0.0704,0.0813,0.4791,0.4424
readmit30,38081241,150856584,1,0,0.1845,0.1679,0.2008,0.3873,0.3572
readmit30,38081241,171511992,2,1,0.2013,0.1899,0.2044,0.3798,0.3698
readmit30,38081241,173974488,3,0,0.3457,0.2882,0.3276,0.3866,0.3987
readmit30,38127069,173633946,0,0,0.1082,0.057,0.0897,0.4965,0.4543
readmit30,38127069,188013702,1,0,0.1145,0.1158,0.1125,0.3399,0.3304
readmit30,38128581,156678522,0,0,0.0656,0.0626,0.0735,0.4857,0.4493
readmit30,38128581,167117994,1,1,0.0961,0.0949,0.1033,0.37,0.3464
readmit30,38128581,168589152,2,0,0.1907,0.1422,0.2123,0.4561,0.4188
readmit30,38167596,184087602,0,0,0.1303,0.1159,0.1451,0.4754,0.4418
readmit30,38167596,212657094,1,0,0.1062,0.1105,0.0987,0.3901,0.3434
readmit30,38173419,269130942,0,1,0.0828,0.0386,0.0691,0.498,0.4595
readmit30,38173419,272093406,1,1,0.1197,0.0969,0.1003,0.3707,0.3525
readmit30,38173419,276770766,2,0,0.2576,0.2032,0.3466,0.4245,0.4084
readmit30,38173419,284949036,3,0,0.1945,0.1758,0.2233,0.3935,0.3787
readmit30,38176947,284990118,0,0,0.1404,0.1662,0.1709,0.4648,0.4344
readmit30,38176947,375484988,1,0,0.1332,0.1371,0.1441,0.381,0.3396
readmit30,38189610,158390328,0,0,0.0528,0.053,0.0656,0.4905,0.4516
readmit30,38189610,162655350,1,0,0.1176,0.1357,0.1303,0.3413,0.3186
readmit30,38189610,182322720,2,0,0.1685,0.1579,0.1669,0.4507,0.4029
readmit30,38189610,431954432,3,0,0.2028,0.1275,0.1844,0.3874,0.3783
readmit30,38225853,267972378,0,0,0.0827,0.076,0.1037,0.4763,0.4384
readmit30,38225853,320867402,1,0,0.1484,0.1695,0.1669,0.3576,0.3353
readmit30,38225853,393226166,2,0,0.2522,0.5319,0.3026,0.5524,0.4536
readmit30,38231730,221356500,0,0,0.0775,0.0452,0.0742,0.493,0.4537
readmit30,38231730,271485048,1,0,0.093,0.0708,0.0702,0.3859,0.3522
readmit30,38231730,339102482,2,0,0.1312,0.1039,0.112,0.377,0.3845
readmit30,38231730,436213514,3,1,0.1361,0.0967,0.1409,0.3742,0.376
readmit30,38284839,131658732,0,0,0.1168,0.1128,0.1314,0.4751,0.4445
readmit30,38284839,178887570,1,1,0.1735,0.1176,0.2181,0.3786,0.3434
readmit30,38289051,146458512,0,0,0.0487,0.0321,0.0331,0.5047,0.4668
readmit30,38289051,155129052,1,0,0.1041,0.0948,0.0774,0.3263,0.3264
readmit30,38289051,246354810,2,0,0.106,0.1005,0.1312,0.4729,0.4185
readmit30,38289051,368486882,3,0,0.1406,0.1313,0.125,0.3237,0.3504
readmit30,38289051,415544300,4,1,0.1656,0.1149,0.1902,0.4043,0.3696
readmit30,38289051,432012818,5,1,0.2137,0.1473,0.2303,0.4502,0.4226
readmit30,38296395,282512232,0,0,0.0963,0.1056,0.1089,0.4755,0.4378
readmit30,38296395,396167324,1,0,0.141,0.1273,0.1375,0.3553,0.3314
readmit30,38296395,429091832,2,1,0.1073,0.1302,0.098,0.4387,0.3966
readmit30,38307186,147861318,0,0,0.1036,0.107,0.1251,0.4772,0.4415
readmit30,38307186,174332466,1,0,0.0912,0.0648,0.0745,0.3929,0.3541
readmit30,38307186,185895744,2,1,0.1395,0.1504,0.1769,0.3907,0.3758
readmit30,38307186,188654838,3,0,0.2041,0.205,0.2648,0.3883,0.398
readmit30,38307186,418997138,4,0,0.1726,0.1184,0.177,0.4422,0.3853
readmit30,38316114,293367930,0,0,0.0508,0.0492,0.0578,0.4868,0.4495
readmit30,38316114,346132538,1,0,0.1453,0.1083,0.1823,0.3804,0.3496
readmit30,38322009,212709798,0,1,0.0902,0.0668,0.1041,0.4841,0.4483
readmit30,38322009,213792936,1,0,0.0836,0.0918,0.0951,0.4093,0.3787
readmit30,38335239,131381484,0,0,0.1129,0.0756,0.1063,0.4858,0.4453
readmit30,38335239,217273374,1,0,0.1472,0.111,0.1536,0.3818,0.3414
readmit30,38335239,232465488,2,1,0.2512,0.1929,0.2666,0.3916,0.3736
readmit30,38335239,235420044,3,0,0.1973,0.1576,0.1992,0.4002,0.3985
readmit30,38348019,234551622,0,0,0.054,0.0306,0.0403,0.5065,0.4681
readmit30,38348019,293467908,1,0,0.0802,0.0652,0.064,0.3579,0.3419
readmit30,38351817,232361898,0,0,0.0579,0.0467,0.063,0.493,0.4555
readmit30,38351817,420208730,1,0,0.1086,0.0763,0.1147,0.3845,0.3549
readmit30,38357190,210637746,0,0,0.0586,0.0542,0.0613,0.4914,0.4517
readmit30,38357190,219689376,1,0,0.1375,0.1001,0.1205,0.3654,0.3378
readmit30,38357190,230521356,2,0,0.1595,0.1389,0.1454,0.4033,0.3796
readmit30,38373327,226232916,0,0,0.0579,0.0516,0.0596,0.4899,0.4501
readmit30,38373327,232029852,1,0,0.1439,0.0948,0.1174,0.3733,0.3447
readmit30,38373327,238556946,2,0,0.1775,0.1631,0.1824,0.398,0.3762
readmit30,38486205,286844262,0,0,0.1092,0.0702,0.0948,0.4793,0.4432
readmit30,38486205,332512286,1,0,0.1233,0.0696,0.0965,0.3832,0.3518
readmit30,38497266,227161032,0,1,0.0822,0.0563,0.075,0.4892,0.452
readmit30,38497266,229564320,1,0,0.1315,0.1309,0.1301,0.3641,0.3473
readmit30,38497266,256033932,2,0,0.1808,0.1109,0.1645,0.4323,0.3945
readmit30,38497266,270097290,3,0,0.1821,0.1536,0.1871,0.3423,0.3599
readmit30,38497266,344986508,4,0,0.1479,0.1285,0.129,0.4023,0.3668
readmit30,38527209,278871984,0,1,0.0764,0.0795,0.0886,0.4836,0.4424
readmit30,38527209,279679818,1,0,0.1255,0.1453,0.1835,0.4245,0.3752
readmit30,38532789,290570430,0,1,0.089,0.1262,0.1123,0.4602,0.4304
readmit30,38532789,435537938,1,0,0.2205,0.3033,0.2421,0.406,0.3601
readmit30,38537901,290242914,0,0,0.0751,0.0607,0.0635,0.4839,0.4479
readmit30,38537901,333691442,1,1,0.1248,0.0983,0.0715,0.3544,0.3351
readmit30,38537901,389608070,2,0,0.2386,0.2083,0.2168,0.3989,0.3941
readmit30,38551905,344841716,0,0,0.0684,0.0872,0.0932,0.4739,0.4444
readmit30,38551905,360219626,1,0,0.0869,0.091,0.111,0.3769,0.3448
readmit30,38562435,288965268,0,0,0.0975,0.0911,0.1082,0.4812,0.4425
readmit30,38562435,352585016,1,0,0.123,0.1167,0.1504,0.3881,0.3509
readmit30,38578203,248003922,0,1,0.0571,0.0317,0.0323,0.5095,0.4746
readmit30,38578203,250903944,1,0,0.1072,0.0573,0.0535,0.3946,0.3664
readmit30,38591505,142176012,0,0,0.0643,0.037,0.0762,0.4982,0.463
readmit30,38591505,149284050,1,0,0.0665,0.0451,0.0468,0.4065,0.3604
readmit30,38591505,153655218,2,0,0.1429,0.1242,0.1297,0.3673,0.3708
readmit30,38621250,254324364,0,1,0.1038,0.077,0.1042,0.4834,0.446
readmit30,38621250,257009958,1,1,0.1248,0.1304,0.1128,0.4094,0.3675
readmit30,38621250,259030218,2,0,0.2835,0.2436,0.3269,0.4395,0.4002
readmit30,38623140,280536642,0,0,0.0698,0.0363,0.0526,0.5047,0.4646
readmit30,38623140,292110132,1,0,0.1231,0.0654,0.076,0.3715,0.3459
readmit30,38647071,340840172,0,0,0.1144,0.1204,0.1191,0.4644,0.4313
readmit30,38647071,370244000,1,1,0.1098,0.123,0.1246,0.4399,0.3747
readmit30,38647071,416158526,2,0,0.1383,0.1094,0.14,0.4558,0.4126
readmit30,38654811,92721408,0,0,0.12,0.0886,0.1165,0.4668,0.4365
readmit30,38654811,102317568,1,0,0.1637,0.1183,0.1349,0.3372,0.3246
readmit30,38666502,321399206,0,0,0.1133,0.0696,0.1125,0.4794,0.4389
readmit30,38666502,343104038,1,0,0.4292,0.4502,0.461,0.5265,0.4218
readmit30,38688273,182999862,0,0,0.0734,0.049,0.0774,0.4957,0.4572
readmit30,38688273,187590666,1,0,0.129,0.0859,0.0912,0.3685,0.3417
readmit30,38688273,232879950,2,0,0.1672,0.1116,0.1461,0.4035,0.3879
readmit30,38724624,267229830,0,0,0.1078,0.1179,0.1267,0.4735,0.4377
readmit30,38724624,277232790,1,0,0.1208,0.0768,0.1269,0.4107,0.3571
readmit30,38724624,292023162,2,0,0.1341,0.0824,0.112,0.4193,0.3858
readmit30,38771190,280507476,0,0,0.0729,0.0702,0.0775,0.4788,0.4426
readmit30,38771190,320131052,1,0,0.1875,0.1018,0.1921,0.3641,0.3372
readmit30,38808243,247715316,0,0,0.0737,0.0516,0.0795,0.489,0.4472
readmit30,38808243,382011212,1,0,0.0938,0.081,0.1128,0.3987,0.3586
readmit30,38870253,247653150,0,0,0.1058,0.0944,0.1183,0.4706,0.4353
readmit30,38870253,259063176,1,0,0.1667,0.191,0.1759,0.3463,0.3298
readmit30,38870253,272649216,2,1,0.1836,0.2092,0.2027,0.431,0.3899
readmit30,38870253,275681748,3,0,0.4389,0.2976,0.4897,0.4171,0.4039
readmit30,38870253,289002714,4,0,0.3047,0.279,0.4318,0.3774,0.35
readmit30,38870253,354887714,5,0,0.2522,0.2633,0.2702,0.4465,0.3962
readmit30,38878119,138312750,0,0,0.064,0.055,0.0684,0.4913,0.4522
readmit30,38878119,257745750,1,0,0.1336,0.0792,0.1058,0.3886,0.3511
readmit30,38878119,415519700,2,0,0.0899,0.0875,0.09,0.3997,0.3822
readmit30,38882943,277610376,0,0,0.0917,0.0901,0.1065,0.4775,0.4411
readmit30,38882943,289020042,1,1,0.1222,0.1149,0.1376,0.3842,0.3481
readmit30,38882943,340135418,2,0,0.1547,0.2048,0.153,0.4511,0.4069
readmit30,38893887,183949962,0,0,0.1081,0.0853,0.0792,0.4748,0.4426
readmit30,38893887,204100764,1,0,0.1221,0.0839,0.0805,0.3898,0.354
readmit30,38893887,210511584,2,1,0.1792,0.1248,0.1392,0.3834,0.3709
readmit30,38893887,432057428,3,0,0.1442,0.1646,0.109,0.4429,0.4273
readmit30,38905092,272350038,0,0,0.0753,0.0833,0.1672,0.4741,0.4408
readmit30,38905092,289212684,1,1,0.1344,0.1244,0.1792,0.3693,0.3326
readmit30,38905092,320695004,2,1,0.2476,0.228,0.2418,0.459,0.4179
readmit30,38905092,405519800,3,0,0.3204,0.2786,0.4083,0.4104,0.4002
readmit30,38905092,412546010,4,0,0.2621,0.2614,0.3855,0.4008,0.3637
readmit30,38905092,428504384,5,0,0.3037,0.2978,0.445,0.4281,0.3872
readmit30,38934198,219939258,0,1,0.1092,0.0788,0.1007,0.4794,0.4424
readmit30,38934198,222961056,1,0,0.172,0.1667,0.1731,0.3642,0.3419
readmit30,38934198,244553928,2,0,0.1619,0.1562,0.1674,0.4138,0.3908
readmit30,38936025,384307574,0,0,0.2964,0.1035,0.3286,0.4684,0.435
readmit30,38936025,438419918,1,0,0.1578,0.1481,0.2216,0.4326,0.3773
readmit30,38939895,241379982,0,1,0.1411,0.1301,0.1408,0.461,0.4331
readmit30,38939895,243196554,1,0,0.209,0.1802,0.2272,0.4029,0.3624
readmit30,39003957,265087740,0,0,0.069,0.0744,0.0859,0.4814,0.4434
readmit30,39003957,287835678,1,0,0.156,0.1194,0.155,0.3535,0.3284
readmit30,39083283,150383664,0,0,0.1067,0.1145,0.1267,0.4717,0.4372
readmit30,39083283,162657768,1,0,0.1564,0.1369,0.1562,0.3638,0.3347
readmit30,39170826,273367518,0,0,0.0746,0.0605,0.0661,0.4871,0.4483
readmit30,39170826,327252272,1,0,0.0826,0.077,0.0529,0.3895,0.3554
readmit30,39177171,261300894,0,1,0.0963,0.0913,0.1054,0.4786,0.4412
readmit30,39177171,263105964,1,1,0.1653,0.1908,0.223,0.4265,0.371
readmit30,39177171,267480882,2,1,0.2479,0.2747,0.3051,0.4721,0.4161
readmit30,39177171,271611978,3,0,0.2583,0.2797,0.266,0.4098,0.4005
readmit30,39180618,156450864,0,0,0.1227,0.0785,0.1277,0.4783,0.4407
readmit30,39180618,164591316,1,1,0.1594,0.1714,0.1927,0.3544,0.3299
readmit30,39180618,166290612,2,0,0.2426,0.241,0.2717,0.4813,0.4331
readmit30,39182958,288430752,0,0,0.0808,0.0883,0.0963,0.483,0.4425
readmit30,39182958,338459684,1,0,0.3037,0.1749,0.2833,0.3209,0.3131
readmit30,39182958,407866292,2,0,0.1876,0.2093,0.2172,0.4583,0.3999
readmit30,39182958,418479224,3,1,0.1978,0.1805,0.2179,0.3921,0.3817
readmit30,39184506,275951496,0,1,0.0935,0.1125,0.1317,0.4642,0.434
readmit30,39184506,348432968,1,0,0.2249,0.2251,0.3775,0.3982,0.3606
readmit30,39507291,256385232,0,0,0.0605,0.0431,0.0413,0.4993,0.4634
readmit30,39507291,385515578,1,1,0.2013,0.1542,0.1465,0.2887,0.3043
readmit30,39507291,414918446,2,1,0.1694,0.3682,0.2325,0.5301,0.4535
readmit30,39509640,310718756,0,1,0.0535,0.0361,0.0523,0.501,0.4634
readmit30,39509640,404904656,1,0,0.0862,0.0556,0.0558,0.3924,0.3743
readmit30,39511836,255069804,0,0,0.0465,0.0426,0.0435,0.4967,0.4569
readmit30,39511836,390737738,1,0,0.1618,0.1291,0.1454,0.366,0.3383
readmit30,39529881,165916770,0,0,0.1406,0.0851,0.1546,0.4784,0.442
readmit30,39529881,266217570,1,0,0.1576,0.098,0.1379,0.4122,0.3637
readmit30,39602736,268829226,0,0,0.0708,0.0498,0.0793,0.4987,0.4574
readmit30,39602736,354890384,1,0,0.1187,0.0967,0.1057,0.3538,0.3314
readmit30,39602736,396199562,2,0,0.1821,0.1366,0.1564,0.385,0.376
readmit30,39602736,426120776,3,0,0.3219,0.5248,0.352,0.5386,0.4511
readmit30,39698766,242817780,0,0,0.0784,0.0599,0.088,0.4854,0.4499
readmit30,39698766,374368418,1,0,0.0903,0.0648,0.0891,0.3935,0.3599
readmit30,39704400,292167786,0,1,0.0631,0.0464,0.0646,0.4886,0.4519
readmit30,39704400,307752182,1,0,0.1455,0.1494,0.1621,0.3775,0.3631
readmit30,39704400,310750172,2,0,0.1495,0.1394,0.2157,0.436,0.4072
readmit30,39838023,163703250,0,0,0.0879,0.0768,0.0911,0.4858,0.444
readmit30,39838023,175078242,1,0,0.084,0.067,0.0763,0.4115,0.3592
readmit30,39838023,200107824,2,1,0.146,0.1084,0.1518,0.4073,0.3795
readmit30,39838023,203180526,3,0,0.2178,0.2025,0.2062,0.3825,0.39
readmit30,39838023,413764694,4,0,0.1694,0.1689,0.1784,0.4329,0.3778
readmit30,39844107,248492172,0,0,0.0597,0.0504,0.0276,0.4839,0.4486
readmit30,39844107,279232572,1,1,0.0753,0.0864,0.0434,0.3461,0.3423
readmit30,39844107,280060206,2,0,0.1384,0.1773,0.106,0.4306,0.4208
readmit30,39853602,355510922,0,0,0.1384,0.147,0.1657,0.4549,0.4278
readmit30,39853602,438450812,1,1,0.1555,0.1639,0.2631,0.4373,0.3798
readmit30,39863133,164034198,0,0,0.0606,0.0388,0.0532,0.4936,0.4552
readmit30,39863133,223055196,1,0,0.0691,0.0392,0.0301,0.4326,0.3887
readmit30,39863133,234942576,2,0,0.0973,0.0465,0.0542,0.4565,0.4287
readmit30,39871638,269997498,0,0,0.0621,0.0342,0.0463,0.5038,0.473
readmit30,39871638,344870396,1,0,0.1153,0.0785,0.0792,0.3634,0.3446
readmit30,39921237,175832046,0,0,0.0773,0.0899,0.0869,0.4751,0.4404
readmit30,39921237,274842438,1,0,0.1157,0.0768,0.1003,0.4401,0.3853
readmit30,39950028,252574560,0,0,0.1114,0.0784,0.1185,0.4831,0.445
readmit30,39950028,316026764,1,0,0.1456,0.1351,0.1493,0.3565,0.3306
readmit30,39987954,283292142,0,0,0.0923,0.1086,0.0938,0.4767,0.4402
readmit30,39987954,354268514,1,0,0.1613,0.1281,0.1689,0.3786,0.3387
readmit30,40155228,46855698,0,0,0.1377,0.1207,0.1379,0.4608,0.4334
readmit30,40155228,61016826,1,0,0.2335,0.2069,0.2519,0.3757,0.3371
readmit30,40192155,161134674,0,0,0.0675,0.064,0.0863,0.4837,0.4458
readmit30,40192155,232007544,1,0,0.1261,0.1027,0.1437,0.3863,0.3563
readmit30,40239990,167931696,0,0,0.0847,0.0817,0.0836,0.481,0.445
readmit30,40239990,268293042,1,0,0.1409,0.1048,0.1416,0.3926,0.3546
readmit30,40275999,221859912,0,0,0.0554,0.0467,0.0379,0.4928,0.4563
readmit30,40275999,249724626,1,0,0.1578,0.1361,0.1307,0.3424,0.3228
readmit30,40300083,175878258,0,0,0.0711,0.0355,0.0365,0.5109,0.4776
readmit30,40300083,287739774,1,0,0.0735,0.0431,0.0321,0.4057,0.3727
readmit30,40358322,165126612,0,1,0.0907,0.056,0.0916,0.4867,0.4487
readmit30,40358322,250179486,1,0,0.1577,0.0949,0.1414,0.4345,0.3839
readmit30,40364010,134199954,0,0,0.0613,0.074,0.0605,0.484,0.4453
readmit30,40364010,179924214,1,1,0.1567,0.1323,0.13,0.3539,0.328
readmit30,40364010,181453668,2,0,0.1931,0.2257,0.1845,0.4716,0.4236
readmit30,40382109,149239020,0,0,0.063,0.0549,0.0697,0.4916,0.4529
readmit30,40382109,155543880,1,1,0.1571,0.0848,0.1527,0.3615,0.3373
readmit30,40382109,157866654,2,1,0.1192,0.1451,0.1436,0.4248,0.4043
readmit30,40382109,159487806,3,0,0.2041,0.1847,0.2505,0.414,0.4093
readmit30,40382109,209131764,4,1,0.1616,0.1146,0.2301,0.4521,0.3932
readmit30,40382109,211881294,5,0,0.2397,0.1746,0.2914,0.46,0.4234
readmit30,40395537,372014528,0,0,0.1107,0.15,0.1307,0.4526,0.4274
readmit30,40395537,376609982,1,0,0.524,0.6001,0.5916,0.572,0.4467
readmit30,40422150,128111598,0,0,0.1037,0.1273,0.1086,0.4711,0.4426
readmit30,40422150,144802260,1,1,0.0882,0.0848,0.065,0.365,0.3348
readmit30,40422150,145664352,2,1,0.1572,0.1986,0.1627,0.4593,0.4208
readmit30,40422150,147895140,3,0,0.2633,0.2265,0.2585,0.4056,0.4005
readmit30,40422150,174858630,4,0,0.1724,0.1835,0.1545,0.4062,0.3652
readmit30,40422150,190958184,5,1,0.1869,0.2285,0.2455,0.4695,0.4081
readmit30,40422150,193811286,6,0,0.281,0.2493,0.3143,0.4592,0.4122
readmit30,40449006,154903272,0,0,0.1367,0.1159,0.155,0.4659,0.4305
readmit30,40449006,158350230,1,1,0.1569,0.1509,0.2074,0.3748,0.3417
readmit30,40449006,159738252,2,0,0.1684,0.2166,0.1538,0.4515,0.4098
readmit30,40449006,166945494,3,0,0.1625,0.1711,0.1628,0.3534,0.3601
readmit30,40451508,133972566,0,0,0.1037,0.0894,0.1448,0.4776,0.4458
readmit30,40451508,143373930,1,1,0.1412,0.1076,0.1588,0.3414,0.3215
readmit30,40451508,143861856,2,0,0.1715,0.2499,0.2293,0.4367,0.4096
readmit30,40451508,150174384,3,1,0.1763,0.2414,0.1797,0.3453,0.3657
readmit30,40451508,150458682,4,1,0.3773,0.3896,0.558,0.4176,0.396
readmit30,40451508,150837456,5,1,0.4314,0.4883,0.7061,0.4797,0.4305
readmit30,40451508,163121706,6,1,0.48,0.5208,0.6504,0.504,0.431
readmit30,40451508,163568580,7,0,0.4812,0.5565,0.6328,0.4838,0.4269
readmit30,40467897,248717994,0,1,0.0534,0.0339,0.027,0.5057,0.4712
readmit30,40467897,249745206,1,0,0.133,0.0813,0.0819,0.3628,0.349
readmit30,40467897,283052226,2,0,0.1171,0.1285,0.112,0.3879,0.3891
readmit30,40469130,150330984,0,0,0.074,0.0472,0.0789,0.4884,0.4533
readmit30,40469130,162378060,1,0,0.1299,0.0715,0.1427,0.3554,0.3443
readmit30,40469130,184591566,2,0,0.2094,0.1063,0.1565,0.3831,0.3731
readmit30,40469130,277351512,3,0,0.1268,0.1015,0.2254,0.3953,0.3905
readmit30,40473189,336139736,0,1,0.1931,0.1507,0.266,0.4623,0.4305
readmit30,40473189,356164058,1,1,0.1999,0.3215,0.2467,0.4396,0.3756
readmit30,40473189,359666690,2,1,0.4877,0.4197,0.6889,0.5508,0.4557
readmit30,40473189,406818842,3,0,0.2522,0.2827,0.2582,0.3769,0.3801
readmit30,40534695,309000950,0,0,0.0767,0.057,0.0783,0.4839,0.4472
readmit30,40534695,337796396,1,1,0.494,0.5267,0.6178,0.556,0.44
readmit30,40589352,223109130,0,1,0.1853,0.2018,0.2408,0.4576,0.4306
readmit30,40589352,224049456,1,0,0.0977,0.1533,0.1412,0.439,0.3796
readmit30,40590117,187118856,0,1,0.0628,0.0599,0.0655,0.4872,0.4498
readmit30,40590117,253785072,1,0,0.1095,0.129,0.0936,0.4033,0.3698
readmit30,40591503,142480698,0,0,0.0584,0.0436,0.0544,0.4999,0.4615
readmit30,40591503,155790312,1,0,0.3608,0.1827,0.368,0.3183,0.319
readmit30,40591503,241095504,2,0,0.1355,0.1108,0.1916,0.4833,0.4191
readmit30,40591503,275764188,3,0,0.1434,0.1086,0.1372,0.3515,0.3548
readmit30,40601520,155526360,0,0,0.1007,0.065,0.0995,0.4886,0.4503
readmit30,40601520,416195552,1,0,0.106,0.0949,0.0854,0.3858,0.3521
readmit30,40602474,271493202,0,0,0.1176,0.0949,0.1272,0.4775,0.4401
readmit30,40602474,360881408,1,0,0.1157,0.1153,0.1233,0.3683,0.3352
readmit30,40605516,142554858,0,0,0.0699,0.0484,0.0628,0.4956,0.4557
readmit30,40605516,164554308,1,0,0.1303,0.0823,0.0998,0.3674,0.3384
readmit30,40605516,253289166,2,0,0.1146,0.0587,0.1068,0.4861,0.4346
readmit30,40657707,156537402,0,0,0.1053,0.0632,0.1127,0.4862,0.4528
readmit30,40657707,161665278,1,0,0.1279,0.1017,0.1352,0.3826,0.3505
readmit30,40657707,224157630,2,0,0.1789,0.0905,0.1522,0.4432,0.3999
readmit30,40658985,155451246,0,0,0.1279,0.0826,0.1354,0.4855,0.4485
readmit30,40658985,158870946,1,0,0.1303,0.1464,0.1174,0.3385,0.3192
readmit30,40658985,169128576,2,0,0.1915,0.1401,0.215,0.3949,0.3785
readmit30,40658985,227507196,3,1,0.1686,0.093,0.1871,0.4605,0.4161
readmit30,40658985,231308982,4,0,0.1765,0.0938,0.1469,0.4034,0.3756
readmit30,40658985,253692474,5,0,0.2455,0.1654,0.2164,0.3849,0.3695
readmit30,40668975,151774122,0,0,0.0605,0.0571,0.072,0.4882,0.4497
readmit30,40668975,171975816,1,0,0.0983,0.1005,0.0933,0.3209,0.3218
readmit30,40668975,251863662,2,0,0.1481,0.1199,0.2165,0.4675,0.4143
readmit30,40668975,277687470,3,0,0.1436,0.1082,0.1326,0.3346,0.3593
readmit30,40668975,311973626,4,0,0.1506,0.1389,0.1473,0.3878,0.3624
readmit30,40670739,260707824,0,1,0.0667,0.0504,0.068,0.4906,0.4501
readmit30,40670739,263897016,1,1,0.1241,0.0998,0.1004,0.4074,0.3709
readmit30,40670739,268522188,2,0,0.2151,0.165,0.2025,0.4486,0.4117
readmit30,40678065,77793438,0,1,0.1312,0.1222,0.1631,0.462,0.4307
readmit30,40678065,98144448,1,0,0.2465,0.2876,0.3339,0.4008,0.3606
readmit30,40720023,261378246,0,1,0.0658,0.0663,0.0738,0.487,0.4465
readmit30,40720023,263362278,1,0,0.4112,0.293,0.4512,0.3736,0.3475
readmit30,40720023,281623200,2,1,0.1488,0.2006,0.1919,0.4652,0.4105
readmit30,40720023,284798436,3,0,0.2245,0.2013,0.2224,0.3995,0.3987
readmit30,40720023,292630314,4,0,0.1767,0.2137,0.1539,0.3805,0.3478
readmit30,40720986,125293146,0,0,0.0651,0.0456,0.0543,0.4878,0.4494
readmit30,40720986,151342818,1,0,0.1542,0.1195,0.1531,0.368,0.3434
readmit30,40720986,277807320,2,0,0.1385,0.1228,0.153,0.4666,0.4172
readmit30,40725819,173174298,0,0,0.0542,0.0357,0.0348,0.503,0.4636
readmit30,40725819,182239830,1,0,0.0935,0.0578,0.0623,0.3712,0.346
readmit30,40725819,375592442,2,1,0.1634,0.0951,0.177,0.4312,0.3976
readmit30,40731714,124336602,0,0,0.0526,0.0454,0.0588,0.4934,0.4548
readmit30,40731714,180151974,1,0,0.0532,0.0358,0.024,0.443,0.4021
readmit30,40732488,245635068,0,0,0.0863,0.0651,0.1046,0.4826,0.4442
readmit30,40732488,257100432,1,0,0.1004,0.0908,0.117,0.3786,0.3451
readmit30,40749120,208169040,0,0,0.0553,0.0645,0.054,0.4864,0.449
readmit30,40749120,214382442,1,0,0.1401,0.1191,0.1233,0.3408,0.3211
readmit30,40775778,143967798,0,0,0.101,0.0498,0.09,0.4921,0.4582
readmit30,40775778,156275394,1,0,0.0768,0.0528,0.0727,0.4011,0.3606
readmit30,40806000,213333726,0,1,0.28,0.0954,0.3364,0.4726,0.4358
readmit30,40806000,214992792,1,0,0.1254,0.1625,0.135,0.3994,0.3623
readmit30,40806000,243521070,2,1,0.1886,0.1728,0.195,0.3814,0.3703
readmit30,40806000,249378006,3,0,0.2226,0.2197,0.2259,0.37,0.386
readmit30,40811175,285929532,0,1,0.0461,0.0305,0.0286,0.5051,0.4708
readmit30,40811175,289966890,1,0,0.0993,0.0766,0.0996,0.4284,0.3955
readmit30,40828644,123255528,0,0,0.1122,0.1402,0.1406,0.468,0.4346
readmit30,40828644,161014026,1,0,0.1213,0.1179,0.1531,0.3993,0.3485
readmit30,40848066,177784668,0,0,0.1662,0.1965,0.1903,0.4647,0.4346
readmit30,40848066,249780858,1,1,0.1441,0.1103,0.14,0.4229,0.3615
readmit30,40848066,250935720,2,0,0.1317,0.1098,0.1197,0.4571,0.4128
readmit30,40850694,205512576,0,0,0.0812,0.0492,0.0748,0.4937,0.4554
readmit30,40850694,411353762,1,1,0.4328,0.1952,0.4849,0.3434,0.3244
readmit30,40852710,181026498,0,0,0.2509,0.2233,0.3116,0.4584,0.4315
readmit30,40852710,203837610,1,0,0.1084,0.1059,0.1276,0.3764,0.3412
readmit30,40852710,261751110,2,1,0.1451,0.1291,0.1646,0.4129,0.3815
readmit30,40852710,266207682,3,1,0.2431,0.2296,0.2552,0.3738,0.3853
readmit30,40852710,274515084,4,0,0.1675,0.2501,0.1643,0.4546,0.3919
readmit30,40852710,288998970,5,0,0.1833,0.1918,0.1779,0.3956,0.3767
readmit30,40852710,382620638,6,1,0.3257,0.2328,0.3086,0.4041,0.3769
readmit30,40852710,433170284,7,0,0.3284,0.3296,0.3386,0.4751,0.4198
readmit30,40879755,193190682,0,0,0.0563,0.0471,0.0543,0.4948,0.4546
readmit30,40879755,232376940,1,0,0.1366,0.0879,0.1207,0.3786,0.3467
readmit30,40885830,307182062,0,0,0.0529,0.0603,0.0616,0.4891,0.4506
readmit30,40885830,400817582,1,0,0.0929,0.0757,0.1027,0.3659,0.3433
readmit30,40892040,179011950,0,1,0.2077,0.1122,0.2254,0.4837,0.455
readmit30,40892040,179359128,1,0,0.0848,0.0491,0.0376,0.3906,0.3707
readmit30,40892040,349569950,2,0,0.122,0.0646,0.1105,0.4302,0.4042
readmit30,40896108,164995158,0,0,0.046,0.0357,0.0387,0.5045,0.4658
readmit30,40896108,191164008,1,0,0.0726,0.0414,0.0372,0.383,0.3623
readmit30,40900023,159688350,0,0,0.0734,0.0384,0.0654,0.5007,0.4607
readmit30,40900023,185779110,1,0,0.3709,0.1937,0.3235,0.3055,0.3072
readmit30,40900023,211332084,2,0,0.0845,0.159,0.1146,0.448,0.4146
readmit30,40900023,384385964,3,1,0.338,0.2033,0.4446,0.3872,0.3774
readmit30,40906323,146642088,0,0,0.0711,0.0663,0.0782,0.4847,0.4458
readmit30,40906323,154498764,1,0,0.1078,0.0794,0.0834,0.3899,0.3429
readmit30,40906323,166549002,2,0,0.1274,0.1455,0.1094,0.3961,0.381
readmit30,40906323,210613638,3,1,0.1265,0.1469,0.1105,0.3748,0.3668
readmit30,40921362,207490686,0,0,0.0825,0.0771,0.0971,0.4808,0.4435
readmit30,40921362,213244956,1,1,0.1405,0.0921,0.1429,0.3857,0.3515
readmit30,40921362,223103718,2,0,0.2399,0.171,0.2611,0.4099,0.4016
readmit30,40921659,131017494,0,0,0.0493,0.0523,0.0519,0.4916,0.4536
readmit30,40921659,145811466,1,0,0.1568,0.1155,0.1793,0.3349,0.3322
readmit30,40921659,158171964,2,0,0.1591,0.1364,0.1462,0.4021,0.377
readmit30,40921659,204104988,3,0,0.1661,0.1052,0.2323,0.4207,0.4093
readmit30,40921659,209982024,4,0,0.1734,0.1308,0.159,0.36,0.3384
readmit30,40936725,165466338,0,0,0.1362,0.0926,0.1709,0.4784,0.4419
readmit30,40936725,180349728,1,0,0.1795,0.1424,0.1957,0.3588,0.3267
readmit30,40937373,320189234,0,0,0.1574,0.1222,0.1899,0.4675,0.4331
readmit30,40937373,337251230,1,1,0.2939,0.5958,0.5051,0.5582,0.4325
readmit30,40944447,201067650,0,0,0.359,0.3194,0.5906,0.4542,0.4347
readmit30,40944447,211598358,1,0,0.1362,0.133,0.1902,0.3753,0.3333
readmit30,40944447,252793428,2,0,0.1876,0.1505,0.2084,0.3919,0.3782
readmit30,40944447,389623448,3,0,0.1744,0.185,0.2068,0.402,0.3872
readmit30,40945509,145574010,0,0,0.057,0.0733,0.0701,0.483,0.4443
readmit30,40945509,154131984,1,0,0.0909,0.1082,0.0862,0.349,0.3338
readmit30,40945509,158379192,2,1,0.1336,0.1516,0.1517,0.3976,0.3834
readmit30,40945509,161192106,3,0,0.2158,0.269,0.2689,0.4274,0.4067
readmit30,40945509,169424316,4,0,0.251,0.2642,0.3217,0.3956,0.3604
readmit30,40945509,181827636,5,0,0.2496,0.2685,0.27,0.3979,0.3792
readmit30,40945509,233460858,6,0,0.2189,0.2874,0.3723,0.5146,0.4327
readmit30,40945509,243109692,7,0,0.1878,0.1673,0.1952,0.4087,0.3784
readmit30,40948812,131743716,0,1,0.056,0.107,0.0771,0.4747,0.4371
readmit30,40948812,134529540,1,0,0.1321,0.2407,0.3003,0.4267,0.3722
readmit30,40948812,165514092,2,0,0.1534,0.211,0.2099,0.4184,0.3776
readmit30,40948812,196833300,3,1,0.1307,0.1697,0.1807,0.4483,0.4091
readmit30,40948812,200346114,4,0,0.248,0.1747,0.2691,0.4576,0.4004
readmit30,40948812,265940808,5,0,0.2237,0.1211,0.2582,0.4546,0.3944
readmit30,40956858,161463426,0,0,0.0503,0.0353,0.0375,0.5065,0.4704
readmit30,40956858,252496188,1,0,0.0694,0.0418,0.0604,0.3974,0.3663
readmit30,40956858,258754674,2,1,0.1033,0.0992,0.0784,0.3625,0.3616
readmit30,40956858,262554108,3,0,0.1508,0.2075,0.1527,0.4182,0.4067
readmit30,40956858,288094152,4,0,0.3102,0.1656,0.2657,0.4159,0.3748
readmit30,40962393,125817252,0,0,0.0543,0.0377,0.05,0.4976,0.4595
readmit30,40962393,148776468,1,0,0.1444,0.1038,0.1462,0.337,0.3256
readmit30,40962393,272913834,2,0,0.1774,0.1173,0.2596,0.4903,0.4243
readmit30,40962393,339590756,3,0,0.1663,0.1079,0.1524,0.3627,0.3684
readmit30,40963383,138759174,0,0,0.0629,0.0761,0.0838,0.4778,0.4453
readmit30,40963383,168275016,1,0,0.1043,0.1058,0.1364,0.379,0.3434
readmit30,40978926,159400764,0,0,0.0591,0.0608,0.062,0.4877,0.4487
readmit30,40978926,168057186,1,0,0.0822,0.0773,0.0756,0.3622,0.3393
readmit30,40978926,264306612,2,0,0.1692,0.098,0.15,0.443,0.4005
readmit30,40978926,287176332,3,0,0.0947,0.0741,0.076,0.3704,0.3729
readmit30,40980195,126710016,0,0,0.0551,0.0334,0.0339,0.5038,0.466
readmit30,40980195,179277156,1,0,0.1191,0.0609,0.0932,0.3794,0.3503
readmit30,40997178,148189836,0,1,0.0599,0.0334,0.0426,0.5121,0.4829
readmit30,40997178,149123850,1,0,0.1078,0.0812,0.0776,0.3577,0.3475
readmit30,40999464,158513220,0,1,0.222,0.1206,0.2155,0.4834,0.4456
readmit30,40999464,159199662,1,1,0.4497,0.1295,0.454,0.3599,0.3383
readmit30,40999464,159522900,2,1,0.3108,0.251,0.3977,0.4254,0.4108
readmit30,40999464,159674718,3,1,0.1954,0.1897,0.2146,0.3979,0.3977
readmit30,40999464,160364346,4,0,0.339,0.2732,0.337,0.4649,0.4067
readmit30,40999464,225665388,5,0,0.2472,0.2359,0.2575,0.5297,0.4451
readmit30,40999464,255623628,6,0,0.1744,0.1268,0.1523,0.4201,0.3863
readmit30,40999464,323065196,7,0,0.4937,0.3398,0.5365,0.4024,0.3672
readmit30,41006700,201651714,0,0,0.0792,0.0655,0.0723,0.483,0.445
readmit30,41006700,248449074,1,0,0.1745,0.1547,0.1746,0.3346,0.3244
readmit30,41006700,264364656,2,0,0.1897,0.1308,0.1271,0.4238,0.3841
readmit30,41006700,281158530,3,0,0.1518,0.1957,0.1624,0.3313,0.3524
readmit30,41006700,327856532,4,0,0.1673,0.1769,0.146,0.3801,0.3543
readmit30,41006700,367293572,5,1,0.3897,0.5228,0.5333,0.5357,0.4609
readmit30,41007834,151146102,0,0,0.1263,0.095,0.1356,0.4716,0.4392
readmit30,41007834,158824824,1,0,0.1233,0.1021,0.1547,0.3988,0.3741
readmit30,41007834,196093986,2,0,0.1158,0.1221,0.0768,0.3396,0.3557
readmit30,41007834,208914564,3,0,0.1242,0.1636,0.125,0.3323,0.3784
readmit30,41009850,164287092,0,0,0.0708,0.0377,0.0654,0.497,0.4578
readmit30,41009850,284426850,1,0,0.0813,0.0544,0.0761,0.4164,0.3761
readmit30,41013423,122575950,0,0,0.0596,0.0439,0.0496,0.4905,0.4525
readmit30,41013423,125401416,1,0,0.1244,0.0838,0.127,0.3757,0.3465
readmit30,41013423,152010138,2,0,0.1429,0.111,0.1374,0.3898,0.3757
readmit30,41013423,229348242,3,0,0.1454,0.1042,0.1614,0.4311,0.3977
readmit30,41015448,155957904,0,0,0.0666,0.0759,0.0799,0.4814,0.4466
readmit30,41015448,366178220,1,1,0.1571,0.0872,0.1654,0.3963,0.3547
readmit30,41021298,192426222,0,0,0.0628,0.0467,0.0534,0.4934,0.454
readmit30,41021298,215505114,1,0,0.1232,0.0553,0.0729,0.3815,0.3473
readmit30,41027607,169570764,0,0,0.0581,0.0466,0.0559,0.4965,0.4581
readmit30,41027607,230098812,1,1,0.0869,0.0648,0.0798,0.3941,0.3588
readmit30,41027607,232125690,2,0,0.1133,0.0974,0.1078,0.4217,0.4107
readmit30,41027607,239603832,3,0,0.1613,0.1141,0.1739,0.3447,0.3634
readmit30,41038173,257760564,0,0,0.099,0.0493,0.0927,0.4938,0.4528
readmit30,41038173,323165918,1,0,0.086,0.0588,0.0591,0.3971,0.3606
readmit30,41038875,178189404,0,0,0.0701,0.0328,0.0536,0.5001,0.46
readmit30,41038875,238880676,1,0,0.1263,0.0445,0.0695,0.4089,0.3695
readmit30,41041530,126914400,0,1,0.081,0.0973,0.0914,0.4782,0.4419
readmit30,41041530,128051652,1,0,0.2091,0.2022,0.2103,0.3846,0.3466
readmit30,41041530,154177596,2,0,0.2343,0.2323,0.2943,0.3918,0.3781
readmit30,41041530,158971032,3,0,0.1952,0.2539,0.2109,0.3851,0.3783
readmit30,41041530,164314524,4,0,0.2317,0.2865,0.2779,0.4,0.3669
readmit30,41041530,191894082,5,0,0.2285,0.2505,0.2431,0.4286,0.39
readmit30,41041530,221841906,6,1,0.171,0.2305,0.1869,0.4393,0.3898
readmit30,41041530,224453742,7,1,0.3109,0.3033,0.3375,0.4454,0.4044
readmit30,41041530,226373082,8,1,0.4126,0.4588,0.4979,0.4581,0.4074
readmit30,41041530,228594528,9,0,0.3948,0.423,0.4962,0.4527,0.4109
readmit30,41041530,234454920,10,0,0.2821,0.3231,0.299,0.4527,0.3992
readmit30,41041530,240804534,11,0,0.3475,0.3308,0.3649,0.4349,0.3841
readmit30,41049405,238106250,0,0,0.3656,0.1892,0.3999,0.4663,0.4359
readmit30,41049405,264090420,1,0,0.1292,0.1166,0.136,0.379,0.3412
readmit30,41056911,169239486,0,0,0.1247,0.1368,0.1488,0.4587,0.4279
readmit30,41056911,177894486,1,0,0.1631,0.1555,0.216,0.3741,0.3381
readmit30,41056911,184587300,2,1,0.1564,0.2145,0.1885,0.3911,0.3619
readmit30,41096286,155934444,0,0,0.0994,0.071,0.1068,0.4848,0.444
readmit30,41096286,162866370,1,0,0.1237,0.1217,0.1133,0.3734,0.3375
readmit30,41096286,233013606,2,0,0.0987,0.0996,0.1222,0.4795,0.4166
readmit30,41098824,274193412,0,1,0.1178,0.0728,0.118,0.4843,0.4449
readmit30,41098824,276990840,1,0,0.2105,0.1756,0.2645,0.3909,0.3529
readmit30,41103801,122051376,0,0,0.0533,0.0402,0.0524,0.4914,0.4518
readmit30,41103801,208762422,1,0,0.0717,0.067,0.0985,0.423,0.3749
readmit30,41103801,264404190,2,0,0.1048,0.0896,0.1066,0.4135,0.3882
readmit30,41103801,280950468,3,0,0.0896,0.0864,0.0769,0.4193,0.4055
readmit30,41109057,136825062,0,0,0.0555,0.0333,0.0266,0.5035,0.4704
readmit30,41109057,269864580,1,0,0.1252,0.0602,0.0804,0.3877,0.3601
readmit30,41109057,280562586,2,0,0.0758,0.0593,0.044,0.4283,0.4001
readmit30,41112270,147411438,0,1,0.0999,0.1474,0.1003,0.4577,0.4314
readmit30,41112270,148756320,1,0,0.2752,0.2584,0.2844,0.3933,0.3562
readmit30,41112270,190794822,2,0,0.1174,0.1704,0.1346,0.4823,0.4128
readmit30,41112270,207230808,3,0,0.1687,0.1519,0.168,0.4001,0.3846
readmit30,41112270,229597296,4,0,0.1862,0.1308,0.1757,0.3962,0.3613
readmit30,41127570,273957048,0,0,0.0493,0.0513,0.0472,0.4938,0.4539
readmit30,41127570,389604338,1,0,0.1404,0.076,0.1073,0.4111,0.3714
readmit30,41136444,139203714,0,0,0.0504,0.0323,0.0429,0.505,0.4679
readmit30,41136444,149748522,1,0,0.0565,0.0435,0.0314,0.3859,0.3625
readmit30,41137614,303713012,0,0,0.0893,0.139,0.1007,0.4616,0.4331
readmit30,41137614,437231636,1,0,0.42,0.5721,0.5786,0.57,0.4425
readmit30,41150646,216576600,0,0,0.0908,0.1056,0.103,0.4691,0.434
readmit30,41150646,244278714,1,0,0.1281,0.1518,0.1258,0.3433,0.3155
readmit30,41150646,289287474,2,1,0.2053,0.1504,0.2238,0.4368,0.3911
readmit30,41150646,308340638,3,1,0.2499,0.1927,0.2447,0.4187,0.4049
readmit30,41150646,431937440,4,0,0.295,0.2611,0.292,0.4065,0.373
readmit30,41152860,234844290,0,0,0.0574,0.0374,0.0562,0.4961,0.4595
readmit30,41152860,293409858,1,0,0.0793,0.0622,0.0748,0.3947,0.3594
readmit30,41164047,152223192,0,0,0.0668,0.0554,0.0583,0.4919,0.4545
readmit30,41164047,412649528,1,0,0.1521,0.1342,0.13,0.3202,0.3188
readmit30,41164632,134973834,0,0,0.0607,0.0387,0.0495,0.5017,0.4609
readmit30,41164632,157280070,1,0,0.1049,0.0931,0.0915,0.3447,0.3351
readmit30,41164632,163148730,2,1,0.1705,0.1274,0.19,0.3889,0.3843
readmit30,41164632,164994486,3,0,0.2541,0.1813,0.2163,0.3844,0.3961
readmit30,41164893,173344236,0,0,0.1343,0.1446,0.1633,0.4562,0.4286
readmit30,41164893,259401522,1,0,0.1823,0.1802,0.2374,0.4348,0.3718
readmit30,41165631,145700118,0,0,0.0668,0.075,0.0772,0.482,0.4471
readmit30,41165631,156502062,1,0,0.1211,0.0985,0.1415,0.3542,0.3288
readmit30,41165631,213801390,2,0,0.1171,0.0805,0.1205,0.4881,0.4362
readmit30,41166342,153663114,0,0,0.072,0.0485,0.0648,0.4974,0.4573
readmit30,41166342,177056238,1,0,0.0794,0.0782,0.0572,0.3848,0.3485
readmit30,41166342,194010144,2,0,0.1629,0.1355,0.1073,0.3629,0.3633
readmit30,41166342,201892650,3,1,0.1705,0.1819,0.1876,0.3466,0.3665
readmit30,41166342,203385618,4,1,0.1986,0.2507,0.2266,0.4542,0.3984
readmit30,41166342,206884914,5,0,0.3717,0.3959,0.4975,0.4972,0.4357
readmit30,41166342,226305864,6,1,0.2842,0.2324,0.2621,0.4077,0.3697
readmit30,41166342,228357396,7,1,0.4197,0.4321,0.4779,0.4816,0.4255
readmit30,41166342,232320330,8,0,0.3026,0.4407,0.3677,0.5204,0.4339
readmit30,41166342,240627732,9,1,0.3013,0.277,0.2522,0.3995,0.3684
readmit30,41166342,242781234,10,1,0.6328,0.4653,0.6604,0.5187,0.4422
readmit30,41167215,125407668,0,0,0.05,0.0577,0.057,0.4873,0.4454
readmit30,41167215,160829994,1,0,0.0551,0.0484,0.0522,0.4449,0.3877
readmit30,41172228,166007220,0,0,0.0817,0.0695,0.1047,0.4832,0.4496
readmit30,41172228,174219912,1,0,0.0912,0.0814,0.0931,0.3879,0.3499
readmit30,41172228,230020830,2,0,0.1059,0.1131,0.1069,0.4037,0.376
readmit30,41172228,242295060,3,0,0.1512,0.1702,0.1911,0.3646,0.3732
readmit30,41172228,253206546,4,0,0.1595,0.1178,0.1631,0.3863,0.3657
readmit30,41172228,265996362,5,1,0.1618,0.202,0.2053,0.3681,0.3622
readmit30,41172228,271354182,6,0,0.2152,0.2675,0.2008,0.4558,0.4128
readmit30,41172228,320795390,7,0,0.5138,0.3624,0.6249,0.3835,0.3709
readmit30,41172228,371912168,8,0,0.4577,0.4664,0.6082,0.5399,0.4478
readmit30,41172228,373119608,9,0,0.2881,0.2983,0.3784,0.4079,0.3723
readmit30,41187870,187908870,0,0,0.0823,0.0533,0.0663,0.4891,0.4541
readmit30,41187870,228915186,1,0,0.1508,0.1384,0.1415,0.3307,0.3216
readmit30,41191884,151633836,0,0,0.1247,0.1212,0.1183,0.466,0.4329
readmit30,41191884,154536954,1,0,0.187,0.1918,0.2133,0.369,0.3324
readmit30,41192847,164980344,0,0,0.159,0.1705,0.1707,0.4549,0.4295
readmit30,41192847,177755022,1,0,0.1411,0.2036,0.1745,0.4051,0.3598
readmit30,41192847,282685620,2,0,0.1512,0.149,0.1981,0.4827,0.4132
readmit30,41192847,291072474,3,1,0.1678,0.1426,0.1612,0.3641,0.3693
readmit30,41192847,292363974,4,0,0.1978,0.2702,0.2173,0.4728,0.4094
readmit30,41198049,127590480,0,0,0.0945,0.0764,0.1019,0.4847,0.4462
readmit30,41198049,148074504,1,0,0.119,0.1262,0.1023,0.3478,0.3294
readmit30,41199993,174693042,0,1,0.0479,0.0481,0.0456,0.4977,0.4575
readmit30,41199993,179202804,1,0,0.1496,0.135,0.1541,0.3707,0.3522
readmit30,41199993,202534614,2,0,0.1822,0.1839,0.1561,0.3698,0.3637
readmit30,41199993,222016668,3,0,0.2112,0.2312,0.2042,0.347,0.3739
readmit30,41199993,252070506,4,0,0.1916,0.1807,0.2295,0.4197,0.3718
readmit30,41209029,281417400,0,1,0.0777,0.0501,0.0778,0.4914,0.4537
readmit30,41209029,285396570,1,0,0.1556,0.127,0.1438,0.3756,0.3518
readmit30,41216688,124344810,0,1,0.2328,0.1576,0.2631,0.4696,0.436
readmit30,41216688,126119868,1,0,0.1813,0.147,0.1863,0.3707,0.3413
readmit30,41216742,279573792,0,0,0.1026,0.0751,0.119,0.4847,0.447
readmit30,41216742,401954084,1,0,0.1263,0.1276,0.1143,0.3677,0.3367
readmit30,41216742,417894110,2,0,0.1618,0.1786,0.1442,0.4068,0.3792
readmit30,41218839,232344876,0,0,0.0756,0.0471,0.0491,0.4903,0.4519
readmit30,41218839,245516244,1,0,0.0971,0.0777,0.0842,0.3765,0.3407
readmit30,41224500,219127272,0,1,0.098,0.091,0.1022,0.4673,0.4362
readmit30,41224500,222806178,1,0,0.1953,0.2025,0.2195,0.4215,0.3711
readmit30,41224500,255890664,2,0,0.1586,0.2442,0.2059,0.3909,0.3689
readmit30,41229432,359560244,0,0,0.0809,0.1028,0.0911,0.4715,0.4357
readmit30,41229432,433140932,1,0,0.133,0.1604,0.1573,0.3637,0.3358
readmit30,41261058,184589304,0,0,0.0479,0.0591,0.0423,0.4922,0.4558
readmit30,41261058,214720632,1,0,0.1198,0.0846,0.1055,0.3578,0.3323
readmit30,41283243,162872994,0,0,0.0653,0.0492,0.0531,0.4941,0.4544
readmit30,41283243,165784014,1,0,0.104,0.0751,0.0867,0.3909,0.356
readmit30,41313303,153041628,0,0,0.0534,0.0653,0.0682,0.4819,0.4437
readmit30,41313303,240410670,1,1,0.5634,0.2113,0.5803,0.3531,0.3299
readmit30,41314860,233518476,0,1,0.144,0.1627,0.1853,0.4682,0.4328
readmit30,41314860,235542786,1,0,0.1151,0.2037,0.1436,0.3924,0.3558
readmit30,41314860,436172276,2,0,0.1439,0.1525,0.1589,0.4387,0.3946
readmit30,41323356,201251256,0,0,0.0415,0.0339,0.0383,0.5025,0.4664
readmit30,41323356,226103406,1,0,0.0767,0.0372,0.0454,0.4191,0.3746
readmit30,41323518,264525240,0,0,0.0872,0.0947,0.1044,0.4758,0.4387
readmit30,41323518,272261736,1,1,0.1741,0.1757,0.2012,0.3565,0.3312
readmit30,41323518,278185494,2,0,0.2311,0.3225,0.2918,0.4319,0.4083
readmit30,41327343,144490884,0,1,0.1005,0.0785,0.0997,0.4839,0.4434
readmit30,41327343,147412668,1,0,0.1406,0.1286,0.1509,0.3992,0.3587
readmit30,41346216,127714812,0,0,0.0828,0.0454,0.0778,0.4961,0.4566
readmit30,41346216,147792786,1,0,0.1172,0.0956,0.0847,0.3793,0.3453
readmit30,41346216,153388590,2,0,0.3015,0.2255,0.3865,0.3446,0.3645
readmit30,41346216,157759992,3,0,0.1503,0.1649,0.1388,0.3733,0.377
readmit30,41346216,166014330,4,0,0.1853,0.1771,0.1783,0.3517,0.3459
readmit30,41346216,180604128,5,0,0.1977,0.2573,0.2273,0.368,0.3665
readmit30,41346216,278889738,6,0,0.0926,0.1583,0.0841,0.4732,0.4123
readmit30,41346216,286960578,7,0,0.1918,0.1335,0.2011,0.4042,0.3738
readmit30,41346216,343678688,8,0,0.1533,0.2136,0.1452,0.3792,0.3563
readmit30,41354100,273029700,0,1,0.0284,0.0355,0.0185,0.5007,0.4659
readmit30,41354100,274520820,1,0,0.103,0.1293,0.113,0.4103,0.3724
readmit30,41358429,155182182,0,0,0.0473,0.0424,0.0417,0.4959,0.4565
readmit30,41358429,229237476,1,0,0.0836,0.0588,0.081,0.4191,0.3736
readmit30,41363388,223044330,0,0,0.0858,0.0866,0.1492,0.4742,0.4402
readmit30,41363388,260338236,1,0,0.1317,0.1443,0.1797,0.3604,0.3339
readmit30,41363388,271165908,2,0,0.1475,0.1641,0.1558,0.4082,0.3844
readmit30,41371992,122359098,0,1,0.0669,0.0728,0.0812,0.4795,0.444
readmit30,41371992,122584410,1,0,0.1436,0.1816,0.1864,0.3883,0.3562
readmit30,41371992,126944424,2,0,0.1849,0.1474,0.1877,0.3967,0.3812
readmit30,41371992,172621860,3,0,0.1583,0.1666,0.1987,0.3913,0.377
readmit30,41371992,179333502,4,1,0.2142,0.2733,0.3549,0.3489,0.3446
readmit30,41371992,180481014,5,1,0.4229,0.3437,0.5722,0.418,0.4172
readmit30,41371992,187833918,6,0,0.3932,0.3136,0.4399,0.4814,0.428
readmit30,41371992,202460670,7,0,0.4364,0.2656,0.4568,0.4126,0.3894
readmit30,41371992,211118112,8,1,0.4216,0.3736,0.5507,0.3883,0.3667
readmit30,41371992,212299608,9,0,0.2445,0.3395,0.1713,0.4643,0.4187
readmit30,41371992,297267266,10,0,0.1552,0.2121,0.1429,0.5395,0.4477
readmit30,41374350,137144640,0,1,0.3652,0.1766,0.5023,0.4594,0.4378
readmit30,41374350,137506254,1,1,0.2636,0.2847,0.3786,0.3838,0.3629
readmit30,41374926,135245274,0,0,0.0568,0.0404,0.0449,0.4938,0.4574
readmit30,41374926,214277418,1,0,0.107,0.0682,0.0801,0.3978,0.3571
readmit30,41374926,252127236,2,0,0.1079,0.1102,0.0905,0.3871,0.376
readmit30,41374926,267734994,3,0,0.1831,0.1258,0.1502,0.3619,0.3753
readmit30,41382333,173878698,0,0,0.0576,0.0463,0.05,0.4881,0.451
readmit30,41382333,182705628,1,0,0.0828,0.0742,0.0651,0.3744,0.3451
readmit30,41386581,195805944,0,0,0.0731,0.08,0.0806,0.4872,0.4494
readmit30,41386581,211822896,1,0,0.1179,0.0924,0.0959,0.3828,0.3468
readmit30,41386581,240196068,2,0,0.1434,0.122,0.1123,0.3829,0.3686
readmit30,41386581,247863708,3,0,0.1494,0.1361,0.1225,0.3511,0.3563
readmit30,41391909,212110176,0,0,0.0453,0.0433,0.0405,0.4978,0.456
readmit30,41391909,293451330,1,0,0.0728,0.0631,0.0855,0.4103,0.3606
readmit30,41391909,370763186,2,1,0.093,0.0999,0.102,0.4203,0.3963
readmit30,41391909,397840874,3,0,0.2215,0.1089,0.1798,0.3824,0.397
readmit30,41391909,408500822,4,0,0.1919,0.1759,0.2264,0.3591,0.3479
readmit30,41399847,255601356,0,0,0.0473,0.0406,0.0422,0.5018,0.4632
readmit30,41399847,262308618,1,1,0.1035,0.0982,0.0864,0.3558,0.3361
readmit30,41399847,265614180,2,0,0.2052,0.2173,0.1923,0.4543,0.4215
readmit30,41399847,280608486,3,0,0.1721,0.1952,0.1753,0.3671,0.3728
readmit30,41399847,287588226,4,0,0.3306,0.2515,0.3515,0.3893,0.3659
readmit30,41403195,28450860,0,0,0.1087,0.1331,0.1232,0.461,0.4315
readmit30,41403195,76282344,1,0,0.1658,0.1702,0.1847,0.3686,0.3321
readmit30,41408460,253640214,0,1,0.1004,0.0782,0.0982,0.4844,0.4456
readmit30,41408460,255183000,1,0,0.1186,0.1357,0.1165,0.38,0.3538
readmit30,41421483,280880784,0,0,0.2276,0.2808,0.4584,0.473,0.4549
readmit30,41421483,282382134,1,0,0.1654,0.1538,0.1089,0.5259,0.4278
readmit30,41423067,166544478,0,0,0.0863,0.1105,0.0973,0.4757,0.4379
readmit30,41423067,191428458,1,1,0.1165,0.1082,0.125,0.3795,0.3509
readmit30,41423067,193544790,2,0,0.1085,0.1155,0.1162,0.5047,0.4456
readmit30,41423067,199313802,3,0,0.1773,0.1353,0.1378,0.3239,0.3448
readmit30,41423067,381912836,4,0,0.1014,0.1137,0.1614,0.5009,0.4251
readmit30,41423067,416118248,5,0,0.1181,0.0903,0.0983,0.4157,0.3816
readmit30,41431266,170260602,0,0,0.1141,0.1394,0.1327,0.4678,0.4341
readmit30,41431266,227083170,1,0,0.135,0.1467,0.1372,0.3558,0.3236
readmit30,41434506,157702206,0,0,0.0772,0.0571,0.0789,0.4887,0.4501
readmit30,41434506,211664208,1,0,0.0916,0.0658,0.0789,0.3904,0.3506
readmit30,41436360,337208888,0,0,0.0991,0.084,0.1039,0.4779,0.4396
readmit30,41436360,365562272,1,0,0.3004,0.2335,0.3156,0.3522,0.3306
readmit30,41436360,437807558,2,0,0.5163,0.5084,0.6188,0.6189,0.499
readmit30,41448042,245552292,0,1,0.1876,0.169,0.2178,0.453,0.4274
readmit30,41448042,247319862,1,0,0.1699,0.2945,0.2385,0.4325,0.371
readmit30,41448042,420881612,2,0,0.1443,0.1776,0.1606,0.4969,0.4197
readmit30,41457177,152295540,0,0,0.1603,0.129,0.1778,0.4613,0.4281
readmit30,41457177,156668208,1,0,0.1271,0.2126,0.1748,0.3442,0.3211
readmit30,41457177,167610822,2,0,0.1719,0.1954,0.1748,0.3997,0.3741
readmit30,41458986,282551928,0,0,0.075,0.0439,0.0591,0.4879,0.4506
readmit30,41458986,397840802,1,0,0.1285,0.0884,0.0965,0.3478,0.3304
readmit30,41465223,205929996,0,0,0.141,0.1297,0.1624,0.4703,0.4343
readmit30,41465223,393685550,1,0,0.1317,0.0866,0.1681,0.4365,0.3796
readmit30,41465223,399016850,2,0,0.1523,0.1051,0.1204,0.3832,0.3724
readmit30,41469624,250847610,0,0,0.0654,0.0656,0.0716,0.4866,0.4462
readmit30,41469624,352044896,1,0,0.1634,0.1373,0.1599,0.3546,0.3336
readmit30,41469624,379679342,2,1,0.1417,0.1645,0.1718,0.4487,0.4009
readmit30,41473404,187948386,0,0,0.1563,0.1419,0.1746,0.4636,0.4324
readmit30,41473404,205442364,1,0,0.1469,0.1782,0.1614,0.3736,0.3298
readmit30,41496579,151009674,0,0,0.0701,0.0459,0.0836,0.4906,0.4559
readmit30,41496579,242868420,1,0,0.1413,0.1395,0.1884,0.3342,0.3272
readmit30,41496579,263377998,2,0,0.1817,0.1261,0.2007,0.403,0.3835
readmit30,41496579,286828506,3,0,0.1716,0.1201,0.1829,0.3496,0.3666
readmit30,41496606,188675952,0,0,0.0933,0.1354,0.1145,0.458,0.433
readmit30,41496606,347884916,1,0,0.0934,0.0874,0.1187,0.3901,0.353
readmit30,41496606,386120276,2,0,0.3605,0.583,0.4769,0.5955,0.4708
readmit30,41513094,123131508,0,0,0.0802,0.0632,0.0862,0.4856,0.4476
readmit30,41513094,131096052,1,0,0.1414,0.1562,0.1402,0.3414,0.3294
readmit30,41513094,135500082,2,0,0.1404,0.156,0.1584,0.4234,0.3946
readmit30,41513094,147876096,3,1,0.1191,0.1946,0.1163,0.3467,0.3604
readmit30,41513094,151666524,4,0,0.2688,0.2721,0.2906,0.4625,0.4037
readmit30,41513094,155371680,5,0,0.3205,0.2561,0.3289,0.4275,0.3952
readmit30,41520690,182557578,0,1,0.0288,0.0289,0.0201,0.5118,0.4777
readmit30,41520690,186039048,1,0,0.1069,0.0521,0.0728,0.4148,0.3902
readmit30,41527638,220300716,0,0,0.1289,0.0626,0.186,0.4925,0.4509
readmit30,41527638,241339542,1,0,0.1699,0.1368,0.2043,0.3408,0.3279
readmit30,41536620,277490562,0,0,0.0801,0.0978,0.0914,0.4741,0.4405
readmit30,41536620,324343490,1,0,0.1569,0.1476,0.2013,0.3756,0.3495
readmit30,41539860,135932466,0,1,0.2283,0.1862,0.2757,0.4672,0.4405
readmit30,41539860,152882550,1,0,0.2032,0.1188,0.2149,0.3736,0.3516
readmit30,41539860,162996168,2,1,0.1576,0.2031,0.1685,0.3732,0.3662
readmit30,41539860,164998056,3,0,0.2362,0.2743,0.2452,0.4024,0.397
readmit30,41539860,168286470,4,0,0.2746,0.2309,0.312,0.395,0.3619
readmit30,41544864,245044860,0,0,0.0704,0.0559,0.0786,0.4898,0.4514
readmit30,41544864,271550154,1,0,0.1022,0.0652,0.0711,0.3791,0.3483
readmit30,41544864,350140934,2,0,0.1544,0.0977,0.1534,0.4226,0.3977
readmit30,41560938,309560048,0,0,0.0856,0.0783,0.0795,0.4819,0.4428
readmit30,41560938,408441206,1,1,0.5149,0.2135,0.5485,0.3672,0.3401
readmit30,41570397,268659114,0,0,0.0931,0.0806,0.1039,0.482,0.4434
readmit30,41570397,279939978,1,0,0.1102,0.124,0.1255,0.3885,0.3436
readmit30,41596488,187614816,0,0,0.0663,0.0775,0.0798,0.482,0.4433
readmit30,41596488,267670392,1,0,0.0534,0.0679,0.0722,0.4455,0.3875
readmit30,41599233,271769328,0,1,0.0641,0.0517,0.0715,0.4898,0.4497
readmit30,41599233,277832256,1,0,0.0607,0.052,0.0359,0.4259,0.3836
readmit30,41622246,219736872,0,0,0.0556,0.0369,0.0393,0.496,0.4574
readmit30,41622246,243874986,1,0,0.1492,0.1305,0.1234,0.3316,0.3285
readmit30,41622732,213105972,0,0,0.0596,0.0497,0.0613,0.4965,0.4554
readmit30,41622732,292853028,1,0,0.0992,0.066,0.0879,0.3874,0.3497
readmit30,41623218,270000954,0,0,0.0708,0.0402,0.0413,0.4998,0.4599
readmit30,41623218,346619702,1,0,0.0715,0.054,0.0362,0.3984,0.3649
readmit30,41677380,131350560,0,0,0.0573,0.0325,0.0514,0.5041,0.4663
readmit30,41677380,407881874,1,0,0.0464,0.044,0.0304,0.4093,0.3759
readmit30,41690421,267016218,0,1,0.1208,0.1292,0.1295,0.4713,0.4374
readmit30,41690421,270283758,1,0,0.1146,0.1551,0.0828,0.3873,0.3567
readmit30,41694273,126254244,0,1,0.0567,0.0364,0.0546,0.5092,0.4735
readmit30,41694273,126908616,1,0,0.0909,0.0571,0.0713,0.4014,0.3766
readmit30,41694273,154135932,2,0,0.1547,0.1054,0.1508,0.3917,0.377
readmit30,41694273,212462688,3,0,0.1234,0.0892,0.134,0.4569,0.426
readmit30,41696991,202400568,0,0,0.1026,0.1101,0.1005,0.462,0.4281
readmit30,41696991,265276440,1,0,0.2423,0.2154,0.3524,0.3549,0.3289
readmit30,41710878,150098418,0,0,0.0893,0.0889,0.1108,0.4747,0.4402
readmit30,41710878,274566888,1,1,0.7114,0.258,0.8473,0.3532,0.3264
readmit30,41710878,275283642,2,1,0.3325,0.1531,0.3805,0.4529,0.4157
readmit30,41710878,278103132,3,1,0.1998,0.1874,0.2532,0.3641,0.3862
readmit30,41710878,284762202,4,1,0.1171,0.2228,0.1305,0.3995,0.3743
readmit30,41710878,287958738,5,0,0.2444,0.3525,0.3591,0.4462,0.423
readmit30,41720949,287344242,0,1,0.341,0.1769,0.3811,0.4667,0.436
readmit30,41720949,289958388,1,0,0.1164,0.0721,0.0809,0.4423,0.3894
readmit30,41761152,399589430,0,1,0.057,0.04,0.0458,0.4997,0.46
readmit30,41761152,439040876,1,0,0.1055,0.0481,0.0439,0.4387,0.3979
readmit30,41777019,194351424,0,1,0.0939,0.0787,0.0997,0.4809,0.4436
readmit30,41777019,197928024,1,1,0.1846,0.164,0.1769,0.3815,0.3508
readmit30,41777019,206881014,2,0,0.254,0.3297,0.4031,0.4337,0.4116
readmit30,41777019,216591948,3,0,0.2233,0.2386,0.313,0.4137,0.3902
readmit30,41777019,247860870,4,1,0.3972,0.3107,0.4376,0.3667,0.3442
readmit30,41777019,249580488,5,0,0.3365,0.3919,0.4569,0.5297,0.4489
readmit30,41777019,284318094,6,0,0.2064,0.2398,0.1973,0.4085,0.3783
readmit30,41777019,437939822,7,0,0.2275,0.285,0.2797,0.4326,0.3919
readmit30,41779845,335443568,0,0,0.0566,0.0385,0.0448,0.5002,0.4604
readmit30,41779845,408471404,1,1,0.1038,0.0793,0.0591,0.3693,0.3405
readmit30,41779881,177467466,0,0,0.0448,0.0338,0.026,0.504,0.4671
readmit30,41779881,327885920,1,0,0.1462,0.0619,0.0848,0.384,0.3508
readmit30,41782149,233688012,0,0,0.0496,0.0534,0.051,0.488,0.4496
readmit30,41782149,323741960,1,0,0.1177,0.0857,0.1027,0.3881,0.3489
readmit30,41782149,427226066,2,0,0.0836,0.0861,0.0751,0.4512,0.4114
readmit30,41802561,242883168,0,0,0.1244,0.0717,0.1214,0.484,0.4479
readmit30,41802561,279190800,1,0,0.1279,0.1037,0.1157,0.3457,0.3346
readmit30,41807016,283891848,0,1,0.0977,0.0626,0.1126,0.4848,0.4489
readmit30,41807016,287419986,1,0,0.1238,0.1134,0.0934,0.3765,0.3521
readmit30,41810364,191026350,0,0,0.0406,0.0356,0.0306,0.4991,0.4625
readmit30,41810364,318944936,1,0,0.0676,0.0855,0.0672,0.3864,0.3525
readmit30,41810364,363181346,2,0,0.0824,0.057,0.0457,0.4661,0.418
readmit30,41825340,272961108,0,0,0.1191,0.0999,0.1987,0.4728,0.4387
readmit30,41825340,318345020,1,1,0.1102,0.1011,0.1399,0.4088,0.3533
readmit30,41825340,385487978,2,0,0.1843,0.168,0.2043,0.4308,0.4062
readmit30,41858685,260992596,0,0,0.0645,0.0589,0.0939,0.4849,0.4455
readmit30,41858685,284171190,1,0,0.1367,0.0953,0.1593,0.3691,0.3363
readmit30,41859630,146529954,0,0,0.0572,0.0644,0.0658,0.4819,0.4438
readmit30,41859630,178475958,1,0,0.0757,0.0676,0.0606,0.405,0.3615
readmit30,41861547,250384488,0,0,0.0755,0.0644,0.0733,0.4918,0.4513
readmit30,41861547,275400540,1,0,0.1266,0.0809,0.0977,0.3498,0.3265
readmit30,41877054,235086612,0,0,0.1041,0.0597,0.0878,0.4921,0.455
readmit30,41877054,266095416,1,0,0.106,0.0564,0.0609,0.3657,0.3366
readmit30,41877054,317184206,2,0,0.1176,0.124,0.0972,0.3528,0.3605
readmit30,41877054,423723314,3,0,0.1585,0.1661,0.1864,0.3242,0.3556
readmit30,41879529,133323804,0,0,0.0566,0.1008,0.0668,0.4712,0.4364
readmit30,41879529,272277324,1,1,0.0819,0.0653,0.1079,0.4771,0.4136
readmit30,41879529,274571868,2,0,0.1538,0.099,0.0931,0.3974,0.3865
readmit30,41905584,170159214,0,0,0.0692,0.0613,0.0719,0.4852,0.4488
readmit30,41905584,195353742,1,0,0.0752,0.1193,0.0632,0.3563,0.3386
readmit30,41905584,209227236,2,0,0.1434,0.1629,0.2017,0.4374,0.3914
readmit30,41905584,264512148,3,0,0.143,0.137,0.1712,0.4049,0.3889
readmit30,41905584,316595162,4,1,0.1157,0.112,0.1258,0.4314,0.3845
readmit30,41905584,342503216,5,0,0.2398,0.2173,0.2269,0.4197,0.4033
readmit30,41947839,266617986,0,0,0.0836,0.0409,0.075,0.4972,0.4595
readmit30,41947839,420238118,1,0,0.0973,0.0868,0.095,0.3262,0.3276
readmit30,41954265,139770636,0,0,0.0431,0.0287,0.032,0.5078,0.4706
readmit30,41954265,162081738,1,0,0.0609,0.0453,0.0386,0.3952,0.3619
readmit30,41962203,289052982,0,0,0.0522,0.0471,0.0484,0.4951,0.4557
readmit30,41962203,379708460,1,0,0.0843,0.0728,0.0834,0.3746,0.3491
readmit30,41975982,122328642,0,0,0.0603,0.0532,0.0671,0.4867,0.4483
readmit30,41975982,132139272,1,1,0.1668,0.1305,0.1516,0.3381,0.3207
readmit30,41975982,133718694,2,1,0.2351,0.2533,0.2149,0.4476,0.4195
readmit30,41975982,146751402,3,0,0.2968,0.3583,0.3724,0.3766,0.389
readmit30,41975982,157385448,4,0,0.4896,0.3159,0.5754,0.4132,0.3734
readmit30,41984613,127290774,0,0,0.0973,0.0654,0.118,0.4802,0.442
readmit30,41984613,166887504,1,0,0.1252,0.0782,0.1407,0.4245,0.3693
readmit30,41984613,223206318,2,1,0.1777,0.0847,0.1974,0.4587,0.4164
readmit30,41984613,381415844,3,1,0.3597,0.1811,0.3645,0.3769,0.3925
readmit30,41987853,218273106,0,0,0.0424,0.0423,0.0406,0.495,0.4557
readmit30,41987853,328943912,1,0,0.0797,0.0622,0.0813,0.4137,0.3679
readmit30,41999229,248946666,0,0,0.0823,0.0752,0.0984,0.4837,0.4481
readmit30,41999229,258577068,1,0,0.1311,0.0967,0.1336,0.3619,0.3381
readmit30,41999229,361365560,2,0,0.1546,0.1265,0.1799,0.4038,0.3847
readmit30,42012999,225722460,0,0,0.1013,0.0732,0.115,0.4837,0.4437
readmit30,42012999,238899498,1,0,0.0821,0.1262,0.084,0.3658,0.3357
readmit30,42027282,128263080,0,0,0.0546,0.0543,0.0577,0.4891,0.4481
readmit30,42027282,160972752,1,0,0.1299,0.1061,0.1173,0.3479,0.3311
readmit30,42027282,166307352,2,0,0.1562,0.1309,0.1716,0.4221,0.39
readmit30,42027282,249719904,3,0,0.1631,0.129,0.2214,0.4387,0.4049
readmit30,42041223,216219546,0,0,0.0751,0.0498,0.0677,0.4884,0.4519
readmit30,42041223,260262948,1,0,0.1134,0.117,0.1159,0.3294,0.3255
readmit30,42043050,122341812,0,0,0.0842,0.0655,0.1036,0.4863,0.4458
readmit30,42043050,161547972,1,0,0.0807,0.0738,0.078,0.4121,0.3548
readmit30,42046416,193691046,0,0,0.1386,0.157,0.1593,0.4655,0.4359
readmit30,42046416,217207806,1,1,0.1841,0.0975,0.1795,0.3861,0.3485
readmit30,42069654,205963044,0,0,0.0817,0.0702,0.0882,0.486,0.4446
readmit30,42069654,355466984,1,1,0.16,0.1196,0.1672,0.3908,0.3473
readmit30,42080724,127249386,0,0,0.0508,0.0322,0.0387,0.502,0.4616
readmit30,42080724,155566674,1,0,0.0903,0.0629,0.0689,0.3644,0.3475
readmit30,42080724,190287912,2,1,0.1462,0.0785,0.1605,0.4616,0.4207
readmit30,42080724,193376982,3,0,0.1382,0.0972,0.0966,0.3854,0.3899
readmit30,42080724,215552844,4,0,0.1683,0.1125,0.1439,0.4036,0.3729
readmit30,42080724,226672890,5,0,0.1668,0.1458,0.1105,0.3722,0.372
readmit30,42086250,174878490,0,0,0.0886,0.0525,0.0896,0.4877,0.4489
readmit30,42086250,205418052,1,0,0.1129,0.108,0.1014,0.3648,0.3347
readmit30,42086250,230798760,2,0,0.1208,0.1336,0.109,0.3959,0.3803
readmit30,42086250,289853754,3,0,0.1242,0.1261,0.1212,0.3959,0.3847
readmit30,42087735,244813788,0,0,0.0865,0.1016,0.1047,0.4744,0.4411
readmit30,42087735,290606148,1,0,0.2017,0.1376,0.255,0.3668,0.3354
readmit30,42087735,441470300,2,0,0.1554,0.1404,0.161,0.4232,0.3881
readmit30,42091587,340829666,0,0,0.1224,0.1226,0.1428,0.4648,0.4312
readmit30,42091587,393214688,1,1,0.4128,0.5785,0.4658,0.5544,0.4275
readmit30,42091623,366089684,0,0,0.0877,0.0903,0.0925,0.4795,0.4435
readmit30,42091623,376708364,1,0,0.098,0.1185,0.1021,0.3821,0.346
readmit30,42095358,185851962,0,0,0.1117,0.0591,0.128,0.487,0.4495
readmit30,42095358,221848212,1,0,0.1531,0.141,0.1594,0.3371,0.32
readmit30,42108759,129503214,0,0,0.0789,0.075,0.0897,0.4824,0.4422
readmit30,42108759,146004696,1,0,0.1575,0.1091,0.156,0.3747,0.3387
readmit30,42108759,158598912,2,0,0.1584,0.1309,0.1757,0.4125,0.3865
readmit30,42108759,163546134,3,0,0.2043,0.1728,0.2116,0.3576,0.3676
readmit30,42109704,253768128,0,0,0.1188,0.0813,0.1348,0.4658,0.44
readmit30,42109704,293296326,1,0,0.1098,0.0988,0.1285,0.3689,0.3372
readmit30,42125382,256785918,0,1,0.1162,0.0908,0.1228,0.4827,0.4466
readmit30,42125382,262501740,1,0,0.126,0.1021,0.0904,0.3808,0.356
readmit30,42129270,304851848,0,0,0.0839,0.0826,0.0884,0.4759,0.4383
readmit30,42129270,329055398,1,0,0.1112,0.1181,0.1235,0.3778,0.3418
readmit30,42129270,360142004,2,1,0.1106,0.0894,0.1487,0.4992,0.4426
readmit30,42147090,204127806,0,1,0.1335,0.1202,0.1746,0.4732,0.4368
readmit30,42147090,205500618,1,0,0.228,0.2297,0.2837,0.3865,0.3487
readmit30,42150195,280021542,0,0,0.0688,0.0445,0.0665,0.4978,0.4573
readmit30,42150195,334323854,1,1,0.1059,0.0888,0.08,0.3547,0.3282
readmit30,42165666,34144674,0,1,0.1902,0.2126,0.2232,0.4539,0.4276
readmit30,42165666,41886576,1,1,0.293,0.3372,0.3774,0.3868,0.3608
readmit30,42165666,108858594,2,0,0.1392,0.5494,0.277,0.5586,0.4567
readmit30,42189354,219639240,0,0,0.0763,0.0368,0.0669,0.5013,0.4628
readmit30,42189354,271559334,1,0,0.1179,0.0631,0.0868,0.3572,0.3396
readmit30,42199263,317287370,0,0,0.218,0.1856,0.3148,0.4488,0.4266
readmit30,42199263,358452980,1,1,0.1803,0.1824,0.2069,0.3966,0.348
readmit30,42199263,414892148,2,0,0.2397,0.2446,0.2704,0.5277,0.4485
readmit30,42232014,285497106,0,0,0.0639,0.0367,0.0492,0.5048,0.4666
readmit30,42232014,294301904,1,0,0.1214,0.0974,0.0945,0.3613,0.3422
readmit30,42243363,152540910,0,0,0.1457,0.1455,0.1672,0.4664,0.4316
readmit30,42243363,159952296,1,0,0.1816,0.173,0.2269,0.4018,0.3484
readmit30,42243363,174448278,2,0,0.1834,0.1704,0.1764,0.4027,0.3785
readmit30,42243363,268671024,3,0,0.1813,0.1563,0.2436,0.4722,0.4313
readmit30,42271776,141701496,0,1,0.0389,0.0312,0.0159,0.5133,0.481
readmit30,42271776,142069488,1,1,0.0798,0.0517,0.033,0.3715,0.3578
readmit30,42378435,127161222,0,1,0.2085,0.1465,0.2495,0.4756,0.4517
readmit30,42378435,127424832,1,0,0.0946,0.0623,0.0437,0.4263,0.3801
readmit30,42378435,157777764,2,0,0.1347,0.0789,0.1054,0.3935,0.3852
readmit30,42425694,181614708,0,0,0.0503,0.0461,0.0565,0.4926,0.4536
readmit30,42425694,225648300,1,0,0.093,0.0976,0.0897,0.3389,0.3283
readmit30,42430896,180821532,0,0,0.1115,0.0987,0.1152,0.4799,0.4448
readmit30,42430896,203600976,1,1,0.1206,0.0869,0.1404,0.3796,0.3517
readmit30,42430896,204440076,2,0,0.1757,0.1458,0.1431,0.4307,0.4042
readmit30,42491844,174446994,0,0,0.0368,0.039,0.0323,0.5015,0.4635
readmit30,42491844,270913656,1,0,0.0839,0.055,0.0653,0.4194,0.3712
readmit30,42491844,378477014,2,0,0.1858,0.1396,0.1361,0.3616,0.3565
readmit30,42491844,384884366,3,0,0.1482,0.5412,0.1795,0.5236,0.4476
readmit30,42491844,431347352,4,1,0.1094,0.2875,0.2799,0.5507,0.4443
readmit30,42507000,171525138,0,0,0.0471,0.0343,0.0402,0.5054,0.4672
readmit30,42507000,177798786,1,0,0.073,0.0461,0.0424,0.3822,0.3502
readmit30,42508269,149224866,0,0,0.0762,0.0424,0.063,0.4975,0.4621
readmit30,42508269,192562740,1,0,0.0612,0.0429,0.0465,0.3996,0.3682
readmit30,42518925,156652236,0,0,0.0862,0.051,0.0767,0.4942,0.4589
readmit30,42518925,375592430,1,0,0.0777,0.0566,0.0837,0.3915,0.3589
readmit30,42522804,122822652,0,0,0.052,0.0385,0.0494,0.4956,0.4567
readmit30,42522804,162490782,1,0,0.066,0.054,0.069,0.4203,0.3751
readmit30,42522804,342475100,2,0,0.4998,0.2151,0.5398,0.4018,0.3837
readmit30,42522804,363710054,3,0,0.134,0.2326,0.0795,0.5597,0.49
readmit30,42537402,170586156,0,0,0.0514,0.0384,0.0389,0.5031,0.4653
readmit30,42537402,185785848,1,0,0.07,0.0539,0.0486,0.3835,0.357
readmit30,42550434,139520970,0,0,0.0342,0.0278,0.0191,0.5137,0.4791
readmit30,42550434,385474238,1,0,0.2613,0.0932,0.2495,0.3684,0.3471
readmit30,42550785,129544668,0,0,0.0656,0.0357,0.0306,0.4962,0.4606
readmit30,42550785,182289888,1,1,0.0706,0.0594,0.0575,0.4127,0.3736
readmit30,42550785,218072280,2,0,0.1297,0.1378,0.1099,0.3748,0.3769
readmit30,42550785,228274710,3,0,0.1919,0.2219,0.1654,0.335,0.3683
readmit30,42550785,266722800,4,0,0.1746,0.2442,0.1682,0.416,0.3723
readmit30,42550785,407809622,5,0,0.199,0.2238,0.1698,0.4094,0.3887
readmit30,42564087,91828332,0,0,0.0436,0.0317,0.0322,0.5068,0.4716
readmit30,42564087,95431872,1,0,0.0733,0.0472,0.0339,0.3752,0.3537
readmit30,42572835,148511670,0,1,0.1039,0.0854,0.1156,0.4764,0.4409
readmit30,42572835,150181716,1,0,0.1632,0.1434,0.2258,0.3868,0.3546
readmit30,42572835,154084206,2,1,0.1371,0.1741,0.1271,0.4186,0.3897
readmit30,42572835,155375880,3,0,0.2705,0.21,0.2133,0.3936,0.395
readmit30,42582393,211756278,0,1,0.0601,0.0359,0.0416,0.5031,0.4652
readmit30,42582393,216493728,1,0,0.1272,0.0914,0.0913,0.3665,0.3521
readmit30,42603903,282226842,0,1,0.1209,0.0862,0.1565,0.479,0.4473
readmit30,42603903,285782352,1,1,0.2122,0.1473,0.2505,0.3565,0.3425
readmit30,42603903,290365986,2,1,0.3057,0.2328,0.3659,0.4229,0.4031
readmit30,42603903,292859976,3,0,0.3241,0.284,0.3685,0.4361,0.4152
readmit30,42616485,270026232,0,0,0.0673,0.0602,0.0755,0.4865,0.4465
readmit30,42616485,357320000,1,0,0.1225,0.114,0.1636,0.3453,0.3339
readmit30,42629220,241608174,0,0,0.0999,0.0776,0.112,0.4745,0.443
readmit30,42629220,252173370,1,0,0.1488,0.1605,0.1828,0.3405,0.3201
readmit30,42633531,276696816,0,1,0.0958,0.0661,0.1174,0.4808,0.4499
readmit30,42633531,283875828,1,0,0.1193,0.1103,0.1259,0.3953,0.3669
readmit30,42633531,365516048,2,0,0.1686,0.1176,0.195,0.4181,0.3922
readmit30,42643233,280477314,0,1,0.0602,0.0395,0.061,0.4957,0.4568
readmit30,42643233,286460478,1,1,0.0859,0.0735,0.0842,0.4221,0.3851
readmit30,42657381,177786330,0,0,0.0565,0.0409,0.0544,0.4951,0.4562
readmit30,42657381,265269624,1,0,0.0854,0.0683,0.0545,0.3833,0.3491
readmit30,42667344,154417602,0,0,0.0673,0.0501,0.0662,0.4912,0.4498
readmit30,42667344,304946402,1,0,0.0774,0.0675,0.0648,0.4138,0.3627
readmit30,42673770,362550752,0,1,0.0858,0.0541,0.0758,0.4847,0.4478
readmit30,42673770,442012304,1,0,0.0867,0.1152,0.061,0.3975,0.3616
readmit30,42703308,183948012,0,0,0.0958,0.0509,0.0946,0.4891,0.4462
readmit30,42703308,188700996,1,0,0.0931,0.0754,0.0906,0.3815,0.3518
readmit30,42703308,217244136,2,0,0.116,0.1121,0.1187,0.3922,0.3806
readmit30,42703308,326678384,3,0,0.1526,0.1436,0.1975,0.3774,0.3766
readmit30,42703308,409646072,4,0,0.1447,0.1115,0.1683,0.4535,0.3933
readmit30,42765039,180811500,0,1,0.1577,0.1202,0.171,0.4685,0.4349
readmit30,42765039,184534848,1,0,0.1858,0.1518,0.2316,0.3986,0.3616
readmit30,42767190,157151136,0,0,0.042,0.0362,0.0349,0.4973,0.4604
readmit30,42767190,165865662,1,0,0.0663,0.095,0.0592,0.3457,0.3314
readmit30,42767190,187641612,2,0,0.0877,0.1225,0.095,0.4013,0.3777
readmit30,42775830,229093488,0,0,0.1231,0.1349,0.1566,0.4565,0.4298
readmit30,42775830,253166622,1,1,0.1858,0.2016,0.2258,0.3535,0.3281
readmit30,42788898,139527012,0,0,0.0345,0.0307,0.0212,0.5057,0.4693
readmit30,42788898,148507800,1,0,0.2336,0.1465,0.2292,0.2988,0.3173
readmit30,42788898,177589836,2,0,0.1492,0.2707,0.2078,0.3671,0.3661
readmit30,42788898,190678062,3,0,0.1501,0.2554,0.2315,0.4531,0.4164
readmit30,42788898,199212702,4,1,0.1782,0.1859,0.16,0.3723,0.3402
readmit30,42788898,203656872,5,1,0.2266,0.3165,0.2786,0.4732,0.4285
readmit30,42788898,209328456,6,0,0.3248,0.3704,0.3542,0.446,0.4098
readmit30,42849963,181848708,0,1,0.0858,0.0583,0.0956,0.4826,0.445
readmit30,42849963,184885890,1,0,0.1135,0.0715,0.104,0.4469,0.4012
readmit30,42850278,146081202,0,1,0.4476,0.309,0.7028,0.4476,0.4343
readmit30,42850278,146543958,1,1,0.4457,0.4456,0.6934,0.3773,0.3593
readmit30,42850872,191103546,0,1,0.0648,0.0315,0.0516,0.4992,0.4673
readmit30,42850872,191912256,1,0,0.1275,0.0637,0.1138,0.4348,0.3953
readmit30,42851871,119006334,0,0,0.324,0.2125,0.3049,0.4502,0.4326
readmit30,42851871,180690318,1,0,0.1289,0.2088,0.1859,0.4455,0.3726
readmit30,42854949,192124236,0,1,0.0921,0.0892,0.1131,0.4756,0.4403
readmit30,42854949,195609126,1,0,0.1123,0.1488,0.1238,0.3939,0.3595
readmit30,42854949,211386948,2,0,0.1315,0.1775,0.1634,0.4,0.3828
readmit30,42854949,226914120,3,0,0.1861,0.2115,0.2385,0.3569,0.3607
readmit30,42854949,292693932,4,0,0.1341,0.1831,0.1647,0.4638,0.4026
readmit30,42854949,305475200,5,0,0.1828,0.1474,0.2093,0.4349,0.3913
readmit30,42854949,344915258,6,0,0.1393,0.1955,0.1258,0.3802,0.3637
readmit30,42854949,386653718,7,1,0.1924,0.1975,0.2203,0.4529,0.3975
readmit30,42870726,205159590,0,0,0.0381,0.0325,0.0276,0.5014,0.464
readmit30,42870726,273949836,1,0,0.1343,0.0756,0.1114,0.366,0.3435
readmit30,42878844,124180872,0,0,0.0739,0.0712,0.0701,0.4823,0.4443
readmit30,42878844,131108526,1,0,0.0801,0.1491,0.0835,0.3533,0.3276
readmit30,42878844,152673408,2,1,0.2107,0.1935,0.2404,0.4304,0.3945
readmit30,42887547,126238656,0,0,0.0429,0.0304,0.0276,0.5061,0.4685
readmit30,42887547,140720808,1,0,0.0738,0.0445,0.037,0.3844,0.3597
readmit30,42895152,135737616,0,0,0.0473,0.0378,0.0457,0.499,0.4574
readmit30,42895152,167617926,1,0,0.1279,0.0753,0.115,0.3644,0.3424
readmit30,42895152,220338636,2,0,0.1259,0.0975,0.1015,0.3873,0.3784
readmit30,42915474,129968610,0,1,0.0741,0.0635,0.0784,0.4881,0.4475
readmit30,42915474,132292548,1,1,0.1207,0.1167,0.1232,0.4077,0.3677
readmit30,42915474,133405074,2,0,0.2081,0.2225,0.2436,0.4753,0.4214
readmit30,42915474,149941092,3,0,0.2113,0.2052,0.1904,0.3554,0.3604
readmit30,42915474,166305732,4,0,0.2039,0.2081,0.2248,0.425,0.3785
readmit30,42915474,184276080,5,0,0.2701,0.2116,0.2788,0.4327,0.3839
readmit30,42915474,196678992,6,0,0.1898,0.2656,0.2135,0.3856,0.3723
readmit30,42915474,227221668,7,0,0.2427,0.2495,0.2369,0.4246,0.3821
readmit30,42915474,261190614,8,1,0.2099,0.2312,0.2125,0.4171,0.3694
readmit30,42915474,265016814,9,1,0.2437,0.3607,0.282,0.4241,0.4033
readmit30,42915474,269061828,10,1,0.3383,0.4374,0.4225,0.519,0.4377
readmit30,42915474,273210894,11,0,0.3947,0.4161,0.4878,0.4989,0.427
readmit30,42915474,350720348,12,0,0.2705,0.377,0.2921,0.4412,0.3832
readmit30,42943833,136059678,0,0,0.0307,0.0398,0.027,0.4955,0.4587
readmit30,42943833,163876506,1,0,0.0992,0.0814,0.0835,0.353,0.335
readmit30,42957558,122782686,0,0,0.0802,0.0586,0.0705,0.4818,0.4469
readmit30,42957558,279043416,1,0,0.0751,0.0631,0.0694,0.4174,0.373
readmit30,42958737,176740008,0,0,0.0875,0.0783,0.1035,0.4839,0.4434
readmit30,42958737,196576536,1,0,0.1224,0.1204,0.1199,0.3589,0.3334
readmit30,42963651,159939378,0,0,0.0566,0.0387,0.0455,0.5009,0.4628
readmit30,42963651,256523586,1,1,0.1044,0.0832,0.0855,0.3537,0.3332
readmit30,42963651,260950050,2,0,0.1698,0.1801,0.1649,0.3926,0.3887
readmit30,42963651,324974276,3,1,0.2905,0.1902,0.3293,0.3826,0.3812
readmit30,42966531,227100144,0,0,0.0441,0.0328,0.0335,0.5033,0.4675
readmit30,42966531,370763162,1,0,0.0658,0.0393,0.0533,0.4351,0.3938
readmit30,42977250,141683034,0,1,0.0804,0.0751,0.0682,0.4836,0.4492
readmit30,42977250,170121642,1,0,0.1568,0.1282,0.1461,0.346,0.3371
readmit30,42977250,191099574,2,0,0.155,0.0969,0.1735,0.4615,0.4042
readmit30,42977250,282622962,3,0,0.0722,0.0987,0.0631,0.4249,0.4083
readmit30,42977250,361355054,4,1,0.1362,0.1075,0.1137,0.3644,0.3451
readmit30,42977250,365473760,5,0,0.2908,0.1595,0.2929,0.439,0.4135
readmit30,43011450,184494846,0,0,0.0454,0.0369,0.0368,0.4999,0.4604
readmit30,43011450,189851160,1,1,0.1499,0.098,0.1414,0.3489,0.3353
readmit30,43011450,193744488,2,0,0.1318,0.2469,0.1863,0.3909,0.4048
readmit30,43040187,313120976,0,1,0.083,0.0769,0.0896,0.4828,0.4437
readmit30,43040187,370822142,1,0,0.2251,0.2001,0.2642,0.3858,0.3578
readmit30,43040187,402620570,2,1,0.2902,0.6018,0.5169,0.5902,0.4792
readmit30,43048881,168796680,0,1,0.0505,0.0472,0.0577,0.4953,0.4579
readmit30,43048881,171566172,1,0,0.098,0.1065,0.1483,0.4485,0.399
readmit30,43048881,190150518,2,1,0.1378,0.1439,0.1291,0.3633,0.3565
readmit30,43048881,194109612,3,0,0.2136,0.3277,0.3097,0.4242,0.4227
readmit30,43048881,220483680,4,0,0.2131,0.1294,0.2421,0.4376,0.3884
readmit30,43048881,232918530,5,1,0.181,0.1449,0.1292,0.4425,0.3936
readmit30,43048881,238414476,6,0,0.2681,0.3194,0.2775,0.4654,0.4255
readmit30,43048881,316063178,7,0,0.1698,0.1545,0.2371,0.4765,0.4184
readmit30,43062633,219166446,0,0,0.1094,0.0809,0.1153,0.4809,0.4441
readmit30,43062633,254830104,1,0,0.0996,0.077,0.0892,0.3693,0.3453
readmit30,43070751,266676438,0,1,0.1893,0.1016,0.2589,0.4783,0.4434
readmit30,43070751,266947908,1,0,0.0766,0.0791,0.2202,0.4388,0.3896
readmit30,43075008,122509722,0,0,0.1099,0.0494,0.1465,0.4923,0.4579
readmit30,43075008,125074218,1,0,0.1168,0.062,0.1498,0.3769,0.3532
readmit30,43082694,236118252,0,0,0.0752,0.0455,0.0728,0.4927,0.4513
readmit30,43082694,292111710,1,0,0.0819,0.0658,0.0636,0.378,0.348
readmit30,43123806,241333458,0,1,0.0516,0.0334,0.0449,0.5028,0.4649
readmit30,43123806,244244196,1,0,0.1081,0.0615,0.0873,0.4172,0.385
readmit30,43140465,204462978,0,0,0.0704,0.0621,0.0732,0.4886,0.4484
readmit30,43140465,220416540,1,0,0.1151,0.0853,0.1041,0.3813,0.3462
readmit30,43152012,199153692,0,0,0.1105,0.0802,0.0962,0.4714,0.4381
readmit30,43152012,223298010,1,0,0.1267,0.1379,0.1431,0.3598,0.3353
readmit30,43152012,231986838,2,0,0.0972,0.1404,0.1057,0.4068,0.3823
readmit30,43183395,203328708,0,0,0.0674,0.0568,0.0646,0.4946,0.4538
readmit30,43183395,210868656,1,0,0.1246,0.0714,0.0989,0.3889,0.3541
readmit30,43205373,133336062,0,0,0.0513,0.036,0.0432,0.5039,0.4636
readmit30,43205373,229880808,1,0,0.0777,0.0422,0.0576,0.4061,0.371
readmit30,43233183,127529730,0,1,0.5783,0.327,0.6963,0.4536,0.436
readmit30,43233183,127789632,1,1,0.414,0.1998,0.527,0.41,0.3696
readmit30,43233183,128876220,2,1,0.2681,0.1492,0.2859,0.4657,0.4255
readmit30,43245882,184623390,0,1,0.1154,0.0821,0.1182,0.4863,0.4455
readmit30,43245882,186580428,1,0,0.147,0.1485,0.1265,0.3452,0.3291
readmit30,43270749,147192534,0,1,0.0449,0.0291,0.0252,0.5121,0.4781
readmit30,43270749,147330882,1,1,0.0868,0.0489,0.0559,0.4171,0.3881
readmit30,43270749,149824242,2,0,0.1876,0.0735,0.1522,0.507,0.4576
readmit30,43281954,169930704,0,0,0.0617,0.0372,0.0638,0.5057,0.4677
readmit30,43281954,244868256,1,0,0.1304,0.0662,0.1224,0.3941,0.3545
readmit30,43281954,254231448,2,0,0.1427,0.0998,0.1022,0.4264,0.3927
readmit30,43293771,167664450,0,1,0.1396,0.0663,0.2013,0.4855,0.4538
readmit30,43293771,170214822,1,0,0.332,0.1439,0.3462,0.3504,0.3339
readmit30,43293771,220009698,2,0,0.3177,0.1649,0.423,0.3825,0.3764
readmit30,43293771,243151338,3,0,0.2378,0.157,0.2771,0.3744,0.369
readmit30,43356447,163187946,0,1,0.0609,0.0303,0.0432,0.5062,0.4728
readmit30,43356447,163527324,1,1,0.2093,0.0873,0.1415,0.371,0.3499
readmit30,43356447,165142488,2,0,0.153,0.0911,0.0727,0.4531,0.4228
readmit30,43356447,169755426,3,0,0.202,0.2318,0.21,0.3126,0.3435
readmit30,43356447,196526166,4,0,0.2155,0.1222,0.1373,0.4109,0.3806
readmit30,43356447,201807522,5,0,0.2247,0.1917,0.1486,0.3677,0.3824
readmit30,43356555,228067416,0,0,0.0564,0.0511,0.0554,0.4916,0.4547
readmit30,43356555,236369064,1,0,0.1055,0.0785,0.0827,0.3731,0.343
readmit30,43363836,225744528,0,0,0.0895,0.073,0.0941,0.4843,0.4458
readmit30,43363836,409034330,1,0,0.1016,0.0908,0.1019,0.4041,0.3612
readmit30,43371648,256846614,0,0,0.0718,0.0729,0.059,0.4904,0.4534
readmit30,43371648,361413494,1,0,0.2024,0.0928,0.1028,0.3422,0.3228
readmit30,43371648,381971090,2,1,0.1295,0.1278,0.1,0.4145,0.3914
readmit30,43371648,410796380,3,0,0.142,0.2067,0.1447,0.4638,0.4298
readmit30,43399116,147280404,0,0,0.0455,0.0338,0.0409,0.5023,0.464
readmit30,43399116,154008300,1,0,0.1067,0.0567,0.074,0.3574,0.3371
readmit30,43402491,126320166,0,0,0.0803,0.0608,0.0833,0.4911,0.4536
readmit30,43402491,375562892,1,0,0.1105,0.0729,0.0927,0.4031,0.3579
readmit30,43407630,190606296,0,1,0.1147,0.0936,0.1351,0.4847,0.4468
readmit30,43407630,193607490,1,0,0.1484,0.1595,0.154,0.3598,0.3384
readmit30,43407630,202795278,2,1,0.4391,0.2874,0.5216,0.387,0.3712
readmit30,43407630,265208592,3,0,0.2943,0.271,0.3962,0.4304,0.4143
readmit30,43407630,361413440,4,0,0.2307,0.1695,0.2407,0.4411,0.3791
readmit30,43414227,126841332,0,0,0.074,0.0631,0.0827,0.4845,0.4465
readmit30,43414227,159244482,1,0,0.1091,0.0735,0.0845,0.3747,0.3516
readmit30,43414227,208757196,2,0,0.121,0.0931,0.0846,0.4262,0.3985
readmit30,43414227,265740738,3,0,0.1305,0.103,0.1222,0.3531,0.3696
readmit30,43414227,369643472,4,0,0.1185,0.0987,0.0914,0.4026,0.3708
readmit30,43420959,245609292,0,1,0.1167,0.0688,0.0892,0.4872,0.4512
readmit30,43420959,247069782,1,0,0.1204,0.1215,0.0775,0.3623,0.3414
readmit30,43432884,212891052,0,0,0.0561,0.0537,0.0532,0.4933,0.4535
readmit30,43432884,429689486,1,0,0.0968,0.0538,0.0728,0.4377,0.3813
readmit30,43442523,128782152,0,0,0.1006,0.0454,0.1032,0.4966,0.4574
readmit30,43442523,230072808,1,0,0.068,0.0839,0.0762,0.3903,0.3534
readmit30,43453962,217755138,0,0,0.0977,0.1092,0.0992,0.4764,0.4402
readmit30,43453962,228363174,1,1,0.1524,0.1252,0.1377,0.3648,0.3276
readmit30,43477947,179406804,0,0,0.0642,0.0374,0.0522,0.4974,0.4617
readmit30,43477947,209341422,1,0,0.1286,0.092,0.0906,0.3434,0.3306
readmit30,43477947,267056586,2,1,0.1225,0.1198,0.1041,0.404,0.3828
readmit30,43496271,169272096,0,0,0.057,0.0339,0.0443,0.5013,0.4601
readmit30,43496271,277152438,1,1,0.1016,0.0601,0.0918,0.4013,0.3642
readmit30,43496271,277525818,2,0,0.1514,0.1363,0.1283,0.3968,0.3882
readmit30,43496271,284830716,3,0,0.144,0.1696,0.151,0.348,0.3633
readmit30,43506036,228347880,0,0,0.1257,0.1136,0.142,0.4706,0.4345
readmit30,43506036,249957294,1,0,0.1239,0.127,0.1495,0.3858,0.344
readmit30,43506036,277960206,2,0,0.1759,0.1524,0.1826,0.4212,0.3924
readmit30,43506036,290900676,3,0,0.3427,0.1966,0.3744,0.3335,0.3559
readmit30,43506036,402031652,4,0,0.1782,0.2154,0.1951,0.3881,0.3559
readmit30,43518834,112232526,0,1,0.3132,0.2046,0.2331,0.4419,0.4277
readmit30,43518834,334226858,1,1,0.1781,0.3445,0.1585,0.5043,0.4135
readmit30,43533927,256672356,0,0,0.0601,0.0559,0.0552,0.4911,0.4524
readmit30,43533927,286832466,1,0,0.0635,0.0475,0.0329,0.3951,0.3595
readmit30,43552458,145664358,0,0,0.048,0.0302,0.0265,0.5038,0.469
readmit30,43552458,163703598,1,0,0.1351,0.0854,0.1274,0.3627,0.3512
readmit30,43556985,411470570,0,1,0.0636,0.0554,0.0705,0.4862,0.4492
readmit30,43556985,423843008,1,0,0.1342,0.1457,0.1307,0.3707,0.3477
readmit30,43578081,161952252,0,0,0.0717,0.0554,0.0711,0.4912,0.4507
readmit30,43578081,166404474,1,0,0.1211,0.0707,0.1004,0.3837,0.3497
readmit30,43578081,192734124,2,1,0.1514,0.1146,0.1021,0.3756,0.3661
readmit30,43578081,194386614,3,0,0.2071,0.2535,0.2117,0.3686,0.3913
readmit30,43578081,203636346,4,0,0.2811,0.146,0.2619,0.394,0.3582
readmit30,43592913,211918728,0,0,0.0663,0.0547,0.0682,0.4895,0.45
readmit30,43592913,219878520,1,0,0.1016,0.0914,0.1085,0.382,0.3457
readmit30,43592913,227520906,2,0,0.1094,0.0819,0.0815,0.4482,0.4081
readmit30,43600401,137834580,0,0,0.0722,0.0496,0.0622,0.4903,0.4498
readmit30,43600401,261116070,1,0,0.1141,0.0748,0.1093,0.4161,0.3731
readmit30,43677144,288103962,0,0,0.0563,0.0466,0.0364,0.4949,0.4542
readmit30,43677144,388461038,1,0,0.126,0.0826,0.0904,0.3705,0.3446
readmit30,43695648,270786408,0,0,0.0625,0.0429,0.0484,0.4969,0.458
readmit30,43695648,386075222,1,0,0.1171,0.0898,0.0677,0.354,0.3334
readmit30,43703181,166876620,0,0,0.0545,0.0362,0.0511,0.4998,0.4651
readmit30,43703181,282648210,1,1,0.1828,0.1104,0.1937,0.3544,0.3395
readmit30,43703181,293088732,2,1,0.2238,0.1362,0.2085,0.4157,0.4056
readmit30,43703181,324241598,3,1,0.2879,0.2025,0.3045,0.3543,0.3778
readmit30,43720434,148823736,0,1,0.3109,0.1496,0.3454,0.4709,0.4364
readmit30,43720434,149621784,1,1,0.4611,0.3383,0.6358,0.3663,0.3495
readmit30,43720434,211890294,2,0,0.2038,0.1238,0.2345,0.5609,0.4929
readmit30,43720434,270800388,3,0,0.1501,0.0797,0.1081,0.3659,0.3635
readmit30,43732305,173449878,0,0,0.0938,0.0661,0.0961,0.4759,0.4396
readmit30,43732305,254358420,1,0,0.1043,0.1238,0.1128,0.3671,0.3415
readmit30,43732305,264011190,2,0,0.1977,0.158,0.2212,0.4002,0.3752
readmit30,43732305,437821568,3,0,0.1149,0.1384,0.1202,0.3574,0.3692
readmit30,43741620,150020214,0,0,0.0444,0.0289,0.0357,0.5106,0.4749
readmit30,43741620,272882238,1,0,0.0684,0.0472,0.052,0.4086,0.37
readmit30,43745301,328972430,0,0,0.0968,0.0982,0.0984,0.4712,0.4363
readmit30,43745301,340859606,1,1,0.2715,0.1523,0.2793,0.3763,0.3379
readmit30,43756713,161819556,0,0,0.1257,0.0807,0.1439,0.4789,0.4428
readmit30,43756713,227244618,1,0,0.17,0.1192,0.1778,0.398,0.3553
readmit30,43756713,264145998,2,0,0.1595,0.1209,0.1675,0.429,0.3876
readmit30,43781706,153789102,0,0,0.0678,0.0537,0.0539,0.4939,0.4563
readmit30,43781706,260034234,1,0,0.071,0.0482,0.0493,0.4043,0.3571
readmit30,43819452,155677116,0,1,0.0467,0.0574,0.0388,0.4847,0.448
readmit30,43819452,157019964,1,1,0.1457,0.1392,0.1614,0.385,0.3607
readmit30,43819452,158339982,2,0,0.2221,0.2046,0.2688,0.4428,0.4156
readmit30,43819560,273766158,0,1,0.0826,0.0399,0.0713,0.5046,0.466
readmit30,43819560,278684682,1,0,0.1235,0.1371,0.09,0.3324,0.3278
readmit30,43822935,156536460,0,1,0.2818,0.044,0.2526,0.4958,0.4534
readmit30,43822935,157001526,1,0,0.0886,0.0761,0.0662,0.3835,0.3607
readmit30,43822935,192984684,2,1,0.1794,0.0847,0.0904,0.3884,0.3787
readmit30,43822935,194670726,3,0,0.2984,0.1755,0.1978,0.4649,0.4291
readmit30,43822935,219680172,4,1,0.3437,0.2765,0.3729,0.3495,0.3345
readmit30,43829478,158168604,0,1,0.094,0.0598,0.1073,0.4898,0.4528
readmit30,43829478,160035630,1,0,0.1539,0.1213,0.1544,0.3654,0.3419
readmit30,43834014,157516368,0,0,0.0459,0.0503,0.0646,0.492,0.4538
readmit30,43834014,160583412,1,1,0.0943,0.0516,0.0666,0.4136,0.3689
readmit30,43834014,162385392,2,0,0.1406,0.1037,0.1028,0.4183,0.3968
readmit30,43834014,180911694,3,0,0.1391,0.173,0.0985,0.3187,0.3639
readmit30,43868079,159936828,0,0,0.0566,0.0353,0.0557,0.498,0.461
readmit30,43868079,265879728,1,0,0.0604,0.0665,0.0498,0.4107,0.3675
readmit30,43868079,273515730,2,1,0.1137,0.107,0.0782,0.3974,0.3788
readmit30,43868079,278879280,3,0,0.1797,0.1047,0.1437,0.3816,0.395
readmit30,43868322,159909060,0,1,0.4219,0.2243,0.4816,0.4691,0.4462
readmit30,43868322,160278390,1,0,0.0783,0.0849,0.062,0.4134,0.3709
readmit30,43873254,164940408,0,0,0.1894,0.1549,0.2118,0.4575,0.4293
readmit30,43873254,168676758,1,0,0.2693,0.2075,0.3396,0.3715,0.3385
readmit30,43896663,231462018,0,0,0.0464,0.0386,0.0529,0.4998,0.4615
readmit30,43896663,430877348,1,0,0.0668,0.0545,0.0599,0.4131,0.3767
readmit30,43898949,166638570,0,0,0.0798,0.0731,0.0756,0.4907,0.4489
readmit30,43898949,209237088,1,0,0.1152,0.1239,0.1095,0.3445,0.321
readmit30,43906311,167128140,0,1,0.1092,0.0925,0.1152,0.4818,0.4427
readmit30,43906311,170486988,1,0,0.162,0.118,0.1617,0.406,0.3707
readmit30,43918191,176915064,0,1,0.109,0.0845,0.1351,0.4813,0.4435
readmit30,43918191,178188834,1,0,0.1313,0.1015,0.1158,0.3951,0.3605
readmit30,43918191,186562446,2,0,0.187,0.1532,0.2023,0.3812,0.3744
readmit30,43920450,144824382,0,0,0.0823,0.0821,0.0887,0.4848,0.4475
readmit30,43920450,161249208,1,0,0.1089,0.1025,0.1053,0.3724,0.3422
readmit30,43920450,174798864,2,0,0.1399,0.1253,0.1472,0.4007,0.3794
readmit30,43920450,184389492,3,0,0.131,0.1505,0.1421,0.3678,0.3759
readmit30,43920450,192663888,4,0,0.1576,0.1952,0.1707,0.3596,0.3429
readmit30,43929684,167249538,0,1,0.0819,0.0621,0.0828,0.4932,0.458
readmit30,43929684,168905400,1,0,0.1002,0.0621,0.0652,0.3988,0.3683
readmit30,43935246,243714228,0,0,0.1034,0.0751,0.1021,0.4815,0.444
readmit30,43935246,281341554,1,0,0.1006,0.098,0.1057,0.388,0.3477
readmit30,43978941,322035818,0,0,0.0766,0.0505,0.07,0.4824,0.4492
readmit30,43978941,422548652,1,0,0.0884,0.0564,0.1047,0.4319,0.3914
readmit30,43996410,178353384,0,1,0.2798,0.077,0.3255,0.4868,0.4464
readmit30,43996410,178445880,1,0,0.1588,0.1262,0.1279,0.3488,0.3408
readmit30,44012304,393214670,0,0,0.1284,0.1639,0.1682,0.4558,0.4252
readmit30,44012304,396715766,1,1,0.3311,0.6053,0.5295,0.576,0.4519
readmit30,44019630,184846902,0,0,0.088,0.0981,0.0997,0.4757,0.4382
readmit30,44019630,193698810,1,0,0.0997,0.0671,0.0943,0.4071,0.3642
readmit30,44031960,181555524,0,0,0.1043,0.0702,0.1143,0.4838,0.443
readmit30,44031960,193352088,1,0,0.1296,0.0967,0.1357,0.3679,0.3331
readmit30,44051940,166681026,0,0,0.0429,0.0418,0.0448,0.4941,0.4559
readmit30,44051940,232877040,1,0,0.0437,0.0504,0.0297,0.4134,0.3758
readmit30,44051940,335526248,2,0,0.1038,0.0571,0.081,0.4507,0.4195
readmit30,44128656,183902742,0,1,0.1142,0.0921,0.128,0.4792,0.4401
readmit30,44128656,184750908,1,0,0.1825,0.1498,0.1766,0.3553,0.3433
readmit30,44130321,186388836,0,1,0.0551,0.0414,0.0472,0.4961,0.4548
readmit30,44130321,189128124,1,1,0.1301,0.0904,0.1026,0.4,0.3704
readmit30,44130321,192684048,2,0,0.258,0.1584,0.2466,0.4521,0.4152
readmit30,44130321,234928272,3,0,0.2073,0.1145,0.1849,0.3741,0.3884
readmit30,44131401,192582000,0,0,0.0585,0.0413,0.0506,0.494,0.4576
readmit30,44131401,235865310,1,0,0.0945,0.102,0.0828,0.3587,0.3473
readmit30,44142624,64928250,0,0,0.15,0.1646,0.206,0.4498,0.4288
readmit30,44142624,116112084,1,1,0.1929,0.2098,0.2731,0.3781,0.3401
readmit30,44150481,260484834,0,1,0.5453,0.2514,0.741,0.4672,0.4374
readmit30,44150481,261087552,1,0,0.0684,0.1157,0.1235,0.4465,0.3811
readmit30,44154504,187636254,0,0,0.1036,0.0836,0.1271,0.4765,0.4407
readmit30,44154504,194322966,1,0,0.0824,0.0898,0.0731,0.3868,0.3417
readmit30,44154504,238836672,2,0,0.1302,0.1274,0.1449,0.4197,0.3969
readmit30,44154504,285625032,3,0,0.0895,0.0897,0.0869,0.4045,0.388
readmit30,44171343,189903876,0,0,0.1057,0.0881,0.1283,0.4733,0.4404
readmit30,44171343,201804210,1,1,0.1549,0.174,0.1989,0.3357,0.3206
readmit30,44171343,206158926,2,0,0.2539,0.2008,0.3087,0.444,0.4164
readmit30,44178804,214750920,0,0,0.0351,0.0366,0.0291,0.4992,0.4618
readmit30,44178804,265914792,1,0,0.0849,0.0933,0.0831,0.3724,0.3463
readmit30,44234217,200567022,0,0,0.1289,0.0788,0.1311,0.4833,0.4466
readmit30,44234217,280443126,1,0,0.0922,0.0518,0.0665,0.4007,0.3545
readmit30,44248860,199394004,0,0,0.1011,0.0471,0.0789,0.4923,0.4569
readmit30,44248860,223096602,1,0,0.1718,0.1082,0.155,0.3268,0.3252
readmit30,44248860,245042964,2,0,0.1141,0.1365,0.0984,0.4204,0.3946
readmit30,44328555,218786418,0,1,0.0914,0.0722,0.107,0.4821,0.4427
readmit30,44328555,224052906,1,1,0.2181,0.146,0.2506,0.3647,0.3468
readmit30,44365149,152470032,0,1,0.1455,0.1075,0.1505,0.4775,0.4409
readmit30,44365149,152945718,1,1,0.1108,0.1182,0.0823,0.4101,0.3647
readmit30,44365149,153579330,2,0,0.2192,0.1682,0.2512,0.4428,0.4092
readmit30,44407485,269796240,0,0,0.085,0.0793,0.0997,0.4806,0.4432
readmit30,44407485,284651346,1,0,0.1474,0.1241,0.1322,0.3585,0.3329
readmit30,44407485,361931588,2,0,0.2069,0.1599,0.2332,0.3959,0.3797
readmit30,44430876,253887918,0,1,0.2841,0.1144,0.2948,0.4662,0.4333
readmit30,44430876,255050754,1,0,0.1723,0.3051,0.3115,0.4248,0.3776
readmit30,44477478,262505232,0,0,0.0466,0.0491,0.0386,0.4935,0.4569
readmit30,44477478,285131562,1,0,0.1102,0.095,0.0894,0.3525,0.3285
readmit30,44499690,251624202,0,0,0.084,0.0632,0.1054,0.4846,0.4495
readmit30,44499690,264087198,1,1,0.1426,0.1091,0.1241,0.3415,0.3204
readmit30,44499690,266760642,2,0,0.1832,0.2132,0.1952,0.4622,0.4203
readmit30,44523252,349583132,0,0,0.1708,0.1291,0.1949,0.4551,0.4329
readmit30,44523252,387810680,1,1,0.406,0.5726,0.5007,0.5611,0.4365
readmit30,44570664,243350880,0,0,0.1218,0.0852,0.1348,0.4814,0.4499
readmit30,44570664,276076998,1,0,0.1192,0.0783,0.0862,0.349,0.3307
readmit30,44570664,308943068,2,0,0.1072,0.1056,0.0599,0.376,0.378
readmit30,44593713,247732368,0,1,0.0442,0.0322,0.0332,0.5063,0.4683
readmit30,44593713,253180806,1,0,0.0645,0.0455,0.0358,0.4238,0.3861
readmit30,44594892,285268188,0,1,0.0501,0.0576,0.0571,0.4861,0.4472
readmit30,44594892,289178490,1,0,0.1931,0.1219,0.203,0.3934,0.3593
readmit30,44594892,316047698,2,0,0.2313,0.1446,0.2551,0.3885,0.3737
readmit30,44665299,249484314,0,0,0.0703,0.0488,0.0678,0.495,0.4547
readmit30,44665299,265862610,1,1,0.1625,0.0961,0.1567,0.3698,0.3333
readmit30,44665299,268666236,2,0,0.1879,0.1893,0.1951,0.4261,0.4047
readmit30,44665299,280019916,3,0,0.1561,0.2095,0.1511,0.3793,0.3768
readmit30,44670267,267791322,0,0,0.0966,0.1018,0.101,0.4771,0.4388
readmit30,44670267,379619234,1,0,0.1458,0.127,0.1385,0.385,0.3453
readmit30,44693955,288566388,0,0,0.0361,0.0403,0.0378,0.4966,0.4593
readmit30,44693955,319017710,1,0,0.148,0.1173,0.1439,0.3471,0.3329
readmit30,44714979,264581040,0,0,0.0701,0.053,0.0707,0.4874,0.4478
readmit30,44714979,297885584,1,0,0.0986,0.0758,0.0946,0.394,0.3693
readmit30,44761905,184639530,0,0,0.0596,0.0727,0.0639,0.4857,0.4454
readmit30,44761905,209816478,1,0,0.0907,0.1338,0.0952,0.3521,0.325
readmit30,44761905,417957254,2,0,0.1373,0.1043,0.1475,0.4945,0.4264
readmit30,44831583,267270534,0,0,0.0924,0.0624,0.1023,0.4875,0.4472
readmit30,44831583,287638482,1,0,0.168,0.133,0.1801,0.3564,0.3373
readmit30,44943516,259729902,0,0,0.0639,0.0424,0.0632,0.4964,0.4576
readmit30,44943516,286285320,1,0,0.0556,0.0349,0.0212,0.3974,0.365
readmit30,44943516,404333792,2,0,0.1019,0.0773,0.0817,0.3915,0.3845
readmit30,44950086,102949344,0,1,0.2281,0.3474,0.3567,0.4514,0.4339
readmit30,44950086,103895220,1,0,0.1719,0.2201,0.1533,0.3783,0.3423
readmit30,45146664,261699222,0,0,0.1706,0.1135,0.1896,0.4748,0.4384
readmit30,45146664,279283122,1,0,0.2017,0.1838,0.2255,0.3564,0.3317
readmit30,45146664,300156512,2,0,0.2115,0.1906,0.2337,0.4172,0.3892
readmit30,45353871,132695058,0,1,0.1009,0.0952,0.1212,0.4755,0.4395
readmit30,45353871,136404228,1,0,0.2071,0.1663,0.2113,0.3634,0.3421
readmit30,45435726,158326404,0,1,0.1996,0.058,0.2177,0.4888,0.4494
readmit30,45435726,158839728,1,0,0.1724,0.0988,0.1664,0.3844,0.3593
readmit30,45435726,241017876,2,0,0.1174,0.1623,0.1199,0.4366,0.4042
readmit30,45439470,50389536,0,0,0.0442,0.0522,0.0422,0.4868,0.4479
readmit30,45439470,119318016,1,0,0.1172,0.1759,0.1877,0.313,0.3145
readmit30,45482931,274786374,0,0,0.0974,0.0741,0.1117,0.4842,0.4443
readmit30,45482931,293334054,1,0,0.0778,0.1118,0.0785,0.3679,0.3449
readmit30,45505809,142799052,0,0,0.0601,0.0496,0.0445,0.4881,0.4511
readmit30,45505809,279699702,1,0,0.1151,0.0797,0.066,0.4018,0.3622
readmit30,45510651,145680000,0,0,0.1035,0.0518,0.091,0.4877,0.4515
readmit30,45510651,274230156,1,0,0.1307,0.0864,0.0976,0.3879,0.344
readmit30,45552618,277571238,0,0,0.126,0.1349,0.1412,0.4701,0.4375
readmit30,45552618,362595818,1,0,0.1712,0.1345,0.1889,0.3695,0.3354
readmit30,45572265,137518128,0,0,0.0867,0.0867,0.0989,0.4788,0.4414
readmit30,45572265,149160786,1,0,0.126,0.101,0.1606,0.39,0.3567
readmit30,45572265,158728110,2,0,0.1814,0.1332,0.1747,0.3882,0.3721
readmit30,45639666,278293782,0,1,0.0516,0.0387,0.0575,0.5019,0.4626
readmit30,45639666,278899026,1,0,0.1124,0.0756,0.0956,0.4465,0.3981
readmit30,45659178,264502488,0,0,0.1465,0.1702,0.1551,0.4569,0.4285
readmit30,45659178,277554402,1,0,0.201,0.1458,0.236,0.4099,0.3598
readmit30,45711729,235393206,0,0,0.0709,0.0345,0.0534,0.5003,0.4642
readmit30,45711729,394958582,1,0,0.0852,0.0649,0.0598,0.3932,0.3569
readmit30,45732024,174406956,0,0,0.0896,0.0902,0.0844,0.4792,0.4443
readmit30,45732024,182058768,1,0,0.1644,0.0956,0.1448,0.365,0.3404
readmit30,45732024,208951506,2,0,0.1536,0.1443,0.1364,0.3741,0.3715
readmit30,45782046,259133262,0,1,0.0402,0.0302,0.0185,0.5168,0.4885
readmit30,45782046,261890154,1,0,0.151,0.0849,0.0919,0.3749,0.3519
readmit30,45814248,283478748,0,0,0.1137,0.0996,0.1362,0.4758,0.446
readmit30,45814248,439029464,1,0,0.1127,0.0974,0.1126,0.3892,0.3464
readmit30,45981513,289168686,0,1,0.1003,0.0648,0.1271,0.4831,0.4469
readmit30,45981513,299538860,1,1,0.1137,0.0931,0.1385,0.3977,0.3697
readmit30,45981513,347769824,2,0,0.2714,0.1799,0.3455,0.4314,0.4077
readmit30,46111725,146130390,0,0,0.0621,0.048,0.0788,0.4869,0.4502
readmit30,46111725,174673038,1,0,0.0694,0.0502,0.0316,0.3932,0.363
readmit30,46111725,258056586,2,0,0.1022,0.0787,0.0803,0.4038,0.3918
readmit30,46144935,236779548,0,0,0.0667,0.0389,0.0564,0.4976,0.4574
readmit30,46144935,262686720,1,0,0.0823,0.07,0.0563,0.384,0.3537
readmit30,46305099,246063414,0,0,0.055,0.0686,0.0668,0.4893,0.4561
readmit30,46305099,255864078,1,0,0.0992,0.0935,0.1005,0.3646,0.3423
readmit30,46311687,137238540,0,0,0.0773,0.0761,0.0804,0.4821,0.4442
readmit30,46311687,151429212,1,1,0.1062,0.0956,0.1109,0.3938,0.3517
readmit30,46311687,152668812,2,0,0.1922,0.1789,0.2318,0.4668,0.4226
readmit30,46311687,255235188,3,0,0.1218,0.0981,0.1667,0.459,0.4253
readmit30,46354419,263350086,0,0,0.0985,0.0536,0.122,0.4922,0.4522
readmit30,46354419,271139388,1,0,0.1876,0.1155,0.1889,0.3419,0.3285
readmit30,46354419,278835822,2,0,0.134,0.1256,0.1306,0.4198,0.3932
readmit30,46444851,147207816,0,0,0.0982,0.0824,0.0949,0.481,0.4425
readmit30,46444851,220493106,1,0,0.1536,0.0731,0.1459,0.4062,0.3611
readmit30,46444851,248947380,2,0,0.1396,0.06,0.0976,0.4287,0.4008
readmit30,46444851,348969176,3,0,0.1749,0.1087,0.213,0.354,0.3666
readmit30,46472445,137031198,0,0,0.174,0.1084,0.1845,0.472,0.437
readmit30,46472445,161392824,1,0,0.1897,0.1254,0.1933,0.3766,0.3439
readmit30,46473885,59336646,0,0,0.1869,0.2741,0.1959,0.4435,0.4237
readmit30,46473885,109956090,1,0,0.0998,0.1911,0.1488,0.4827,0.3948
readmit30,46473885,142143810,2,0,0.1483,0.119,0.1278,0.3948,0.3714
readmit30,46488123,258524250,0,0,0.1044,0.1187,0.0629,0.4771,0.4486
readmit30,46488123,437331728,1,0,0.1081,0.0589,0.0734,0.3879,0.3541
readmit30,46571994,172720344,0,0,0.0483,0.0337,0.0396,0.5053,0.4652
readmit30,46571994,177032118,1,0,0.0881,0.0522,0.0654,0.3923,0.3578
readmit30,46702404,260638830,0,1,0.3218,0.2699,0.4875,0.4629,0.4391
readmit30,46702404,262235496,1,0,0.065,0.0463,0.0298,0.4482,0.3939
readmit30,46795482,256691898,0,0,0.0617,0.0369,0.0592,0.5076,0.4721
readmit30,46795482,270892422,1,0,0.0918,0.0817,0.0606,0.3415,0.3294
readmit30,46845711,134822208,0,0,0.0647,0.0523,0.0778,0.493,0.4531
readmit30,46845711,143717622,1,0,0.063,0.0768,0.0603,0.3907,0.3519
readmit30,46845711,166317972,2,0,0.1029,0.1206,0.1199,0.414,0.3811
readmit30,46845711,173174502,3,0,0.116,0.1533,0.1717,0.36,0.3692
readmit30,46845711,232382520,4,0,0.1139,0.1146,0.1875,0.4725,0.4036
readmit30,46845711,439582316,5,0,0.1127,0.0608,0.0651,0.4639,0.4246
readmit30,46934883,154527120,0,0,0.1155,0.1224,0.1502,0.4672,0.4346
readmit30,46934883,157399926,1,0,0.167,0.1478,0.1767,0.3456,0.3261
readmit30,46934883,218387010,2,0,0.1595,0.1512,0.1721,0.4763,0.4193
readmit30,46934883,224412642,3,0,0.1761,0.1397,0.1619,0.3527,0.3615
readmit30,46980180,137906724,0,0,0.0596,0.0447,0.0613,0.4933,0.4576
readmit30,46980180,240514524,1,0,0.0866,0.0667,0.0988,0.4046,0.3672
readmit30,47074896,309582242,0,1,0.1092,0.0739,0.1006,0.4749,0.4396
readmit30,47074896,310788284,1,0,0.1872,0.146,0.1964,0.4224,0.3739
readmit30,47074896,358966772,2,0,0.113,0.0831,0.1428,0.4946,0.4332
readmit30,47351529,269674512,0,0,0.0622,0.049,0.0657,0.4889,0.4522
readmit30,47351529,418475648,1,0,0.1057,0.0687,0.0501,0.385,0.3566
readmit30,47364741,129548952,0,0,0.1849,0.2186,0.2212,0.4621,0.4312
readmit30,47364741,137001726,1,1,0.1741,0.1558,0.2102,0.3792,0.3467
readmit30,47364741,139622094,2,0,0.216,0.2023,0.2321,0.4368,0.4082
readmit30,47537244,164476272,0,1,0.0515,0.036,0.0282,0.5064,0.4697
readmit30,47537244,166640844,1,0,0.0837,0.0614,0.0559,0.3815,0.3654
readmit30,47549160,287346696,0,0,0.0829,0.0644,0.0814,0.4861,0.4476
readmit30,47549160,360781058,1,0,0.1018,0.0945,0.0776,0.3707,0.3411
readmit30,47574963,152010162,0,0,0.0547,0.0361,0.0515,0.4985,0.4582
readmit30,47574963,411404084,1,0,0.0748,0.0576,0.0776,0.4174,0.3741
readmit30,47654838,266691588,0,1,0.0793,0.057,0.1062,0.4838,0.4484
readmit30,47654838,268248690,1,0,0.1414,0.1427,0.2205,0.4117,0.3761
readmit30,47724669,162392802,0,0,0.0832,0.109,0.0951,0.4711,0.4392
readmit30,47724669,208457388,1,0,0.1698,0.146,0.2359,0.3372,0.3286
readmit30,47724669,219629250,2,0,0.1637,0.1507,0.1553,0.3891,0.3695
readmit30,47724669,269959188,3,0,0.1511,0.1508,0.1369,0.3657,0.3703
readmit30,47770821,177053964,0,0,0.0865,0.0806,0.1112,0.4776,0.4397
readmit30,47770821,286783224,1,0,0.0886,0.0969,0.0874,0.4159,0.3659
readmit30,47788110,166674954,0,0,0.0572,0.0715,0.0766,0.489,0.4477
readmit30,47788110,180695088,1,0,0.1184,0.1388,0.1398,0.3596,0.3325
readmit30,47788110,187365678,2,1,0.1622,0.206,0.2117,0.3923,0.3793
readmit30,47788110,188963808,3,1,0.1803,0.3691,0.3654,0.477,0.4304
readmit30,47788110,189643968,4,0,0.2423,0.3193,0.2792,0.4412,0.3897
readmit30,47788110,206715402,5,0,0.2919,0.2569,0.3147,0.4481,0.3975
readmit30,47977929,258611472,0,0,0.0418,0.0334,0.0278,0.5033,0.4654
readmit30,47977929,274861578,1,0,0.1349,0.0879,0.1015,0.356,0.3338
readmit30,47985480,210469722,0,1,0.0884,0.1001,0.1197,0.4723,0.4424
readmit30,47985480,214493568,1,0,0.1158,0.0955,0.146,0.4109,0.3713
readmit30,48094956,199210674,0,0,0.0731,0.0595,0.075,0.4836,0.446
readmit30,48094956,359053622,1,0,0.1161,0.0717,0.1251,0.4274,0.3729
readmit30,48131154,142043832,0,1,0.1027,0.1007,0.1193,0.4728,0.4394
readmit30,48131154,149860356,1,0,0.1897,0.2186,0.3347,0.3546,0.3429
readmit30,48131154,200408310,2,0,0.1381,0.1485,0.2332,0.4883,0.42
readmit30,48171843,149704824,0,0,0.0742,0.0646,0.068,0.4812,0.4442
readmit30,48171843,286940610,1,0,0.1572,0.1038,0.1835,0.4117,0.3602
readmit30,48349557,151657698,0,0,0.0902,0.0953,0.1083,0.4738,0.4391
readmit30,48349557,154717974,1,0,0.135,0.1366,0.136,0.3648,0.3343
readmit30,48410460,200485692,0,0,0.0573,0.0407,0.0479,0.5001,0.4642
readmit30,48410460,272191584,1,0,0.0831,0.0409,0.0407,0.4507,0.4126
readmit30,48448692,196124766,0,0,0.0748,0.0656,0.0761,0.4846,0.4469
readmit30,48448692,208162980,1,0,0.1156,0.1159,0.093,0.3591,0.3341
readmit30,48475179,102233094,0,0,0.1577,0.1166,0.2056,0.4589,0.4353
readmit30,48475179,288582690,1,0,0.0919,0.117,0.1593,0.4273,0.3753
readmit30,48912039,257693880,0,0,0.0583,0.0418,0.0377,0.4991,0.4584
readmit30,48912039,383090018,1,0,0.1065,0.092,0.074,0.3484,0.3329
readmit30,48981492,168456282,0,1,0.1036,0.1008,0.1179,0.4754,0.4385
readmit30,48981492,172100256,1,0,0.1544,0.1538,0.1774,0.3858,0.359
readmit30,49070376,275959674,0,0,0.0512,0.0365,0.0308,0.5002,0.4631
readmit30,49070376,288862386,1,0,0.0961,0.0689,0.0539,0.3606,0.3399
readmit30,49106952,69003936,0,0,0.085,0.0687,0.0928,0.4791,0.4441
readmit30,49106952,88042380,1,0,0.1354,0.1345,0.1011,0.3321,0.3246
readmit30,49122450,163472952,0,0,0.1045,0.0689,0.1037,0.4858,0.447
readmit30,49122450,316588568,1,0,0.0986,0.089,0.085,0.3946,0.3549
readmit30,49122450,424363346,2,1,0.146,0.1193,0.1276,0.3778,0.3702
readmit30,49122450,436165484,3,0,0.1666,0.1826,0.1627,0.3943,0.3925
readmit30,49297437,160344390,0,0,0.0931,0.0673,0.0886,0.4831,0.4473
readmit30,49297437,222649914,1,1,0.1283,0.0833,0.1137,0.4135,0.3668
readmit30,49297437,224991036,2,0,0.1592,0.0801,0.1103,0.4736,0.4304
readmit30,49297437,234789060,3,0,0.1551,0.1281,0.1429,0.3168,0.3468
readmit30,49297437,424363070,4,0,0.1269,0.0647,0.085,0.4867,0.4202
readmit30,49351014,259765782,0,0,0.0973,0.132,0.1046,0.4663,0.4321
readmit30,49351014,364908998,1,0,0.141,0.1658,0.1208,0.3689,0.3301
readmit30,49351014,396650126,2,0,0.2927,0.5328,0.3365,0.5695,0.4654
readmit30,49353993,79469970,0,0,0.1992,0.2783,0.1763,0.4407,0.4324
readmit30,49353993,126516822,1,0,0.1638,0.3037,0.1976,0.3728,0.338
readmit30,49581891,139379574,0,0,0.1096,0.1645,0.1317,0.4531,0.429
readmit30,49581891,145019310,1,0,0.1767,0.1882,0.2194,0.3443,0.3278
readmit30,49695984,71020182,0,0,0.1752,0.0953,0.1832,0.4703,0.4384
readmit30,49695984,161668152,1,0,0.1182,0.0788,0.135,0.4308,0.3783
readmit30,49860252,151258674,0,1,0.041,0.0281,0.0216,0.5097,0.4774
readmit30,49860252,152863428,1,0,0.1132,0.0575,0.0849,0.4097,0.3971
readmit30,49860252,161577714,2,0,0.1155,0.0803,0.0915,0.4043,0.3895
readmit30,49860252,170303022,3,0,0.128,0.1059,0.1132,0.3387,0.3751
readmit30,49860252,200598708,4,0,0.1518,0.1305,0.1758,0.3919,0.3668
readmit30,49882761,256014270,0,1,0.0998,0.0729,0.0878,0.4833,0.4461
readmit30,49882761,269194956,1,0,0.1837,0.1636,0.1441,0.3452,0.3365
readmit30,49924638,169760472,0,0,0.0835,0.0701,0.082,0.484,0.4455
readmit30,49924638,192289608,1,0,0.08,0.07,0.0648,0.3929,0.3523
readmit30,50111568,216664758,0,0,0.0497,0.0317,0.0297,0.5032,0.4694
readmit30,50111568,232632516,1,0,0.0659,0.0508,0.0334,0.3682,0.3556
readmit30,50134212,200125554,0,0,0.0528,0.036,0.0518,0.4983,0.4598
readmit30,50134212,242042478,1,1,0.1217,0.0878,0.0798,0.346,0.3416
readmit30,50134212,247335318,2,0,0.166,0.2341,0.142,0.4759,0.4239
readmit30,50134212,325549910,3,0,0.1213,0.1375,0.1174,0.3978,0.3875
readmit30,50224140,225979194,0,0,0.081,0.0687,0.0864,0.4886,0.4495
readmit30,50224140,241077756,1,0,0.1252,0.1189,0.1165,0.3494,0.3306
readmit30,50293827,150452976,0,0,0.063,0.0959,0.0834,0.475,0.44
readmit30,50293827,197157720,1,1,0.099,0.0951,0.1154,0.3973,0.3563
readmit30,50293827,201778872,2,0,0.17,0.1258,0.1616,0.4105,0.3912
readmit30,50293827,218612208,3,0,0.1778,0.1306,0.1487,0.3443,0.3634
readmit30,50293827,248862180,4,0,0.1648,0.2103,0.1539,0.3505,0.3448
readmit30,50293827,258234456,5,1,0.2763,0.2118,0.2389,0.4228,0.3964
readmit30,50293827,260914308,6,1,0.4092,0.2864,0.3793,0.4385,0.4017
readmit30,50293827,264758442,7,0,0.3988,0.3427,0.3581,0.457,0.4202
readmit30,50293827,282374190,8,1,0.3752,0.2944,0.3203,0.4137,0.3794
readmit30,50293827,288106332,9,0,0.36,0.4251,0.3282,0.4679,0.4196
readmit30,50293827,367783388,10,1,0.3564,0.3308,0.2946,0.4294,0.3901
readmit30,50294268,149261670,0,0,0.0622,0.0508,0.0543,0.4884,0.4491
readmit30,50294268,189780324,1,0,0.1161,0.0974,0.1172,0.3803,0.3475
readmit30,50294268,246158754,2,0,0.1143,0.1312,0.1313,0.4429,0.4011
readmit30,50304816,158366220,0,1,0.0891,0.0643,0.0971,0.4831,0.4437
readmit30,50304816,159140610,1,1,0.131,0.1389,0.1307,0.3983,0.3647
readmit30,50503644,145251192,0,0,0.0854,0.0693,0.0873,0.4828,0.445
readmit30,50503644,159644868,1,0,0.1423,0.1179,0.1573,0.359,0.3367
readmit30,50549634,187278738,0,1,0.064,0.059,0.0482,0.4854,0.4496
readmit30,50549634,191375196,1,0,0.1509,0.0717,0.0841,0.4142,0.3751
readmit30,50657661,154788906,0,0,0.052,0.0351,0.0346,0.5025,0.4652
readmit30,50657661,169304118,1,0,0.1178,0.0603,0.0752,0.3665,0.3393
readmit30,50780430,173323290,0,0,0.0346,0.0281,0.0211,0.51,0.476
readmit30,50780430,178953468,1,1,0.104,0.0572,0.074,0.3751,0.3504
readmit30,50780430,182210148,2,1,0.1872,0.1508,0.131,0.3816,0.3858
readmit30,50780430,184629702,3,0,0.2889,0.269,0.267,0.4122,0.4082
readmit30,50780430,204088146,4,0,0.3005,0.153,0.2731,0.4042,0.3771
readmit30,50846067,150997932,0,0,0.0757,0.052,0.083,0.4888,0.4478
readmit30,50846067,253503246,1,0,0.103,0.0718,0.1142,0.4026,0.358
readmit30,50907015,144506124,0,0,0.0622,0.0508,0.0645,0.4931,0.4535
readmit30,50907015,191183370,1,0,0.1039,0.0659,0.1035,0.4174,0.3722
readmit30,50947857,82703250,0,0,0.1255,0.0984,0.1269,0.4657,0.4355
readmit30,50947857,92703366,1,0,0.1955,0.1811,0.2281,0.3394,0.3322
readmit30,51231447,149730756,0,0,0.1462,0.1873,0.1803,0.453,0.4274
readmit30,51231447,159094500,1,1,0.1578,0.1805,0.1857,0.3922,0.343
readmit30,51231447,160371486,2,0,0.2306,0.2676,0.2478,0.4269,0.3997
readmit30,51337611,196102446,0,1,0.2617,0.1021,0.2804,0.4741,0.4377
readmit30,51337611,197387028,1,0,0.1219,0.1468,0.1291,0.4091,0.3618
readmit30,51391494,179694138,0,0,0.056,0.0442,0.0407,0.4959,0.457
readmit30,51391494,244089168,1,0,0.1077,0.0726,0.0867,0.385,0.3488
readmit30,51429879,253090698,0,1,0.0697,0.0416,0.0643,0.4926,0.4566
readmit30,51429879,258468828,1,0,0.1118,0.0964,0.087,0.3755,0.3584
readmit30,51508710,136792764,0,0,0.0971,0.0958,0.1142,0.4752,0.4384
readmit30,51508710,182794542,1,0,0.1375,0.1091,0.1539,0.4084,0.3605
readmit30,51508710,213768936,2,0,0.1372,0.1255,0.1551,0.4188,0.3908
readmit30,51508710,239387382,3,1,0.1375,0.1389,0.1597,0.3792,0.3799
readmit30,51508710,241819206,4,0,0.3027,0.325,0.3932,0.3941,0.3739
readmit30,51508710,249667230,5,1,0.1509,0.2025,0.1298,0.4311,0.3934
readmit30,51508710,252013428,6,0,0.2267,0.2562,0.2019,0.4259,0.3981
readmit30,51509628,45386784,0,0,0.0422,0.0381,0.0301,0.4992,0.4622
readmit30,51509628,125297754,1,0,0.1497,0.1389,0.1434,0.3196,0.3301
readmit30,51509628,138461688,2,1,0.2457,0.2051,0.2596,0.3937,0.3746
readmit30,51592239,151006986,0,0,0.0685,0.0478,0.0701,0.494,0.4553
readmit30,51592239,193357116,1,0,0.1134,0.0714,0.0954,0.4093,0.3668
readmit30,51637320,133345800,0,0,0.1009,0.0731,0.1065,0.4834,0.4432
readmit30,51637320,162041838,1,0,0.1723,0.1078,0.171,0.3966,0.3537
readmit30,51637320,184038660,2,0,0.2514,0.1301,0.2606,0.415,0.3814
readmit30,51637320,211495896,3,0,0.1425,0.1501,0.1426,0.3668,0.3707
readmit30,51637320,238374498,4,0,0.1638,0.1833,0.1785,0.4024,0.3654
readmit30,51637320,250118070,5,0,0.1935,0.1865,0.2164,0.4396,0.3996
readmit30,51656850,142487946,0,1,0.0699,0.0526,0.058,0.4968,0.4578
readmit30,51656850,145922724,1,0,0.1341,0.1136,0.1127,0.3702,0.3489
readmit30,51656850,150696954,2,0,0.1878,0.1434,0.1833,0.3937,0.3803
readmit30,51673239,165435150,0,1,0.2308,0.2141,0.2875,0.4816,0.4572
readmit30,51673239,165847854,1,0,0.0743,0.0396,0.0262,0.4199,0.3912
readmit30,51792228,155367528,0,0,0.173,0.1812,0.1784,0.4541,0.4278
readmit30,51792228,222894642,1,0,0.1406,0.1606,0.1666,0.4414,0.3751
readmit30,51865740,240671676,0,0,0.0472,0.0466,0.0422,0.4905,0.4543
readmit30,51865740,373827848,1,0,0.1105,0.064,0.0675,0.4009,0.3613
readmit30,52012566,252168594,0,1,0.06,0.0393,0.0507,0.4978,0.4599
readmit30,52012566,253155762,1,0,0.1154,0.1199,0.0874,0.3758,0.3491
readmit30,52044633,202388136,0,0,0.0626,0.0745,0.0856,0.4823,0.4438
readmit30,52044633,293288274,1,0,0.1594,0.1354,0.1843,0.387,0.3461
readmit30,52078626,164475138,0,0,0.0937,0.0555,0.1028,0.4858,0.4484
readmit30,52078626,184705740,1,0,0.1233,0.0949,0.112,0.3728,0.3493
readmit30,52078626,190496694,2,0,0.1283,0.101,0.1206,0.4043,0.3878
readmit30,52078626,282597600,3,0,0.1386,0.0932,0.1587,0.4082,0.3917
readmit30,52211736,233478672,0,1,0.0693,0.0484,0.0697,0.4902,0.4518
readmit30,52211736,239157288,1,0,0.1419,0.1233,0.1178,0.3866,0.3603
readmit30,52211736,249785208,2,0,0.1529,0.1007,0.1569,0.4322,0.4068
readmit30,52244595,238827768,0,0,0.0881,0.1011,0.0941,0.4759,0.4392
readmit30,52244595,251476176,1,0,0.1651,0.1242,0.1686,0.3719,0.3404
readmit30,52244595,406150058,2,0,0.1595,0.1527,0.151,0.4186,0.3871
readmit30,52287273,165620070,0,0,0.0878,0.1249,0.0975,0.4687,0.4332
readmit30,52287273,235843818,1,0,0.1064,0.0894,0.1267,0.4527,0.3822
readmit30,52470549,146538060,0,1,0.1164,0.1032,0.1015,0.4707,0.439
readmit30,52470549,149258592,1,0,0.2021,0.1221,0.1587,0.3832,0.3547
readmit30,52470549,155476800,2,0,0.1694,0.1329,0.1535,0.4089,0.3795
readmit30,52470549,162785226,3,0,0.1865,0.1691,0.1696,0.3349,0.3615
readmit30,52470549,167611470,4,0,0.2628,0.1816,0.2437,0.3747,0.3547
readmit30,52504938,133496622,0,1,0.131,0.0888,0.1147,0.4767,0.4411
readmit30,52504938,175572294,1,0,0.1781,0.1243,0.1575,0.4281,0.379
readmit30,52603497,161750922,0,0,0.0521,0.045,0.0467,0.5001,0.4632
readmit30,52603497,166214826,1,0,0.2631,0.2211,0.2749,0.2983,0.3061
readmit30,52643124,139628016,0,0,0.0774,0.0575,0.0752,0.4887,0.45
readmit30,52643124,171969078,1,0,0.1286,0.1006,0.1223,0.367,0.3428
readmit30,52942284,240451632,0,0,0.047,0.0297,0.0232,0.511,0.4763
readmit30,52942284,248203686,1,1,0.0842,0.0732,0.0617,0.3491,0.3412
readmit30,52942284,250416672,2,0,0.2485,0.1845,0.2389,0.4641,0.4231
readmit30,52942284,274563504,3,0,0.2499,0.1803,0.257,0.3387,0.3701
readmit30,52942284,284216814,4,0,0.3738,0.2307,0.3882,0.3755,0.3619
readmit30,53120196,161669460,0,0,0.1102,0.0996,0.1028,0.4585,0.4308
readmit30,53120196,166700112,1,0,0.1563,0.1562,0.166,0.3588,0.3291
readmit30,53194842,180643134,0,1,0.069,0.0637,0.1208,0.4863,0.4439
readmit30,53194842,181232142,1,0,0.1801,0.1204,0.2158,0.412,0.3636
readmit30,53194842,193510686,2,1,0.1441,0.1095,0.1436,0.3946,0.3762
readmit30,53194842,195519588,3,0,0.2484,0.2286,0.2466,0.3763,0.3913
readmit30,53195013,225569358,0,0,0.1128,0.1021,0.1205,0.4751,0.4398
readmit30,53195013,320700500,1,1,0.0722,0.0541,0.0427,0.4137,0.3664
readmit30,53195013,407845952,2,0,0.1699,0.0951,0.1441,0.4571,0.4359
readmit30,53195013,416641916,3,1,0.263,0.4767,0.3298,0.5699,0.4606
readmit30,53240535,166709292,0,0,0.0965,0.0798,0.0996,0.4839,0.4464
readmit30,53240535,196459704,1,0,0.1559,0.1279,0.1726,0.3341,0.3261
readmit30,53319105,17695902,0,0,0.0564,0.0449,0.0469,0.4874,0.4502
readmit30,53319105,84629892,1,0,0.0895,0.0951,0.0804,0.3565,0.3402
readmit30,53660538,166980732,0,0,0.0798,0.0682,0.0873,0.4812,0.4414
readmit30,53660538,193748958,1,0,0.1191,0.0865,0.1263,0.3897,0.348
readmit30,53660538,239358486,2,0,0.091,0.0775,0.078,0.4344,0.4012
readmit30,53746947,160061982,0,0,0.0516,0.0552,0.0564,0.4903,0.4511
readmit30,53746947,246917802,1,0,0.1722,0.0683,0.1776,0.3972,0.3567
readmit30,53762868,304242458,0,1,0.0442,0.0376,0.0412,0.5101,0.4845
readmit30,53762868,393125216,1,0,0.0694,0.0627,0.075,0.3995,0.3823
readmit30,53762868,413237804,2,0,0.126,0.0532,0.083,0.4346,0.412
readmit30,53902710,340823144,0,0,0.1273,0.1011,0.1318,0.4692,0.4343
readmit30,53902710,376702154,1,1,0.1518,0.0987,0.1791,0.4303,0.3713
readmit30,54172854,46765686,0,0,0.1445,0.1122,0.1543,0.4633,0.4313
readmit30,54172854,78959946,1,0,0.204,0.2213,0.2334,0.354,0.3309
readmit30,54191844,188900124,0,1,0.0561,0.0298,0.0386,0.5056,0.468
readmit30,54191844,189200532,1,0,0.0653,0.0681,0.0421,0.3977,0.3717
readmit30,54426798,196159380,0,0,0.0972,0.1005,0.0988,0.4746,0.4437
readmit30,54426798,224172456,1,0,0.0557,0.0446,0.0283,0.4134,0.3674
readmit30,54426798,232708728,2,0,0.0858,0.0529,0.0318,0.44,0.4228
readmit30,54428643,94110516,0,0,0.0598,0.0385,0.0784,0.4989,0.4622
readmit30,54428643,254196594,1,0,0.0948,0.0568,0.0991,0.4117,0.3697
readmit30,54564291,159639924,0,1,0.2623,0.1969,0.2596,0.4679,0.4388
readmit30,54564291,159904980,1,1,0.0995,0.0896,0.0561,0.4037,0.3682
readmit30,54564291,161014806,2,1,0.2352,0.2293,0.2857,0.4136,0.4054
readmit30,54564291,162177762,3,0,0.2776,0.2903,0.3162,0.4071,0.3933
readmit30,54647064,203716806,0,0,0.051,0.0368,0.0456,0.5015,0.4631
readmit30,54647064,271558842,1,0,0.1372,0.0744,0.1017,0.3583,0.3385
readmit30,54741690,151256220,0,0,0.0509,0.0319,0.0315,0.5109,0.4767
readmit30,54741690,256845996,1,0,0.0639,0.0328,0.0228,0.4121,0.383
readmit30,54742986,225406350,0,0,0.0816,0.0919,0.0799,0.4798,0.442
readmit30,54742986,259574826,1,0,0.2459,0.1333,0.2398,0.3576,0.3305
readmit30,54742986,271402590,2,1,0.2223,0.1506,0.1845,0.4243,0.3884
readmit30,54742986,275575806,3,0,0.2555,0.3044,0.2993,0.4067,0.4001
readmit30,54772425,31310520,0,1,0.1393,0.1031,0.1675,0.4706,0.4356
readmit30,54772425,239555088,1,1,0.217,0.169,0.2661,0.4418,0.3815
readmit30,54835947,147416868,0,0,0.0907,0.0969,0.1343,0.4763,0.4449
readmit30,54835947,152437242,1,0,0.0958,0.0622,0.0656,0.3936,0.3659
readmit30,55006281,75435846,0,1,0.1293,0.1139,0.1445,0.4632,0.4365
readmit30,55006281,76820034,1,0,0.2569,0.2153,0.2921,0.3932,0.3611
readmit30,55015299,81819288,0,0,0.0434,0.0361,0.0336,0.4996,0.4652
readmit30,55015299,87553998,1,0,0.1004,0.0834,0.0838,0.335,0.324
readmit30,55015830,149853822,0,0,0.0795,0.0722,0.0961,0.4793,0.4411
readmit30,55015830,154803918,1,0,0.1446,0.1213,0.1596,0.3662,0.3352
readmit30,55046187,129893394,0,0,0.0487,0.0383,0.0335,0.4979,0.4622
readmit30,55046187,153560574,1,0,0.1136,0.0787,0.0795,0.3523,0.3313
readmit30,55169658,313143938,0,1,0.199,0.2277,0.2236,0.4657,0.4432
readmit30,55169658,363204200,1,0,0.0876,0.0798,0.0832,0.3902,0.3585
readmit30,55211661,145184136,0,0,0.1238,0.0842,0.1267,0.4778,0.4416
readmit30,55211661,148510140,1,0,0.1159,0.1335,0.1144,0.3641,0.3352
readmit30,55341846,114315420,0,0,0.0723,0.0701,0.0601,0.4844,0.4478
readmit30,55341846,207487662,1,0,0.1327,0.0925,0.1189,0.3913,0.3475
readmit30,55341846,221863494,2,0,0.1724,0.1212,0.1441,0.3942,0.3796
readmit30,55402155,154736124,0,0,0.0899,0.1247,0.0976,0.4688,0.4346
readmit30,55402155,161942514,1,0,0.1186,0.1473,0.1242,0.3855,0.3466
readmit30,55520046,193617222,0,0,0.1002,0.0669,0.1147,0.4851,0.4457
readmit30,55520046,240661806,1,0,0.1368,0.0761,0.1892,0.3985,0.3622
readmit30,55643499,36712248,0,0,0.0654,0.0532,0.063,0.4881,0.4497
readmit30,55643499,74545986,1,1,0.1698,0.1386,0.1731,0.3219,0.3211
readmit30,55643499,80907918,2,0,0.3242,0.2493,0.3176,0.4513,0.4202
readmit30,55664883,257611914,0,0,0.0609,0.053,0.0498,0.4877,0.4474
readmit30,55664883,265299414,1,0,0.0798,0.063,0.0621,0.3951,0.3524
readmit30,55665729,205146708,0,0,0.0415,0.0331,0.0383,0.5014,0.4608
readmit30,55665729,218886630,1,0,0.0928,0.0674,0.0823,0.3913,0.3636
readmit30,55680444,239940882,0,0,0.1013,0.0764,0.0989,0.4919,0.4527
readmit30,55680444,291541350,1,0,0.1036,0.1085,0.0783,0.3319,0.3219
readmit30,55680444,417340502,2,0,0.1487,0.1319,0.1365,0.3907,0.3782
readmit30,55710225,147949758,0,0,0.0518,0.0455,0.0518,0.493,0.4602
readmit30,55710225,263171388,1,0,0.1258,0.0756,0.0957,0.3886,0.3506
readmit30,55948014,206037132,0,0,0.1402,0.0947,0.1453,0.4785,0.4441
readmit30,55948014,316026968,1,0,0.0646,0.0719,0.0667,0.3996,0.3654
readmit30,56140353,141805284,0,1,0.154,0.1139,0.1666,0.4748,0.4387
readmit30,56140353,142173264,1,0,0.1843,0.1489,0.1886,0.3712,0.3452
readmit30,56200311,252123066,0,0,0.1053,0.0665,0.1064,0.4846,0.4457
readmit30,56200311,288551706,1,0,0.1193,0.115,0.1081,0.3558,0.3376
readmit30,56226078,151614504,0,0,0.0505,0.0293,0.0272,0.5109,0.476
readmit30,56226078,376109624,1,0,0.1277,0.0795,0.1002,0.3944,0.3718
readmit30,56241450,159652818,0,0,0.0635,0.0555,0.0691,0.4889,0.4501
readmit30,56241450,172012344,1,0,0.1171,0.1596,0.1525,0.3549,0.3306
readmit30,56241450,188411412,2,0,0.1515,0.1742,0.1662,0.4029,0.3789
readmit30,56252178,165280158,0,1,0.1699,0.1922,0.2174,0.4615,0.4334
readmit30,56252178,165527820,1,1,0.1566,0.1629,0.2003,0.3961,0.36
readmit30,56410011,249960906,0,0,0.061,0.0822,0.0807,0.4768,0.4394
readmit30,56410011,288974352,1,0,0.1339,0.1337,0.1483,0.3663,0.3378
readmit30,56456451,72744354,0,0,0.1577,0.1676,0.1727,0.4473,0.4307
readmit30,56456451,78037278,1,0,0.191,0.1777,0.231,0.3703,0.3361
readmit30,56563902,159652986,0,0,0.297,0.2339,0.3593,0.4607,0.4341
readmit30,56563902,172624182,1,0,0.1448,0.1073,0.1454,0.408,0.3592
readmit30,56578869,110092260,0,0,0.0728,0.0374,0.0678,0.4987,0.4601
readmit30,56578869,185859702,1,1,0.1353,0.0858,0.1142,0.3862,0.3541
readmit30,56586042,158222094,0,0,0.0879,0.0705,0.0874,0.4822,0.4436
readmit30,56586042,161199174,1,0,0.1304,0.1942,0.1406,0.321,0.3174
readmit30,56586042,165652344,2,0,0.1387,0.1296,0.144,0.4694,0.4135
readmit30,56596167,66456126,0,0,0.0701,0.0706,0.0696,0.4834,0.4472
readmit30,56596167,292869006,1,0,0.1084,0.101,0.0893,0.3397,0.3304
readmit30,56600451,156488574,0,0,0.1086,0.1076,0.1225,0.474,0.4357
readmit30,56600451,160620966,1,0,0.3728,0.2657,0.4746,0.3296,0.3245
readmit30,56607129,139596222,0,0,0.0702,0.0874,0.069,0.4673,0.4373
readmit30,56607129,145183608,1,0,0.1442,0.1776,0.252,0.321,0.3223
readmit30,56607129,167620674,2,1,0.2851,0.246,0.4647,0.3775,0.3773
readmit30,56607129,172110330,3,1,0.293,0.3248,0.3209,0.4131,0.3994
readmit30,56607129,174867618,4,1,0.3781,0.3876,0.513,0.4278,0.3935
readmit30,56649681,60512262,0,0,0.1083,0.1344,0.0951,0.4566,0.4296
readmit30,56649681,67725408,1,1,0.133,0.1575,0.1453,0.3725,0.3405
readmit30,56649681,143708220,2,1,0.1065,0.2349,0.1542,0.5092,0.4399
readmit30,56725353,112689696,0,1,0.1353,0.1072,0.1524,0.4704,0.4373
readmit30,56725353,114199482,1,1,0.3387,0.2871,0.4455,0.3557,0.3425
readmit30,56725353,116384502,2,0,0.2403,0.2651,0.3599,0.4636,0.4152
readmit30,56738853,178357152,0,1,0.0449,0.0341,0.0189,0.5111,0.4849
readmit30,56738853,179190738,1,0,0.0974,0.0989,0.071,0.3751,0.3603
readmit30,56738853,267888828,2,0,0.1455,0.0708,0.119,0.4916,0.4332
readmit30,56889162,130480926,0,0,0.1163,0.1024,0.1523,0.4789,0.4492
readmit30,56889162,329609072,1,1,0.1107,0.0626,0.0955,0.413,0.3688
readmit30,56889162,334342904,2,0,0.1271,0.1215,0.1256,0.419,0.4085
readmit30,56910834,226009836,0,1,0.1064,0.0842,0.1124,0.4774,0.4409
readmit30,56910834,228818964,1,0,0.1565,0.1917,0.1661,0.3852,0.3463
readmit30,57222414,146739342,0,0,0.0761,0.0613,0.075,0.4848,0.4482
readmit30,57222414,162219492,1,0,0.1604,0.1184,0.1532,0.3572,0.3384
readmit30,57250782,131068938,0,0,0.098,0.0786,0.1121,0.4808,0.4428
readmit30,57250782,241883556,1,0,0.1203,0.1142,0.1396,0.4087,0.3612
readmit30,57376809,189404394,0,1,0.0821,0.0655,0.0762,0.483,0.4455
readmit30,57376809,191877444,1,0,0.1452,0.173,0.1732,0.4437,0.3826
readmit30,57556278,15543384,0,0,0.1515,0.1853,0.1953,0.4492,0.426
readmit30,57556278,65988492,1,0,0.2553,0.2073,0.284,0.359,0.3316
readmit30,57558816,127559550,0,1,0.1023,0.0908,0.1026,0.4818,0.447
readmit30,57558816,129432792,1,0,0.1659,0.1523,0.1507,0.3571,0.3417
readmit30,57558816,144890688,2,0,0.2104,0.1979,0.2023,0.3611,0.362
readmit30,57617775,203535396,0,1,0.0673,0.0602,0.0764,0.4884,0.4477
readmit30,57617775,205246110,1,0,0.113,0.0959,0.0977,0.4016,0.3709
readmit30,57630609,136182378,0,0,0.1102,0.0924,0.1301,0.4707,0.4385
readmit30,57630609,162212868,1,0,0.1192,0.112,0.1504,0.389,0.3541
readmit30,57725163,32997414,0,1,0.1838,0.163,0.2118,0.4789,0.445
readmit30,57725163,71893674,1,0,0.3074,0.1563,0.3143,0.3387,0.3349
readmit30,57731247,165670692,0,0,0.054,0.0401,0.037,0.5005,0.4612
readmit30,57731247,170081820,1,0,0.1192,0.1171,0.0894,0.3218,0.3174
readmit30,57731247,189297486,2,0,0.1062,0.0843,0.0883,0.4196,0.3958
readmit30,57731247,275909694,3,0,0.0982,0.0721,0.085,0.4348,0.4151
readmit30,57731247,309553568,4,0,0.1673,0.1275,0.1821,0.3515,0.3414
readmit30,57776706,164048106,0,0,0.0368,0.0294,0.0315,0.5127,0.4841
readmit30,57776706,258235680,1,1,0.0838,0.0331,0.0454,0.4167,0.3938
readmit30,57776706,261302610,2,0,0.1397,0.0754,0.1117,0.4141,0.4092
readmit30,57854574,157933092,0,1,0.0544,0.0419,0.0451,0.4923,0.4544
readmit30,57854574,158382684,1,0,0.1205,0.1624,0.1514,0.3521,0.3433
readmit30,57896271,224598222,0,0,0.0922,0.1145,0.0937,0.4738,0.4391
readmit30,57896271,284316408,1,0,0.1244,0.1141,0.1095,0.3836,0.3439
readmit30,57928320,195444492,0,0,0.0435,0.0336,0.0352,0.5045,0.4668
readmit30,57928320,230097024,1,0,0.0718,0.0856,0.0578,0.3565,0.3372
readmit30,57932163,17067144,0,0,0.0537,0.034,0.0513,0.5019,0.4668
readmit30,57932163,275678958,1,0,0.0746,0.0451,0.0531,0.4165,0.3809
readmit30,57941478,174638538,0,0,0.0757,0.0702,0.0881,0.4845,0.4442
readmit30,57941478,198060072,1,0,0.0759,0.0707,0.0564,0.3886,0.3526
readmit30,57955401,189600966,0,1,0.0767,0.0651,0.0798,0.4823,0.4455
readmit30,57955401,191454702,1,0,0.1795,0.1539,0.1816,0.3967,0.3627
readmit30,57959928,153409842,0,0,0.1096,0.0832,0.1085,0.4844,0.4473
readmit30,57959928,174692568,1,0,0.2235,0.1854,0.2035,0.3218,0.3146
readmit30,57959928,180564540,2,0,0.1389,0.1236,0.1363,0.4123,0.3891
readmit30,57959928,190489506,3,0,0.1751,0.1355,0.1698,0.3485,0.3572
readmit30,58063563,169709622,0,0,0.2162,0.233,0.3343,0.4613,0.4421
readmit30,58063563,170157534,1,0,0.1952,0.2612,0.1328,0.5486,0.4371
readmit30,58080555,140168202,0,0,0.0475,0.0339,0.0416,0.5042,0.4714
readmit30,58080555,144291372,1,0,0.1024,0.0807,0.0719,0.3329,0.3319
readmit30,58148586,141744168,0,0,0.1022,0.1556,0.1444,0.4591,0.431
readmit30,58148586,154044930,1,0,0.1485,0.1604,0.1999,0.4185,0.3604
readmit30,58177161,143536932,0,0,0.054,0.0342,0.0424,0.5037,0.4661
readmit30,58177161,183726384,1,0,0.0925,0.074,0.0652,0.3772,0.3487
readmit30,58177161,195399996,2,1,0.1173,0.0723,0.0843,0.4153,0.3895
readmit30,58186836,198249054,0,0,0.0657,0.058,0.0692,0.4852,0.4481
readmit30,58186836,254592870,1,0,0.1039,0.0943,0.1018,0.394,0.3506
readmit30,58215492,289627890,0,0,0.1071,0.0572,0.0988,0.4899,0.4531
readmit30,58215492,380729384,1,0,0.113,0.0629,0.0567,0.395,0.3656
readmit30,58314267,201958158,0,1,0.069,0.063,0.0704,0.4834,0.4433
readmit30,58314267,206415174,1,0,0.1212,0.1011,0.0889,0.3996,0.3659
readmit30,58356459,130396248,0,1,0.105,0.0704,0.1125,0.4829,0.4442
readmit30,58356459,130660206,1,1,0.1223,0.1733,0.1243,0.387,0.3579
readmit30,58356459,150065316,2,0,0.2625,0.2719,0.2539,0.4172,0.4047
readmit30,58356459,153936834,3,1,0.2135,0.3313,0.2168,0.3753,0.3744
readmit30,58356459,154480650,4,0,0.3811,0.3804,0.5096,0.4601,0.4034
readmit30,58376619,301324088,0,1,0.2768,0.2374,0.3721,0.4667,0.4402
readmit30,58376619,384289598,1,0,0.0762,0.0905,0.0659,0.3918,0.3552
readmit30,58517865,156835086,0,0,0.118,0.1013,0.1161,0.4769,0.4448
readmit30,58517865,175151586,1,1,0.1318,0.1216,0.0997,0.3312,0.3168
readmit30,58517865,176341608,2,0,0.1988,0.1713,0.1615,0.4253,0.4047
readmit30,58524201,145472514,0,1,0.083,0.1267,0.134,0.4663,0.4361
readmit30,58524201,149454936,1,0,0.2159,0.2545,0.4065,0.3923,0.3548
readmit30,58524201,156109182,2,0,0.1292,0.1882,0.1577,0.4241,0.3822
readmit30,58598145,31849614,0,0,0.0598,0.0486,0.0474,0.4868,0.4479
readmit30,58598145,42848808,1,1,0.1828,0.1354,0.2155,0.3426,0.3359
readmit30,58666455,154321308,0,0,0.0804,0.077,0.0776,0.4816,0.4485
readmit30,58666455,163791420,1,0,0.1121,0.0979,0.0768,0.3702,0.3426
readmit30,58701015,194385552,0,1,0.0636,0.0424,0.0605,0.4968,0.4555
readmit30,58701015,196125366,1,0,0.0953,0.0849,0.0799,0.3985,0.3674
readmit30,58749228,199817958,0,0,0.1351,0.0911,0.1447,0.4815,0.4431
readmit30,58749228,284397546,1,0,0.1249,0.1074,0.137,0.3936,0.3422
readmit30,58775571,150787224,0,1,0.1333,0.144,0.1487,0.4683,0.4387
readmit30,58775571,151022502,1,0,0.1377,0.1321,0.1386,0.3855,0.3614
readmit30,58775571,154700352,2,1,0.1392,0.1236,0.1327,0.412,0.3818
readmit30,58775571,154773492,3,0,0.3482,0.2303,0.3716,0.3646,0.3855
readmit30,58775571,155000538,4,0,0.1807,0.1638,0.1538,0.3712,0.3496
readmit30,58789323,263172138,0,1,0.0538,0.0336,0.044,0.5099,0.4747
readmit30,58789323,266826918,1,0,0.1109,0.0884,0.0922,0.3632,0.3623
readmit30,58841019,164194494,0,1,0.0542,0.0299,0.0453,0.509,0.4717
readmit30,58841019,166042614,1,0,0.1588,0.1259,0.1509,0.3617,0.346
readmit30,58861944,154267878,0,0,0.137,0.1214,0.1661,0.4773,0.4393
readmit30,58861944,167270148,1,0,0.1539,0.1581,0.1483,0.3289,0.3156
readmit30,58880844,137011962,0,1,0.1599,0.1779,0.1957,0.4658,0.4352
readmit30,58880844,137056422,1,0,0.1169,0.1241,0.1517,0.3998,0.3634
readmit30,59017707,150808578,0,1,0.0858,0.0778,0.088,0.477,0.439
readmit30,59017707,198117792,1,0,0.1225,0.1314,0.1093,0.4386,0.3814
readmit30,59039082,145727646,0,0,0.0792,0.0513,0.0793,0.4908,0.4528
readmit30,59039082,149775366,1,1,0.1085,0.1299,0.1161,0.3239,0.3231
readmit30,59039082,150582558,2,0,0.1539,0.217,0.1757,0.4316,0.4114
readmit30,59039082,198432780,3,0,0.1332,0.1476,0.1917,0.4474,0.4138
readmit30,59074128,239891826,0,0,0.0399,0.0356,0.033,0.5038,0.4657
readmit30,59074128,294280850,1,0,0.1348,0.1101,0.0915,0.3331,0.3311
readmit30,59074128,333056186,2,0,0.4885,0.5955,0.6365,0.6014,0.4757
readmit30,59097609,140121390,0,0,0.0636,0.0447,0.0546,0.4927,0.4554
readmit30,59097609,234793416,1,0,0.1587,0.0997,0.1343,0.4169,0.371
readmit30,59104143,214960290,0,0,0.0554,0.037,0.0457,0.5003,0.465
readmit30,59104143,287063994,1,0,0.0887,0.0514,0.0627,0.3976,0.37
readmit30,59133546,155282106,0,0,0.2032,0.2292,0.3114,0.461,0.4377
readmit30,59133546,155730924,1,0,0.0921,0.103,0.0797,0.3789,0.3421
readmit30,59133546,161604120,2,0,0.118,0.0808,0.0983,0.4402,0.4044
readmit30,59133546,200453916,3,0,0.1023,0.068,0.0706,0.3906,0.3928
readmit30,59143518,163373412,0,1,0.0412,0.0294,0.0245,0.5137,0.4801
readmit30,59143518,166062000,1,0,0.0818,0.0399,0.0404,0.4098,0.3869
readmit30,59143518,369019736,2,0,0.1149,0.0447,0.0899,0.4505,0.4184
readmit30,59164182,181595364,0,1,0.1115,0.1252,0.1273,0.4645,0.4303
readmit30,59164182,183460662,1,0,0.1611,0.2716,0.2136,0.4275,0.3732
readmit30,59164182,234870006,2,0,0.181,0.2158,0.2045,0.4209,0.3864
readmit30,59241150,151153692,0,1,0.2232,0.211,0.2873,0.4642,0.4382
readmit30,59241150,151878960,1,0,0.0936,0.0891,0.0632,0.4085,0.3668
readmit30,59257458,148511052,0,1,0.0746,0.0734,0.0903,0.4743,0.439
readmit30,59257458,149269218,1,0,0.1218,0.125,0.1355,0.4034,0.3671
readmit30,59257458,160602594,2,0,0.0977,0.1354,0.1224,0.3663,0.3684
readmit30,59294844,152293404,0,0,0.1792,0.1604,0.1729,0.4694,0.4397
readmit30,59294844,194550132,1,0,0.1256,0.0945,0.1234,0.3944,0.3501
readmit30,59299191,180487902,0,0,0.07,0.0635,0.0782,0.4879,0.4469
readmit30,59299191,214086576,1,0,0.1151,0.1079,0.116,0.3708,0.341
readmit30,59307480,201846738,0,0,0.0682,0.0683,0.0627,0.4837,0.4438
readmit30,59307480,225072144,1,0,0.0881,0.1203,0.0888,0.3776,0.3403
readmit30,59411250,156374844,0,0,0.0601,0.0541,0.0647,0.4868,0.4468
readmit30,59411250,164299206,1,0,0.1304,0.1237,0.126,0.3664,0.3372
readmit30,59411250,250376982,2,0,0.1406,0.116,0.1388,0.4561,0.4131
readmit30,59434344,166016730,0,1,0.0686,0.0438,0.0662,0.4919,0.454
readmit30,59434344,346114238,1,0,0.1501,0.0826,0.1273,0.4178,0.3753
readmit30,59456412,162365280,0,0,0.2579,0.0763,0.2001,0.4936,0.4585
readmit30,59456412,163358298,1,0,0.4737,0.2625,0.3488,0.4018,0.3774
readmit30,59462784,207970482,0,0,0.0802,0.05,0.0787,0.4902,0.4505
readmit30,59462784,433163288,1,0,0.1192,0.0544,0.1327,0.4273,0.3797
readmit30,59503122,225799890,0,0,0.0587,0.0504,0.0758,0.4956,0.4565
readmit30,59503122,286136034,1,0,0.1515,0.117,0.1637,0.3349,0.3262
readmit30,59503122,376638674,2,0,0.1484,0.149,0.1244,0.3883,0.3711
readmit30,59542641,233517312,0,0,0.0959,0.0883,0.104,0.4786,0.44
readmit30,59542641,242789928,1,0,0.1346,0.1241,0.138,0.3761,0.3419
readmit30,59542641,253193982,2,0,0.164,0.1493,0.1605,0.4106,0.3805
readmit30,59544774,159767724,0,0,0.103,0.0541,0.0902,0.4923,0.4584
readmit30,59544774,169649268,1,0,0.059,0.034,0.0224,0.4028,0.3776
readmit30,59547321,174387690,0,1,0.1318,0.1457,0.15,0.4656,0.4329
readmit30,59547321,176549202,1,0,0.1712,0.1933,0.1989,0.3964,0.3552
readmit30,59588055,215709798,0,0,0.052,0.0353,0.0505,0.4956,0.4565
readmit30,59588055,228915720,1,0,0.1121,0.0919,0.1104,0.3886,0.3526
readmit30,59591349,214631658,0,0,0.1636,0.1474,0.1952,0.4683,0.4362
readmit30,59591349,236351400,1,0,0.1649,0.1496,0.1732,0.3561,0.3316
readmit30,59621796,162990858,0,1,0.0651,0.0325,0.0419,0.5087,0.4718
readmit30,59621796,164742774,1,0,0.1193,0.2167,0.1739,0.3543,0.3416
readmit30,59637033,163607310,0,0,0.1135,0.0694,0.1009,0.4863,0.4474
readmit30,59637033,188439564,1,0,0.1826,0.1399,0.1588,0.3344,0.3146
readmit30,59639562,213784980,0,0,0.0394,0.0313,0.0256,0.5038,0.4641
readmit30,59639562,273074676,1,0,0.0792,0.039,0.0498,0.3957,0.3694
readmit30,59658876,164333934,0,1,0.0784,0.0607,0.0655,0.4877,0.4556
readmit30,59658876,164773440,1,0,0.1573,0.1081,0.1466,0.3574,0.3432
readmit30,59668560,164177244,0,0,0.0625,0.0399,0.0518,0.4984,0.457
readmit30,59668560,226597404,1,0,0.0831,0.0586,0.0656,0.4045,0.3613
readmit30,59695101,168826374,0,0,0.0397,0.0358,0.0319,0.5023,0.4639
readmit30,59695101,204788490,1,0,0.0564,0.0436,0.0319,0.3862,0.3575
readmit30,59722227,142207464,0,0,0.0555,0.0517,0.0401,0.4927,0.4565
readmit30,59722227,148638336,1,0,0.0786,0.0604,0.0345,0.3857,0.3522
readmit30,59810211,170923404,0,0,0.0602,0.0353,0.0352,0.5098,0.475
readmit30,59810211,287276268,1,0,0.122,0.0491,0.0854,0.3976,0.3677
readmit30,59882094,172794816,0,1,0.2343,0.1076,0.2551,0.471,0.4377
readmit30,59882094,174805728,1,0,0.2177,0.1788,0.2693,0.3838,0.355
readmit30,59882094,194643126,2,0,0.154,0.1917,0.1915,0.4215,0.3912
readmit30,59925960,249236718,0,0,0.0827,0.0596,0.0988,0.4907,0.4537
readmit30,59925960,258616398,1,0,0.117,0.1126,0.1307,0.3344,0.3207
readmit30,59933817,236551020,0,0,0.0627,0.0686,0.0584,0.4875,0.449
readmit30,59933817,371373764,1,0,0.0811,0.0403,0.0484,0.4457,0.3906
readmit30,59978034,177774360,0,0,0.0919,0.0618,0.0859,0.4909,0.4506
readmit30,59978034,186388446,1,0,0.1289,0.1296,0.1301,0.3547,0.3385
readmit30,60037101,230960526,0,0,0.1922,0.0664,0.2306,0.4833,0.4503
readmit30,60037101,349562948,1,0,0.0947,0.0667,0.1385,0.4012,0.3556
readmit30,60104250,235288518,0,0,0.0405,0.0437,0.044,0.4959,0.4586
readmit30,60104250,307263710,1,0,0.0478,0.0402,0.0345,0.4095,0.3675
readmit30,60125517,190459740,0,0,0.0768,0.0493,0.0667,0.4948,0.4551
readmit30,60125517,205366692,1,0,0.1228,0.1136,0.1382,0.3489,0.3289
readmit30,60125517,223667364,2,0,0.1925,0.1252,0.1961,0.4356,0.3856
readmit30,60125517,236207418,3,0,0.1594,0.1678,0.1225,0.3337,0.3595
readmit30,60125517,296022662,4,0,0.1198,0.1112,0.1033,0.4441,0.382
readmit30,60146964,133886628,0,0,0.0627,0.0501,0.0584,0.493,0.454
readmit30,60146964,161395380,1,0,0.0947,0.0545,0.0426,0.3804,0.3527
readmit30,60251184,192928494,0,0,0.1411,0.1456,0.1798,0.4634,0.4333
readmit30,60251184,200424054,1,0,0.1087,0.0814,0.1363,0.4004,0.3564
readmit30,60251184,283243596,2,0,0.1653,0.0952,0.2008,0.4427,0.4
readmit30,60312411,142665348,0,1,0.0374,0.0301,0.0278,0.5105,0.4768
readmit30,60312411,143202174,1,0,0.1564,0.1404,0.1201,0.3563,0.3467
readmit30,60335847,207766878,0,1,0.3192,0.2992,0.5834,0.4553,0.4345
readmit30,60335847,208713990,1,0,0.1163,0.1886,0.1735,0.4103,0.3684
readmit30,60337134,200011968,0,0,0.0921,0.0562,0.0727,0.4903,0.4542
readmit30,60337134,205729272,1,0,0.093,0.0715,0.0736,0.3553,0.3358
readmit30,60337134,419075090,2,0,0.1181,0.0703,0.098,0.4769,0.4297
readmit30,60351552,272086296,0,1,0.0924,0.038,0.0622,0.5,0.4633
readmit30,60351552,274757280,1,0,0.2138,0.1587,0.2588,0.3497,0.3395
readmit30,60397551,203422608,0,0,0.1323,0.068,0.1405,0.4825,0.4456
readmit30,60397551,241386600,1,0,0.1404,0.1397,0.1375,0.3529,0.3268
readmit30,60401394,203771586,0,0,0.1125,0.0969,0.1383,0.4767,0.4401
readmit30,60401394,223782300,1,0,0.1176,0.1567,0.1308,0.375,0.3389
readmit30,60401394,234176670,2,0,0.1148,0.1467,0.1008,0.4088,0.3803
readmit30,60401394,264461076,3,0,0.1704,0.136,0.1446,0.3623,0.367
readmit30,60406461,204185250,0,0,0.0759,0.0432,0.0746,0.494,0.4564
readmit30,60406461,217711086,1,0,0.1814,0.1118,0.1517,0.3443,0.3293
readmit30,60453549,159948894,0,0,0.376,0.2842,0.4921,0.4546,0.4308
readmit30,60453549,340853354,1,0,0.1143,0.0864,0.1461,0.4513,0.3807
readmit30,60505479,213623646,0,0,0.0587,0.0411,0.0596,0.4985,0.461
readmit30,60505479,316707098,1,0,0.1067,0.047,0.0792,0.4014,0.3679
readmit30,60558291,137068038,0,1,0.071,0.0675,0.0749,0.4882,0.4483
readmit30,60558291,139096674,1,0,0.1065,0.1259,0.1382,0.44,0.3851
readmit30,60591222,219895656,0,0,0.0515,0.043,0.0523,0.49,0.4524
readmit30,60591222,238919016,1,0,0.072,0.086,0.0569,0.386,0.3554
readmit30,60605388,169047912,0,1,0.0432,0.047,0.0346,0.4934,0.4566
readmit30,60605388,169616904,1,0,0.1194,0.0804,0.0683,0.3926,0.362
readmit30,60684147,396031154,0,0,0.0526,0.0388,0.0436,0.4985,0.4586
readmit30,60684147,427306184,1,0,0.1477,0.1571,0.128,0.3316,0.3213
readmit30,60688035,232705434,0,1,0.06,0.077,0.0824,0.4828,0.4452
readmit30,60688035,233586108,1,1,0.1643,0.1868,0.2547,0.4135,0.3633
readmit30,60689682,254612850,0,0,0.0587,0.0622,0.0534,0.4859,0.4485
readmit30,60689682,366023804,1,0,0.1253,0.0896,0.1092,0.3784,0.3402
readmit30,60691266,323647490,0,0,0.136,0.1263,0.1601,0.4735,0.4408
readmit30,60691266,412642934,1,0,0.1391,0.1504,0.1614,0.3384,0.3276
readmit30,60712569,245633592,0,1,0.0413,0.0362,0.0271,0.5012,0.4624
readmit30,60712569,245809686,1,0,0.0781,0.0588,0.0361,0.4187,0.3832
readmit30,60779835,216218640,0,1,0.0899,0.0655,0.0912,0.4833,0.444
readmit30,60779835,216996060,1,0,0.1278,0.1564,0.1305,0.3784,0.351
readmit30,60864489,216157116,0,0,0.0752,0.0395,0.0625,0.4973,0.4598
readmit30,60864489,222032142,1,0,0.1965,0.1165,0.1688,0.3199,0.3133
readmit30,60882903,40802160,0,0,0.1118,0.1285,0.1231,0.4672,0.4365
readmit30,60882903,69840306,1,0,0.1599,0.1012,0.1619,0.3784,0.3423
readmit30,60959979,116217990,0,0,0.0979,0.1215,0.1311,0.4711,0.4389
readmit30,60959979,165930828,1,0,0.3128,0.1411,0.2366,0.3355,0.3256
readmit30,61001676,227740662,0,0,0.1124,0.1147,0.126,0.4734,0.4383
readmit30,61001676,261814752,1,0,0.1258,0.0996,0.1395,0.382,0.3492
readmit30,61004349,177451686,0,0,0.0845,0.0976,0.0854,0.4795,0.449
readmit30,61004349,207702000,1,0,0.0927,0.0826,0.0952,0.3448,0.3342
readmit30,61004349,277370994,2,0,0.1527,0.1054,0.1543,0.4276,0.392
readmit30,61004349,338961098,3,0,0.1412,0.1041,0.1346,0.3512,0.3736
readmit30,61005798,109363734,0,0,0.0981,0.0598,0.0527,0.478,0.4602
readmit30,61005798,200414400,1,0,0.0956,0.0623,0.0809,0.3568,0.3433
readmit30,61236864,155235690,0,0,0.2722,0.262,0.3154,0.4569,0.4329
readmit30,61236864,169339488,1,0,0.1551,0.1152,0.1559,0.3831,0.3423
readmit30,61250661,152257236,0,0,0.068,0.0571,0.0665,0.4893,0.4513
readmit30,61250661,165001800,1,0,0.1524,0.124,0.1429,0.3394,0.3271
readmit30,61268319,97047420,0,0,0.0698,0.0423,0.0609,0.4863,0.4545
readmit30,61268319,113266914,1,0,0.2063,0.1333,0.2744,0.3164,0.3245
readmit30,61293159,272333154,0,1,0.0611,0.038,0.057,0.5017,0.4606
readmit30,61293159,275855292,1,0,0.1047,0.0638,0.0897,0.4149,0.3827
readmit30,61302105,150078258,0,0,0.0914,0.0538,0.0869,0.49,0.4502
readmit30,61302105,200354850,1,0,0.0586,0.041,0.0379,0.4406,0.3874
readmit30,61315497,132940842,0,0,0.2113,0.222,0.2468,0.4688,0.4429
readmit30,61315497,152700558,1,0,0.2257,0.225,0.2879,0.3091,0.3142
readmit30,61407459,124837002,0,0,0.0859,0.0887,0.0918,0.482,0.4472
readmit30,61407459,166277634,1,0,0.0793,0.0416,0.0522,0.4334,0.3838
readmit30,61687404,163872396,0,1,0.0615,0.1018,0.0696,0.4739,0.437
readmit30,61687404,165244344,1,0,0.1817,0.1895,0.1962,0.3943,0.3563
readmit30,61690284,258264498,0,1,0.1351,0.1792,0.1543,0.456,0.4281
readmit30,61690284,260999742,1,1,0.2111,0.3605,0.3782,0.4641,0.3951
readmit30,61690284,264830628,2,0,0.2898,0.3368,0.3325,0.4658,0.4123
readmit30,61735860,98817876,0,0,0.0943,0.0583,0.0997,0.4815,0.4457
readmit30,61735860,124644990,1,0,0.0842,0.0731,0.0788,0.4063,0.3681
readmit30,61735968,140216484,0,1,0.1639,0.0771,0.1555,0.4821,0.443
readmit30,61735968,143248080,1,0,0.1507,0.1347,0.1306,0.3853,0.3553
readmit30,61735968,149784036,2,0,0.2182,0.1755,0.2588,0.383,0.3757
readmit30,61735968,164613294,3,0,0.2224,0.1989,0.2517,0.363,0.3772
readmit30,61948728,158517852,0,0,0.0706,0.0686,0.0847,0.4821,0.4446
readmit30,61948728,203372940,1,0,0.114,0.0895,0.1038,0.3779,0.3453
readmit30,61948728,252490638,2,0,0.1782,0.1192,0.1964,0.4188,0.3919
readmit30,61954650,78148728,0,0,0.1851,0.1438,0.2137,0.4585,0.4294
readmit30,61954650,95245734,1,0,0.122,0.1244,0.1171,0.3867,0.3493
readmit30,62045658,154198158,0,0,0.077,0.0445,0.0784,0.5,0.4575
readmit30,62045658,210123012,1,0,0.0893,0.0652,0.0814,0.4014,0.3629
readmit30,62189775,148768152,0,0,0.1069,0.1078,0.1181,0.466,0.4355
readmit30,62189775,168470322,1,0,0.136,0.1296,0.1549,0.3657,0.3369
readmit30,62278326,97077756,0,0,0.1918,0.2884,0.2182,0.4391,0.4258
readmit30,62278326,117078264,1,0,0.1894,0.3316,0.2672,0.3956,0.3511
readmit30,62324739,49010286,0,0,0.1915,0.2604,0.206,0.44,0.4247
readmit30,62324739,68073804,1,0,0.2082,0.2855,0.2551,0.3765,0.343
readmit30,62415576,148521936,0,1,0.2032,0.0955,0.2121,0.4785,0.441
readmit30,62415576,149613948,1,1,0.2213,0.1623,0.2135,0.3872,0.3526
readmit30,62415576,150413640,2,0,0.2094,0.2289,0.2207,0.4337,0.4035
readmit30,62428428,154023240,0,1,0.0721,0.0629,0.0786,0.4876,0.4483
readmit30,62428428,164300916,1,0,0.1454,0.1062,0.1437,0.3846,0.3595
readmit30,62463843,130472682,0,0,0.0577,0.0503,0.0657,0.4905,0.4514
readmit30,62463843,139593762,1,1,0.2356,0.1847,0.2186,0.3283,0.3227
readmit30,62463843,142560996,2,0,0.2343,0.2536,0.2374,0.4604,0.4214
readmit30,62463843,148998294,3,0,0.1805,0.2182,0.1743,0.3634,0.3706
readmit30,62463843,160589160,4,1,0.2746,0.2559,0.2756,0.4026,0.362
readmit30,62463843,160943742,5,0,0.3806,0.3382,0.4138,0.4288,0.4107
readmit30,62524395,75808452,0,0,0.0684,0.0349,0.0437,0.4972,0.462
readmit30,62524395,92411460,1,0,0.0945,0.0534,0.0429,0.3843,0.3616
readmit30,62596503,144624360,0,0,0.0766,0.0871,0.0913,0.482,0.4428
readmit30,62596503,171959562,1,0,0.1292,0.1184,0.1303,0.3779,0.3459
readmit30,62619804,154957560,0,1,0.1521,0.0949,0.1394,0.4743,0.4407
readmit30,62619804,155780286,1,0,0.1281,0.1661,0.1218,0.3721,0.3478
readmit30,62692524,170036436,0,0,0.0565,0.0502,0.0552,0.4957,0.4573
readmit30,62692524,194020326,1,0,0.1077,0.1167,0.0725,0.3482,0.325
readmit30,62845515,161538414,0,0,0.0839,0.0969,0.0965,0.4736,0.4399
readmit30,62845515,165481062,1,0,0.137,0.114,0.1494,0.3413,0.3268
readmit30,62855352,163136748,0,1,0.1374,0.1252,0.1536,0.4655,0.4348
readmit30,62855352,164286108,1,0,0.2059,0.1942,0.2566,0.4101,0.3665
readmit30,62996589,167920056,0,1,0.0819,0.0652,0.0816,0.4823,0.4476
readmit30,62996589,168621618,1,0,0.1535,0.1529,0.1744,0.3881,0.3548
readmit30,63072540,156417486,0,0,0.1034,0.0872,0.1205,0.4773,0.438
readmit30,63072540,193626090,1,1,0.1588,0.142,0.1865,0.3576,0.3311
readmit30,63072540,194606586,2,0,0.2013,0.2347,0.214,0.4666,0.4172
readmit30,63078192,157212894,0,0,0.0657,0.0813,0.073,0.4791,0.4454
readmit30,63078192,171280266,1,0,0.1525,0.1077,0.1734,0.3697,0.3448
readmit30,63081504,267787116,0,0,0.0649,0.0462,0.0706,0.4882,0.4504
readmit30,63081504,275754654,1,0,0.1227,0.087,0.1281,0.3618,0.3446
readmit30,63081504,356022536,2,0,0.1928,0.1105,0.1666,0.4019,0.3803
readmit30,63104409,145036788,0,0,0.0645,0.0616,0.0646,0.4902,0.4532
readmit30,63104409,174389154,1,0,0.1812,0.1017,0.1267,0.3203,0.3184
readmit30,63156888,290016954,0,0,0.1001,0.0902,0.1144,0.4768,0.4417
readmit30,63156888,329030984,1,0,0.1537,0.1706,0.1694,0.3408,0.3231
readmit30,63156888,360763724,2,0,0.443,0.5573,0.6854,0.6067,0.485
readmit30,63236619,121298976,0,0,0.0668,0.0822,0.0811,0.4803,0.441
readmit30,63236619,135572208,1,0,0.1691,0.1359,0.1487,0.3473,0.3257
readmit30,63266157,174395688,0,1,0.067,0.0464,0.0573,0.4931,0.4537
readmit30,63266157,178307490,1,0,0.0973,0.118,0.0819,0.3773,0.3575
readmit30,63266157,343790312,2,0,0.1369,0.1224,0.1812,0.5033,0.4328
readmit30,63289638,219680712,0,0,0.3565,0.2253,0.4454,0.4596,0.4317
readmit30,63289638,232696434,1,0,0.1502,0.0984,0.1323,0.3936,0.348
readmit30,63395136,177401316,0,0,0.0344,0.027,0.0191,0.5104,0.473
readmit30,63395136,311324288,1,0,0.0737,0.0773,0.0617,0.3823,0.3585
readmit30,63395136,383829134,2,1,0.1793,0.1849,0.2138,0.357,0.3649
readmit30,63396126,243901512,0,0,0.0617,0.0346,0.0446,0.5055,0.469
readmit30,63396126,270551802,1,0,0.121,0.0949,0.09,0.3462,0.3307
readmit30,63397080,258989868,0,0,0.0805,0.051,0.0828,0.4887,0.4507
readmit30,63397080,266541552,1,0,0.0759,0.0606,0.0624,0.3765,0.349
readmit30,63412704,151511100,0,0,0.0942,0.0582,0.094,0.49,0.4499
readmit30,63412704,378970220,1,1,0.1607,0.0698,0.1614,0.4036,0.3627
readmit30,63412704,442523984,2,0,0.1456,0.0951,0.1118,0.4249,0.4036
readmit30,63680193,150911418,0,0,0.4104,0.1266,0.4095,0.4749,0.4379
readmit30,63680193,154414230,1,0,0.1474,0.1723,0.1409,0.352,0.3295
readmit30,63780093,183776742,0,1,0.0794,0.09,0.1031,0.4775,0.449
readmit30,63780093,257007498,1,0,0.1074,0.07,0.0904,0.4375,0.3907
readmit30,63870129,137218098,0,1,0.0791,0.0769,0.0807,0.4872,0.4471
readmit30,63870129,146995410,1,0,0.1844,0.1755,0.1716,0.3678,0.3502
readmit30,63870129,175621602,2,0,0.2167,0.1836,0.2169,0.4158,0.383
readmit30,63935991,131837760,0,0,0.0788,0.0739,0.0811,0.4825,0.4434
readmit30,63935991,191456982,1,0,0.1156,0.1094,0.1205,0.407,0.3629
readmit30,63935991,253885662,2,0,0.1331,0.1226,0.1334,0.4311,0.3917
readmit30,63968211,179712852,0,0,0.0568,0.0496,0.0566,0.4914,0.4534
readmit30,63968211,219244680,1,1,0.1409,0.1087,0.1178,0.3381,0.3285
readmit30,63968211,221780658,2,0,0.1463,0.1431,0.1016,0.4404,0.4144
readmit30,63968211,270892662,3,0,0.1819,0.1878,0.1702,0.3309,0.3522
readmit30,63968211,294813734,4,0,0.13,0.2133,0.1341,0.4058,0.368
readmit30,64049634,13505430,0,0,0.1563,0.0848,0.1638,0.4744,0.4406
readmit30,64049634,16728174,1,0,0.1202,0.0734,0.1105,0.3923,0.3544
readmit30,64081998,166237944,0,0,0.1222,0.1106,0.1559,0.4721,0.4434
readmit30,64081998,172912668,1,1,0.1502,0.1309,0.1909,0.3528,0.3274
readmit30,64086552,40862802,0,0,0.0918,0.1097,0.1027,0.4646,0.4326
readmit30,64086552,68015364,1,1,0.2916,0.1686,0.4298,0.3851,0.3549
readmit30,64115370,149132958,0,0,0.051,0.0396,0.052,0.5014,0.4589
readmit30,64115370,165402078,1,0,0.1373,0.0698,0.1206,0.3721,0.3489
readmit30,64115370,276336678,2,0,0.0803,0.059,0.0516,0.4749,0.4284
readmit30,64245447,128034426,0,0,0.1096,0.0977,0.126,0.4748,0.4393
readmit30,64245447,133765794,1,0,0.1573,0.1598,0.1937,0.3596,0.3347
readmit30,64282032,151939602,0,1,0.1892,0.112,0.1972,0.4699,0.4377
readmit30,64282032,152872260,1,0,0.1242,0.1375,0.1059,0.4037,0.3641
readmit30,64437831,173561784,0,0,0.0693,0.0419,0.0586,0.4939,0.4571
readmit30,64437831,291215622,1,0,0.1292,0.098,0.1177,0.3718,0.3435
readmit30,64462554,158533812,0,0,0.105,0.1106,0.1249,0.4725,0.4387
readmit30,64462554,217538994,1,0,0.0966,0.0918,0.1108,0.3761,0.3452
readmit30,64535598,106537314,0,1,0.0745,0.1021,0.0969,0.4694,0.4363
readmit30,64535598,382051478,1,1,0.2619,0.2561,0.3253,0.4033,0.3614
readmit30,64546173,232754052,0,0,0.0782,0.0651,0.0794,0.4832,0.4438
readmit30,64546173,344291756,1,0,0.1066,0.0859,0.1307,0.4118,0.3608
readmit30,64565010,20473194,0,0,0.1992,0.0743,0.2265,0.4802,0.4467
readmit30,64565010,104670828,1,0,0.1705,0.072,0.1585,0.4027,0.363
readmit30,64565010,243380460,2,0,0.0951,0.091,0.0877,0.4041,0.385
readmit30,64619100,157194036,0,1,0.1362,0.1003,0.1826,0.4832,0.4514
readmit30,64619100,158413212,1,0,0.3154,0.1675,0.4283,0.3179,0.3323
readmit30,64619100,163637712,2,0,0.2404,0.1416,0.2953,0.402,0.3898
readmit30,64619100,166923600,3,0,0.2464,0.2493,0.3219,0.3062,0.3417
readmit30,64656675,60028902,0,0,0.1855,0.274,0.2741,0.462,0.4379
readmit30,64656675,62861886,1,1,0.0808,0.0699,0.0821,0.3778,0.3575
readmit30,64665630,54655416,0,0,0.0491,0.0517,0.0601,0.4862,0.45
readmit30,64665630,100452222,1,0,0.0867,0.1185,0.0883,0.3513,0.3317
readmit30,64789965,149702064,0,1,0.0412,0.0399,0.0424,0.4952,0.4571
readmit30,64789965,152294922,1,0,0.1471,0.1666,0.142,0.376,0.3558
readmit30,64961586,131983116,0,0,0.0545,0.0525,0.0588,0.4895,0.4492
readmit30,64961586,153568746,1,0,0.0893,0.0911,0.0689,0.357,0.3376
readmit30,65053080,145622526,0,1,0.1645,0.1726,0.1924,0.4516,0.4254
readmit30,65053080,147114720,1,0,0.1448,0.2905,0.1676,0.4722,0.3917
readmit30,65098269,234930330,0,0,0.078,0.0537,0.0789,0.485,0.4482
readmit30,65098269,248814558,1,0,0.118,0.1028,0.12,0.3506,0.3338
readmit30,65195397,151922814,0,0,0.0695,0.0619,0.0772,0.4876,0.4475
readmit30,65195397,237758016,1,0,0.0943,0.079,0.1037,0.4217,0.3666
readmit30,65195397,302460926,2,0,0.1913,0.1038,0.1734,0.4022,0.3852
readmit30,65195397,418518878,3,0,0.1677,0.1239,0.1723,0.3628,0.3642
readmit30,65259945,155180400,0,1,0.0454,0.029,0.0188,0.5153,0.4835
readmit30,65259945,157411056,1,0,0.1507,0.071,0.0957,0.3848,0.3612
readmit30,65261124,180470256,0,1,0.0647,0.0826,0.0666,0.4781,0.4406
readmit30,65261124,182050116,1,0,0.1416,0.1414,0.0965,0.3806,0.3519
readmit30,65316573,11691306,0,0,0.0347,0.0278,0.019,0.5106,0.4754
readmit30,65316573,263099154,1,0,0.0638,0.0581,0.0475,0.3988,0.3673
readmit30,65349441,150391794,0,0,0.0795,0.0592,0.088,0.4853,0.4471
readmit30,65349441,184058778,1,0,0.0983,0.0468,0.063,0.4028,0.3711
readmit30,65545380,237544746,0,0,0.0404,0.0396,0.0278,0.5031,0.4642
readmit30,65545380,260362476,1,0,0.1131,0.0816,0.0865,0.3648,0.3349
readmit30,65566224,135833796,0,1,0.147,0.0934,0.1532,0.474,0.4402
readmit30,65566224,140928792,1,0,0.1926,0.206,0.2006,0.3523,0.3451
readmit30,65620044,187540482,0,0,0.0629,0.0455,0.0539,0.4974,0.4583
readmit30,65620044,202246926,1,0,0.073,0.0656,0.0506,0.369,0.3492
readmit30,65620044,247922898,2,0,0.1676,0.1056,0.1466,0.3874,0.3765
readmit30,65620044,277889754,3,0,0.1192,0.108,0.1285,0.3739,0.381
readmit30,65686428,168536400,0,1,0.0762,0.0615,0.1025,0.4915,0.4516
readmit30,65686428,169219260,1,0,0.1811,0.163,0.2333,0.38,0.3537
readmit30,65714094,136395702,0,0,0.1099,0.0779,0.1036,0.4773,0.4422
readmit30,65714094,162968472,1,0,0.1814,0.1343,0.1689,0.3488,0.3305
readmit30,65714094,167159592,2,1,0.2142,0.1863,0.2161,0.39,0.3718
readmit30,65774745,146861712,0,0,0.0753,0.0663,0.0832,0.4832,0.4463
readmit30,65774745,168094554,1,0,0.1253,0.1272,0.1183,0.3673,0.3345
readmit30,65800872,177249000,0,0,0.1125,0.0825,0.1023,0.4864,0.4486
readmit30,65800872,185563392,1,0,0.1678,0.1129,0.1391,0.351,0.3232
readmit30,65831931,108711300,0,1,0.1139,0.1034,0.1328,0.4714,0.4388
readmit30,65831931,109271574,1,0,0.2033,0.1754,0.2518,0.3753,0.3484
readmit30,65866500,137864616,0,0,0.1008,0.0687,0.1214,0.4803,0.4438
readmit30,65866500,170359128,1,0,0.1446,0.1214,0.1517,0.3639,0.3345
readmit30,65948310,61854132,0,0,0.0877,0.0532,0.062,0.4862,0.4522
readmit30,65948310,112791300,1,0,0.1495,0.0636,0.112,0.3914,0.3707
readmit30,65971593,25702470,0,0,0.1003,0.105,0.1074,0.47,0.4418
readmit30,65971593,98837316,1,1,0.2379,0.1405,0.3459,0.3737,0.3411
readmit30,65994786,84398400,0,0,0.12,0.1321,0.1388,0.4577,0.4297
readmit30,65994786,99500940,1,1,0.294,0.2183,0.3201,0.3527,0.3351
readmit30,66025035,160825068,0,1,0.2281,0.1417,0.2694,0.4746,0.4401
readmit30,66025035,161206362,1,0,0.0889,0.0858,0.0676,0.4006,0.3679
readmit30,66147309,39613974,0,0,0.0648,0.042,0.0607,0.4931,0.4567
readmit30,66147309,111234522,1,0,0.0988,0.0774,0.069,0.3664,0.3414
readmit30,66186828,197062338,0,0,0.062,0.0311,0.053,0.5097,0.4741
readmit30,66186828,217919874,1,0,0.1151,0.0993,0.0998,0.3395,0.3331
readmit30,66186828,242097588,2,0,0.1121,0.1273,0.1119,0.4254,0.3982
readmit30,66199617,195188148,0,1,0.2931,0.1019,0.3483,0.4822,0.4456
readmit30,66199617,195337812,1,1,0.191,0.2194,0.1952,0.3547,0.3438
readmit30,66199617,196090926,2,0,0.2012,0.218,0.2647,0.4668,0.4301
readmit30,66203613,142564638,0,0,0.0503,0.043,0.0484,0.4976,0.4564
readmit30,66203613,236197356,1,0,0.159,0.099,0.1439,0.3536,0.3364
readmit30,66203613,262598682,2,0,0.1383,0.0949,0.1297,0.442,0.4041
readmit30,66221928,189864672,0,0,0.1162,0.0428,0.0653,0.5035,0.4645
readmit30,66221928,211018278,1,0,0.0999,0.0974,0.0624,0.3333,0.3226
readmit30,66278844,151262610,0,1,0.0942,0.0554,0.1025,0.4882,0.4498
readmit30,66278844,153557166,1,0,0.1499,0.1338,0.1561,0.3671,0.349
readmit30,66278844,158477124,2,0,0.1065,0.0985,0.0868,0.4141,0.3952
readmit30,66278844,239394774,3,0,0.1622,0.0967,0.2729,0.4059,0.386
readmit30,66278844,247027878,4,0,0.1308,0.1023,0.1369,0.3827,0.3578
readmit30,66291687,259023972,0,1,0.1404,0.0825,0.1454,0.4832,0.4443
readmit30,66291687,260341800,1,1,0.1874,0.2894,0.2523,0.3496,0.3493
readmit30,66291687,260711196,2,0,0.0981,0.0692,0.0483,0.4941,0.4384
readmit30,66308715,170486334,0,0,0.0472,0.0422,0.0418,0.5003,0.4605
readmit30,66308715,311341358,1,0,0.163,0.0647,0.1222,0.3873,0.3544
readmit30,66367179,228731976,0,1,0.0988,0.0699,0.0997,0.488,0.4505
readmit30,66367179,233433798,1,0,0.1323,0.1144,0.1002,0.3637,0.346
readmit30,66381957,233237166,0,0,0.0786,0.0744,0.0809,0.4882,0.4471
readmit30,66381957,263288880,1,0,0.0991,0.0732,0.0843,0.3818,0.3503
readmit30,66432015,164992680,0,1,0.1526,0.0978,0.2102,0.4706,0.4355
readmit30,66432015,166261572,1,0,0.1321,0.1565,0.1349,0.4171,0.368
readmit30,66432015,194892360,2,0,0.1262,0.1447,0.1556,0.4114,0.3787
readmit30,66453282,165676692,0,0,0.0809,0.0572,0.0887,0.4912,0.4514
readmit30,66453282,212052984,1,0,0.0963,0.0904,0.0795,0.3843,0.3541
readmit30,66522096,192363408,0,0,0.1211,0.0439,0.1422,0.5034,0.4634
readmit30,66522096,221803800,1,0,0.1011,0.0832,0.0806,0.356,0.3334
readmit30,66522096,252774312,2,0,0.1891,0.098,0.145,0.4207,0.3978
readmit30,66522096,340138760,3,0,0.12,0.104,0.1041,0.3674,0.3757
readmit30,66522096,392028458,4,0,0.1525,0.1115,0.1299,0.3728,0.3565
readmit30,66529206,215514060,0,0,0.0732,0.0582,0.0737,0.4806,0.4465
readmit30,66529206,260057448,1,0,0.1087,0.1141,0.1137,0.35,0.3294
readmit30,66544056,278309106,0,0,0.0749,0.083,0.0941,0.4769,0.4409
readmit30,66544056,324286928,1,0,0.1711,0.1499,0.1685,0.333,0.3167
readmit30,66633678,202578624,0,0,0.0778,0.0595,0.0841,0.4906,0.4526
readmit30,66633678,223482558,1,0,0.1535,0.1141,0.1224,0.3567,0.3312
readmit30,66633678,379708208,2,0,0.1223,0.1059,0.097,0.4433,0.4064
readmit30,66633678,417352406,3,1,0.1918,0.1248,0.1887,0.3901,0.3862
readmit30,66822795,282594900,0,0,0.0544,0.0468,0.0522,0.4915,0.4529
readmit30,66822795,337282064,1,0,0.0994,0.0619,0.066,0.3965,0.3607
readmit30,66854871,179532084,0,0,0.0523,0.0294,0.0265,0.5133,0.4774
readmit30,66854871,342023504,1,0,0.063,0.0513,0.0394,0.389,0.3617
readmit30,66871449,276756666,0,0,0.0687,0.0473,0.0677,0.4897,0.4493
readmit30,66871449,343107098,1,0,0.1454,0.1657,0.1568,0.3318,0.3207
readmit30,66965733,222293856,0,0,0.2883,0.218,0.3563,0.4613,0.439
readmit30,66965733,233573826,1,0,0.1142,0.133,0.128,0.3691,0.3339
readmit30,66979476,193843542,0,0,0.1232,0.1675,0.1649,0.461,0.4327
readmit30,66979476,222802248,1,0,0.114,0.1452,0.1283,0.4143,0.3566
readmit30,66979476,235619604,2,1,0.1895,0.2032,0.2536,0.3834,0.3557
readmit30,66979476,240986820,3,0,0.239,0.3137,0.2907,0.4235,0.418
readmit30,66999726,195267372,0,1,0.0846,0.0728,0.1007,0.483,0.447
readmit30,66999726,198668772,1,0,0.1423,0.142,0.1553,0.3713,0.347
readmit30,67044807,66269634,0,1,0.1252,0.1224,0.1401,0.4622,0.4312
readmit30,67044807,74396874,1,0,0.1957,0.2871,0.2317,0.3932,0.3586
readmit30,67264281,44696160,0,0,0.0536,0.038,0.042,0.5001,0.4609
readmit30,67264281,143164662,1,0,0.1154,0.0467,0.0333,0.3896,0.3605
readmit30,67280607,196972488,0,0,0.1237,0.0657,0.1219,0.4892,0.4508
readmit30,67280607,205941876,1,0,0.1098,0.1091,0.0845,0.3705,0.3374
readmit30,67329513,229540344,0,0,0.1211,0.1466,0.1347,0.462,0.4314
readmit30,67329513,240152838,1,0,0.1652,0.1878,0.1934,0.3792,0.3367
readmit30,67329513,399004910,2,1,0.1524,0.199,0.1683,0.4217,0.3809
readmit30,67329513,400212770,3,0,0.1786,0.2456,0.19,0.4299,0.4107
readmit30,67384224,109972188,0,0,0.0563,0.0519,0.0472,0.4909,0.4486
readmit30,67384224,201077838,1,0,0.1284,0.0873,0.0905,0.3857,0.3543
readmit30,67404888,242351400,0,1,0.1083,0.0895,0.1149,0.4837,0.4469
readmit30,67404888,245081748,1,1,0.1177,0.1421,0.1276,0.3437,0.3411
readmit30,67404888,250175820,2,1,0.2093,0.21,0.2793,0.4177,0.4093
readmit30,67404888,254503632,3,0,0.2417,0.2825,0.3416,0.389,0.3946
readmit30,67404888,261780834,4,0,0.2029,0.1888,0.2431,0.3767,0.3568
readmit30,67404888,276517362,5,0,0.2045,0.2186,0.2185,0.4016,0.3767
readmit30,67407345,217264584,0,0,0.1077,0.0637,0.0857,0.4903,0.4531
readmit30,67407345,230798934,1,0,0.1254,0.0553,0.0699,0.3911,0.3592
readmit30,67604346,53938014,0,0,0.0859,0.0415,0.0768,0.494,0.4568
readmit30,67604346,94525698,1,0,0.1,0.0467,0.0577,0.3948,0.3612
readmit30,67629474,75672846,0,0,0.0949,0.1101,0.1307,0.4725,0.4367
readmit30,67629474,186250662,1,1,0.0874,0.0797,0.0758,0.4221,0.3711
readmit30,67863312,105748842,0,1,0.3289,0.2384,0.3773,0.448,0.4241
readmit30,67863312,115499772,1,1,0.4598,0.4395,0.5337,0.4265,0.3677
readmit30,67888494,228363294,0,0,0.0781,0.0586,0.0737,0.4897,0.4496
readmit30,67888494,292032168,1,0,0.1383,0.0995,0.1171,0.3678,0.3377
readmit30,67930857,208290282,0,0,0.0597,0.0525,0.0616,0.4877,0.4491
readmit30,67930857,228445416,1,0,0.0858,0.086,0.087,0.3969,0.3594
readmit30,67978800,225764874,0,0,0.072,0.036,0.0537,0.5022,0.4638
readmit30,67978800,254851818,1,0,0.1136,0.07,0.0792,0.3667,0.3452
readmit30,67978800,332004278,2,0,0.1681,0.1483,0.1669,0.3807,0.3688
readmit30,68050053,54016884,0,0,0.1112,0.1893,0.1254,0.4485,0.4254
readmit30,68050053,68201280,1,0,0.0949,0.1867,0.0908,0.3862,0.3435
readmit30,68050053,316644812,2,0,0.1174,0.1365,0.1439,0.5245,0.4482
readmit30,68139639,164566818,0,0,0.0743,0.0472,0.0463,0.491,0.4529
readmit30,68139639,196806564,1,0,0.1467,0.0925,0.1213,0.3634,0.3325
readmit30,68298084,230745372,0,0,0.0631,0.0497,0.0508,0.4899,0.4552
readmit30,68298084,334883684,1,0,0.1127,0.085,0.0947,0.3809,0.3472
readmit30,68375232,236065386,0,1,0.2959,0.173,0.3266,0.4664,0.4402
readmit30,68375232,236605482,1,0,0.1465,0.0654,0.1102,0.4359,0.3832
readmit30,68380470,20833878,0,1,0.0725,0.0598,0.0726,0.4889,0.4499
readmit30,68380470,290246106,1,0,0.1935,0.1133,0.1815,0.3722,0.3496
readmit30,68422473,250398816,0,1,0.1602,0.126,0.1712,0.4639,0.431
readmit30,68422473,255052038,1,1,0.2334,0.2828,0.2839,0.4184,0.3757
readmit30,68422473,260744202,2,0,0.2952,0.3002,0.3115,0.4565,0.4086
readmit30,68424795,73528986,0,0,0.3064,0.4354,0.5865,0.4322,0.4257
readmit30,68424795,91886244,1,0,0.1222,0.2629,0.2028,0.3864,0.3582
readmit30,68424795,97114986,2,0,0.2193,0.2741,0.3423,0.3735,0.3612
readmit30,68452749,369661256,0,0,0.1104,0.0659,0.102,0.4867,0.4487
readmit30,68452749,397386590,1,0,0.0936,0.0848,0.0665,0.3708,0.3415
readmit30,68662170,318345626,0,0,0.1596,0.1946,0.1921,0.4511,0.4286
readmit30,68662170,369543890,1,1,0.1663,0.1833,0.2014,0.4182,0.3594
readmit30,68726529,182554080,0,0,0.0696,0.0381,0.0695,0.5025,0.4639
readmit30,68726529,186759066,1,0,0.1384,0.08,0.1077,0.3672,0.3395
readmit30,68726529,251656140,2,0,0.155,0.0827,0.1668,0.5004,0.4368
readmit30,68726529,303146720,3,0,0.1168,0.0797,0.087,0.3806,0.3856
readmit30,68730768,237905502,0,0,0.0575,0.04,0.0552,0.4919,0.4553
readmit30,68730768,245917800,1,0,0.1073,0.0994,0.1182,0.3492,0.3336
readmit30,69171219,240356100,0,1,0.0454,0.0304,0.0317,0.5052,0.4685
readmit30,69171219,241709916,1,0,0.1107,0.1158,0.089,0.3694,0.3544
readmit30,69171219,248309094,2,0,0.1669,0.168,0.1673,0.4235,0.3929
readmit30,69256188,175382550,0,0,0.0768,0.058,0.0679,0.4882,0.4484
readmit30,69256188,221815404,1,0,0.1172,0.0934,0.0909,0.3744,0.3425
readmit30,69256188,311371790,2,0,0.1372,0.1193,0.1671,0.468,0.4131
readmit30,69347907,29758800,0,0,0.075,0.0841,0.0937,0.4756,0.4404
readmit30,69347907,35040696,1,1,0.2613,0.2015,0.3303,0.353,0.3226
readmit30,69347907,124760628,2,0,0.1647,0.2137,0.2224,0.4897,0.4322
readmit30,69405021,147199554,0,0,0.058,0.089,0.0767,0.4745,0.4384
readmit30,69405021,169796190,1,0,0.0913,0.1255,0.0983,0.365,0.3337
readmit30,69423264,45232560,0,0,0.1205,0.0984,0.1434,0.4674,0.4391
readmit30,69423264,109116600,1,1,0.1233,0.1207,0.2015,0.4298,0.3755
readmit30,69465024,316062854,0,1,0.3119,0.2549,0.433,0.4637,0.4454
readmit30,69465024,412619600,1,0,0.1377,0.1147,0.1099,0.3951,0.3555
readmit30,69477543,148008246,0,0,0.0548,0.0537,0.0552,0.4927,0.4516
readmit30,69477543,222031776,1,0,0.0753,0.045,0.0437,0.4239,0.381
readmit30,69532245,26411316,0,0,0.0834,0.0669,0.0878,0.4789,0.4437
readmit30,69532245,94170840,1,1,0.2032,0.1685,0.2268,0.3283,0.3263
readmit30,69532245,95135280,2,0,0.2029,0.3152,0.221,0.4678,0.4156
readmit30,69570720,230811054,0,1,0.0872,0.0539,0.0973,0.4874,0.4473
readmit30,69570720,232759956,1,0,0.2116,0.1424,0.2134,0.3854,0.3607
readmit30,69651216,127819854,0,0,0.0926,0.0858,0.0734,0.477,0.4453
readmit30,69651216,134752272,1,0,0.1646,0.1357,0.1348,0.3464,0.323
readmit30,69651216,142557522,2,1,0.2401,0.1785,0.2461,0.3801,0.3763
readmit30,69651216,143855886,3,1,0.3372,0.2807,0.3357,0.3711,0.384
readmit30,69816816,168985872,0,1,0.2203,0.0896,0.2846,0.4758,0.4397
readmit30,69816816,170365674,1,0,0.2139,0.1783,0.3085,0.4047,0.3628
readmit30,69816816,188816460,2,0,0.1484,0.1574,0.1654,0.4363,0.3887
readmit30,69827121,7975482,0,0,0.1968,0.1895,0.2484,0.4559,0.4294
readmit30,69827121,20451744,1,0,0.1861,0.2296,0.2192,0.3437,0.3236
readmit30,69881517,167602518,0,0,0.2145,0.2732,0.2303,0.4479,0.4287
readmit30,69881517,184112676,1,1,0.1515,0.276,0.1528,0.3901,0.3486
readmit30,69917661,170503818,0,0,0.0941,0.0658,0.0971,0.4818,0.4453
readmit30,69917661,316707434,1,0,0.2587,0.1594,0.2746,0.3799,0.3481
readmit30,69936471,308936516,0,0,0.0864,0.0769,0.0931,0.4827,0.4449
readmit30,69936471,417873686,1,0,0.1069,0.0939,0.1023,0.387,0.3481
readmit30,70021251,154909524,0,0,0.1325,0.1259,0.163,0.4707,0.4349
readmit30,70021251,200826774,1,0,0.264,0.18,0.3245,0.3992,0.3564
readmit30,70177707,402614342,0,1,0.1102,0.0808,0.1345,0.4797,0.4488
readmit30,70177707,429073430,1,0,0.1471,0.145,0.147,0.3671,0.3421
readmit30,70269183,4066842,0,0,0.149,0.2384,0.2768,0.4451,0.4291
readmit30,70269183,14824488,1,0,0.2533,0.2452,0.3009,0.3727,0.3331
readmit30,70277589,231060672,0,1,0.1411,0.1317,0.1876,0.4671,0.4334
readmit30,70277589,233543406,1,0,0.2103,0.2509,0.2809,0.4001,0.3543
readmit30,70444593,146749644,0,0,0.0885,0.0722,0.1048,0.4821,0.4458
readmit30,70444593,166995120,1,0,0.1233,0.1096,0.1422,0.3977,0.3541
readmit30,70444593,229589370,2,0,0.1464,0.1034,0.1984,0.4613,0.4144
readmit30,70444593,268111518,3,0,0.1308,0.1159,0.1382,0.3647,0.3697
readmit30,70448634,242890662,0,1,0.1242,0.0941,0.13,0.4743,0.4364
readmit30,70448634,248323752,1,0,0.1519,0.1512,0.1545,0.4008,0.365
readmit30,70651485,28760208,0,1,0.2275,0.1948,0.2599,0.4505,0.4244
readmit30,70651485,49085052,1,1,0.2764,0.3423,0.3321,0.3978,0.3583
readmit30,70688736,160270386,0,0,0.111,0.091,0.1202,0.475,0.4384
readmit30,70688736,165401730,1,0,0.1262,0.1069,0.1287,0.3848,0.3475
readmit30,70696728,210027324,0,0,0.0612,0.0422,0.0548,0.496,0.4586
readmit30,70696728,434902880,1,0,0.0673,0.0584,0.0435,0.4066,0.3673
readmit30,70712982,199840080,0,0,0.0942,0.069,0.0957,0.4846,0.448
readmit30,70712982,244207380,1,0,0.1262,0.0788,0.0836,0.3806,0.3456
readmit30,70712982,381906566,2,0,0.0967,0.0904,0.0844,0.4312,0.3968
readmit30,70734564,190819788,0,1,0.0897,0.0653,0.102,0.4855,0.4485
readmit30,70734564,191407566,1,0,0.1063,0.099,0.0876,0.395,0.3652
readmit30,70734564,257720928,2,0,0.1488,0.0935,0.147,0.4532,0.4098
readmit30,70844364,249894378,0,1,0.0931,0.085,0.114,0.4829,0.4432
readmit30,70844364,251373018,1,0,0.1458,0.1217,0.1617,0.4019,0.3592
readmit30,70844364,304851608,2,0,0.1372,0.1557,0.1542,0.3967,0.3789
readmit30,70944795,132656724,0,1,0.1674,0.1513,0.1929,0.4662,0.4336
readmit30,70944795,134098668,1,1,0.1382,0.2011,0.169,0.398,0.3572
readmit30,70944795,146274414,2,0,0.1416,0.1612,0.1312,0.466,0.42
readmit30,70944795,149484186,3,0,0.2778,0.171,0.2351,0.3283,0.3498
readmit30,70944795,154590960,4,0,0.3103,0.2039,0.3399,0.4162,0.3805
readmit30,70966809,133606056,0,1,0.112,0.0925,0.1308,0.4781,0.4465
readmit30,70966809,134089266,1,0,0.1396,0.1187,0.1141,0.3773,0.3439
readmit30,71014509,137133288,0,0,0.0445,0.0296,0.0314,0.5045,0.471
readmit30,71014509,221308734,1,0,0.0533,0.0483,0.0392,0.3971,0.365
readmit30,71050527,260463582,0,1,0.1151,0.0992,0.1344,0.4742,0.4396
readmit30,71050527,261695088,1,0,0.1207,0.1486,0.1609,0.3962,0.358
readmit30,71050527,296584076,2,1,0.169,0.1563,0.1744,0.4108,0.3803
readmit30,71050527,342525308,3,0,0.238,0.2438,0.2543,0.3754,0.3914
readmit30,71050527,403731698,4,1,0.262,0.5284,0.3652,0.5241,0.4232
readmit30,71105841,231016416,0,0,0.1306,0.1078,0.1421,0.4737,0.4379
readmit30,71105841,373732118,1,0,0.0964,0.1162,0.1064,0.4205,0.3697
readmit30,71117964,146007882,0,0,0.1295,0.1206,0.1461,0.4698,0.4393
readmit30,71117964,204047334,1,0,0.1262,0.1128,0.1595,0.3918,0.343
readmit30,71117964,217242714,2,0,0.2561,0.1558,0.2906,0.4158,0.3837
readmit30,71117964,245922396,3,0,0.1605,0.1957,0.1932,0.3566,0.3733
readmit30,71214201,154424658,0,1,0.0592,0.0465,0.0575,0.4942,0.4549
readmit30,71214201,155382276,1,0,0.1404,0.144,0.1382,0.3682,0.35
readmit30,71235216,154002306,0,1,0.0896,0.0875,0.0968,0.4829,0.4453
readmit30,71235216,154957272,1,0,0.1405,0.1643,0.1245,0.3687,0.3433
readmit30,71299674,161950428,0,0,0.0552,0.037,0.05,0.4954,0.4555
readmit30,71299674,244527816,1,1,0.0759,0.0611,0.0672,0.3972,0.3605
readmit30,71313615,161384772,0,0,0.1041,0.0588,0.0871,0.4917,0.4524
readmit30,71313615,200485800,1,0,0.0941,0.0813,0.0641,0.3732,0.3444
readmit30,71541414,209811306,0,0,0.0581,0.0875,0.0791,0.4764,0.4442
readmit30,71541414,240159246,1,0,0.0856,0.1189,0.0728,0.3535,0.3301
readmit30,71542521,250692654,0,0,0.0919,0.0563,0.0904,0.4866,0.4488
readmit30,71542521,336026912,1,0,0.0946,0.0741,0.0779,0.3912,0.3548
readmit30,71695395,145772880,0,0,0.0698,0.0608,0.057,0.4861,0.4518
readmit30,71695395,371994194,1,0,0.14,0.124,0.1289,0.3607,0.3312
readmit30,71780013,198316824,0,0,0.1416,0.12,0.1537,0.4731,0.4374
readmit30,71780013,208874022,1,0,0.1652,0.1547,0.1841,0.3963,0.3483
readmit30,71780013,234245010,2,0,0.1643,0.1437,0.1519,0.4135,0.3822
readmit30,71851653,215747442,0,1,0.1195,0.0749,0.128,0.4879,0.448
readmit30,71851653,218009706,1,0,0.1545,0.1589,0.1452,0.3614,0.3455
readmit30,72033480,41397618,0,0,0.0675,0.0523,0.0735,0.4841,0.4496
readmit30,72033480,59500896,1,0,0.1038,0.1002,0.105,0.348,0.3356
readmit30,72033480,133292100,2,0,0.1085,0.1259,0.1307,0.3914,0.3841
readmit30,72066339,152433462,0,0,0.1832,0.1401,0.2155,0.4643,0.4335
readmit30,72066339,155792556,1,0,0.1515,0.1344,0.1631,0.3862,0.3423
readmit30,72070290,71110362,0,0,0.299,0.2502,0.3263,0.444,0.4255
readmit30,72070290,146585376,1,0,0.3143,0.2017,0.3175,0.3573,0.3299
readmit30,72144513,128306430,0,0,0.1002,0.0927,0.1122,0.4774,0.4465
readmit30,72144513,433719680,1,0,0.1522,0.1187,0.1618,0.3738,0.3465
readmit30,72155079,217611828,0,0,0.053,0.0338,0.0503,0.5022,0.4629
readmit30,72155079,244262232,1,0,0.0966,0.0688,0.0893,0.3694,0.3424
readmit30,72253188,303677006,0,1,0.1644,0.1228,0.1738,0.4621,0.4313
readmit30,72253188,321911120,1,0,0.2297,0.2588,0.3027,0.4059,0.3624
readmit30,72253188,337163054,2,0,0.1457,0.2205,0.2251,0.5039,0.4264
readmit30,72253188,377202524,3,0,0.132,0.1188,0.1156,0.3773,0.3718
readmit30,72671094,103656264,0,1,0.2177,0.2135,0.2395,0.4477,0.4268
readmit30,72671094,126925140,1,1,0.5039,0.4235,0.6141,0.4441,0.3766
readmit30,72671094,176498724,2,0,0.2805,0.427,0.3703,0.4884,0.4211
readmit30,72671094,196118418,3,0,0.3713,0.3125,0.3896,0.3831,0.3836
readmit30,72906120,132253644,0,0,0.0489,0.0397,0.0458,0.4972,0.46
readmit30,72906120,143715684,1,0,0.151,0.1132,0.1518,0.3403,0.3274
readmit30,72906120,158354610,2,0,0.174,0.1273,0.1844,0.4091,0.391
readmit30,72932418,137677290,0,0,0.1139,0.1005,0.1361,0.4755,0.4385
readmit30,72932418,171899454,1,0,0.1721,0.1434,0.2173,0.362,0.3347
readmit30,73004931,127781592,0,1,0.0544,0.0309,0.0312,0.5027,0.4674
readmit30,73004931,212553120,1,0,0.1311,0.0841,0.1134,0.4057,0.3773
readmit30,73051353,203553108,0,0,0.1135,0.0764,0.1171,0.4763,0.4384
readmit30,73051353,228605148,1,0,0.1075,0.1197,0.1086,0.3711,0.3436
readmit30,73247976,97860108,0,1,0.1157,0.1646,0.1374,0.4515,0.4287
readmit30,73247976,101574702,1,0,0.2885,0.3265,0.3172,0.3914,0.3591
readmit30,73247976,108297828,2,0,0.1882,0.2623,0.1363,0.4073,0.3771
readmit30,73357974,166242558,0,0,0.1035,0.0563,0.0922,0.489,0.4509
readmit30,73357974,216885546,1,0,0.1215,0.119,0.1089,0.3603,0.333
readmit30,73392147,140872398,0,0,0.147,0.1356,0.1716,0.4589,0.4296
readmit30,73392147,283682028,1,1,0.1769,0.1535,0.2077,0.3886,0.3491
readmit30,73834200,163688826,0,0,0.2115,0.2525,0.236,0.4695,0.4438
readmit30,73834200,170485050,1,1,0.3801,0.1432,0.3146,0.341,0.3224
readmit30,73834200,171919392,2,0,0.2631,0.1777,0.246,0.4337,0.4094
readmit30,74006928,134732922,0,0,0.0712,0.0568,0.0786,0.4875,0.4482
readmit30,74006928,147085776,1,0,0.1275,0.085,0.1329,0.3793,0.3485
readmit30,74006928,160985796,2,0,0.1238,0.141,0.1212,0.384,0.3675
readmit30,74006928,172848900,3,0,0.2252,0.1465,0.2598,0.3733,0.3747
readmit30,74006928,212865204,4,0,0.2217,0.1386,0.2344,0.4156,0.3715
readmit30,74006928,230078706,5,1,0.1218,0.1458,0.1103,0.4171,0.3961
readmit30,74006928,234552936,6,0,0.2923,0.2328,0.3018,0.4428,0.4036
readmit30,74006928,244154322,7,0,0.2357,0.2308,0.23,0.4133,0.3811
readmit30,74101230,166963098,0,1,0.0662,0.0504,0.0752,0.4901,0.4543
readmit30,74101230,170373294,1,1,0.2706,0.1419,0.4138,0.3778,0.3673
readmit30,74101230,173897880,2,0,0.3438,0.1987,0.5386,0.4632,0.4209
readmit30,74341125,249684726,0,1,0.1536,0.0896,0.1353,0.4731,0.4393
readmit30,74341125,342495500,1,0,0.2512,0.2685,0.2995,0.417,0.3713
readmit30,74397771,140367414,0,0,0.0929,0.0485,0.0743,0.4929,0.4538
readmit30,74397771,304910168,1,0,0.0679,0.0492,0.05,0.4154,0.3717
readmit30,74397771,337321208,2,0,0.1196,0.0947,0.0984,0.3974,0.3814
readmit30,74405484,112860558,0,1,0.0765,0.0507,0.0748,0.4951,0.4556
readmit30,74405484,149453592,1,1,0.1455,0.0869,0.1233,0.4,0.3719
readmit30,74473506,129037434,0,1,0.0583,0.0499,0.0467,0.488,0.4502
readmit30,74473506,130543212,1,0,0.1527,0.1374,0.155,0.4131,0.3742
readmit30,74520729,148980792,0,0,0.1002,0.077,0.1024,0.4805,0.4453
readmit30,74520729,154799748,1,0,0.1316,0.1109,0.1383,0.3847,0.3437
readmit30,74628099,143048988,0,0,0.0849,0.1131,0.088,0.4728,0.4366
readmit30,74628099,172840152,1,0,0.1338,0.1278,0.146,0.394,0.3495
readmit30,74827260,135373674,0,0,0.0627,0.0447,0.0883,0.4885,0.4509
readmit30,74827260,158707338,1,0,0.1058,0.1215,0.1504,0.3453,0.328
readmit30,75355272,152497536,0,0,0.087,0.0433,0.0715,0.4984,0.4615
readmit30,75355272,160298082,1,0,0.1288,0.1071,0.1025,0.3515,0.3315
readmit30,75355272,196295268,2,0,0.1333,0.1302,0.1298,0.4532,0.408
readmit30,75512403,184548180,0,1,0.051,0.0601,0.0619,0.488,0.4473
readmit30,75512403,188455614,1,0,0.1191,0.1339,0.1307,0.3837,0.3506
readmit30,75529386,107430708,0,0,0.1098,0.1123,0.1184,0.4735,0.4414
readmit30,75529386,112597620,1,0,0.1791,0.1393,0.1753,0.3366,0.3236
readmit30,75697038,84624804,0,0,0.1335,0.0923,0.1499,0.4654,0.4301
readmit30,75697038,98061612,1,0,0.0965,0.1014,0.1144,0.42,0.3718
readmit30,76124241,85037766,0,0,0.1244,0.1213,0.1394,0.4562,0.4318
readmit30,76124241,124545144,1,0,0.1739,0.2134,0.2018,0.3598,0.3365
readmit30,76385511,88020240,0,0,0.1019,0.1002,0.1343,0.4664,0.4343
readmit30,76385511,149911476,1,0,0.1091,0.1185,0.116,0.3922,0.35
readmit30,76444515,52271586,0,1,0.2288,0.2328,0.237,0.4462,0.4249
readmit30,76444515,92664564,1,0,0.1371,0.3242,0.1966,0.4924,0.4075
readmit30,76494231,137203458,0,0,0.09,0.0743,0.0835,0.4743,0.4428
readmit30,76494231,158920974,1,0,0.142,0.1225,0.1208,0.343,0.3303
readmit30,76547682,99015084,0,0,0.1947,0.1819,0.19,0.4484,0.4301
readmit30,76547682,289053984,1,1,0.1434,0.2198,0.2152,0.3943,0.3479
readmit30,76965858,43911774,0,1,0.2079,0.1838,0.2513,0.4521,0.4287
readmit30,76965858,96740550,1,0,0.1081,0.1919,0.1731,0.4702,0.3938
readmit30,77127318,187666926,0,0,0.0547,0.0448,0.0494,0.4945,0.4556
readmit30,77127318,272862180,1,0,0.0894,0.0648,0.0786,0.4035,0.3594
readmit30,77127318,409142732,2,0,0.0939,0.0854,0.0764,0.4088,0.3881
readmit30,77242113,124765344,0,0,0.1579,0.195,0.2337,0.4491,0.4258
readmit30,77242113,133277130,1,0,0.2538,0.2472,0.2558,0.3555,0.3313
readmit30,77302197,108485742,0,0,0.1108,0.0503,0.114,0.4824,0.448
readmit30,77302197,111110370,1,1,0.1406,0.1135,0.1376,0.3476,0.3259
readmit30,77333859,287953668,0,0,0.0506,0.0583,0.0466,0.4857,0.4483
readmit30,77333859,415578758,1,0,0.161,0.1578,0.1388,0.3179,0.3235
readmit30,77792202,57944640,0,0,0.0554,0.0503,0.0466,0.4898,0.4522
readmit30,77792202,70317882,1,0,0.0769,0.0678,0.0608,0.3845,0.3522
readmit30,77899824,185690118,0,0,0.153,0.1298,0.1633,0.4616,0.4308
readmit30,77899824,193607478,1,1,0.2178,0.1779,0.2472,0.3494,0.3314
readmit30,77922144,129452688,0,0,0.1734,0.1802,0.2038,0.4528,0.4285
readmit30,77922144,162864594,1,0,0.1969,0.2004,0.282,0.3829,0.3445
readmit30,78098634,90093678,0,0,0.4074,0.3126,0.5025,0.4401,0.4278
readmit30,78098634,251035032,1,0,0.1249,0.199,0.1356,0.4781,0.3884
readmit30,78100425,179863326,0,1,0.0748,0.0626,0.074,0.485,0.4465
readmit30,78100425,183379614,1,0,0.1667,0.164,0.175,0.3929,0.3615
readmit30,78100425,189023028,2,0,0.182,0.1788,0.1873,0.4266,0.3879
readmit30,78123699,246147696,0,0,0.0522,0.0307,0.0367,0.5027,0.4684
readmit30,78123699,404324648,1,0,0.0686,0.0431,0.041,0.3889,0.3637
readmit30,78126759,83384406,0,0,0.0306,0.0297,0.0136,0.5068,0.4737
readmit30,78126759,260773164,1,0,0.1082,0.0826,0.0827,0.3649,0.3402
readmit30,78277599,137888286,0,1,0.106,0.1329,0.1147,0.4598,0.4309
readmit30,78277599,145056228,1,1,0.1607,0.3815,0.2284,0.3779,0.3555
readmit30,78277599,147320946,2,0,0.3004,0.5014,0.4276,0.5029,0.431
readmit30,78277599,153821814,3,0,0.3468,0.3783,0.3564,0.3913,0.3805
readmit30,78277599,160489086,4,0,0.3611,0.3279,0.3871,0.4366,0.379
readmit30,78455430,159138924,0,0,0.0903,0.0748,0.095,0.4812,0.4442
readmit30,78455430,163563942,1,0,0.0922,0.1001,0.0849,0.3635,0.3355
readmit30,78707781,155538324,0,0,0.092,0.0667,0.1001,0.4807,0.443
readmit30,78707781,168234216,1,0,0.1076,0.094,0.1197,0.3781,0.353
readmit30,78741063,149061888,0,0,0.0883,0.0658,0.0893,0.4826,0.4451
readmit30,78741063,158470464,1,0,0.1707,0.1295,0.163,0.3416,0.3294
readmit30,78815898,95164896,0,1,0.1227,0.1039,0.1434,0.4642,0.4352
readmit30,78815898,95749146,1,0,0.1944,0.2067,0.2261,0.4043,0.3618
readmit30,78815898,115460262,2,1,0.1671,0.1794,0.2056,0.4218,0.387
readmit30,78855840,149689806,0,1,0.1069,0.0903,0.1045,0.4823,0.449
readmit30,78855840,150836958,1,0,0.1326,0.0853,0.1051,0.3925,0.3604
readmit30,78882615,166840236,0,0,0.3883,0.1636,0.4489,0.4661,0.4336
readmit30,78882615,167362146,1,0,0.2138,0.2154,0.2531,0.3301,0.3182
readmit30,79014969,95088318,0,1,0.1811,0.233,0.1932,0.445,0.4271
readmit30,79014969,95299044,1,0,0.2125,0.3159,0.1607,0.4202,0.368
readmit30,79014969,105704250,2,0,0.1286,0.1881,0.1345,0.4208,0.3988
readmit30,79126173,11932098,0,1,0.0846,0.0776,0.0885,0.4797,0.4426
readmit30,79126173,17062776,1,0,0.1896,0.1507,0.1833,0.3793,0.3496
readmit30,79150284,168450354,0,0,0.0509,0.0613,0.0529,0.4823,0.4474
readmit30,79150284,172271442,1,0,0.1124,0.0967,0.1231,0.3547,0.3385
readmit30,79382745,178113438,0,0,0.0506,0.0332,0.0323,0.5007,0.465
readmit30,79382745,204235968,1,0,0.0591,0.0515,0.0296,0.3965,0.3664
readmit30,79466571,230199294,0,1,0.0503,0.0324,0.0407,0.5063,0.4737
readmit30,79466571,231276762,1,0,0.1228,0.0627,0.0905,0.4078,0.3806
readmit30,79591419,102798414,0,0,0.0578,0.0495,0.061,0.4857,0.4471
readmit30,79591419,411925514,1,1,0.265,0.1369,0.2291,0.3366,0.3242
readmit30,79593714,274455186,0,0,0.0926,0.1042,0.1042,0.47,0.4363
readmit30,79593714,380228570,1,0,0.1213,0.096,0.1163,0.3802,0.3431
readmit30,79995960,90258588,0,0,0.1502,0.1276,0.1727,0.4706,0.4366
readmit30,79995960,124815972,1,1,0.1719,0.1726,0.1666,0.336,0.3234
readmit30,80029386,135575028,0,0,0.0946,0.0924,0.1159,0.4738,0.436
readmit30,80029386,155116818,1,0,0.156,0.1469,0.1617,0.3451,0.3328
readmit30,80029386,162738840,2,0,0.1975,0.1604,0.1833,0.4145,0.38
readmit30,80029386,171286404,3,0,0.2505,0.1988,0.2439,0.3534,0.3707
readmit30,80039745,78578076,0,0,0.3066,0.3342,0.3848,0.4365,0.4292
readmit30,80039745,82527666,1,0,0.2182,0.2658,0.2211,0.3911,0.3418
readmit30,80111286,201888426,0,0,0.0841,0.0435,0.0749,0.4926,0.4535
readmit30,80111286,222052422,1,0,0.1337,0.1284,0.1413,0.327,0.3216
readmit30,80207451,223774962,0,0,0.1122,0.118,0.124,0.4746,0.4391
readmit30,80207451,419573168,1,0,0.1746,0.1369,0.179,0.3588,0.3303
readmit30,80322957,138059346,0,0,0.0803,0.0809,0.0826,0.4789,0.4436
readmit30,80322957,167744478,1,1,0.1863,0.1551,0.2177,0.3516,0.3294
readmit30,80322957,168223404,2,0,0.1429,0.1525,0.1335,0.4685,0.4186
readmit30,80354943,59906772,0,0,0.0984,0.076,0.0925,0.4708,0.4386
readmit30,80354943,206621088,1,0,0.1178,0.0581,0.0985,0.4367,0.3826
readmit30,80475084,170142282,0,0,0.0477,0.0319,0.0323,0.5028,0.4643
readmit30,80475084,419016854,1,0,0.0822,0.0508,0.0719,0.4243,0.3749
readmit30,80477307,134355774,0,0,0.0712,0.0338,0.0391,0.5076,0.471
readmit30,80477307,140866302,1,0,0.128,0.0561,0.0686,0.3629,0.3447
readmit30,80517501,130213566,0,1,0.1497,0.1618,0.1741,0.4586,0.4291
readmit30,80517501,133225116,1,0,0.2166,0.3201,0.3116,0.4339,0.3812
readmit30,80728110,159687516,0,0,0.0841,0.0555,0.08,0.4897,0.4492
readmit30,80728110,422513102,1,0,0.2524,0.0974,0.2431,0.3978,0.3561
readmit30,80759889,67108260,0,0,0.0919,0.0561,0.0904,0.4894,0.4488
readmit30,80759889,119684358,1,1,0.128,0.0662,0.147,0.4373,0.3862
readmit30,80760627,140582454,0,0,0.087,0.1073,0.1022,0.4641,0.4345
readmit30,80760627,317291984,1,0,0.2135,0.1655,0.264,0.3874,0.3446
readmit30,80764776,168883032,0,1,0.1686,0.2352,0.2045,0.444,0.4277
readmit30,80764776,176574990,1,0,0.2536,0.4235,0.3422,0.4651,0.3884
readmit30,80771184,66996846,0,1,0.1434,0.1754,0.1704,0.453,0.4288
readmit30,80771184,90999996,1,0,0.1964,0.2983,0.209,0.4123,0.3607
readmit30,80955990,161678394,0,0,0.0953,0.0992,0.1038,0.4673,0.4351
readmit30,80955990,179634192,1,0,0.1192,0.1199,0.1107,0.3932,0.348
readmit30,81039843,295458836,0,1,0.1159,0.1195,0.1221,0.4664,0.433
readmit30,81039843,346054790,1,0,0.1844,0.2667,0.2187,0.4258,0.3728
readmit30,81108846,134000298,0,1,0.0788,0.0609,0.0813,0.4891,0.4489
readmit30,81108846,135512370,1,1,0.1302,0.0936,0.0946,0.4127,0.3752
readmit30,81108846,137005902,2,0,0.252,0.1934,0.2623,0.4528,0.4123
readmit30,81169038,159604578,0,0,0.5897,0.2826,0.6701,0.4401,0.4273
readmit30,81169038,164678202,1,1,0.612,0.2697,0.7048,0.3457,0.3239
readmit30,81180225,149589852,0,0,0.0939,0.0549,0.0739,0.4916,0.4529
readmit30,81180225,155427534,1,0,0.1395,0.0875,0.1011,0.363,0.3359
readmit30,81244233,154630602,0,0,0.0648,0.0573,0.0649,0.4854,0.4481
readmit30,81244233,177995808,1,0,0.1311,0.124,0.1243,0.368,0.3385
readmit30,81255195,6409620,0,0,0.0673,0.0835,0.1084,0.4741,0.4389
readmit30,81255195,22725948,1,0,0.279,0.203,0.3232,0.3211,0.3199
readmit30,81255195,107655732,2,1,0.3216,0.1968,0.2901,0.412,0.3817
readmit30,81255195,116620794,3,0,0.4032,0.288,0.356,0.4247,0.4116
readmit30,81255195,119154330,4,0,0.2651,0.2321,0.2754,0.4025,0.362
readmit30,81255195,129295422,5,0,0.4252,0.2384,0.4049,0.4354,0.3917
readmit30,81255195,155459568,6,1,0.4549,0.2516,0.4553,0.4195,0.3825
readmit30,81439245,196721892,0,0,0.1327,0.132,0.1507,0.4705,0.4358
readmit30,81439245,212502222,1,0,0.2004,0.1293,0.1992,0.3785,0.3416
readmit30,81439245,223886148,2,0,0.1873,0.149,0.2033,0.4252,0.3954
readmit30,81439245,252850182,3,0,0.186,0.1834,0.18,0.3561,0.3623
readmit30,81439245,269303802,4,0,0.1856,0.24,0.1908,0.3852,0.3603
readmit30,81561510,88481508,0,0,0.0804,0.0479,0.0932,0.4886,0.455
readmit30,81561510,383139866,1,0,0.1541,0.0603,0.1314,0.4119,0.3669
readmit30,81604791,110869008,0,0,0.1166,0.1258,0.1249,0.4667,0.4344
readmit30,81604791,128584284,1,0,0.2933,0.1339,0.3473,0.4009,0.3542
readmit30,81622962,49659984,0,0,0.1182,0.1059,0.1214,0.474,0.4396
readmit30,81622962,142140156,1,0,0.1458,0.1429,0.2097,0.3372,0.3253
readmit30,81622962,151591494,2,0,0.1013,0.1259,0.0966,0.4033,0.3768
readmit30,81643275,265614048,0,0,0.0694,0.0646,0.0713,0.4858,0.446
readmit30,81643275,275625948,1,1,0.2022,0.1452,0.2008,0.3835,0.3466
readmit30,81666297,41367258,0,1,0.2163,0.2999,0.244,0.4403,0.4249
readmit30,81666297,41944938,1,1,0.2785,0.5051,0.5058,0.4609,0.3873
readmit30,81666297,87642108,2,1,0.3617,0.5127,0.5083,0.4852,0.4265
readmit30,81742311,134007426,0,0,0.1116,0.1395,0.1356,0.4589,0.4286
readmit30,81742311,146735694,1,1,0.2298,0.2718,0.324,0.33,0.3263
readmit30,81742311,148145562,2,0,0.3101,0.3386,0.3401,0.4802,0.4242
readmit30,81742311,151001394,3,0,0.2509,0.2757,0.2624,0.3855,0.3789
readmit30,82087731,37472418,0,0,0.0638,0.0479,0.0472,0.4828,0.4484
readmit30,82087731,82552206,1,0,0.0714,0.0672,0.0703,0.4226,0.3828
readmit30,82165797,19848786,0,0,0.1288,0.2087,0.1587,0.4451,0.4252
readmit30,82165797,42825648,1,0,0.173,0.2569,0.2007,0.398,0.3457
readmit30,82203444,124791258,0,0,0.0791,0.0528,0.0898,0.4888,0.4486
readmit30,82203444,128884848,1,1,0.1558,0.0925,0.2167,0.3507,0.3403
readmit30,82203444,148200342,2,0,0.392,0.242,0.4642,0.3809,0.3892
readmit30,82203444,154903602,3,1,0.333,0.244,0.2803,0.3554,0.3679
readmit30,82203444,156573708,4,1,0.6747,0.3571,0.7337,0.4252,0.3932
readmit30,82203444,159034146,5,0,0.7491,0.4264,0.8394,0.4656,0.4298
readmit30,82216179,163892016,0,0,0.0372,0.0434,0.0354,0.4946,0.4553
readmit30,82216179,255065142,1,0,0.0888,0.0611,0.0692,0.4064,0.3719
readmit30,82216179,340261598,2,0,0.0946,0.0899,0.07,0.3846,0.38
readmit30,82269882,184765254,0,0,0.1469,0.1531,0.1701,0.4553,0.4291
readmit30,82269882,239660166,1,0,0.2018,0.178,0.2328,0.3804,0.3431
readmit30,82339443,11573388,0,0,0.0445,0.0384,0.0458,0.501,0.4701
readmit30,82339443,301350008,1,0,0.0929,0.0571,0.082,0.3892,0.3575
readmit30,82365129,141461340,0,0,0.0726,0.0456,0.0618,0.4943,0.4573
readmit30,82365129,219848334,1,0,0.1022,0.0726,0.068,0.389,0.3544
readmit30,82395144,57382794,0,0,0.1002,0.1121,0.1197,0.4582,0.4351
readmit30,82395144,92231940,1,0,0.1508,0.1539,0.1818,0.3492,0.3255
readmit30,82395144,243928548,2,0,0.0967,0.0986,0.0879,0.4729,0.4138
readmit30,82417959,234470646,0,0,0.0856,0.0688,0.0873,0.4853,0.4464
readmit30,82417959,255057318,1,0,0.1356,0.1194,0.1203,0.3489,0.3268
readmit30,82534392,159999162,0,0,0.0565,0.049,0.0503,0.4907,0.453
readmit30,82534392,166693410,1,0,0.2474,0.1445,0.2406,0.3246,0.3226
readmit30,82569672,138631128,0,0,0.0539,0.0522,0.0584,0.4896,0.4496
readmit30,82569672,151166130,1,0,0.1032,0.1183,0.1106,0.3622,0.3401
readmit30,82569672,420191306,2,0,0.1405,0.1649,0.163,0.4268,0.3897
readmit30,82682091,167626380,0,1,0.0565,0.0394,0.0452,0.497,0.4592
readmit30,82682091,168405102,1,0,0.0945,0.0723,0.0793,0.4168,0.3807
readmit30,82716489,118508460,0,1,0.2097,0.0877,0.1646,0.4663,0.4361
readmit30,82716489,160693860,1,0,0.1665,0.1641,0.1658,0.4535,0.3963
readmit30,82733517,15019980,0,0,0.1493,0.1684,0.1812,0.4544,0.4275
readmit30,82733517,58341780,1,0,0.1452,0.2106,0.1678,0.3751,0.3355
readmit30,82733517,103828254,2,0,0.1385,0.2119,0.2384,0.5239,0.4411
readmit30,83350233,47024442,0,0,0.096,0.1552,0.1256,0.454,0.428
readmit30,83350233,64416726,1,1,0.1325,0.1679,0.1348,0.3965,0.3457
readmit30,83463678,145224324,0,0,0.0602,0.0628,0.0567,0.4845,0.4477
readmit30,83463678,170849328,1,0,0.1137,0.1404,0.1014,0.3513,0.3292
readmit30,83577771,84205722,0,0,0.2377,0.2376,0.3427,0.4502,0.4292
readmit30,83577771,84687486,1,0,0.1415,0.1815,0.177,0.3632,0.3362
readmit30,83642643,79037976,0,0,0.1384,0.149,0.1211,0.4538,0.4284
readmit30,83642643,120186552,1,1,0.1717,0.1928,0.215,0.3825,0.341
readmit30,83727477,146394948,0,0,0.0858,0.0693,0.1007,0.4843,0.4467
readmit30,83727477,157011852,1,0,0.0915,0.0965,0.0914,0.3958,0.3579
readmit30,83887560,140209410,0,0,0.094,0.0696,0.0986,0.4858,0.4449
readmit30,83887560,157090074,1,0,0.1029,0.0933,0.0942,0.3783,0.3451
readmit30,83887560,163580808,2,0,0.1314,0.1399,0.1151,0.3821,0.3721
readmit30,83887560,172452378,3,1,0.1373,0.1437,0.132,0.3691,0.3739
readmit30,83887560,175250970,4,0,0.1857,0.2012,0.1661,0.4401,0.3961
readmit30,83983401,126939708,0,1,0.0592,0.0448,0.0468,0.4927,0.4568
readmit30,83983401,128439768,1,0,0.109,0.111,0.0933,0.4006,0.3671
readmit30,83988576,57679512,0,0,0.0898,0.0564,0.1028,0.4891,0.4512
readmit30,83988576,87875400,1,0,0.1182,0.1028,0.1049,0.3403,0.3295
readmit30,83988576,201371886,2,0,0.1074,0.1129,0.0809,0.4229,0.3899
readmit30,84015063,152443602,0,1,0.055,0.0587,0.0771,0.4852,0.4502
readmit30,84015063,154134558,1,0,0.1447,0.1587,0.1646,0.3881,0.3537
readmit30,84040371,104328486,0,0,0.1312,0.1433,0.1522,0.4597,0.4329
readmit30,84040371,123286878,1,0,0.1499,0.1584,0.1597,0.3384,0.3245
readmit30,84125817,154043304,0,0,0.1711,0.1637,0.3176,0.4514,0.4284
readmit30,84125817,158610522,1,0,0.116,0.1351,0.0994,0.3832,0.3408
readmit30,84151908,62931402,0,1,0.0924,0.0677,0.091,0.4828,0.4457
readmit30,84151908,65219094,1,1,0.237,0.1686,0.2698,0.3512,0.3407
readmit30,84151908,67326324,2,0,0.2293,0.316,0.2779,0.4456,0.4098
readmit30,84151908,87951660,3,0,0.241,0.2423,0.266,0.3827,0.3767
readmit30,84154437,85524894,0,0,0.1265,0.1012,0.1431,0.4662,0.4336
readmit30,84154437,178100448,1,0,0.1319,0.1536,0.1622,0.4061,0.3554
readmit30,84231387,136267536,0,0,0.0981,0.0874,0.0897,0.468,0.4374
readmit30,84231387,167217888,1,0,0.0977,0.1428,0.1246,0.376,0.3413
readmit30,84305340,219158478,0,0,0.0975,0.0855,0.1083,0.4783,0.4433
readmit30,84305340,228159504,1,0,0.2029,0.159,0.2258,0.341,0.3279
readmit30,84305340,273605160,2,0,0.1513,0.1606,0.1586,0.3992,0.3803
readmit30,84305340,284307132,3,0,0.1474,0.1882,0.1662,0.3847,0.3797
readmit30,84317490,180436536,0,1,0.0887,0.0758,0.1006,0.4799,0.4436
readmit30,84317490,183183096,1,0,0.1596,0.1294,0.1361,0.3956,0.3605
readmit30,84317490,238167894,2,0,0.1609,0.1538,0.1642,0.4171,0.3916
readmit30,84317490,245868618,3,0,0.1159,0.17,0.1184,0.3701,0.3736
readmit30,84317490,349662776,4,0,0.1911,0.1534,0.2801,0.4534,0.3932
readmit30,84319380,171071238,0,1,0.0638,0.0511,0.0521,0.4878,0.4508
readmit30,84319380,173790552,1,0,0.1013,0.1083,0.1008,0.4035,0.3678
readmit30,84319380,195642294,2,0,0.1577,0.1381,0.1466,0.3982,0.3809
readmit30,84319380,207108018,3,0,0.1888,0.1604,0.1827,0.3614,0.3717
readmit30,84319380,238896660,4,0,0.1736,0.1627,0.1692,0.4049,0.3664
readmit30,84319380,258284850,5,0,0.1873,0.1517,0.1513,0.4088,0.3854
readmit30,84319380,387331346,6,0,0.1603,0.1722,0.1556,0.4125,0.3842
readmit30,84339477,176283666,0,1,0.0637,0.0444,0.0641,0.4929,0.4548
readmit30,84339477,178082052,1,0,0.0922,0.0629,0.0801,0.4232,0.3849
readmit30,84342150,165601914,0,1,0.0788,0.0638,0.1082,0.4822,0.4451
readmit30,84342150,166694628,1,1,0.1229,0.113,0.1676,0.4263,0.3728
readmit30,84342150,168556770,2,0,0.1923,0.2317,0.271,0.4752,0.4255
readmit30,84351825,160198218,0,0,0.0526,0.0543,0.0686,0.4856,0.4506
readmit30,84351825,168507846,1,0,0.0931,0.1146,0.1107,0.3363,0.3262
readmit30,84351825,179979456,2,0,0.117,0.0783,0.1179,0.4156,0.3849
readmit30,84354246,190382604,0,1,0.0583,0.0466,0.0596,0.495,0.4579
readmit30,84354246,191391744,1,1,0.0816,0.076,0.0653,0.3996,0.3705
readmit30,84354246,193751148,2,1,0.1845,0.1663,0.2125,0.4339,0.4122
readmit30,84354246,194427648,3,0,0.1821,0.2013,0.2299,0.4075,0.3997
readmit30,84354246,269038428,4,0,0.2019,0.2208,0.3261,0.4808,0.4212
readmit30,84354345,148994592,0,0,0.1457,0.1326,0.1632,0.4697,0.4358
readmit30,84354345,157150572,1,0,0.1804,0.1474,0.1976,0.3511,0.3321
readmit30,84369501,142232382,0,0,0.111,0.1175,0.1253,0.4724,0.4396
readmit30,84369501,150078240,1,1,0.1801,0.1189,0.2018,0.366,0.3404
readmit30,84369501,151790988,2,0,0.2143,0.1878,0.2327,0.4397,0.4116
readmit30,84369501,154852944,3,0,0.1643,0.1616,0.1662,0.3682,0.372
readmit30,84369501,158321688,4,1,0.1686,0.167,0.1954,0.3986,0.3666
readmit30,84369501,160357974,5,0,0.267,0.2446,0.2463,0.4373,0.4087
readmit30,84372759,236851374,0,1,0.0605,0.0366,0.0615,0.5043,0.4737
readmit30,84372759,241397142,1,0,0.0815,0.0683,0.0591,0.3752,0.363
readmit30,84382812,154835958,0,0,0.0857,0.0669,0.0827,0.4854,0.4478
readmit30,84382812,310729628,1,0,0.0841,0.0457,0.0721,0.4424,0.3922
readmit30,84382812,381408944,2,0,0.0879,0.0865,0.055,0.385,0.3677
readmit30,84393711,240690096,0,0,0.0475,0.0437,0.0417,0.4939,0.4559
readmit30,84393711,278772816,1,0,0.08,0.0831,0.06,0.366,0.3415
readmit30,84393711,287582748,2,0,0.1302,0.1056,0.1201,0.392,0.3807
readmit30,84397842,147203430,0,1,0.0494,0.0423,0.0465,0.4977,0.4571
readmit30,84397842,147512682,1,0,0.0829,0.0813,0.0712,0.3983,0.3714
readmit30,84397842,175625112,2,0,0.1344,0.1166,0.1269,0.4019,0.3855
readmit30,84397842,181614738,3,0,0.134,0.1642,0.153,0.3494,0.3751
readmit30,84397842,192486024,4,0,0.1255,0.1477,0.1478,0.4262,0.3774
readmit30,84397842,219547746,5,0,0.1441,0.1681,0.1445,0.3772,0.3744
readmit30,84397842,227203500,6,0,0.1569,0.2168,0.184,0.3969,0.3789
readmit30,84397842,234856482,7,0,0.1915,0.2162,0.1861,0.4045,0.3822
readmit30,84397842,246597690,8,0,0.2281,0.232,0.2561,0.4189,0.3814
readmit30,84397842,256448712,9,0,0.2671,0.2388,0.2911,0.3934,0.3797
readmit30,84397842,291341664,10,1,0.3506,0.2939,0.4008,0.4262,0.396
readmit30,84397842,363832298,11,0,0.3252,0.4094,0.3444,0.5047,0.4352
readmit30,84397842,386036408,12,0,0.3639,0.3224,0.4023,0.4439,0.3971
readmit30,84397842,387888092,13,0,0.3317,0.3402,0.4164,0.471,0.4074
readmit30,84397842,425492240,14,0,0.3773,0.3445,0.4178,0.4589,0.4055
readmit30,84400002,275932968,0,0,0.1227,0.1501,0.1568,0.46,0.4347
readmit30,84400002,324918080,1,0,0.1224,0.1308,0.1652,0.3733,0.3428
readmit30,84406230,185623776,0,0,0.1045,0.0809,0.1047,0.4815,0.4435
readmit30,84406230,205210722,1,0,0.208,0.1306,0.211,0.3461,0.3291
readmit30,84410910,148291656,0,0,0.0773,0.0678,0.0818,0.4833,0.4435
readmit30,84410910,168887796,1,0,0.1183,0.1107,0.1222,0.3761,0.3451
readmit30,84413232,148352172,0,0,0.0364,0.0338,0.0288,0.5011,0.4606
readmit30,84413232,157834572,1,0,0.0984,0.1269,0.0872,0.3348,0.3281
readmit30,84413232,205459176,2,1,0.1749,0.147,0.1984,0.4343,0.4035
readmit30,84413232,210621300,3,1,0.1129,0.1466,0.1196,0.3689,0.3882
readmit30,84413232,214828056,4,0,0.1616,0.1494,0.1379,0.4221,0.3846
readmit30,84413232,229087410,5,0,0.267,0.232,0.2491,0.3685,0.3681
readmit30,84413232,368471882,6,1,0.2004,0.1707,0.2089,0.4636,0.4103
readmit30,84413232,380269268,7,0,0.2642,0.1784,0.2536,0.395,0.38
readmit30,84417201,161616336,0,0,0.096,0.0869,0.0852,0.4762,0.4412
readmit30,84417201,218695110,1,0,0.1076,0.0876,0.0687,0.4065,0.3642
readmit30,84418434,284203128,0,1,0.0787,0.0534,0.0694,0.4941,0.4568
readmit30,84418434,287674854,1,0,0.1092,0.0944,0.076,0.3791,0.3656
readmit30,84418434,409610042,2,0,0.1091,0.0882,0.0836,0.41,0.3831
readmit30,84428613,155570022,0,1,0.1035,0.1085,0.1482,0.4694,0.4354
readmit30,84428613,156756906,1,0,0.1631,0.2279,0.4678,0.3721,0.3516
readmit30,84428613,161498358,2,1,0.1952,0.2239,0.2947,0.4244,0.3859
readmit30,84428613,163704138,3,0,0.2081,0.2606,0.2125,0.4046,0.4
readmit30,84428613,167921040,4,1,0.2905,0.217,0.2768,0.4016,0.3628
readmit30,84428613,170156226,5,0,0.3444,0.3814,0.3446,0.4653,0.4229
readmit30,84428613,181062516,6,0,0.3427,0.319,0.3567,0.421,0.3778
readmit30,84428613,188032278,7,0,0.3394,0.3106,0.3152,0.4078,0.3811
readmit30,84428613,200453646,8,0,0.3386,0.3188,0.3289,0.4177,0.3815
readmit30,84428613,214222254,9,0,0.3981,0.2634,0.3271,0.4037,0.3751
readmit30,84428613,232404084,10,0,0.2856,0.2765,0.2619,0.4407,0.3973
readmit30,84428613,240974304,11,1,0.3166,0.3102,0.3045,0.4173,0.3871
readmit30,84428613,243913692,12,1,0.5042,0.4342,0.5587,0.5026,0.4304
readmit30,84428613,247352574,13,0,0.398,0.4281,0.4316,0.4983,0.4297
readmit30,84428613,259643964,14,1,0.361,0.3467,0.3309,0.4634,0.4019
readmit30,84428613,262557036,15,0,0.3224,0.4334,0.2958,0.4967,0.4255
readmit30,84428613,275460024,16,1,0.2673,0.3307,0.2283,0.4511,0.4
readmit30,84428613,286813560,17,1,0.3707,0.4254,0.3543,0.4985,0.4276
readmit30,84428613,289277796,18,1,0.3718,0.4546,0.3801,0.495,0.4304
readmit30,84428613,292366458,19,1,0.3944,0.477,0.4328,0.511,0.4338
readmit30,84428613,357823778,20,1,0.3743,0.4817,0.3765,0.5185,0.4334
readmit30,84428613,395449550,21,1,0.4024,0.4783,0.3779,0.516,0.4346
readmit30,84433338,149893002,0,0,0.0672,0.0521,0.0751,0.4904,0.4522
readmit30,84433338,246430278,1,0,0.1126,0.0952,0.108,0.4055,0.3632
readmit30,84439314,159572184,0,0,0.1261,0.079,0.1404,0.4853,0.4449
readmit30,84439314,189530886,1,0,0.1254,0.1129,0.1324,0.3529,0.3323
readmit30,84459447,148137456,0,0,0.1089,0.048,0.1027,0.4874,0.4526
readmit30,84459447,154421292,1,1,0.1201,0.1325,0.0998,0.3273,0.3195
readmit30,84459447,156544194,2,0,0.1684,0.2321,0.154,0.4718,0.4238
readmit30,84459447,209433660,3,0,0.1137,0.1564,0.1173,0.4556,0.4209
readmit30,84459447,276086538,4,0,0.1475,0.0989,0.0867,0.3805,0.3485
readmit30,84459447,311888096,5,0,0.1593,0.1303,0.1248,0.401,0.3758
readmit30,84459447,379622582,6,0,0.1674,0.1626,0.1558,0.3743,0.3681
readmit30,84459447,391423910,7,0,0.2237,0.2096,0.1965,0.3745,0.3714
readmit30,84469122,157398468,0,0,0.1168,0.1164,0.168,0.4762,0.4487
readmit30,84469122,275114796,1,0,0.1334,0.0861,0.1052,0.3925,0.3503
readmit30,84476079,151879794,0,0,0.0593,0.0484,0.0589,0.4908,0.4526
readmit30,84476079,389685914,1,0,0.0818,0.0778,0.0647,0.3648,0.3396
readmit30,84492459,173896602,0,0,0.1113,0.0696,0.1207,0.4817,0.4493
readmit30,84492459,202368726,1,0,0.0881,0.1109,0.0936,0.3766,0.3471
readmit30,84492459,221864124,2,0,0.1307,0.1242,0.1601,0.4357,0.4038
readmit30,84495240,194389476,0,0,0.0949,0.0844,0.0995,0.4802,0.4477
readmit30,84495240,203841816,1,0,0.117,0.077,0.125,0.386,0.3501
readmit30,84495240,234856956,2,0,0.1346,0.1152,0.1262,0.3856,0.3739
readmit30,84495240,273060954,3,0,0.099,0.0926,0.1069,0.4252,0.404
readmit30,84495240,311967002,4,0,0.1405,0.118,0.1302,0.3699,0.3563
readmit30,84499848,166288476,0,0,0.1452,0.1658,0.153,0.4538,0.4264
readmit30,84499848,185540472,1,0,0.1748,0.2475,0.1992,0.3728,0.3397
readmit30,84499848,275984718,2,0,0.137,0.2302,0.1765,0.4986,0.4248
readmit30,84505293,236926620,0,0,0.0985,0.0979,0.1046,0.467,0.4383
readmit30,84505293,257200386,1,0,0.1707,0.1382,0.1947,0.3511,0.3369
readmit30,84506580,149089602,0,0,0.1181,0.1143,0.1387,0.4657,0.4336
readmit30,84506580,162989394,1,0,0.187,0.1415,0.2124,0.3726,0.3373
readmit30,84515859,178682808,0,0,0.1161,0.1234,0.1414,0.4594,0.4322
readmit30,84515859,188224926,1,0,0.1349,0.1742,0.1664,0.3672,0.3356
readmit30,84515859,239067342,2,0,0.147,0.1286,0.1112,0.4242,0.3936
readmit30,84515859,245499936,3,1,0.1204,0.1601,0.1137,0.346,0.3602
readmit30,84515859,250287516,4,0,0.2327,0.2042,0.2123,0.4272,0.3892
readmit30,84515859,407855564,5,1,0.1709,0.1581,0.1124,0.4229,0.3967
readmit30,84535641,160192146,0,0,0.0991,0.1358,0.1555,0.4651,0.4351
readmit30,84535641,163592412,1,0,0.2221,0.1295,0.3404,0.3558,0.3354
readmit30,84535641,168397146,2,0,0.153,0.1487,0.1793,0.39,0.3693
readmit30,84540348,162977388,0,0,0.0367,0.0401,0.0302,0.4951,0.459
readmit30,84540348,169075260,1,0,0.0861,0.0691,0.0612,0.3459,0.3317
readmit30,84540348,270062202,2,0,0.0924,0.0823,0.0733,0.4245,0.3936
readmit30,84573729,158358552,0,0,0.0973,0.0582,0.105,0.4902,0.449
readmit30,84573729,260766738,1,0,0.0961,0.0789,0.0818,0.4028,0.3626
readmit30,84573729,282019464,2,1,0.1038,0.0648,0.1103,0.429,0.3961
readmit30,84573729,285705948,3,1,0.1556,0.1159,0.124,0.3753,0.3901
readmit30,84573729,288852060,4,0,0.2274,0.1625,0.2119,0.4122,0.3846
readmit30,84573729,322479152,5,0,0.2299,0.1453,0.226,0.4109,0.3893
readmit30,84590334,157281102,0,0,0.1082,0.0459,0.1152,0.4894,0.4514
readmit30,84590334,166021554,1,0,0.1298,0.1196,0.1264,0.3453,0.3323
readmit30,84590334,202164108,2,0,0.1411,0.1517,0.1452,0.4124,0.3896
readmit30,84590334,208318956,3,0,0.187,0.1442,0.1805,0.353,0.3661
readmit30,84590334,236212158,4,0,0.122,0.1256,0.1085,0.4067,0.374
readmit30,84590334,265613508,5,0,0.2393,0.2346,0.233,0.358,0.3613
readmit30,84590334,272653398,6,0,0.2028,0.2864,0.2538,0.3754,0.3694
readmit30,84590334,347770034,7,0,0.3551,0.2581,0.3595,0.4224,0.3944
readmit30,84618918,208004502,0,1,0.1192,0.0951,0.127,0.4715,0.4402
readmit30,84618918,213264504,1,0,0.1874,0.1986,0.2653,0.3739,0.3478
readmit30,84618918,273307350,2,1,0.2363,0.2321,0.2784,0.387,0.3756
readmit30,84618918,276983280,3,0,0.2262,0.3895,0.3302,0.4101,0.4117
readmit30,84618918,361416482,4,0,0.2185,0.2518,0.243,0.4481,0.3765
readmit30,84618918,392660954,5,0,0.3513,0.215,0.2757,0.3918,0.3662
readmit30,84640176,151938846,0,0,0.0451,0.0298,0.0236,0.5069,0.4737
readmit30,84640176,280492032,1,0,0.1251,0.0404,0.0748,0.4046,0.3789
readmit30,84651822,189863658,0,0,0.0605,0.0434,0.0469,0.4952,0.4584
readmit30,84651822,199218630,1,0,0.1271,0.0671,0.0656,0.3603,0.3446
readmit30,84651822,268503990,2,0,0.0999,0.0611,0.064,0.4456,0.4116
readmit30,84657348,149592072,0,1,0.079,0.072,0.0903,0.4782,0.4427
readmit30,84657348,151399566,1,0,0.18,0.2035,0.2318,0.3755,0.3514
readmit30,84657348,158115732,2,1,0.1643,0.1622,0.2463,0.4304,0.3918
readmit30,84657348,213162336,3,0,0.1856,0.1927,0.2134,0.4438,0.4181
readmit30,84657348,221010510,4,0,0.1694,0.1639,0.1769,0.3817,0.3507
readmit30,84657348,234840372,5,0,0.137,0.2168,0.1427,0.3984,0.3808
readmit30,84657348,320710250,6,0,0.2414,0.2004,0.2496,0.4337,0.3919
readmit30,84664539,310739504,0,1,0.0896,0.0925,0.0959,0.4727,0.4416
readmit30,84664539,357235208,1,0,0.165,0.1509,0.1919,0.3729,0.3517
readmit30,84666312,148443792,0,1,0.0642,0.0436,0.0574,0.4938,0.4563
readmit30,84666312,149096778,1,0,0.1023,0.0858,0.0722,0.3843,0.3622
readmit30,84668589,157971174,0,1,0.0988,0.094,0.1034,0.4773,0.4388
readmit30,84668589,160474254,1,0,0.1157,0.1394,0.1352,0.3856,0.3557
readmit30,84672999,197209518,0,0,0.1579,0.1376,0.1798,0.4602,0.4364
readmit30,84672999,221574432,1,0,0.1783,0.1779,0.2156,0.3781,0.3449
readmit30,84736206,147290184,0,0,0.0576,0.0466,0.0499,0.4909,0.4535
readmit30,84736206,223015020,1,0,0.1052,0.1057,0.0891,0.3794,0.3499
readmit30,84736206,230308158,2,0,0.1423,0.1099,0.113,0.4138,0.3877
readmit30,84736206,351400322,3,0,0.1092,0.1369,0.1183,0.3471,0.3694
readmit30,84736206,392571392,4,1,0.3961,0.5057,0.5274,0.5816,0.4631
readmit30,84748230,165005142,0,0,0.079,0.0449,0.0674,0.4941,0.4549
readmit30,84748230,343122668,1,0,0.1018,0.1152,0.0995,0.3278,0.3226
readmit30,84748230,414321974,2,0,0.3358,0.6247,0.6024,0.6577,0.5192
readmit30,84769533,168446196,0,0,0.0751,0.0878,0.0843,0.4815,0.4417
readmit30,84769533,174621162,1,0,0.1015,0.1071,0.0861,0.3777,0.3373
readmit30,84769533,271545864,2,0,0.1077,0.0796,0.1137,0.4988,0.437
readmit30,84778101,158490444,0,0,0.0751,0.0724,0.0804,0.4828,0.4424
readmit30,84778101,210062856,1,0,0.1154,0.0905,0.1339,0.4208,0.3682
readmit30,84778101,282841494,2,0,0.1696,0.1109,0.1618,0.3992,0.3765
readmit30,84785292,132544986,0,0,0.0412,0.0438,0.0442,0.4983,0.4613
readmit30,84785292,159387006,1,0,0.1326,0.1604,0.1119,0.3117,0.32
readmit30,84804156,193523820,0,0,0.0553,0.0382,0.046,0.497,0.462
readmit30,84804156,209302368,1,0,0.1072,0.0926,0.055,0.3346,0.3216
readmit30,84804156,239151390,2,0,0.1154,0.065,0.0416,0.4297,0.4045
readmit30,84810222,140551146,0,0,0.0747,0.0521,0.0971,0.4933,0.4585
readmit30,84810222,277547148,1,0,0.1156,0.0578,0.1427,0.4112,0.3733
readmit30,84818304,88028730,0,1,0.0941,0.0894,0.107,0.4682,0.4359
readmit30,84818304,88193784,1,1,0.1939,0.2683,0.2186,0.3923,0.3569
readmit30,84828357,151638672,0,0,0.0604,0.0455,0.0623,0.4917,0.4507
readmit30,84828357,270914460,1,0,0.0872,0.0659,0.0948,0.3942,0.3553
readmit30,84831903,103070922,0,0,0.1397,0.1556,0.1607,0.4561,0.4301
readmit30,84831903,213254604,1,0,0.1746,0.1904,0.2006,0.3988,0.3438
readmit30,84831903,227491710,2,1,0.1598,0.1878,0.1589,0.4,0.3832
readmit30,84832623,145554504,0,1,0.0608,0.0574,0.0559,0.4879,0.4483
readmit30,84832623,146805894,1,0,0.1201,0.1372,0.1031,0.3513,0.3468
readmit30,84835944,182069292,0,0,0.2119,0.1159,0.2497,0.4702,0.4355
readmit30,84835944,196515726,1,0,0.1597,0.122,0.1706,0.3725,0.3428
readmit30,84835944,214053936,2,0,0.145,0.1419,0.1631,0.4083,0.3839
readmit30,84835944,263119428,3,0,0.1301,0.1519,0.1249,0.3456,0.3596
readmit30,84835944,318937994,4,0,0.1581,0.1342,0.1658,0.4153,0.372
readmit30,84841839,150702360,0,0,0.1262,0.1309,0.1387,0.4682,0.4386
readmit30,84841839,155649162,1,0,0.1004,0.121,0.1051,0.3711,0.3349
readmit30,84846087,196509096,0,1,0.153,0.1315,0.1726,0.4717,0.4429
readmit30,84846087,198950670,1,0,0.2059,0.1521,0.212,0.3791,0.3482
readmit30,84846087,246179148,2,0,0.1867,0.1228,0.2192,0.4055,0.3858
readmit30,84846087,263469498,3,0,0.1947,0.1921,0.2363,0.3229,0.3561
readmit30,84846087,361980188,4,0,0.1925,0.1926,0.2048,0.3742,0.3524
readmit30,84897999,147643398,0,1,0.1073,0.0639,0.0946,0.482,0.4459
readmit30,84897999,148527948,1,0,0.1301,0.1023,0.0857,0.4151,0.3724
readmit30,84897999,176210634,2,0,0.1481,0.1304,0.1428,0.3921,0.3758
readmit30,84897999,188699208,3,0,0.1706,0.1199,0.1604,0.4198,0.396
readmit30,84903318,262454022,0,0,0.1283,0.0901,0.1233,0.4734,0.4381
readmit30,84903318,283043712,1,1,0.0954,0.1191,0.1056,0.3789,0.3434
readmit30,84909195,178490136,0,1,0.104,0.1336,0.1303,0.4653,0.4334
readmit30,84909195,181784676,1,0,0.1276,0.1449,0.1616,0.4048,0.3655
readmit30,84919356,220754562,0,0,0.1036,0.0555,0.1086,0.4863,0.4504
readmit30,84919356,241464072,1,1,0.1141,0.1037,0.1073,0.3565,0.3404
readmit30,84919356,261976758,2,0,0.2596,0.2299,0.2685,0.3941,0.3887
readmit30,84920895,158806170,0,1,0.0912,0.0563,0.1021,0.4855,0.446
readmit30,84920895,159139518,1,0,0.167,0.1154,0.1693,0.3873,0.3562
readmit30,84920895,166876848,2,0,0.1551,0.1257,0.1752,0.4238,0.3935
readmit30,84921129,175834218,0,0,0.1301,0.0826,0.1529,0.4789,0.4434
readmit30,84921129,189595494,1,0,0.1333,0.1312,0.1781,0.3573,0.3302
readmit30,84926700,160199172,0,0,0.1072,0.1161,0.1309,0.4667,0.4326
readmit30,84926700,244219578,1,0,0.0938,0.1134,0.1527,0.437,0.3765
readmit30,84934836,168621966,0,1,0.0427,0.029,0.0239,0.5105,0.478
readmit30,84934836,169287954,1,0,0.0999,0.1612,0.1787,0.332,0.337
readmit30,84958956,149097498,0,1,0.0797,0.096,0.0737,0.4724,0.4405
readmit30,84958956,149975928,1,0,0.1608,0.1492,0.1527,0.3862,0.3557
readmit30,85023252,155120736,0,0,0.0631,0.0427,0.0437,0.4912,0.4536
readmit30,85023252,158505012,1,0,0.1148,0.0783,0.0707,0.3652,0.348
readmit30,85023252,235500024,2,0,0.1188,0.0651,0.076,0.4724,0.4322
readmit30,85047876,166424562,0,0,0.0799,0.0563,0.0892,0.4905,0.4511
readmit30,85047876,170887512,1,0,0.1346,0.1149,0.114,0.343,0.3265
readmit30,85052016,225613728,0,1,0.0668,0.0624,0.0726,0.4863,0.4466
readmit30,85052016,228254862,1,0,0.0944,0.158,0.0865,0.3722,0.3515
readmit30,85063725,154761726,0,0,0.046,0.0364,0.0532,0.4987,0.4646
readmit30,85063725,198619164,1,0,0.1078,0.0998,0.1522,0.3626,0.3482
readmit30,85063725,369587258,2,0,0.1398,0.1056,0.152,0.4307,0.3968
readmit30,85071060,158827350,0,0,0.0583,0.0312,0.0407,0.5048,0.4708
readmit30,85071060,254118648,1,0,0.0877,0.0483,0.0565,0.409,0.3731
readmit30,85077441,151162038,0,1,0.1256,0.0848,0.1372,0.4748,0.4447
readmit30,85077441,152552814,1,0,0.1211,0.1286,0.0992,0.3947,0.3593
readmit30,85077441,200842428,2,0,0.1196,0.1359,0.123,0.3908,0.3834
readmit30,85112766,238049802,0,0,0.0745,0.0845,0.0971,0.4746,0.447
readmit30,85112766,262531350,1,0,0.1031,0.1211,0.1191,0.3482,0.3308
readmit30,85114854,255574842,0,0,0.0358,0.0284,0.0273,0.5087,0.474
readmit30,85114854,267015726,1,0,0.0692,0.0635,0.028,0.353,0.347
readmit30,85116195,199243998,0,0,0.195,0.179,0.2204,0.4657,0.4387
readmit30,85116195,283252008,1,0,0.1099,0.0869,0.1127,0.4083,0.3647
readmit30,85124700,177979644,0,0,0.088,0.0761,0.084,0.4805,0.443
readmit30,85124700,254921550,1,0,0.1094,0.1266,0.1067,0.3719,0.343
readmit30,85125510,148495110,0,0,0.0918,0.0634,0.105,0.4854,0.4473
readmit30,85125510,152876832,1,0,0.1033,0.0982,0.0891,0.367,0.3375
readmit30,85125510,190764504,2,0,0.1625,0.1067,0.179,0.4214,0.393
readmit30,85125510,258763452,3,0,0.1703,0.131,0.1883,0.4221,0.4107
readmit30,85127094,233805198,0,0,0.0539,0.0367,0.0537,0.4955,0.4597
readmit30,85127094,351370238,1,1,0.0792,0.0652,0.0825,0.3865,0.3605
readmit30,85141809,220404972,0,0,0.0548,0.0407,0.0604,0.4959,0.4541
readmit30,85141809,238657620,1,1,0.0951,0.0842,0.1184,0.361,0.3441
readmit30,85141809,243328512,2,0,0.1629,0.2331,0.2699,0.4084,0.3974
readmit30,85146066,154549920,0,0,0.0705,0.0491,0.0567,0.5042,0.4645
readmit30,85146066,171010362,1,0,0.0818,0.0473,0.0427,0.3665,0.3393
readmit30,85158243,185479056,0,0,0.0819,0.0682,0.0792,0.4818,0.4472
readmit30,85158243,192317232,1,0,0.1246,0.0981,0.1196,0.3762,0.3404
readmit30,85158243,277156164,2,0,0.1215,0.1036,0.1275,0.4559,0.4126
readmit30,85158243,412535486,3,0,0.1425,0.1059,0.1185,0.3754,0.3781
readmit30,85174641,162997092,0,0,0.1303,0.1055,0.144,0.4661,0.4349
readmit30,85174641,309592106,1,0,0.2913,0.2614,0.4372,0.4624,0.3952
readmit30,85198833,157476714,0,1,0.0831,0.0669,0.0784,0.4821,0.4447
readmit30,85198833,159290526,1,0,0.1374,0.1816,0.1429,0.3941,0.3635
readmit30,85198833,179978394,2,0,0.1587,0.1235,0.11,0.4036,0.3741
readmit30,85206699,270154674,0,0,0.0698,0.0681,0.0705,0.4889,0.45
readmit30,85206699,283901934,1,0,0.0977,0.0618,0.0738,0.4227,0.3689
readmit30,85206699,439058714,2,0,0.1753,0.096,0.1344,0.4029,0.3846
readmit30,85216932,265088952,0,0,0.157,0.1813,0.1724,0.4663,0.4362
readmit30,85216932,387825590,1,0,0.1461,0.1439,0.1459,0.3454,0.3283
readmit30,85218138,147172164,0,0,0.0762,0.0757,0.0974,0.4776,0.4398
readmit30,85218138,238038006,1,0,0.1431,0.113,0.1503,0.4024,0.3552
readmit30,85240800,169279110,0,1,0.0702,0.0573,0.0662,0.484,0.4468
readmit30,85240800,171043278,1,0,0.1494,0.0964,0.1133,0.4096,0.3691
readmit30,85243185,197352318,0,0,0.0527,0.0435,0.0583,0.4938,0.4604
readmit30,85243185,205492842,1,0,0.1015,0.0666,0.0874,0.3816,0.3599
readmit30,85245228,176336358,0,0,0.2108,0.2643,0.2709,0.4562,0.4328
readmit30,85245228,273792570,1,0,0.1551,0.2038,0.1952,0.3906,0.3474
readmit30,85245651,153890892,0,0,0.1186,0.1136,0.143,0.4745,0.4407
readmit30,85245651,275942886,1,0,0.0973,0.0813,0.1248,0.4065,0.3685
readmit30,85279347,150586212,0,0,0.166,0.1382,0.1981,0.4678,0.4348
readmit30,85279347,178187592,1,0,0.1192,0.1456,0.1329,0.3546,0.3295
readmit30,85282308,170114586,0,0,0.071,0.074,0.0941,0.4806,0.4492
readmit30,85282308,202890318,1,0,0.2469,0.2097,0.4245,0.3259,0.3247
readmit30,85299696,161672136,0,0,0.0881,0.1021,0.1222,0.4684,0.436
readmit30,85299696,186812052,1,0,0.1392,0.1561,0.1731,0.3618,0.3359
readmit30,85299696,194325852,2,0,0.169,0.1659,0.1828,0.3951,0.3801
readmit30,85299696,203901720,3,0,0.2436,0.1964,0.201,0.3274,0.3466
readmit30,85299696,211635780,4,0,0.1963,0.2387,0.1777,0.372,0.3563
readmit30,85299696,225234348,5,0,0.2178,0.2055,0.1557,0.4194,0.3878
readmit30,85326840,207115968,0,0,0.0824,0.0666,0.0926,0.4847,0.4468
readmit30,85326840,231130152,1,0,0.1048,0.2076,0.107,0.3526,0.3383
readmit30,85328064,286663104,0,0,0.1127,0.0992,0.1329,0.4665,0.4346
readmit30,85328064,360792218,1,0,0.1179,0.1428,0.1537,0.3986,0.3483
readmit30,85328064,374356352,2,0,0.1713,0.1509,0.2021,0.3923,0.3759
readmit30,85332834,135112554,0,0,0.0628,0.0629,0.0826,0.4836,0.4468
readmit30,85332834,162771330,1,0,0.1118,0.112,0.1248,0.3585,0.3319
readmit30,85332834,221158194,2,0,0.1341,0.1381,0.1723,0.4611,0.4105
readmit30,85335066,194660988,0,0,0.1853,0.1794,0.2551,0.4671,0.4434
readmit30,85335066,224686134,1,0,0.0888,0.0694,0.0931,0.3972,0.3594
readmit30,85335066,255914310,2,0,0.1647,0.1022,0.1561,0.3933,0.3844
readmit30,85335066,285527448,3,0,0.1832,0.1486,0.2079,0.3388,0.3618
readmit30,85335066,337828802,4,0,0.2737,0.1567,0.3042,0.3814,0.3627
readmit30,85341510,194546640,0,0,0.0528,0.0428,0.0433,0.4959,0.4568
readmit30,85341510,356032490,1,0,0.0989,0.061,0.0617,0.3927,0.3574
readmit30,85341717,222344796,0,1,0.3093,0.1934,0.3526,0.4793,0.4482
readmit30,85341717,223531026,1,0,0.1052,0.0644,0.0531,0.4007,0.371
readmit30,85341717,236914698,2,0,0.1473,0.0975,0.0985,0.3789,0.3777
readmit30,85341717,246930330,3,1,0.1703,0.1595,0.1563,0.3265,0.3573
readmit30,85341717,249421818,4,0,0.2288,0.2612,0.2094,0.4587,0.4056
readmit30,85362390,151228914,0,0,0.0597,0.0389,0.0363,0.5001,0.4645
readmit30,85362390,172580178,1,0,0.1676,0.098,0.129,0.3295,0.323
readmit30,85405581,156033360,0,0,0.0647,0.0351,0.0649,0.5016,0.4623
readmit30,85405581,354318476,1,0,0.0761,0.0424,0.0498,0.4201,0.3845
readmit30,85423968,240725580,0,1,0.0548,0.0813,0.0615,0.476,0.4404
readmit30,85423968,246695976,1,0,0.1431,0.1592,0.1591,0.3966,0.3672
readmit30,85426281,163701426,0,0,0.0852,0.0838,0.1078,0.4786,0.4458
readmit30,85426281,189766242,1,0,0.1311,0.1175,0.1587,0.3728,0.3379
readmit30,85426281,205128318,2,0,0.1622,0.1302,0.1717,0.4106,0.3849
readmit30,85433769,233053116,0,0,0.05,0.0287,0.0351,0.507,0.4725
readmit30,85433769,293448066,1,0,0.0694,0.0453,0.0337,0.372,0.3512
readmit30,85433769,298979516,2,0,0.0702,0.0561,0.0331,0.4485,0.4149
readmit30,85442634,230082654,0,0,0.1029,0.0572,0.1089,0.4866,0.4516
readmit30,85442634,263158128,1,0,0.1232,0.0943,0.142,0.3651,0.345
readmit30,85442634,330742070,2,0,0.1457,0.1426,0.1598,0.3645,0.3711
readmit30,85442634,367237778,3,1,0.1046,0.1212,0.1228,0.3973,0.3898
readmit30,85466340,214533036,0,0,0.1287,0.0687,0.1349,0.4872,0.454
readmit30,85466340,232103112,1,0,0.108,0.0859,0.0846,0.3539,0.3327
readmit30,85466340,246107196,2,0,0.1307,0.1229,0.1232,0.3978,0.3869
readmit30,85469364,149886822,0,0,0.0934,0.0576,0.0795,0.4905,0.458
readmit30,85469364,169802634,1,0,0.102,0.0743,0.0895,0.3449,0.3311
readmit30,85488867,160077924,0,0,0.1008,0.0685,0.1055,0.4819,0.445
readmit30,85488867,370296506,1,0,0.1133,0.0871,0.1011,0.4428,0.3886
readmit30,85504905,40926,0,1,0.2964,0.1811,0.3315,0.4562,0.4283
readmit30,85504905,76387002,1,0,0.2621,0.2317,0.3481,0.4666,0.391
readmit30,85508739,169402212,0,0,0.1185,0.0882,0.1307,0.4812,0.4449
readmit30,85508739,229049340,1,0,0.1401,0.1188,0.1484,0.3929,0.3526
readmit30,85526838,181849590,0,0,0.0727,0.0588,0.0734,0.4795,0.4433
readmit30,85526838,192317226,1,0,0.097,0.0992,0.0953,0.3677,0.3423
readmit30,85526838,282104562,2,0,0.1021,0.0887,0.1242,0.4982,0.4376
readmit30,85526838,367286498,3,0,0.1865,0.147,0.1576,0.3068,0.3467
readmit30,85526838,400753316,4,0,0.1107,0.1198,0.129,0.4398,0.3947
readmit30,85526838,420308384,5,0,0.2002,0.1811,0.1793,0.368,0.37
readmit30,85528899,158217366,0,0,0.081,0.0689,0.0873,0.4819,0.4446
readmit30,85528899,209209938,1,0,0.1722,0.104,0.1911,0.4132,0.3641
readmit30,85528899,336623600,2,1,0.1177,0.0779,0.0908,0.4383,0.4043
readmit30,85550139,18276426,0,1,0.0958,0.1965,0.1228,0.4486,0.4271
readmit30,85550139,20805312,1,1,0.1864,0.3424,0.2535,0.4075,0.3629
readmit30,85615398,151883304,0,0,0.1306,0.1203,0.154,0.4653,0.4374
readmit30,85615398,168585474,1,0,0.1473,0.1431,0.1809,0.3678,0.3376
readmit30,85648680,246650976,0,1,0.1137,0.1011,0.1213,0.4703,0.4347
readmit30,85648680,248392446,1,0,0.1693,0.1581,0.206,0.3947,0.3598
readmit30,85650948,300715904,0,0,0.0747,0.0594,0.075,0.4825,0.4478
readmit30,85650948,410241272,1,1,0.1765,0.1156,0.1367,0.3266,0.3213
readmit30,85650948,420842834,2,0,0.1998,0.2163,0.1409,0.4838,0.4296
readmit30,85655052,146757738,0,0,0.1193,0.137,0.1376,0.4654,0.4338
readmit30,85655052,174698832,1,0,0.1165,0.1219,0.1126,0.3947,0.3486
readmit30,85657491,161315562,0,0,0.0572,0.0413,0.0468,0.5011,0.4614
readmit30,85657491,306099020,1,0,0.1439,0.1186,0.1159,0.3258,0.3119
readmit30,85657491,437883458,2,1,0.1168,0.0958,0.1003,0.4689,0.4177
readmit30,85676049,188037210,0,0,0.0734,0.0541,0.0855,0.4868,0.4469
readmit30,85676049,289676004,1,0,0.1091,0.0713,0.1184,0.4297,0.3828
readmit30,85678119,161930508,0,0,0.0578,0.0325,0.0383,0.5029,0.4669
readmit30,85678119,193844112,1,0,0.153,0.1029,0.1248,0.3235,0.327
readmit30,85678119,291543582,2,0,0.1212,0.0926,0.0941,0.4967,0.4335
readmit30,85688181,162386484,0,0,0.0516,0.0692,0.0663,0.4858,0.4532
readmit30,85688181,218648166,1,0,0.086,0.0732,0.1073,0.4119,0.3702
readmit30,85688181,266729154,2,0,0.0896,0.0822,0.0894,0.4138,0.3936
readmit30,85694436,221813490,0,0,0.0936,0.0588,0.1005,0.4865,0.4504
readmit30,85694436,264522180,1,0,0.1306,0.1139,0.1045,0.346,0.3351
readmit30,85694436,274727292,2,1,0.1411,0.1425,0.1294,0.3949,0.3804
readmit30,85694436,279255906,3,0,0.2227,0.2242,0.2266,0.3747,0.3862
readmit30,85699170,262707030,0,0,0.0922,0.1064,0.099,0.4759,0.4373
readmit30,85699170,270651378,1,0,0.1616,0.1642,0.1898,0.3603,0.3358
readmit30,85699170,343060970,2,0,0.1831,0.1666,0.195,0.4259,0.3891
readmit30,85699170,393831686,3,0,0.1654,0.172,0.1554,0.3746,0.3712
readmit30,85716360,151661256,0,1,0.0739,0.0472,0.0733,0.4922,0.4539
readmit30,85716360,152947824,1,0,0.1084,0.1418,0.0987,0.376,0.3593
readmit30,85716360,158601672,2,0,0.1125,0.0796,0.099,0.4213,0.3949
readmit30,85716360,204092754,3,0,0.1503,0.1081,0.1508,0.3566,0.3756
readmit30,85716360,210626676,4,1,0.1249,0.1003,0.1409,0.3974,0.3723
readmit30,85716360,262093440,5,0,0.2263,0.1776,0.2728,0.4195,0.4121
readmit30,85716684,163743756,0,0,0.1538,0.1379,0.2048,0.4658,0.4342
readmit30,85716684,249281904,1,0,0.138,0.1142,0.1891,0.422,0.3599
readmit30,85767444,236089650,0,0,0.1183,0.098,0.1475,0.4735,0.4423
readmit30,85767444,258854946,1,0,0.1608,0.1126,0.2181,0.3764,0.3416
readmit30,85770729,175885332,0,0,0.0518,0.0512,0.0413,0.4906,0.4525
readmit30,85770729,271056738,1,0,0.0926,0.0511,0.053,0.4078,0.365
readmit30,85774500,235393950,0,1,0.0847,0.0818,0.0785,0.4799,0.4422
readmit30,85774500,237385380,1,0,0.1324,0.1303,0.1264,0.3919,0.3566
readmit30,85780107,223859310,0,0,0.0899,0.0805,0.0973,0.4747,0.4398
readmit30,85780107,255443922,1,0,0.1685,0.1243,0.1579,0.3772,0.3411
readmit30,85796217,153091872,0,0,0.0513,0.0396,0.0305,0.5085,0.4722
readmit30,85796217,198339258,1,0,0.0855,0.043,0.0386,0.4115,0.3742
readmit30,85796217,384418514,2,0,0.1015,0.099,0.0555,0.3611,0.3635
readmit30,85796217,405042770,3,1,0.3346,0.6056,0.5224,0.6268,0.5116
readmit30,85834890,156795804,0,0,0.0952,0.0647,0.0897,0.4836,0.4467
readmit30,85834890,203800374,1,0,0.1704,0.1348,0.1747,0.3257,0.3181
readmit30,85836645,183951822,0,0,0.0592,0.0598,0.0736,0.4832,0.4467
readmit30,85836645,204440448,1,0,0.1307,0.1248,0.1385,0.3473,0.326
readmit30,85836645,243409734,2,0,0.1169,0.1205,0.1108,0.3993,0.3769
readmit30,85839309,139412964,0,0,0.1258,0.0687,0.1255,0.4818,0.4455
readmit30,85839309,150368580,1,1,0.1467,0.1329,0.1502,0.3343,0.3211
readmit30,85839309,150971376,2,1,0.2068,0.2284,0.219,0.4612,0.4161
readmit30,85839309,153182382,3,0,0.2132,0.2443,0.2072,0.3969,0.3949
readmit30,85839309,156544908,4,1,0.1692,0.1937,0.1501,0.3859,0.3513
readmit30,85839309,158601768,5,0,0.3088,0.3182,0.2872,0.4755,0.43
readmit30,85906215,97864656,0,0,0.0879,0.0582,0.0858,0.4829,0.4438
readmit30,85906215,107501490,1,0,0.1376,0.1145,0.1803,0.3599,0.3398
readmit30,85906215,360169310,2,0,0.1419,0.1126,0.1551,0.4785,0.423
readmit30,85944960,202347132,0,0,0.0952,0.0743,0.1008,0.4825,0.4462
readmit30,85944960,235401840,1,0,0.1802,0.1073,0.1703,0.3587,0.3343
readmit30,85963185,164437464,0,1,0.1013,0.1076,0.1207,0.4709,0.4436
readmit30,85963185,167272734,1,0,0.2068,0.1274,0.2251,0.3985,0.3624
readmit30,85971825,169899102,0,0,0.1455,0.1238,0.1558,0.4759,0.4418
readmit30,85971825,290562390,1,0,0.1671,0.1127,0.1645,0.4091,0.3551
readmit30,85972122,171012018,0,0,0.0741,0.1003,0.0753,0.4702,0.4378
readmit30,85972122,287701704,1,0,0.1237,0.0954,0.1306,0.4037,0.3628
readmit30,85972122,296061176,2,1,0.1496,0.1178,0.1331,0.3669,0.3609
readmit30,85972122,301893002,3,0,0.1579,0.244,0.2051,0.4399,0.4259
readmit30,85976244,166408326,0,0,0.0996,0.0822,0.0982,0.4767,0.4431
readmit30,85976244,237472698,1,0,0.1924,0.1346,0.2159,0.3576,0.3352
readmit30,85986117,163307454,0,1,0.382,0.2791,0.4716,0.46,0.4321
readmit30,85986117,166024134,1,0,0.1839,0.1355,0.2234,0.4365,0.3765
readmit30,85990401,159708096,0,0,0.0461,0.0324,0.0346,0.5035,0.4686
readmit30,85990401,194034906,1,0,0.0745,0.0588,0.0489,0.3641,0.3538
readmit30,85990401,251007528,2,0,0.0788,0.0752,0.082,0.4239,0.4012
readmit30,86008599,132545418,0,1,0.077,0.0669,0.077,0.4852,0.4476
readmit30,86008599,134804982,1,0,0.1424,0.1427,0.1168,0.3761,0.3487
readmit30,86008599,140103210,2,0,0.2578,0.1555,0.2496,0.3868,0.3685
readmit30,86083479,177688308,0,0,0.0927,0.0807,0.1079,0.4767,0.4415
readmit30,86083479,198304248,1,0,0.1056,0.1571,0.1268,0.3558,0.3355
readmit30,86083479,231107094,2,0,0.1259,0.1605,0.1479,0.4042,0.3836
readmit30,86107977,169551480,0,0,0.0474,0.0656,0.0488,0.489,0.4511
readmit30,86107977,204642276,1,0,0.09,0.0807,0.0702,0.3794,0.3429
readmit30,86108409,205976664,0,0,0.0638,0.0488,0.0712,0.4925,0.4507
readmit30,86108409,225729384,1,0,0.1127,0.1034,0.1326,0.3741,0.3464
readmit30,86112477,167612502,0,0,0.1246,0.0582,0.1253,0.4834,0.4457
readmit30,86112477,201618174,1,0,0.1282,0.1047,0.1233,0.3665,0.3429
readmit30,86131881,206429802,0,0,0.0787,0.0861,0.0958,0.4719,0.4417
readmit30,86131881,232908204,1,0,0.1118,0.1441,0.141,0.3447,0.331
readmit30,86131881,257696928,2,0,0.1336,0.1352,0.143,0.4335,0.4023
readmit30,86131881,282513228,3,1,0.0824,0.0948,0.091,0.3766,0.3807
readmit30,86131881,282968526,4,0,0.1616,0.1675,0.2153,0.4317,0.396
readmit30,86131881,385006484,5,0,0.2402,0.1642,0.3899,0.4177,0.3918
readmit30,86131881,433733312,6,0,0.1924,0.1423,0.251,0.3988,0.384
readmit30,86136966,199357662,0,0,0.1167,0.0572,0.0885,0.4883,0.4485
readmit30,86136966,415000580,1,0,0.1316,0.0927,0.0959,0.3787,0.3471
readmit30,86178285,211098330,0,1,0.0933,0.0422,0.1019,0.4951,0.4561
readmit30,86178285,213538908,1,1,0.155,0.1321,0.2223,0.4024,0.3676
readmit30,86180823,225751584,0,0,0.0977,0.075,0.0904,0.4826,0.4442
readmit30,86180823,274744680,1,0,0.1103,0.098,0.1019,0.3757,0.3441
readmit30,86180823,389623214,2,0,0.1053,0.1323,0.0985,0.4476,0.4015
readmit30,86209434,264713658,0,0,0.0708,0.0599,0.068,0.481,0.445
readmit30,86209434,288950808,1,0,0.1074,0.0914,0.094,0.3603,0.3362
readmit30,86220477,177195492,0,0,0.1032,0.1774,0.1441,0.4581,0.4308
readmit30,86220477,323714966,1,0,0.1383,0.1199,0.2355,0.4073,0.3581
readmit30,86226003,135706200,0,0,0.1291,0.1532,0.1708,0.4622,0.4309
readmit30,86226003,139772364,1,0,0.1099,0.1501,0.1637,0.4036,0.3544
readmit30,86230782,156458376,0,0,0.0527,0.0334,0.0321,0.5037,0.4669
readmit30,86230782,384299444,1,0,0.0962,0.0877,0.0762,0.3706,0.3533
readmit30,86242662,149204016,0,0,0.0873,0.0734,0.1035,0.4853,0.4469
readmit30,86242662,182511294,1,0,0.134,0.1177,0.1295,0.3558,0.3276
readmit30,86242662,204367008,2,1,0.2235,0.2247,0.2492,0.3947,0.382
readmit30,86242662,208320924,3,0,0.1887,0.2293,0.2093,0.4158,0.4049
readmit30,86246316,161525400,0,0,0.069,0.0739,0.078,0.4793,0.4404
readmit30,86246316,175836510,1,0,0.1097,0.1314,0.1407,0.3941,0.3547
readmit30,86275791,201942228,0,0,0.063,0.0454,0.0646,0.4939,0.4553
readmit30,86275791,333143540,1,0,0.0945,0.07,0.1012,0.4153,0.3681
readmit30,86293323,165848946,0,0,0.036,0.0297,0.0192,0.5085,0.4723
readmit30,86293323,195047304,1,0,0.0618,0.049,0.0369,0.3892,0.3628
readmit30,86305914,155689062,0,0,0.071,0.0477,0.1003,0.4982,0.4604
readmit30,86305914,163394646,1,0,0.1129,0.0778,0.1078,0.3689,0.3453
readmit30,86305914,172006650,2,0,0.1652,0.1007,0.1215,0.3897,0.3839
readmit30,86305914,215618568,3,0,0.2178,0.1566,0.2157,0.3316,0.3554
readmit30,86305914,256495368,4,1,0.2661,0.1744,0.3366,0.4117,0.3799
readmit30,86305914,261745650,5,0,0.221,0.2668,0.23,0.4801,0.4338
readmit30,86305914,270803328,6,0,0.3083,0.2738,0.3179,0.3689,0.3662
readmit30,86305914,282202026,7,0,0.3613,0.3201,0.3365,0.4032,0.38
readmit30,86306220,144428562,0,1,0.0993,0.0851,0.0974,0.4836,0.4438
readmit30,86306220,146697810,1,0,0.1911,0.1833,0.1903,0.3667,0.3486
readmit30,86307291,201334458,0,0,0.0863,0.0567,0.0871,0.4901,0.4497
readmit30,86307291,355605932,1,0,0.0738,0.0441,0.0534,0.4332,0.3835
readmit30,86308479,183370200,0,0,0.0634,0.0473,0.0681,0.4917,0.4544
readmit30,86308479,439122542,1,0,0.0534,0.0563,0.0474,0.3881,0.3557
readmit30,86325921,182051298,0,0,0.1096,0.0756,0.1067,0.4817,0.4462
readmit30,86325921,190957218,1,0,0.1281,0.139,0.1377,0.3289,0.3163
readmit30,86335110,146002698,0,0,0.1118,0.0735,0.119,0.4829,0.4461
readmit30,86335110,222663402,1,0,0.1392,0.0899,0.1453,0.4155,0.3624
readmit30,86335110,262033776,2,0,0.148,0.113,0.1457,0.4162,0.3925
readmit30,86344893,239504778,0,1,0.0542,0.0387,0.0469,0.5036,0.4666
readmit30,86344893,241132026,1,0,0.0969,0.1049,0.0629,0.351,0.3377
readmit30,86344893,284654814,2,1,0.1619,0.1137,0.1142,0.4269,0.3923
readmit30,86344893,291072522,3,0,0.2168,0.1892,0.1724,0.3663,0.3841
readmit30,86354838,84511554,0,1,0.2335,0.104,0.2597,0.4702,0.4361
readmit30,86354838,86418006,1,0,0.2037,0.1629,0.2565,0.3927,0.3602
readmit30,86354838,104886426,2,0,0.2042,0.174,0.2365,0.3913,0.3771
readmit30,86367960,15992088,0,0,0.0569,0.0367,0.0452,0.5009,0.4661
readmit30,86367960,271096740,1,1,0.1613,0.0765,0.099,0.3737,0.35
readmit30,86382387,145293420,0,0,0.1834,0.0736,0.2039,0.4808,0.4411
readmit30,86382387,152389680,1,0,0.0867,0.0843,0.0943,0.3868,0.3498
readmit30,86382387,203520462,2,0,0.0871,0.0752,0.1208,0.4987,0.4434
readmit30,86383035,167385624,0,0,0.1016,0.0884,0.1194,0.4707,0.4381
readmit30,86383035,241382184,1,0,0.1373,0.1173,0.1637,0.4134,0.3596
readmit30,86383035,264327936,2,0,0.109,0.1164,0.1074,0.4164,0.3902
readmit30,86394366,136179504,0,0,0.1104,0.1129,0.126,0.468,0.4357
readmit30,86394366,258777636,1,0,0.1485,0.1596,0.2302,0.3523,0.3277
readmit30,86404698,170366442,0,0,0.1015,0.1018,0.1171,0.4691,0.4367
readmit30,86404698,216915408,1,1,0.1347,0.121,0.17,0.3675,0.3417
readmit30,86437953,183808956,0,0,0.0856,0.0732,0.087,0.4794,0.4469
readmit30,86437953,361357964,1,0,0.106,0.0983,0.1266,0.4101,0.3647
readmit30,86442867,312563414,0,0,0.1128,0.0753,0.115,0.4749,0.4384
readmit30,86442867,314829374,1,0,0.5238,0.5546,0.6578,0.5653,0.4481
readmit30,86451894,191288118,0,0,0.0451,0.0333,0.0409,0.5023,0.4668
readmit30,86451894,219716988,1,0,0.0607,0.0651,0.0431,0.3668,0.3507
readmit30,86451894,248451168,2,0,0.0952,0.0982,0.0858,0.3985,0.3958
readmit30,86451894,266769972,3,0,0.0997,0.0618,0.0796,0.3993,0.4051
readmit30,86451894,288730482,4,0,0.0933,0.0665,0.0553,0.3706,0.3653
readmit30,86483223,175248630,0,0,0.0761,0.0591,0.0862,0.4865,0.4524
readmit30,86483223,209569992,1,0,0.1059,0.087,0.1151,0.3705,0.3484
readmit30,86483223,220977108,2,0,0.1369,0.1308,0.189,0.3916,0.3838
readmit30,86483223,249487494,3,0,0.1132,0.1433,0.1524,0.3527,0.3704
readmit30,86523498,199521834,0,0,0.0592,0.0499,0.0473,0.4994,0.4613
readmit30,86523498,207821922,1,0,0.1392,0.0918,0.1017,0.338,0.3271
readmit30,86523498,241778946,2,0,0.1337,0.1059,0.1035,0.3977,0.3849
readmit30,86537583,273604860,0,0,0.0653,0.0655,0.0603,0.4822,0.4454
readmit30,86537583,428406266,1,0,0.1026,0.1126,0.0886,0.3393,0.3337
readmit30,86572602,6395592,0,0,0.0996,0.1106,0.1155,0.4629,0.4328
readmit30,86572602,25436874,1,1,0.1568,0.2089,0.1594,0.3556,0.3285
readmit30,86572602,36284394,2,0,0.2015,0.2787,0.2239,0.4605,0.4144
readmit30,86579127,146569878,0,0,0.0941,0.0757,0.1033,0.4833,0.4441
readmit30,86579127,191466726,1,0,0.133,0.0958,0.1357,0.4228,0.3705
readmit30,86579127,341905748,2,0,0.1319,0.0847,0.1121,0.4223,0.3867
readmit30,86583177,212155620,0,0,0.0881,0.0761,0.1001,0.4811,0.4447
readmit30,86583177,219926538,1,0,0.1241,0.1016,0.1367,0.3844,0.3484
readmit30,86583177,252480432,2,0,0.1606,0.13,0.1642,0.3949,0.3759
readmit30,86593590,201337644,0,0,0.0766,0.0652,0.0714,0.4873,0.4473
readmit30,86593590,397829204,1,0,0.1322,0.1012,0.124,0.4077,0.3605
readmit30,86605407,153119670,0,0,0.1083,0.0944,0.1205,0.4822,0.4446
readmit30,86605407,158855130,1,0,0.154,0.1089,0.1351,0.3651,0.3371
readmit30,86605407,178619052,2,0,0.127,0.1307,0.1332,0.3968,0.3813
readmit30,86611257,159645852,0,1,0.0766,0.0608,0.0848,0.484,0.4455
readmit30,86611257,180003894,1,0,0.2992,0.1455,0.3601,0.38,0.3559
readmit30,86627151,144479250,0,0,0.0509,0.0362,0.0364,0.4951,0.4587
readmit30,86627151,160782786,1,0,0.1179,0.1065,0.0961,0.3508,0.3302
readmit30,86627151,394294676,2,0,0.0892,0.1256,0.0888,0.4926,0.4306
readmit30,86635908,192026070,0,0,0.088,0.0584,0.0774,0.4837,0.4483
readmit30,86635908,229417188,1,0,0.1234,0.1251,0.1386,0.3383,0.3257
readmit30,86669163,161176362,0,0,0.0741,0.0601,0.0889,0.4832,0.4461
readmit30,86669163,197456322,1,0,0.1861,0.1279,0.1856,0.3625,0.3347
readmit30,86669460,156856098,0,0,0.076,0.1144,0.0903,0.4685,0.4388
readmit30,86669460,204070362,1,0,0.1444,0.1185,0.1664,0.3821,0.3543
readmit30,86685795,147897180,0,0,0.036,0.0292,0.0182,0.5102,0.4734
readmit30,86685795,233652264,1,0,0.0642,0.0406,0.0322,0.4306,0.3972
readmit30,86716935,232727694,0,1,0.1066,0.0696,0.1179,0.4829,0.4475
readmit30,86716935,233500908,1,1,0.1419,0.1174,0.1547,0.3879,0.3612
readmit30,86716935,238818540,2,0,0.2358,0.2504,0.3349,0.488,0.4329
readmit30,86740740,243012282,0,0,0.0805,0.0543,0.0935,0.486,0.4475
readmit30,86740740,258017238,1,0,0.1596,0.1093,0.1643,0.3629,0.3366
readmit30,86810688,143663856,0,0,0.0694,0.0579,0.0651,0.4861,0.4504
readmit30,86810688,408493820,1,0,0.1226,0.0981,0.1053,0.3795,0.3431
readmit30,86839533,155323272,0,0,0.0622,0.0499,0.0663,0.4935,0.4536
readmit30,86839533,253839738,1,0,0.1536,0.1195,0.1421,0.3474,0.3314
readmit30,86839533,270033198,2,0,0.1424,0.1241,0.1645,0.4485,0.4054
readmit30,86845599,166119798,0,0,0.0583,0.0542,0.0585,0.4846,0.4475
readmit30,86845599,220294344,1,0,0.1088,0.0796,0.0976,0.3784,0.3473
readmit30,86877342,163755588,0,0,0.0785,0.0522,0.0768,0.49,0.453
readmit30,86877342,205466538,1,0,0.1187,0.0924,0.1292,0.3474,0.3343
readmit30,86880384,13949466,0,0,0.0477,0.0362,0.0306,0.5013,0.463
readmit30,86880384,86953182,1,0,0.1044,0.0854,0.0744,0.3644,0.3421
readmit30,86952888,197280624,0,0,0.0427,0.0321,0.0332,0.5017,0.4628
readmit30,86952888,252471540,1,0,0.1016,0.0651,0.0748,0.3765,0.3505
readmit30,86970960,106006440,0,1,0.157,0.1653,0.1981,0.4503,0.4273
readmit30,86970960,107288832,1,0,0.2427,0.3305,0.3177,0.422,0.3669
readmit30,87056163,227739240,0,0,0.0735,0.0556,0.0577,0.4884,0.4491
readmit30,87056163,241385580,1,0,0.1114,0.0933,0.0891,0.3721,0.3406
readmit30,87230223,175607352,0,0,0.0961,0.0916,0.1025,0.4752,0.4413
readmit30,87230223,219420654,1,0,0.092,0.0821,0.0566,0.3912,0.3514
readmit30,87230223,320813684,2,0,0.0915,0.0559,0.0445,0.4797,0.4297
readmit30,87260724,149133738,0,0,0.0573,0.0417,0.0562,0.4975,0.4594
readmit30,87260724,381448694,1,0,0.0894,0.0694,0.0767,0.3947,0.3641
readmit30,87281910,201621888,0,0,0.1142,0.1007,0.1422,0.4759,0.4422
readmit30,87281910,219922008,1,0,0.1914,0.1041,0.2507,0.3798,0.353
readmit30,87321033,161622468,0,0,0.0949,0.0962,0.1168,0.4744,0.4442
readmit30,87321033,203647326,1,0,0.126,0.125,0.1617,0.3807,0.3444
readmit30,87321033,217776900,2,0,0.1412,0.1295,0.1619,0.435,0.4008
readmit30,87342696,33859962,0,0,0.0605,0.051,0.0675,0.4921,0.4552
readmit30,87342696,109996914,1,0,0.1745,0.0998,0.1434,0.3502,0.3292
readmit30,87356583,158210088,0,0,0.1167,0.0966,0.1308,0.4824,0.4502
readmit30,87356583,338387948,1,0,0.0947,0.068,0.0818,0.4015,0.3684
readmit30,87399378,85886682,0,0,0.1067,0.1415,0.1353,0.4645,0.434
readmit30,87399378,162858486,1,0,0.1038,0.0805,0.1066,0.4209,0.3638
readmit30,87407325,211860360,0,0,0.1372,0.0753,0.1477,0.4827,0.4425
readmit30,87407325,227421048,1,0,0.1617,0.1433,0.209,0.3673,0.3501
readmit30,87407325,233807148,2,0,0.1216,0.1379,0.1005,0.3995,0.371
readmit30,87407325,269065074,3,0,0.1951,0.1948,0.1875,0.3514,0.37
readmit30,87407325,379087850,4,1,0.2169,0.1843,0.2255,0.429,0.3778
readmit30,87407325,383111894,5,0,0.3482,0.3845,0.4503,0.4598,0.4247
readmit30,87407325,436756514,6,0,0.133,0.198,0.1453,0.4256,0.3856
readmit30,87439923,140888442,0,0,0.0869,0.0576,0.0788,0.4842,0.4445
readmit30,87439923,207957366,1,0,0.1272,0.1038,0.1542,0.4082,0.3589
readmit30,87494040,175415244,0,0,0.1492,0.1466,0.1857,0.4602,0.43
readmit30,87494040,223039668,1,0,0.1284,0.1808,0.1604,0.3633,0.3347
readmit30,87495174,165222966,0,0,0.0867,0.0624,0.086,0.4816,0.443
readmit30,87495174,169777602,1,0,0.1043,0.108,0.1033,0.3618,0.3378
readmit30,87522237,245628840,0,0,0.1431,0.14,0.1501,0.4557,0.429
readmit30,87522237,263033976,1,0,0.2559,0.1902,0.3139,0.3616,0.3389
readmit30,87627492,153908100,0,0,0.0635,0.0427,0.0589,0.4957,0.4581
readmit30,87627492,189581496,1,0,0.1055,0.0892,0.1146,0.3681,0.3478
readmit30,87627492,269331420,2,0,0.1574,0.1025,0.1717,0.4618,0.4103
readmit30,87627492,277087308,3,0,0.1216,0.096,0.106,0.3646,0.3749
readmit30,87627492,287243268,4,0,0.2373,0.114,0.2224,0.3922,0.3668
readmit30,87632190,153793578,0,0,0.0624,0.0403,0.0567,0.4951,0.4562
readmit30,87632190,198080040,1,1,0.0797,0.0473,0.0528,0.4022,0.3668
readmit30,87632190,237639678,2,0,0.2266,0.1389,0.2574,0.3767,0.3835
readmit30,87756876,211756350,0,0,0.1135,0.0897,0.1363,0.4848,0.4455
readmit30,87756876,221304546,1,0,0.1192,0.095,0.0877,0.3764,0.3335
readmit30,87756876,263290044,2,0,0.1014,0.1018,0.0665,0.4422,0.4029
readmit30,87771987,291880848,0,1,0.0891,0.0323,0.0505,0.5055,0.4688
readmit30,87771987,373683122,1,0,0.1201,0.109,0.0843,0.3646,0.3482
readmit30,87820137,76331082,0,1,0.0678,0.0435,0.0585,0.4958,0.4579
readmit30,87820137,79133886,1,0,0.1788,0.1109,0.1364,0.3685,0.3531
readmit30,87882093,162501960,0,0,0.1378,0.1153,0.1724,0.4756,0.4392
readmit30,87882093,201532698,1,0,0.1226,0.1221,0.1386,0.3638,0.3367
readmit30,87929559,166372506,0,0,0.0596,0.0599,0.0576,0.4969,0.4651
readmit30,87929559,252519906,1,1,0.0633,0.0365,0.0322,0.4096,0.3756
readmit30,87929559,252870222,2,0,0.1195,0.059,0.0881,0.4408,0.4191
readmit30,87932628,149840952,0,0,0.0751,0.0496,0.0728,0.4931,0.4524
readmit30,87932628,255433992,1,0,0.0791,0.0704,0.0612,0.4077,0.3668
readmit30,87946983,223862970,0,1,0.115,0.1254,0.1523,0.4659,0.4365
readmit30,87946983,226970352,1,0,0.1362,0.1479,0.1475,0.3935,0.357
readmit30,87947991,288442056,0,0,0.1143,0.0973,0.129,0.4626,0.434
readmit30,87947991,303745988,1,0,0.1297,0.1536,0.1369,0.3519,0.3254
readmit30,87964578,79626012,0,0,0.2837,0.2125,0.2895,0.4453,0.4271
readmit30,87964578,116469132,1,0,0.4086,0.2376,0.529,0.3832,0.3512
readmit30,87977169,218343822,0,0,0.1061,0.0714,0.106,0.4867,0.4484
readmit30,87977169,228313866,1,0,0.1211,0.1085,0.1066,0.3444,0.333
readmit30,87987879,216179268,0,0,0.0392,0.0343,0.0341,0.5043,0.4709
readmit30,87987879,252329064,1,0,0.1019,0.0836,0.1077,0.3542,0.3502
readmit30,88017948,140183166,0,0,0.103,0.1212,0.1553,0.4673,0.4368
readmit30,88017948,170269224,1,0,0.136,0.1279,0.1507,0.3705,0.3324
readmit30,88042680,167119920,0,0,0.0879,0.0753,0.0855,0.4898,0.4496
readmit30,88042680,172445724,1,0,0.212,0.1164,0.1698,0.3494,0.3255
readmit30,88049034,141031176,0,1,0.0905,0.0659,0.0967,0.4831,0.4444
readmit30,88049034,157462566,1,1,0.1962,0.1349,0.1554,0.351,0.3477
readmit30,88083837,152296458,0,0,0.1853,0.1225,0.2024,0.473,0.4358
readmit30,88083837,164842272,1,1,0.1444,0.1324,0.1584,0.3774,0.3415
readmit30,88083837,165645972,2,0,0.1893,0.2748,0.2261,0.4466,0.4137
readmit30,88083837,169936314,3,0,0.237,0.2625,0.2352,0.3649,0.3727
readmit30,88083837,215873094,4,0,0.2694,0.236,0.2527,0.3794,0.3557
readmit30,88083837,420828008,5,0,0.226,0.2734,0.2925,0.5262,0.4427
readmit30,88114716,141696600,0,0,0.1197,0.1344,0.2154,0.4723,0.4352
readmit30,88114716,259912530,1,0,0.1308,0.1046,0.177,0.4217,0.3604
readmit30,88115967,220772748,0,0,0.079,0.043,0.0823,0.4992,0.4596
readmit30,88115967,413810678,1,0,0.1199,0.0878,0.1228,0.3848,0.3464
readmit30,88118658,101067348,0,0,0.0741,0.058,0.0713,0.4845,0.4475
readmit30,88118658,106769232,1,0,0.1149,0.106,0.1257,0.3737,0.347
readmit30,88120791,343756412,0,0,0.113,0.0764,0.0936,0.4777,0.4408
readmit30,88120791,403226306,1,1,0.339,0.5947,0.446,0.5811,0.4605
readmit30,88227540,141532464,0,1,0.0812,0.1027,0.094,0.4699,0.4351
readmit30,88227540,143476896,1,0,0.1422,0.2087,0.1767,0.3882,0.3563
readmit30,88227540,166855620,2,1,0.1711,0.2369,0.1775,0.413,0.3775
readmit30,88227540,168604836,3,0,0.397,0.3589,0.4108,0.3891,0.3975
readmit30,88227540,178379748,4,0,0.293,0.283,0.2584,0.4004,0.36
readmit30,88227540,186074238,5,0,0.3539,0.3188,0.3045,0.4306,0.3972
readmit30,88227540,192803478,6,0,0.3939,0.3105,0.3432,0.4373,0.3898
readmit30,88227540,198897378,7,0,0.3404,0.3369,0.2898,0.408,0.382
readmit30,88227540,231909198,8,0,0.177,0.3287,0.1495,0.4557,0.3903
readmit30,88227540,246808560,9,0,0.2704,0.2977,0.2563,0.4032,0.3757
readmit30,88227540,257027706,10,1,0.3388,0.318,0.3212,0.4424,0.3982
readmit30,88227540,261596778,11,1,0.3044,0.4123,0.3289,0.4986,0.4281
readmit30,88227540,265036230,12,1,0.3994,0.441,0.4804,0.4948,0.4286
readmit30,88227540,267268842,13,1,0.3089,0.4522,0.3224,0.4981,0.4259
readmit30,88227540,272341200,14,1,0.4594,0.4862,0.5089,0.5048,0.4343
readmit30,88227540,274542942,15,1,0.437,0.4976,0.4741,0.5105,0.434
readmit30,88227540,277879686,16,1,0.4149,0.5093,0.4373,0.5283,0.4394
readmit30,88227540,282577938,17,0,0.4063,0.5011,0.4405,0.4997,0.4339
readmit30,88227540,302587472,18,1,0.4403,0.4323,0.3865,0.4796,0.4048
readmit30,88227540,341998334,19,1,0.4476,0.5103,0.4588,0.5169,0.4351
readmit30,88227540,362647880,20,0,0.5464,0.5043,0.5608,0.5173,0.4369
readmit30,88227540,394353314,21,1,0.3678,0.4255,0.3316,0.4806,0.4095
readmit30,88227540,442552658,22,0,0.4466,0.5213,0.4881,0.5151,0.4392
readmit30,88282737,26864694,0,0,0.0918,0.0718,0.0883,0.4744,0.4392
readmit30,88282737,103219818,1,0,0.0906,0.0619,0.0588,0.4607,0.4029
readmit30,88282737,146896830,2,0,0.1801,0.1206,0.1031,0.3376,0.3515
readmit30,88282737,161086854,3,0,0.2433,0.2186,0.2713,0.3195,0.3615
readmit30,88308783,154547556,0,1,0.0725,0.0611,0.0559,0.4832,0.4472
readmit30,88308783,154973820,1,1,0.1231,0.1538,0.1099,0.3914,0.3592
readmit30,88308783,161087952,2,0,0.3126,0.2468,0.288,0.4157,0.3972
readmit30,88308783,172121388,3,0,0.2031,0.2428,0.2235,0.363,0.3738
readmit30,88438590,64131198,0,1,0.1978,0.2369,0.2532,0.4442,0.426
readmit30,88438590,80074560,1,1,0.2829,0.3314,0.3197,0.4017,0.3609
readmit30,88449669,175712352,0,1,0.0798,0.052,0.0619,0.4884,0.4501
readmit30,88449669,177402762,1,0,0.1429,0.1321,0.1154,0.3545,0.3434
readmit30,88462350,117453840,0,0,0.0398,0.0349,0.0386,0.4982,0.4641
readmit30,88462350,136290852,1,1,0.1029,0.1051,0.0866,0.3473,0.3257
readmit30,88462350,140548338,2,0,0.2246,0.2364,0.2293,0.4388,0.417
readmit30,88475193,93775788,0,1,0.0444,0.0333,0.0327,0.5097,0.4792
readmit30,88475193,93973284,1,0,0.083,0.0672,0.0633,0.3874,0.3653
readmit30,88476435,209581182,0,0,0.0757,0.06,0.0609,0.4859,0.4523
readmit30,88476435,263720190,1,0,0.0877,0.1066,0.0556,0.3492,0.3407
readmit30,88476435,312533234,2,0,0.1667,0.1108,0.1156,0.4048,0.3805
readmit30,88491699,216843138,0,0,0.0529,0.0435,0.054,0.495,0.4568
readmit30,88491699,222038490,1,0,0.105,0.1214,0.1108,0.3325,0.3262
readmit30,88520409,76955742,0,1,0.1111,0.1568,0.1379,0.4568,0.4291
readmit30,88520409,84700986,1,0,0.3394,0.3057,0.3587,0.4071,0.3623
readmit30,88522326,177799500,0,0,0.0752,0.0485,0.0717,0.4951,0.4552
readmit30,88522326,234852324,1,0,0.1201,0.0903,0.0877,0.367,0.3425
readmit30,88523217,108385836,0,0,0.0516,0.0331,0.0365,0.5064,0.4687
readmit30,88523217,110921340,1,0,0.0575,0.0394,0.0219,0.4247,0.3822
readmit30,88525314,124346976,0,0,0.1693,0.1484,0.1864,0.4677,0.4368
readmit30,88525314,190109856,1,1,0.1416,0.1245,0.1897,0.4011,0.3573
readmit30,88525314,190707654,2,0,0.1411,0.1416,0.1461,0.4068,0.3912
readmit30,88529724,241640946,0,1,0.1047,0.0699,0.1066,0.4813,0.4442
readmit30,88529724,244821672,1,0,0.2368,0.1705,0.26,0.3843,0.3528
readmit30,88530390,237758790,0,0,0.0471,0.0364,0.0335,0.5013,0.4652
readmit30,88530390,442650974,1,0,0.0817,0.0581,0.0513,0.3879,0.3577
readmit30,88533495,144864516,0,0,0.0656,0.1053,0.0777,0.4685,0.437
readmit30,88533495,152261172,1,0,0.1397,0.1296,0.171,0.383,0.3423
readmit30,88533495,170843994,2,1,0.1724,0.1546,0.1456,0.4027,0.3786
readmit30,88533495,172300650,3,0,0.2001,0.2552,0.1785,0.4002,0.3988
readmit30,88533495,199319082,4,1,0.2242,0.2386,0.2405,0.4308,0.3758
readmit30,88533495,202601598,5,1,0.3095,0.3759,0.4045,0.4671,0.4213
readmit30,88533495,207213234,6,0,0.3263,0.4196,0.4253,0.479,0.4178
readmit30,88533495,218652600,7,1,0.4503,0.3251,0.5007,0.4277,0.3808
readmit30,88533495,222284964,8,1,0.4362,0.4854,0.6078,0.5086,0.431
readmit30,88533495,226230834,9,1,0.4503,0.4578,0.4983,0.4846,0.4199
readmit30,88533495,239127900,10,0,0.3501,0.4665,0.4626,0.5262,0.4355
readmit30,88533495,247042512,11,0,0.3689,0.3689,0.4638,0.4905,0.4154
readmit30,88533495,269967354,12,0,0.37,0.3602,0.4899,0.4756,0.4068
readmit30,88537626,152289270,0,0,0.0694,0.0523,0.0781,0.492,0.4541
readmit30,88537626,160707468,1,0,0.0726,0.0545,0.0508,0.3816,0.3518
readmit30,88589988,155005722,0,0,0.0921,0.0835,0.1237,0.4763,0.4444
readmit30,88589988,166415220,1,0,0.1388,0.1399,0.1512,0.3534,0.3296
readmit30,88618896,150065790,0,0,0.126,0.0848,0.141,0.474,0.4406
readmit30,88618896,154608402,1,0,0.1343,0.1906,0.1683,0.3398,0.3226
readmit30,88618896,167754042,2,0,0.132,0.1542,0.1393,0.4377,0.3975
readmit30,88618896,172431438,3,0,0.1596,0.1602,0.1314,0.3422,0.3615
readmit30,88618896,198192414,4,0,0.1671,0.1494,0.153,0.3963,0.3611
readmit30,88618896,269380158,5,1,0.1043,0.1314,0.0983,0.4923,0.4294
readmit30,88618896,275279418,6,0,0.1627,0.1299,0.1426,0.4143,0.3908
readmit30,88625970,125826822,0,0,0.0868,0.0552,0.0805,0.4917,0.455
readmit30,88625970,152556714,1,0,0.1125,0.1059,0.1116,0.3543,0.3337
readmit30,88630605,181612908,0,0,0.048,0.0284,0.029,0.5158,0.4819
readmit30,88630605,186515124,1,0,0.0617,0.0469,0.0401,0.3838,0.3633
readmit30,88652034,148516782,0,0,0.1452,0.0978,0.1787,0.4728,0.4371
readmit30,88652034,357323234,1,0,0.069,0.0796,0.0852,0.4271,0.3719
readmit30,88692750,120275298,0,0,0.0521,0.0376,0.0448,0.5008,0.4638
readmit30,88692750,133953066,1,0,0.1452,0.1528,0.1276,0.3248,0.3274
readmit30,88692750,140714004,2,1,0.1464,0.2239,0.1642,0.4422,0.4099
readmit30,88692750,142214844,3,0,0.2469,0.3619,0.3054,0.4113,0.4065
readmit30,88692750,145774122,4,0,0.1966,0.2551,0.1872,0.4051,0.3612
readmit30,88692750,153493776,5,0,0.2632,0.2737,0.2506,0.4219,0.3887
readmit30,88692750,166023168,6,0,0.315,0.3096,0.2938,0.4233,0.3898
readmit30,88692750,178352634,7,0,0.3978,0.303,0.4075,0.4167,0.3853
readmit30,88692750,214777116,8,1,0.2323,0.3236,0.2292,0.4345,0.3869
readmit30,88692750,216900534,9,0,0.4217,0.4511,0.521,0.4195,0.4018
readmit30,88692750,223095240,10,1,0.3081,0.4081,0.3483,0.4398,0.3928
readmit30,88704864,144122148,0,1,0.1598,0.1206,0.1883,0.4677,0.4321
readmit30,88704864,144824220,1,1,0.27,0.2318,0.3185,0.4069,0.3636
readmit30,88704864,155751300,2,0,0.2156,0.2661,0.2062,0.4485,0.4097
readmit30,88704864,163621188,3,0,0.2207,0.2138,0.2301,0.3678,0.3722
readmit30,88704864,178769070,4,0,0.3332,0.2002,0.3216,0.3909,0.3572
readmit30,88729857,107502948,0,0,0.1322,0.0893,0.1283,0.4781,0.4403
readmit30,88729857,110203734,1,1,0.1177,0.0949,0.1028,0.3724,0.3379
readmit30,88729857,111912144,2,1,0.2036,0.1958,0.1952,0.4099,0.4
readmit30,88729857,113560164,3,0,0.2216,0.3049,0.3526,0.401,0.3995
readmit30,88729857,117024216,4,0,0.1815,0.2165,0.1863,0.3938,0.3575
readmit30,88738947,161825088,0,0,0.1239,0.0764,0.1447,0.4753,0.4425
readmit30,88738947,249922806,1,0,0.0916,0.0673,0.1141,0.4168,0.3719
readmit30,88751745,255197070,0,0,0.1126,0.0992,0.1133,0.4793,0.4429
readmit30,88751745,277876140,1,0,0.1315,0.091,0.1129,0.3903,0.3503
readmit30,88751745,391389890,2,0,0.2159,0.1243,0.1875,0.39,0.3764
readmit30,88758270,125618526,0,0,0.0567,0.0298,0.0386,0.5094,0.4736
readmit30,88758270,158498652,1,0,0.1327,0.078,0.1033,0.3522,0.336
readmit30,88758270,250466988,2,0,0.1405,0.0942,0.1234,0.4546,0.4088
readmit30,88761150,183953568,0,0,0.0721,0.1012,0.0902,0.4702,0.4355
readmit30,88761150,268637166,1,0,0.178,0.1116,0.2883,0.4344,0.376
readmit30,88780527,120392274,0,0,0.1559,0.1375,0.1917,0.4664,0.4331
readmit30,88780527,130453626,1,1,0.125,0.1068,0.1386,0.4067,0.3587
readmit30,88780527,143783922,2,0,0.2395,0.2088,0.2311,0.4071,0.385
readmit30,88780527,171979896,3,0,0.1411,0.1413,0.1261,0.3954,0.385
readmit30,88780527,179828622,4,0,0.1477,0.0972,0.1543,0.4136,0.3738
readmit30,88780527,216840228,5,0,0.2146,0.1191,0.1695,0.4052,0.3819
readmit30,88780527,251348532,6,0,0.1466,0.1341,0.1467,0.3992,0.3647
readmit30,88780527,267468822,7,0,0.154,0.1494,0.1488,0.3974,0.3832
readmit30,88780527,325444886,8,0,0.1206,0.1505,0.1191,0.4397,0.3935
readmit30,88813107,154523742,0,0,0.05,0.0537,0.0538,0.488,0.4496
readmit30,88813107,275392554,1,0,0.0706,0.0717,0.0681,0.4011,0.3588
readmit30,88813107,327255482,2,0,0.1357,0.1081,0.1027,0.3893,0.3768
readmit30,88813107,342520388,3,1,0.137,0.0964,0.1461,0.387,0.3848
readmit30,88813107,378494324,4,0,0.2153,0.1605,0.1802,0.38,0.3682
readmit30,88863696,206636460,0,0,0.0537,0.0423,0.0525,0.4922,0.4545
readmit30,88863696,322479218,1,1,0.1247,0.0903,0.1172,0.4003,0.3617
readmit30,88863696,326064842,2,0,0.1606,0.1129,0.1167,0.3822,0.3883
readmit30,88863696,387242168,3,0,0.2679,0.5074,0.3524,0.5662,0.4693
readmit30,88873668,183591420,0,1,0.0687,0.0754,0.0497,0.4717,0.4416
readmit30,88873668,184367070,1,0,0.1758,0.1619,0.1597,0.4132,0.3727
readmit30,88993953,151615020,0,0,0.0368,0.029,0.0215,0.5097,0.4718
readmit30,88993953,258727644,1,0,0.0802,0.0421,0.0622,0.4184,0.3853
readmit30,89008731,65585304,0,1,0.199,0.3001,0.2767,0.4362,0.4267
readmit30,89008731,236709246,1,1,0.2465,0.4878,0.5171,0.5132,0.4106
readmit30,89032257,121719012,0,1,0.0362,0.037,0.0317,0.4993,0.4594
readmit30,89032257,122142792,1,1,0.1145,0.096,0.0924,0.3845,0.3663
readmit30,89032257,123184122,2,1,0.1575,0.0959,0.1482,0.45,0.4209
readmit30,89032257,125077374,3,0,0.1728,0.2567,0.1713,0.3432,0.3738
readmit30,89041761,121121466,0,0,0.1115,0.1355,0.1423,0.4667,0.4367
readmit30,89041761,158838726,1,0,0.1367,0.1004,0.1723,0.402,0.3545
readmit30,89045397,128863656,0,0,0.0779,0.0543,0.0757,0.493,0.4537
readmit30,89045397,154756362,1,0,0.1149,0.0988,0.0889,0.3779,0.3449
readmit30,89045397,177381840,2,0,0.1329,0.1349,0.1766,0.4337,0.3943
readmit30,89045397,350220578,3,0,0.1559,0.1251,0.1386,0.417,0.3969
readmit30,89104941,156920046,0,0,0.052,0.0562,0.0465,0.4891,0.4491
readmit30,89104941,200342064,1,0,0.0857,0.0614,0.0381,0.4028,0.3666
readmit30,89104941,230421042,2,0,0.1322,0.1255,0.1306,0.3907,0.3774
readmit30,89104941,423805934,3,0,0.128,0.1364,0.116,0.3682,0.383
readmit30,89104941,430165604,4,0,0.1408,0.1374,0.1206,0.387,0.3605
readmit30,89111484,142403496,0,0,0.1031,0.0918,0.1156,0.4758,0.4392
readmit30,89111484,158031264,1,0,0.1468,0.142,0.1778,0.341,0.3261
readmit30,89111484,185350434,2,0,0.1545,0.1386,0.1723,0.4386,0.3939
readmit30,89111484,247035390,3,0,0.1464,0.1308,0.1569,0.3825,0.3756
readmit30,89111484,260481738,4,0,0.1495,0.157,0.1935,0.4123,0.372
readmit30,89111484,287294040,5,0,0.1558,0.1264,0.1681,0.4164,0.3865
readmit30,89149203,189772518,0,0,0.0752,0.0641,0.081,0.4863,0.4464
readmit30,89149203,198642150,1,0,0.132,0.0961,0.1473,0.3725,0.3439
readmit30,89149203,253041516,2,0,0.1425,0.1127,0.1435,0.408,0.3879
readmit30,89155233,191440872,0,0,0.067,0.0368,0.086,0.4962,0.4602
readmit30,89155233,291816348,1,0,0.1561,0.0992,0.1591,0.3894,0.3591
readmit30,89161020,220350702,0,0,0.1048,0.0843,0.114,0.4809,0.4444
readmit30,89161020,358492376,1,0,0.1072,0.0867,0.1173,0.4103,0.3656
readmit30,89172873,144654342,0,0,0.1006,0.0435,0.0905,0.4965,0.4602
readmit30,89172873,229677930,1,0,0.0812,0.0436,0.0378,0.3856,0.366
readmit30,89172873,257780616,2,1,0.0955,0.0805,0.0669,0.3965,0.3852
readmit30,89205705,236465706,0,0,0.1128,0.0812,0.1223,0.4866,0.4502
readmit30,89205705,346738466,1,0,0.1757,0.0901,0.1512,0.3687,0.3459
readmit30,89208225,120451782,0,0,0.0485,0.0343,0.0259,0.5068,0.4712
readmit30,89208225,220116936,1,0,0.0867,0.0439,0.0478,0.4016,0.3699
readmit30,89261172,124586820,0,0,0.0638,0.0545,0.0612,0.4866,0.4483
readmit30,89261172,248337126,1,1,0.1514,0.0924,0.1503,0.403,0.3617
readmit30,89261172,250668234,2,0,0.1476,0.118,0.1401,0.4092,0.3915
readmit30,89280648,165909276,0,0,0.073,0.0572,0.07,0.4872,0.4525
readmit30,89280648,169304376,1,0,0.1181,0.1019,0.0852,0.3522,0.3291
readmit30,89280648,207714186,2,0,0.124,0.1159,0.097,0.438,0.3993
readmit30,89280648,225182490,3,0,0.1755,0.1383,0.1451,0.3451,0.3586
readmit30,89287803,285806172,0,1,0.1317,0.0895,0.1278,0.4905,0.4555
readmit30,89287803,286540002,1,0,0.4644,0.1628,0.4366,0.3191,0.3286
readmit30,89287803,288523836,2,0,0.1284,0.068,0.0965,0.4636,0.4228
readmit30,89287803,393746060,3,0,0.1558,0.1133,0.1029,0.3032,0.3313
readmit30,89301258,187133346,0,0,0.2399,0.2643,0.2619,0.4468,0.4312
readmit30,89301258,297785468,1,1,0.1673,0.2191,0.1705,0.4058,0.3463
readmit30,89315190,141477102,0,0,0.0435,0.0346,0.03,0.5184,0.4877
readmit30,89315190,255930150,1,0,0.0641,0.0348,0.0303,0.4069,0.3856
readmit30,89323362,209809110,0,1,0.0397,0.0301,0.0211,0.5054,0.4708
readmit30,89323362,210612192,1,0,0.0963,0.0514,0.0344,0.4217,0.3925
readmit30,89343846,173928942,0,0,0.0406,0.0453,0.0388,0.4945,0.4525
readmit30,89343846,236209338,1,0,0.0578,0.0531,0.0458,0.4239,0.3779
readmit30,89395641,108270996,0,0,0.0708,0.0321,0.0659,0.5041,0.4688
readmit30,89395641,173679888,1,0,0.1094,0.0764,0.1505,0.404,0.3693
readmit30,89453007,252681918,0,1,0.3124,0.1816,0.3451,0.4734,0.4418
readmit30,89453007,253725264,1,0,0.0768,0.0561,0.0303,0.4167,0.3754
readmit30,89487558,159404256,0,0,0.1269,0.0626,0.1284,0.4895,0.4492
readmit30,89487558,194026476,1,0,0.1118,0.1084,0.1165,0.3685,0.3424
readmit30,89487801,128439030,0,1,0.12,0.1035,0.1353,0.4739,0.4395
readmit30,89487801,129276576,1,0,0.1858,0.1798,0.1952,0.3853,0.3561
readmit30,89487801,137006760,2,0,0.1938,0.1722,0.2041,0.4071,0.3808
readmit30,89487801,153821202,3,0,0.2,0.194,0.2435,0.3632,0.3701
readmit30,89487801,157398666,4,0,0.1563,0.167,0.1484,0.3923,0.3579
readmit30,89527419,218279904,0,0,0.0514,0.0439,0.0575,0.4961,0.4579
readmit30,89527419,278104998,1,0,0.1044,0.0666,0.0805,0.384,0.3502
readmit30,89612235,109515534,0,0,0.0543,0.039,0.0525,0.509,0.4712
readmit30,89612235,120988164,1,0,0.1221,0.1807,0.0839,0.2811,0.2969
readmit30,89612235,130098420,2,0,0.2611,0.2598,0.2401,0.376,0.3767
readmit30,89612235,150467586,3,0,0.2686,0.244,0.3087,0.3596,0.3596
readmit30,89612235,168607830,4,0,0.1707,0.1701,0.2434,0.4001,0.362
readmit30,89612235,185566242,5,0,0.2368,0.1749,0.2307,0.4102,0.3788
readmit30,89612235,190674708,6,1,0.1927,0.172,0.1423,0.389,0.3747
readmit30,89612235,193834734,7,0,0.2856,0.3026,0.2249,0.4613,0.4279
readmit30,89612235,205890774,8,0,0.3046,0.3042,0.251,0.3926,0.3724
readmit30,89612235,218142858,9,1,0.436,0.3418,0.4709,0.3916,0.3688
readmit30,89612235,222143832,10,0,0.448,0.4736,0.4892,0.5013,0.4414
readmit30,89612235,233099112,11,0,0.4013,0.3577,0.4297,0.4494,0.3984
readmit30,89641179,153792474,0,0,0.1268,0.115,0.1331,0.4778,0.4444
readmit30,89641179,221905560,1,0,0.1119,0.0821,0.088,0.3814,0.3486
readmit30,89641179,245315190,2,0,0.1286,0.0987,0.0993,0.3831,0.3784
readmit30,89641179,268993356,3,0,0.1476,0.1586,0.1509,0.3562,0.3667
readmit30,89652294,413733170,0,0,0.0683,0.0598,0.0767,0.4869,0.4492
readmit30,89652294,433260608,1,1,0.0951,0.0958,0.0885,0.3872,0.35
readmit30,89654184,120651390,0,1,0.0471,0.0448,0.0522,0.4946,0.4559
readmit30,89654184,122757480,1,0,0.1232,0.1141,0.1175,0.3602,0.3495
readmit30,89691894,214783236,0,0,0.0598,0.0319,0.043,0.5024,0.4669
readmit30,89691894,427286138,1,0,0.1074,0.053,0.0827,0.3963,0.3734
readmit30,89704323,193184790,0,0,0.1529,0.1365,0.1744,0.4646,0.4336
readmit30,89704323,215896242,1,0,0.1582,0.1784,0.223,0.3711,0.3379
readmit30,89712558,271483218,0,0,0.1212,0.0769,0.1033,0.4862,0.4484
readmit30,89712558,286816044,1,0,0.1047,0.0947,0.0766,0.3581,0.337
readmit30,89807616,153360810,0,0,0.0477,0.0446,0.0586,0.4979,0.4589
readmit30,89807616,278489520,1,0,0.0859,0.0705,0.093,0.4121,0.365
readmit30,89843373,120567702,0,1,0.041,0.0386,0.0316,0.4973,0.4612
readmit30,89843373,121852494,1,0,0.1134,0.0904,0.0748,0.3604,0.3543
readmit30,89843373,157133154,2,0,0.0935,0.1158,0.0979,0.4678,0.4192
readmit30,89843373,245619486,3,0,0.1193,0.0878,0.1284,0.4229,0.402
readmit30,89910360,205293672,0,0,0.0773,0.0374,0.0416,0.4954,0.4611
readmit30,89910360,435526676,1,1,0.3102,0.1771,0.3892,0.2844,0.3071
readmit30,89910360,438468824,2,0,0.456,0.3191,0.5069,0.4285,0.4187
readmit30,89921313,211469952,0,0,0.1119,0.0776,0.0971,0.4717,0.4389
readmit30,89921313,275962866,1,0,0.0874,0.0968,0.0712,0.3736,0.3456
readmit30,89935542,173510058,0,1,0.077,0.0558,0.0501,0.4949,0.4589
readmit30,89935542,176011554,1,0,0.122,0.0718,0.058,0.3798,0.3552
readmit30,89974386,38687232,0,0,0.066,0.0736,0.0753,0.4811,0.4419
readmit30,89974386,61854822,1,0,0.1922,0.1345,0.191,0.3533,0.3319
readmit30,89982864,362648216,0,0,0.1669,0.1522,0.2224,0.4641,0.4345
readmit30,89982864,412643618,1,1,0.6188,0.5331,0.7479,0.5488,0.4255
readmit30,90000162,143345346,0,0,0.0614,0.0652,0.0729,0.4806,0.4472
readmit30,90000162,149126886,1,0,0.1483,0.1112,0.1474,0.363,0.3358
readmit30,90000162,152464026,2,0,0.1787,0.1431,0.1984,0.413,0.3905
readmit30,90000162,162071358,3,1,0.1668,0.1775,0.1638,0.342,0.3598
readmit30,90027054,139309014,0,1,0.0806,0.0603,0.0921,0.486,0.4461
readmit30,90027054,140385282,1,0,0.1175,0.1304,0.1095,0.3949,0.3583
readmit30,90040257,284712768,0,0,0.1053,0.1095,0.1191,0.473,0.4381
readmit30,90040257,303801770,1,0,0.1632,0.061,0.1115,0.4271,0.3726
readmit30,90049221,160146084,0,0,0.0629,0.0434,0.0629,0.4967,0.4596
readmit30,90049221,176646972,1,0,0.1145,0.1208,0.0951,0.3154,0.3168
readmit30,90049221,204679362,2,0,0.1818,0.144,0.1579,0.3817,0.3739
readmit30,90089631,253310106,0,1,0.0961,0.0724,0.111,0.4855,0.4457
readmit30,90089631,257040210,1,0,0.1343,0.1298,0.1481,0.3868,0.3513
readmit30,90095454,175782576,0,0,0.0421,0.0332,0.0323,0.5003,0.4603
readmit30,90095454,246913434,1,0,0.059,0.0458,0.0387,0.4001,0.3672
readmit30,90168831,171750096,0,0,0.0833,0.0623,0.0874,0.4837,0.4464
readmit30,90168831,211607724,1,0,0.1422,0.1267,0.1488,0.3724,0.3407
readmit30,90168831,225185202,2,0,0.1832,0.1432,0.1572,0.3868,0.3687
readmit30,90199422,161622750,0,0,0.1218,0.118,0.1397,0.4635,0.4329
readmit30,90199422,215301294,1,0,0.1412,0.1231,0.151,0.4047,0.3582
readmit30,90199422,245915568,2,0,0.1306,0.1309,0.1439,0.4169,0.3835
readmit30,90237402,142888704,0,0,0.0704,0.094,0.0717,0.4762,0.4419
readmit30,90237402,152054208,1,0,0.1555,0.1025,0.1771,0.3622,0.3354
readmit30,90237402,156825432,2,0,0.1168,0.1393,0.1619,0.4048,0.382
readmit30,90256626,143250318,0,0,0.0432,0.0356,0.0263,0.5036,0.4661
readmit30,90256626,357225458,1,0,0.1041,0.0856,0.0733,0.3377,0.3243
readmit30,90257688,138775314,0,1,0.1172,0.1251,0.1329,0.472,0.4374
readmit30,90257688,139109700,1,0,0.1118,0.1002,0.1306,0.4084,0.3728
readmit30,90257688,154487100,2,0,0.1092,0.107,0.1042,0.4024,0.3804
readmit30,90279288,256831350,0,0,0.1892,0.1914,0.2208,0.4684,0.4382
readmit30,90279288,258129156,1,1,0.081,0.0432,0.031,0.4127,0.3771
readmit30,90279288,270515016,2,0,0.1298,0.0854,0.0574,0.4339,0.417
readmit30,90282600,169466802,0,0,0.0646,0.0661,0.0682,0.4845,0.4462
readmit30,90282600,217829088,1,0,0.1706,0.0892,0.168,0.3773,0.3464
readmit30,90374067,151612416,0,1,0.0865,0.0815,0.0902,0.4807,0.4429
readmit30,90374067,153507306,1,1,0.0972,0.1449,0.1039,0.3986,0.3731
readmit30,90374067,153821058,2,0,0.2012,0.2077,0.2092,0.4719,0.4275
readmit30,90374067,229591416,3,0,0.1705,0.1208,0.1553,0.4608,0.4186
readmit30,90374067,256803894,4,1,0.1126,0.0986,0.0808,0.3984,0.3549
readmit30,90374067,260414454,5,0,0.2929,0.2329,0.2671,0.4257,0.4055
readmit30,90388575,290033214,0,0,0.2354,0.1243,0.2903,0.4706,0.4369
readmit30,90388575,431408738,1,0,0.1896,0.1274,0.2203,0.3738,0.3379
readmit30,90436428,150463128,0,0,0.0998,0.0901,0.1159,0.4752,0.4391
readmit30,90436428,197014818,1,0,0.1232,0.1187,0.1247,0.3874,0.3484
readmit30,90436428,263624196,2,0,0.1293,0.1388,0.1278,0.3788,0.364
readmit30,90463176,167623212,0,0,0.0783,0.0838,0.0794,0.4696,0.4373
readmit30,90463176,175568940,1,0,0.0948,0.1006,0.0823,0.3847,0.3457
readmit30,90469854,346652030,0,0,0.3828,0.1167,0.3695,0.4656,0.43
readmit30,90469854,400170206,1,0,0.658,0.6036,0.7277,0.5693,0.4448
readmit30,90496323,189945258,0,0,0.0392,0.0322,0.0287,0.5092,0.4734
readmit30,90496323,237864828,1,0,0.1101,0.0756,0.093,0.3605,0.3402
readmit30,90496323,285900864,2,0,0.0856,0.0591,0.0693,0.4681,0.4254
readmit30,90498825,221061894,0,0,0.0487,0.0354,0.0273,0.503,0.4659
readmit30,90498825,419104808,1,0,0.0909,0.0523,0.0521,0.3816,0.3577
readmit30,90515637,155475204,0,0,0.0877,0.0753,0.0836,0.4804,0.4444
readmit30,90515637,178534572,1,0,0.1172,0.0918,0.0918,0.3732,0.3418
readmit30,90515637,283752864,2,0,0.1316,0.1153,0.127,0.4734,0.4182
readmit30,90523233,236891004,0,1,0.0802,0.0612,0.0887,0.4841,0.4461
readmit30,90523233,240187080,1,0,0.1428,0.1307,0.143,0.3963,0.3586
readmit30,90523233,248750856,2,1,0.1234,0.1326,0.117,0.4429,0.4035
readmit30,90523233,252427080,3,1,0.23,0.1791,0.2776,0.4112,0.4134
readmit30,90523233,256530300,4,0,0.2074,0.1614,0.1417,0.4135,0.3761
readmit30,90553104,135383346,0,1,0.0917,0.0605,0.0991,0.487,0.4474
readmit30,90553104,137088060,1,0,0.1832,0.1416,0.1739,0.3923,0.3548
readmit30,90561708,226671570,0,0,0.0668,0.0616,0.0698,0.4855,0.4478
readmit30,90561708,350706134,1,0,0.1633,0.1529,0.1792,0.3507,0.328
readmit30,90578268,155592162,0,1,0.0593,0.0683,0.0588,0.4818,0.4464
readmit30,90578268,157497810,1,0,0.1663,0.1035,0.2174,0.3945,0.361
readmit30,90583002,171520632,0,1,0.0824,0.0741,0.096,0.4839,0.4474
readmit30,90583002,172050156,1,0,0.1147,0.1274,0.1127,0.3731,0.3488
readmit30,90587295,257016366,0,0,0.0987,0.0715,0.1107,0.4776,0.4403
readmit30,90587295,349544456,1,0,0.1392,0.1322,0.1527,0.3715,0.3387
readmit30,90592776,21117108,0,0,0.0704,0.071,0.0539,0.4819,0.4459
readmit30,90592776,97125138,1,0,0.1101,0.0801,0.0973,0.4183,0.3688
readmit30,90607419,159486606,0,0,0.099,0.0659,0.1097,0.4854,0.451
readmit30,90607419,170713776,1,1,0.0935,0.0877,0.0558,0.3343,0.3293
readmit30,90607419,172838928,2,0,0.1579,0.206,0.167,0.4574,0.4159
readmit30,90607419,177929418,3,0,0.1404,0.1584,0.1386,0.3503,0.3718
readmit30,90607419,225061956,4,0,0.1115,0.0771,0.0565,0.4231,0.386
readmit30,90618588,294252062,0,0,0.0779,0.0755,0.0785,0.479,0.4389
readmit30,90618588,366698918,1,0,0.0959,0.1197,0.0983,0.367,0.3367
readmit30,90618588,376760828,2,0,0.1384,0.1197,0.1128,0.4019,0.3822
readmit30,90626220,277563540,0,1,0.0914,0.0522,0.0643,0.4865,0.4499
readmit30,90626220,279144426,1,0,0.1447,0.1048,0.102,0.3843,0.3581
readmit30,90660501,127901610,0,0,0.0988,0.0906,0.1007,0.4757,0.4415
readmit30,90660501,145933386,1,0,0.1437,0.1683,0.1432,0.3441,0.3285
readmit30,90660501,158796396,2,0,0.1882,0.2066,0.1843,0.3703,0.3691
readmit30,90663831,184319784,0,0,0.0848,0.1018,0.0907,0.4748,0.4411
readmit30,90663831,192107892,1,0,0.1591,0.1703,0.2841,0.3724,0.3431
readmit30,90671175,288352044,0,0,0.1086,0.0546,0.0979,0.4911,0.4511
readmit30,90671175,404333732,1,0,0.1537,0.1039,0.1366,0.352,0.3377
readmit30,90688581,108718050,0,1,0.228,0.1202,0.2664,0.482,0.4528
readmit30,90688581,109094802,1,0,0.0845,0.0637,0.0618,0.3998,0.3746
readmit30,90698148,55110996,0,1,0.1636,0.1169,0.1717,0.4728,0.4377
readmit30,90698148,57116166,1,0,0.1338,0.1234,0.1258,0.3896,0.3607
readmit30,90701892,141211332,0,1,0.1216,0.0991,0.1313,0.4773,0.4416
readmit30,90701892,142928268,1,0,0.1469,0.164,0.1838,0.3879,0.3573
readmit30,90761094,147802866,0,0,0.095,0.0706,0.1013,0.4814,0.4407
readmit30,90761094,188655360,1,0,0.0891,0.0701,0.0644,0.4195,0.3715
readmit30,90761094,390139922,2,0,0.1287,0.0871,0.0914,0.3987,0.3802
readmit30,90765792,136577820,0,0,0.0484,0.0493,0.0426,0.4944,0.4559
readmit30,90765792,170039088,1,0,0.0925,0.0959,0.0856,0.392,0.3579
readmit30,90849969,236702784,0,0,0.0849,0.0828,0.0934,0.479,0.4424
readmit30,90849969,247385322,1,1,0.1363,0.1152,0.1276,0.3786,0.3408
readmit30,90849969,253297140,2,0,0.1709,0.2192,0.1861,0.4632,0.426
readmit30,90849969,275677908,3,0,0.182,0.1603,0.1747,0.3862,0.3692
readmit30,90870948,237593910,0,0,0.0659,0.0383,0.0682,0.4948,0.4519
readmit30,90870948,271075308,1,0,0.1054,0.0598,0.0811,0.3879,0.3521
readmit30,90880110,130482954,0,0,0.0873,0.0765,0.0889,0.4864,0.4491
readmit30,90880110,177652428,1,0,0.0577,0.0492,0.0435,0.4124,0.3675
readmit30,90905400,162538386,0,0,0.0671,0.0465,0.0631,0.4926,0.4519
readmit30,90905400,200851062,1,0,0.0656,0.0496,0.047,0.3915,0.3617
readmit30,90966249,427925996,0,1,0.0817,0.0849,0.0996,0.4781,0.4387
readmit30,90966249,429132068,1,0,0.1913,0.1827,0.2113,0.3859,0.3531
readmit30,90989244,224491848,0,0,0.0825,0.0366,0.0722,0.4962,0.4601
readmit30,90989244,233194074,1,0,0.149,0.0746,0.1286,0.3727,0.352
readmit30,90989244,424868402,2,0,0.1756,0.1127,0.1549,0.3963,0.3819
readmit30,91005228,120436260,0,0,0.0745,0.0806,0.0782,0.4815,0.4435
readmit30,91005228,123399768,1,0,0.1543,0.1192,0.1659,0.3704,0.3393
readmit30,91068003,129558366,0,0,0.0646,0.0702,0.0741,0.4868,0.4464
readmit30,91068003,138363300,1,1,0.1309,0.1228,0.1325,0.3558,0.3318
readmit30,91068003,140756778,2,0,0.1882,0.161,0.1786,0.4427,0.4134
readmit30,91113264,163150248,0,0,0.1047,0.0596,0.1049,0.4856,0.4506
readmit30,91113264,189591732,1,0,0.0913,0.1016,0.1577,0.3521,0.331
readmit30,91113264,199143534,2,0,0.1138,0.0889,0.0849,0.4101,0.3895
readmit30,91118817,173328360,0,1,0.388,0.1533,0.425,0.4679,0.435
readmit30,91118817,173928702,1,1,0.144,0.1296,0.1239,0.3998,0.3617
readmit30,91128024,225155622,0,0,0.037,0.0413,0.0428,0.5006,0.4622
readmit30,91128024,244594422,1,0,0.0685,0.0644,0.0507,0.3812,0.3507
readmit30,91148022,111595326,0,0,0.0402,0.033,0.0214,0.5052,0.4704
readmit30,91148022,122159100,1,0,0.1007,0.0851,0.0741,0.3389,0.3344
readmit30,91148022,212912304,2,0,0.1008,0.0833,0.0497,0.501,0.4408
readmit30,91148022,291998658,3,0,0.1065,0.0492,0.0739,0.4056,0.4039
readmit30,91148022,390274688,4,0,0.154,0.1105,0.1439,0.3548,0.3464
readmit30,91148022,441442370,5,1,0.168,0.1077,0.1321,0.4554,0.4126
readmit30,91161297,144845952,0,0,0.0873,0.1054,0.1006,0.474,0.4386
readmit30,91161297,150527670,1,1,0.2259,0.1833,0.2829,0.3805,0.3429
readmit30,91161297,151028256,2,0,0.212,0.2312,0.2432,0.4333,0.4046
readmit30,91161297,155735502,3,0,0.2229,0.2531,0.2916,0.3539,0.3675
readmit30,91161297,166117944,4,0,0.2081,0.2024,0.2277,0.4091,0.366
readmit30,91180422,122328480,0,0,0.0533,0.035,0.0341,0.5034,0.4669
readmit30,91180422,219418284,1,0,0.1805,0.0827,0.1312,0.3826,0.358
readmit30,91180422,225473772,2,0,0.0937,0.0672,0.0595,0.437,0.4004
readmit30,91180422,241868820,3,0,0.1356,0.088,0.1239,0.353,0.3756
readmit30,91190592,139445850,0,1,0.1861,0.1155,0.186,0.4857,0.4588
readmit30,91190592,141638322,1,0,0.0994,0.0683,0.062,0.3993,0.3688
readmit30,91209096,119808864,0,0,0.0835,0.0841,0.0887,0.4848,0.4458
readmit30,91209096,121697658,1,0,0.1273,0.1486,0.1175,0.3627,0.3275
readmit30,91209096,125854584,2,0,0.157,0.1849,0.1671,0.3953,0.3774
readmit30,91242873,149761686,0,0,0.1349,0.1456,0.1619,0.4591,0.4296
readmit30,91242873,156032322,1,0,0.1377,0.0986,0.164,0.3819,0.3493
readmit30,91291275,365535308,0,0,0.0791,0.1596,0.0974,0.4529,0.4289
readmit30,91291275,390214970,1,1,0.3969,0.6312,0.5319,0.5913,0.4579
readmit30,91298097,159812754,0,0,0.076,0.0565,0.0754,0.4881,0.4504
readmit30,91298097,166681758,1,0,0.1212,0.1324,0.1074,0.3467,0.3303
readmit30,91298097,222026838,2,0,0.1221,0.1333,0.1187,0.4426,0.3957
readmit30,91307250,81469764,0,1,0.0765,0.0575,0.0805,0.4883,0.4525
readmit30,91307250,103721244,1,0,0.1769,0.1339,0.1693,0.3504,0.3409
readmit30,91308762,254128608,0,0,0.0594,0.0373,0.0493,0.4958,0.4562
readmit30,91308762,327826400,1,0,0.103,0.0841,0.0859,0.3685,0.3462
readmit30,91308762,431994578,2,1,0.1013,0.0846,0.0917,0.4581,0.4098
readmit30,91314108,122605062,0,0,0.0714,0.0809,0.0793,0.4849,0.4443
readmit30,91314108,168311232,1,1,0.211,0.125,0.1917,0.3795,0.3442
readmit30,91314108,171039726,2,0,0.2103,0.1896,0.2827,0.4461,0.4038
readmit30,91314108,179472258,3,1,0.2155,0.1789,0.2062,0.3469,0.3618
readmit30,91314108,179904198,4,0,0.3411,0.2914,0.3162,0.4302,0.3829
readmit30,91314108,199836402,5,0,0.284,0.2948,0.2865,0.4319,0.3985
readmit30,91314108,250687302,6,0,0.1868,0.2208,0.2004,0.4518,0.3883
readmit30,91314108,265054470,7,0,0.2495,0.2312,0.242,0.4054,0.3718
readmit30,91334106,186681954,0,0,0.3096,0.2966,0.4369,0.4546,0.433
readmit30,91334106,292131732,1,0,0.0557,0.0649,0.0968,0.4466,0.3779
readmit30,91348722,24892506,0,0,0.0996,0.0704,0.1004,0.4834,0.4446
readmit30,91348722,115894566,1,1,0.1974,0.112,0.2285,0.3638,0.3434
readmit30,91348722,148876968,2,0,0.22,0.1545,0.1857,0.4609,0.415
readmit30,91348722,220880358,3,1,0.1856,0.1322,0.1464,0.3619,0.3671
readmit30,91416186,130411158,0,0,0.0898,0.192,0.1677,0.4476,0.426
readmit30,91416186,165014754,1,0,0.1337,0.1665,0.1564,0.4266,0.3643
readmit30,91418679,158850810,0,1,0.049,0.0421,0.041,0.5008,0.4632
readmit30,91418679,159645984,1,0,0.0859,0.0899,0.0689,0.3627,0.346
readmit30,91418679,253804422,2,0,0.1659,0.0714,0.1489,0.4463,0.4081
readmit30,91418679,287189046,3,0,0.1145,0.0723,0.0856,0.3562,0.3714
readmit30,91443627,120952680,0,0,0.0727,0.0512,0.0703,0.4903,0.4517
readmit30,91443627,124664766,1,0,0.1293,0.1059,0.1383,0.363,0.3449
readmit30,91497222,124373766,0,0,0.1514,0.1623,0.1865,0.4625,0.4356
readmit30,91497222,253355370,1,0,0.1172,0.1148,0.1664,0.4179,0.3651
readmit30,91515492,212703798,0,1,0.1511,0.1237,0.1638,0.4593,0.4311
readmit30,91515492,220383888,1,1,0.2346,0.2779,0.3283,0.4196,0.3768
readmit30,91515492,224496846,2,1,0.2678,0.3558,0.3388,0.5137,0.4315
readmit30,91543068,144577560,0,0,0.0598,0.0555,0.0764,0.4861,0.454
readmit30,91543068,166442220,1,0,0.1364,0.1229,0.1699,0.3431,0.3262
readmit30,91543068,187180830,2,0,0.1016,0.1361,0.1435,0.447,0.4059
readmit30,91543068,214763562,3,0,0.1839,0.1348,0.1658,0.3516,0.3619
readmit30,91543068,240389538,4,0,0.1481,0.1204,0.1436,0.4031,0.3649
readmit30,91562562,150855996,0,1,0.0438,0.0394,0.0378,0.4977,0.4582
readmit30,91562562,151373544,1,1,0.1021,0.0947,0.1166,0.3999,0.3707
readmit30,91562562,152320536,2,0,0.2303,0.139,0.2252,0.4533,0.4145
readmit30,91562562,169288530,3,0,0.2107,0.1751,0.1969,0.341,0.3561
readmit30,91562562,175420812,4,0,0.2402,0.2042,0.212,0.4218,0.3801
readmit30,91562562,179539314,5,1,0.2672,0.2617,0.3242,0.3772,0.3727
readmit30,91562562,181853988,6,0,0.4963,0.3898,0.5842,0.4653,0.4131
readmit30,91562562,253548282,7,1,0.186,0.3366,0.3044,0.5352,0.4467
readmit30,91562562,263654022,8,0,0.3501,0.1859,0.2876,0.4739,0.4085
readmit30,91569492,241312818,0,0,0.0681,0.0535,0.0673,0.4886,0.4481
readmit30,91569492,275765184,1,0,0.1237,0.0845,0.1364,0.363,0.3369
readmit30,91585494,145358706,0,0,0.0464,0.0479,0.0423,0.4936,0.4511
readmit30,91585494,243307872,1,0,0.203,0.1324,0.1347,0.3172,0.3116
readmit30,91606176,170959458,0,0,0.0953,0.1095,0.0993,0.4719,0.4354
readmit30,91606176,228960504,1,0,0.073,0.0839,0.0731,0.4277,0.3708
readmit30,91606176,242517954,2,0,0.1465,0.1036,0.1193,0.4028,0.3802
readmit30,91606176,277965504,3,0,0.2,0.1293,0.1496,0.3314,0.3538
readmit30,91629504,141952062,0,0,0.0444,0.0434,0.0386,0.4995,0.4618
readmit30,91629504,145393038,1,1,0.1072,0.0783,0.0877,0.3631,0.3412
readmit30,91661130,178157088,0,0,0.1198,0.1158,0.1325,0.4698,0.4366
readmit30,91661130,211845210,1,1,0.1246,0.119,0.1442,0.3745,0.3429
readmit30,91661130,213970848,2,0,0.1672,0.2037,0.1422,0.4348,0.4062
readmit30,91665324,174875724,0,0,0.0488,0.0293,0.0205,0.5096,0.4746
readmit30,91665324,275417112,1,0,0.0791,0.0599,0.0469,0.3716,0.353
readmit30,91668195,188511402,0,0,0.0786,0.1036,0.0724,0.468,0.436
readmit30,91668195,250946544,1,0,0.1447,0.1366,0.1451,0.3772,0.344
readmit30,91668195,279848460,2,0,0.2265,0.1696,0.2068,0.4082,0.3801
readmit30,91668195,314348486,3,0,0.1188,0.1507,0.0853,0.3975,0.3924
readmit30,91668195,376084922,4,0,0.1731,0.171,0.1675,0.3859,0.3571
readmit30,91730448,291768852,0,0,0.1218,0.1062,0.1273,0.4786,0.4435
readmit30,91730448,400820852,1,0,0.1419,0.1281,0.1211,0.3502,0.3265
readmit30,91757988,164972208,0,0,0.0612,0.0556,0.0566,0.4868,0.4493
readmit30,91757988,240141804,1,0,0.0906,0.0777,0.0729,0.3977,0.3619
readmit30,91757988,336653168,2,0,0.1284,0.1194,0.1024,0.3509,0.3624
readmit30,91806759,17996310,0,0,0.0643,0.0527,0.0631,0.4907,0.4556
readmit30,91806759,181630824,1,0,0.1543,0.112,0.1897,0.3653,0.3366
readmit30,91852848,160578732,0,0,0.0394,0.0319,0.0435,0.5051,0.4707
readmit30,91852848,420784082,1,0,0.086,0.0516,0.0458,0.4007,0.3626
readmit30,91880685,136987338,0,0,0.1052,0.0783,0.1078,0.486,0.4477
readmit30,91880685,246432198,1,0,0.1472,0.1114,0.1395,0.401,0.351
readmit30,91914372,122779482,0,0,0.0855,0.0974,0.0956,0.4778,0.4462
readmit30,91914372,125790714,1,0,0.1333,0.1115,0.1287,0.3677,0.3377
readmit30,91936395,223031304,0,0,0.0677,0.058,0.0735,0.4891,0.4484
readmit30,91936395,263112168,1,0,0.1767,0.1241,0.1623,0.3571,0.3351
readmit30,91945008,150766158,0,1,0.0506,0.063,0.0572,0.4861,0.4485
readmit30,91945008,151872270,1,0,0.1175,0.1291,0.1101,0.3781,0.3487
readmit30,91945008,162785592,2,0,0.132,0.1451,0.1406,0.4026,0.3872
readmit30,91945008,166498686,3,1,0.1607,0.1666,0.1715,0.3776,0.3809
readmit30,91945008,169908234,4,0,0.2195,0.2618,0.2415,0.4257,0.3859
readmit30,91945008,180741318,5,0,0.2937,0.2441,0.3539,0.4392,0.3958
readmit30,91945008,261124182,6,1,0.1756,0.2042,0.211,0.4976,0.4246
readmit30,91945008,263360538,7,0,0.3037,0.206,0.3307,0.4741,0.4193
readmit30,91945008,287185866,8,0,0.2004,0.1611,0.1894,0.4472,0.3904
readmit30,91946610,197221644,0,0,0.0718,0.0808,0.0795,0.4801,0.4433
readmit30,91946610,333227954,1,0,0.1627,0.16,0.1728,0.3428,0.3255
readmit30,91946610,405582932,2,0,0.5608,0.6289,0.7802,0.615,0.4865
readmit30,91967175,286835826,0,0,0.0706,0.0716,0.0714,0.4786,0.4392
readmit30,91967175,338966498,1,0,0.1146,0.1263,0.1119,0.3604,0.3377
readmit30,91967247,255288396,0,0,0.0639,0.0302,0.0436,0.5074,0.471
readmit30,91967247,262710678,1,0,0.0965,0.096,0.0837,0.3301,0.3301
readmit30,91976013,162171180,0,0,0.1216,0.1106,0.1554,0.4729,0.4441
readmit30,91976013,165125466,1,1,0.145,0.1021,0.1686,0.3692,0.3431
readmit30,91976013,167166144,2,0,0.1586,0.1881,0.1775,0.4397,0.4113
readmit30,91976013,182406888,3,0,0.1748,0.1585,0.2058,0.353,0.3703
readmit30,91976013,199152594,4,1,0.2019,0.1655,0.2862,0.3948,0.3668
readmit30,91976013,203836332,5,0,0.3154,0.2397,0.3677,0.4636,0.4247
readmit30,91976013,288958302,6,0,0.175,0.1762,0.2704,0.4748,0.416
readmit30,92007054,192913488,0,0,0.0983,0.0657,0.0871,0.4847,0.4463
readmit30,92007054,248714202,1,0,0.0878,0.0785,0.0715,0.3644,0.3383
readmit30,92042676,168210474,0,0,0.0704,0.053,0.0661,0.4913,0.4543
readmit30,92042676,186931494,1,0,0.115,0.0856,0.0923,0.3667,0.3378
readmit30,92042676,191353200,2,0,0.1486,0.1172,0.156,0.4091,0.3865
readmit30,92052630,144146046,0,1,0.1346,0.1413,0.1498,0.4662,0.4339
readmit30,92052630,145956732,1,0,0.1529,0.2142,0.1881,0.3975,0.3598
readmit30,92052630,157718892,2,0,0.1253,0.206,0.1337,0.4215,0.3858
readmit30,92052630,169228638,3,1,0.1529,0.2092,0.1731,0.3805,0.3794
readmit30,92063628,243722874,0,1,0.0747,0.0636,0.0847,0.4835,0.4447
readmit30,92063628,246963252,1,1,0.1397,0.1508,0.1475,0.3962,0.3634
readmit30,92063628,251440230,2,0,0.2437,0.1277,0.2493,0.4358,0.4131
readmit30,92063628,265072338,3,0,0.166,0.1584,0.1915,0.3479,0.3741
readmit30,92080548,120943200,0,0,0.0523,0.0406,0.0381,0.4985,0.463
readmit30,92080548,129227406,1,0,0.135,0.0753,0.0655,0.3722,0.3425
readmit30,92080548,238906416,2,0,0.117,0.0959,0.0793,0.429,0.397
readmit30,92092968,366063944,0,0,0.0537,0.0437,0.0574,0.4954,0.4607
readmit30,92092968,370206998,1,0,0.0655,0.0446,0.0397,0.4123,0.3713
readmit30,92133441,162455802,0,0,0.1041,0.0879,0.108,0.4807,0.4479
readmit30,92133441,313770884,1,0,0.0813,0.0562,0.0695,0.401,0.3649
readmit30,92137860,166226670,0,0,0.0574,0.0443,0.0507,0.4933,0.452
readmit30,92137860,177252138,1,0,0.0916,0.0913,0.0846,0.3624,0.3388
readmit30,92149353,271707576,0,0,0.0478,0.0397,0.0391,0.4977,0.4637
readmit30,92149353,403800686,1,0,0.0914,0.0514,0.0588,0.3924,0.3713
readmit30,92158929,190413834,0,1,0.1041,0.0891,0.1017,0.4725,0.4352
readmit30,92158929,192568776,1,1,0.2032,0.1951,0.2108,0.3925,0.3604
readmit30,92158929,194553030,2,0,0.3673,0.2928,0.5131,0.4764,0.4216
readmit30,92158929,209249760,3,0,0.2078,0.1604,0.1882,0.3756,0.3709
readmit30,92158929,228116142,4,0,0.2328,0.2015,0.2257,0.3822,0.356
readmit30,92158929,255138474,5,0,0.2294,0.2165,0.2367,0.4199,0.3906
readmit30,92158929,327756632,6,0,0.1748,0.1878,0.1845,0.3987,0.3676
readmit30,92162808,152687808,0,0,0.11,0.0558,0.0987,0.4895,0.454
readmit30,92162808,362009906,1,0,0.0771,0.0548,0.0526,0.4036,0.3618
readmit30,92214063,198363462,0,0,0.0396,0.0356,0.0325,0.5025,0.4672
readmit30,92214063,413785316,1,0,0.099,0.0534,0.0616,0.3978,0.3633
readmit30,92220282,163367424,0,0,0.0348,0.0319,0.0206,0.5067,0.4708
readmit30,92220282,221066946,1,0,0.0605,0.0578,0.0367,0.3826,0.3591
readmit30,92223306,124262100,0,0,0.0508,0.0334,0.0434,0.5003,0.4645
readmit30,92223306,146683716,1,0,0.1486,0.0968,0.1321,0.3546,0.3363
readmit30,92227500,125388756,0,0,0.0331,0.0309,0.0187,0.5124,0.4797
readmit30,92227500,133324410,1,0,0.0749,0.0583,0.0391,0.3483,0.3454
readmit30,92227500,167600148,2,0,0.086,0.0872,0.0671,0.446,0.4176
readmit30,92256390,128677434,0,0,0.1309,0.1197,0.1729,0.4769,0.4367
readmit30,92256390,411473720,1,0,0.151,0.1334,0.1551,0.3836,0.3407
readmit30,92264481,244540200,0,1,0.0974,0.0895,0.1034,0.481,0.4467
readmit30,92264481,245528778,1,0,0.1529,0.0896,0.1081,0.3982,0.3692
readmit30,92264481,251186808,2,0,0.151,0.0869,0.1266,0.4088,0.3882
readmit30,92273796,162865158,0,0,0.1255,0.1029,0.1491,0.4703,0.4413
readmit30,92273796,172830180,1,0,0.1237,0.1066,0.1499,0.3713,0.3389
readmit30,92273796,199193604,2,1,0.1268,0.1176,0.1176,0.4202,0.3908
readmit30,92273796,199482210,3,0,0.2207,0.2166,0.2242,0.3678,0.3827
readmit30,92308050,128971344,0,0,0.0376,0.037,0.0298,0.4998,0.4655
readmit30,92308050,131280378,1,0,0.0891,0.091,0.0599,0.3572,0.3381
readmit30,92308050,140258040,2,0,0.1232,0.0908,0.1001,0.4127,0.3936
readmit30,92308050,157513584,3,0,0.1984,0.191,0.3374,0.3141,0.3522
readmit30,92308050,182407374,4,0,0.2103,0.1926,0.3135,0.3967,0.3683
readmit30,92308050,225763896,5,0,0.1924,0.269,0.1748,0.377,0.372
readmit30,92308050,235857948,6,0,0.1955,0.2337,0.203,0.4227,0.392
readmit30,92308050,336711476,7,0,0.229,0.2547,0.2041,0.4067,0.3776
readmit30,92331045,200020908,0,1,0.1398,0.1487,0.1646,0.4598,0.4309
readmit30,92331045,204190584,1,0,0.1519,0.202,0.1963,0.4166,0.3639
readmit30,92409030,210305628,0,1,0.1066,0.1511,0.1267,0.4629,0.4339
readmit30,92409030,213745230,1,0,0.2848,0.2166,0.4168,0.3821,0.3498
readmit30,92409030,284300514,2,0,0.1419,0.1702,0.1913,0.4408,0.396
readmit30,92409030,304274882,3,0,0.1017,0.1267,0.0872,0.3907,0.3765
readmit30,92409030,369676448,4,0,0.1322,0.1588,0.1099,0.3618,0.343
readmit30,92412234,185115786,0,0,0.1009,0.1343,0.1391,0.4614,0.4385
readmit30,92412234,399138410,1,0,0.1016,0.0872,0.1592,0.4323,0.371
readmit30,92430774,135128916,0,0,0.2689,0.1191,0.3741,0.4745,0.4425
readmit30,92430774,140467404,1,0,0.3637,0.1693,0.5242,0.3173,0.3185
readmit30,92430774,148263582,2,1,0.3317,0.1729,0.4201,0.3811,0.379
readmit30,92430774,150484194,3,0,0.5071,0.3091,0.666,0.369,0.3922
readmit30,92430774,153591300,4,1,0.4491,0.2476,0.5619,0.3806,0.356
readmit30,92430774,156043626,5,1,0.6407,0.3612,0.7646,0.4481,0.4267
readmit30,92430774,158633472,6,0,0.6905,0.4057,0.787,0.4668,0.4218
readmit30,92461257,135998118,0,1,0.0421,0.0314,0.0251,0.5049,0.4682
readmit30,92461257,136118010,1,0,0.1408,0.12,0.1359,0.3713,0.3614
readmit30,92467899,194614524,0,0,0.0904,0.0798,0.0807,0.4831,0.4456
readmit30,92467899,215573280,1,0,0.1664,0.104,0.1447,0.3774,0.3439
readmit30,92516139,160971210,0,0,0.0904,0.0595,0.0906,0.4914,0.4503
readmit30,92516139,216651972,1,0,0.1611,0.0816,0.1656,0.417,0.3635
readmit30,92546136,63776064,0,0,0.1009,0.0601,0.0867,0.4749,0.4377
readmit30,92546136,172296768,1,0,0.1437,0.1363,0.1243,0.3705,0.3425
readmit30,92601612,132551832,0,0,0.1041,0.1129,0.1265,0.475,0.44
readmit30,92601612,140101644,1,0,0.1052,0.0878,0.0936,0.3993,0.3546
readmit30,92601612,145746024,2,0,0.157,0.1533,0.1762,0.3886,0.3684
readmit30,92601612,164465376,3,0,0.188,0.1803,0.2218,0.363,0.3719
readmit30,92602341,360228860,0,1,0.1026,0.0836,0.111,0.4806,0.4444
readmit30,92602341,364380254,1,0,0.1638,0.173,0.1742,0.3695,0.3529
readmit30,92602341,413200532,2,1,0.5303,0.5071,0.705,0.5809,0.4643
readmit30,92615985,245457612,0,0,0.0883,0.0711,0.0872,0.4843,0.4496
readmit30,92615985,256166724,1,0,0.11,0.114,0.1062,0.3484,0.3267
readmit30,92618055,204099918,0,0,0.081,0.0633,0.0804,0.4853,0.4454
readmit30,92618055,237549054,1,0,0.0471,0.0578,0.0309,0.3983,0.3612
readmit30,92630502,218251824,0,0,0.0508,0.0318,0.031,0.503,0.4675
readmit30,92630502,293370516,1,0,0.0675,0.0502,0.0437,0.3852,0.3569
readmit30,92631978,292236894,0,1,0.0533,0.0308,0.0424,0.5042,0.4664
readmit30,92631978,353074376,1,0,0.0878,0.0457,0.0565,0.4166,0.389
readmit30,92659626,219414204,0,1,0.111,0.0933,0.121,0.4799,0.4442
readmit30,92659626,221778486,1,0,0.1272,0.1189,0.1334,0.3814,0.3526
readmit30,92662605,235587672,0,0,0.0995,0.0839,0.0957,0.4802,0.4416
readmit30,92662605,243996636,1,0,0.1281,0.1037,0.1185,0.382,0.3436
readmit30,92662605,253533600,2,1,0.1222,0.127,0.1157,0.4105,0.3802
readmit30,92662605,255837624,3,0,0.2114,0.2467,0.2341,0.3947,0.3946
readmit30,92669391,78168948,0,0,0.3086,0.1645,0.2899,0.4534,0.425
readmit30,92669391,102260478,1,0,0.1575,0.194,0.1461,0.407,0.3551
readmit30,92690244,183050508,0,0,0.0736,0.0393,0.0431,0.5059,0.4712
readmit30,92690244,245090928,1,0,0.1495,0.1316,0.12,0.3124,0.313
readmit30,92695140,293013144,0,0,0.0643,0.0649,0.0753,0.4879,0.4545
readmit30,92695140,397251506,1,0,0.2152,0.1764,0.2139,0.3275,0.319
readmit30,92702124,162524046,0,0,0.0964,0.049,0.0914,0.4885,0.4503
readmit30,92702124,168087678,1,0,0.1362,0.0925,0.1361,0.3605,0.3359
readmit30,92702124,172822422,2,1,0.1137,0.073,0.0832,0.4265,0.3972
readmit30,92702124,175570152,3,0,0.2186,0.2148,0.226,0.3374,0.3711
readmit30,92702124,224164338,4,1,0.1523,0.1538,0.1267,0.4044,0.3714
readmit30,92702124,225716544,5,0,0.2442,0.2403,0.2262,0.4384,0.4131
readmit30,92734209,218598006,0,0,0.075,0.0706,0.1038,0.4826,0.4441
readmit30,92734209,227115366,1,1,0.1714,0.1852,0.2243,0.3337,0.3184
readmit30,92764638,147618828,0,1,0.0879,0.0773,0.0905,0.474,0.4366
readmit30,92764638,148364334,1,0,0.1942,0.1729,0.2642,0.3928,0.3599
readmit30,92764989,230802210,0,0,0.1564,0.1772,0.1871,0.4562,0.43
readmit30,92764989,240163620,1,0,0.1492,0.2033,0.1866,0.3682,0.3393
readmit30,92764989,311416010,2,1,0.1223,0.1639,0.2001,0.5013,0.4303
readmit30,92764989,370884764,3,0,0.2061,0.1282,0.1898,0.384,0.3789
readmit30,92775096,155510448,0,0,0.0695,0.0629,0.0899,0.4855,0.4534
readmit30,92775096,267773184,1,0,0.0969,0.0871,0.106,0.3847,0.3444
readmit30,92775096,300864764,2,0,0.138,0.1104,0.1114,0.3879,0.3779
readmit30,92775096,396188636,3,1,0.106,0.0964,0.1045,0.4136,0.3948
readmit30,92779389,158199564,0,1,0.122,0.1475,0.1457,0.4636,0.4337
readmit30,92779389,160300086,1,0,0.2394,0.1906,0.2672,0.4077,0.3673
readmit30,92779389,370794824,2,0,0.1201,0.1576,0.1321,0.4613,0.4047
readmit30,92811591,185110758,0,0,0.0541,0.0425,0.0522,0.4947,0.4541
readmit30,92811591,433129148,1,0,0.1335,0.1006,0.1467,0.3645,0.3388
readmit30,92824938,197376984,0,0,0.0899,0.0918,0.0907,0.4812,0.4453
readmit30,92824938,219861384,1,0,0.0648,0.0627,0.0475,0.3817,0.3499
readmit30,92824938,241149936,2,0,0.1349,0.0909,0.1056,0.4206,0.3895
readmit30,92824938,250221024,3,0,0.1636,0.1156,0.1724,0.3627,0.3729
readmit30,92837088,158633652,0,0,0.1342,0.0709,0.1121,0.4848,0.4495
readmit30,92837088,197973906,1,0,0.0931,0.1013,0.081,0.3679,0.3352
readmit30,92905020,158939808,0,0,0.1965,0.1355,0.2228,0.4718,0.4368
readmit30,92905020,164834148,1,0,0.1821,0.1296,0.1785,0.3552,0.3337
readmit30,92905020,173670762,2,0,0.2433,0.239,0.3018,0.3639,0.3665
readmit30,92918979,140231526,0,0,0.0871,0.0661,0.097,0.486,0.4441
readmit30,92918979,155297376,1,0,0.091,0.0683,0.082,0.4137,0.3645
readmit30,92918979,172459212,2,0,0.1609,0.1015,0.1347,0.3925,0.3772
readmit30,92918979,197638362,3,0,0.1699,0.1023,0.1654,0.3962,0.3906
readmit30,92957940,185776608,0,0,0.063,0.0487,0.0539,0.4963,0.4585
readmit30,92957940,243811416,1,0,0.1316,0.1084,0.0992,0.341,0.3288
readmit30,92958066,190118934,0,0,0.1267,0.1444,0.1579,0.4582,0.4278
readmit30,92958066,199214718,1,0,0.191,0.2359,0.2531,0.3569,0.3332
readmit30,92958066,250606218,2,0,0.1253,0.1544,0.1318,0.4549,0.406
readmit30,92965923,16187292,0,1,0.0517,0.0313,0.0302,0.5015,0.4651
readmit30,92965923,78172254,1,0,0.241,0.143,0.2133,0.3428,0.3436
readmit30,93001626,270643824,0,0,0.1049,0.0721,0.1055,0.4868,0.4528
readmit30,93001626,370900448,1,0,0.0992,0.0638,0.0528,0.3702,0.3421
readmit30,93008619,222207456,0,0,0.1033,0.0886,0.1141,0.4747,0.4396
readmit30,93008619,240627438,1,0,0.137,0.1105,0.153,0.3946,0.3509
readmit30,93017232,262040034,0,0,0.0701,0.0366,0.0436,0.501,0.466
readmit30,93017232,285820500,1,0,0.102,0.0719,0.0544,0.3415,0.3346
readmit30,93060927,146447094,0,0,0.0559,0.0383,0.0386,0.4999,0.4602
readmit30,93060927,414440126,1,0,0.0668,0.0404,0.0264,0.4256,0.3829
readmit30,93086505,146725578,0,0,0.0902,0.0346,0.0432,0.4995,0.4631
readmit30,93086505,149852346,1,0,0.1612,0.1118,0.1595,0.3187,0.3202
readmit30,93086505,157992726,2,0,0.1803,0.1262,0.1228,0.3881,0.3815
readmit30,93086505,209824080,3,0,0.227,0.1688,0.24,0.319,0.3528
readmit30,93086505,240674352,4,0,0.2346,0.1815,0.3302,0.3955,0.3689
readmit30,93086505,289966404,5,1,0.2491,0.2261,0.3053,0.3895,0.3849
readmit30,93086505,292631784,6,0,0.3481,0.3273,0.3598,0.4323,0.4057
readmit30,93086505,358532600,7,0,0.2975,0.3622,0.3106,0.3831,0.3745
readmit30,93086505,403830932,8,0,0.3319,0.4987,0.3796,0.5365,0.4432
readmit30,93132261,127011630,0,0,0.0552,0.0385,0.038,0.499,0.4595
readmit30,93132261,151521012,1,0,0.0948,0.0614,0.0594,0.3819,0.3511
readmit30,93138030,128676858,0,1,0.0748,0.0473,0.0739,0.4925,0.4524
readmit30,93138030,129595278,1,0,0.0957,0.0977,0.0804,0.3731,0.3518
readmit30,93151035,153543708,0,1,0.097,0.0683,0.0973,0.4769,0.4454
readmit30,93151035,155787672,1,0,0.1835,0.1228,0.1514,0.3858,0.3566
readmit30,93151035,160362426,2,0,0.1303,0.119,0.1217,0.4073,0.388
readmit30,93151035,244553940,3,0,0.1167,0.1348,0.1336,0.4117,0.3969
readmit30,93164040,118586262,0,0,0.0355,0.0312,0.0325,0.5067,0.4688
readmit30,93164040,128414022,1,0,0.2029,0.1092,0.1549,0.348,0.3392
readmit30,93168018,215609148,0,0,0.0512,0.0895,0.0664,0.4706,0.438
readmit30,93168018,429674156,1,0,0.1056,0.1033,0.1177,0.3994,0.356
readmit30,93201993,159795474,0,0,0.1164,0.1132,0.1458,0.4739,0.4397
readmit30,93201993,254347644,1,0,0.1258,0.1005,0.1455,0.3934,0.3504
readmit30,93222387,169429416,0,0,0.0639,0.0338,0.0463,0.4992,0.4616
readmit30,93222387,194571930,1,0,0.136,0.1275,0.1023,0.3413,0.3273
readmit30,93222387,280863360,2,0,0.1718,0.1093,0.2161,0.4684,0.4143
readmit30,93222387,410225582,3,0,0.1891,0.1126,0.192,0.3616,0.3608
readmit30,93225159,265821636,0,0,0.0729,0.0994,0.0823,0.4725,0.4375
readmit30,93225159,287566938,1,0,0.1332,0.1181,0.1424,0.3754,0.343
readmit30,93242295,236688714,0,0,0.102,0.0882,0.103,0.4819,0.4437
readmit30,93242295,257968404,1,0,0.1382,0.0898,0.1051,0.3725,0.343
readmit30,93242295,313123850,2,0,0.2333,0.1769,0.2416,0.3587,0.3671
readmit30,93242295,363712766,3,0,0.4197,0.5033,0.4821,0.4937,0.4459
readmit30,93242295,398990810,4,1,0.1929,0.2758,0.2341,0.4545,0.3775
readmit30,93268710,157015044,0,0,0.0791,0.0441,0.0754,0.4967,0.4569
readmit30,93268710,241708134,1,1,0.1681,0.0821,0.1488,0.3882,0.353
readmit30,93268710,247154424,2,0,0.1157,0.1032,0.1106,0.4172,0.4021
readmit30,93281373,137477634,0,0,0.0898,0.0616,0.099,0.4822,0.4437
readmit30,93281373,144154158,1,0,0.1898,0.1832,0.2049,0.3234,0.3254
readmit30,93281373,164268534,2,1,0.1509,0.1383,0.1773,0.4502,0.4084
readmit30,93281373,164857902,3,0,0.1608,0.2382,0.1219,0.3486,0.367
readmit30,93281373,240731580,4,0,0.178,0.1244,0.1928,0.4808,0.4193
readmit30,93317166,85603902,0,0,0.0922,0.1271,0.1151,0.4581,0.432
readmit30,93317166,122107020,1,0,0.0869,0.0857,0.1163,0.4442,0.3788
readmit30,93334239,129963858,0,0,0.0737,0.0456,0.05,0.4977,0.4607
readmit30,93334239,144416580,1,0,0.1078,0.0538,0.1034,0.3568,0.339
readmit30,93358053,136251780,0,0,0.153,0.1136,0.1561,0.4739,0.4377
readmit30,93358053,146965884,1,0,0.1158,0.1304,0.1267,0.3752,0.3409
readmit30,93373614,121271196,0,0,0.0921,0.0974,0.0881,0.4823,0.4473
readmit30,93373614,188979882,1,0,0.1116,0.0601,0.0935,0.4046,0.3615
readmit30,93393225,146835702,0,0,0.0995,0.0883,0.1002,0.486,0.4468
readmit30,93393225,165008664,1,0,0.1174,0.1101,0.1141,0.3641,0.336
readmit30,93393225,236116326,2,0,0.2629,0.2115,0.253,0.4355,0.3938
readmit30,93450780,106825944,0,1,0.0435,0.029,0.0207,0.5114,0.4801
readmit30,93450780,108290652,1,0,0.0766,0.0801,0.0925,0.3738,0.3649
readmit30,93476709,156882336,0,0,0.158,0.1183,0.1541,0.4571,0.4306
readmit30,93476709,162656988,1,0,0.1766,0.1926,0.1901,0.3483,0.3292
readmit30,93494781,83824752,0,0,0.1826,0.1672,0.19,0.4528,0.4299
readmit30,93494781,125099508,1,0,0.1431,0.1661,0.1682,0.4058,0.3562
readmit30,93495969,109741404,0,1,0.2712,0.2068,0.3602,0.4584,0.4367
readmit30,93495969,261106692,1,0,0.1103,0.0619,0.1451,0.4852,0.4185
readmit30,93501909,147268410,0,0,0.0875,0.0538,0.1018,0.4903,0.4506
readmit30,93501909,256885680,1,0,0.121,0.081,0.1277,0.3922,0.3539
readmit30,93552201,178368006,0,0,0.0825,0.0686,0.0802,0.4801,0.4429
readmit30,93552201,359592704,1,0,0.1304,0.1172,0.1388,0.378,0.3408
readmit30,93553056,195502614,0,0,0.0831,0.0694,0.0859,0.4863,0.4465
readmit30,93553056,283102434,1,0,0.1125,0.0804,0.0915,0.3963,0.3562
readmit30,93558960,146758308,0,1,0.0652,0.0484,0.0645,0.4936,0.453
readmit30,93558960,153048918,1,0,0.1829,0.1251,0.182,0.3627,0.3515
readmit30,93571173,164334174,0,1,0.1603,0.1015,0.1706,0.473,0.4377
readmit30,93571173,167208186,1,0,0.1421,0.1805,0.1659,0.3975,0.361
readmit30,93611655,159139902,0,1,0.0745,0.0494,0.0603,0.4979,0.4574
readmit30,93611655,161510664,1,0,0.0992,0.0718,0.0599,0.3932,0.3629
readmit30,93626280,246726198,0,0,0.1134,0.1016,0.1344,0.4786,0.4478
readmit30,93626280,339064370,1,0,0.0557,0.0438,0.0487,0.4302,0.3741
readmit30,93640977,161385018,0,0,0.1691,0.1417,0.2301,0.4615,0.4343
readmit30,93640977,172834848,1,0,0.138,0.1337,0.1533,0.3782,0.3439
readmit30,93648456,120637134,0,0,0.1197,0.0837,0.1228,0.4779,0.4401
readmit30,93648456,136197984,1,0,0.1509,0.1046,0.1556,0.4068,0.3547
readmit30,93675141,157866702,0,0,0.0673,0.0618,0.0711,0.4828,0.4451
readmit30,93675141,443110856,1,0,0.0693,0.0763,0.0765,0.4165,0.3665
readmit30,93678255,383751104,0,0,0.1643,0.135,0.1962,0.461,0.4321
readmit30,93678255,441979310,1,1,0.3642,0.5957,0.4012,0.5724,0.4468
readmit30,93690234,123194118,0,0,0.0696,0.0837,0.0783,0.4852,0.4472
readmit30,93690234,143680386,1,0,0.0943,0.1202,0.0811,0.3484,0.3271
readmit30,93690234,170089764,2,1,0.1619,0.1543,0.214,0.4294,0.396
readmit30,93690234,170797410,3,0,0.1925,0.2103,0.2157,0.4089,0.4001
readmit30,93690234,175644600,4,0,0.2197,0.194,0.2398,0.4036,0.3676
readmit30,93690234,204217074,5,0,0.2051,0.2168,0.2284,0.4282,0.3893
readmit30,93690234,236621568,6,1,0.2071,0.222,0.2405,0.46,0.3962
readmit30,93690234,240826374,7,0,0.3172,0.2396,0.3102,0.4371,0.3975
readmit30,93690234,286830726,8,1,0.2717,0.1917,0.3633,0.4582,0.4056
readmit30,93690234,288982908,9,0,0.326,0.2704,0.3565,0.3907,0.3842
readmit30,93706389,146866920,0,1,0.1162,0.0762,0.1293,0.4766,0.4399
readmit30,93706389,147215532,1,0,0.1655,0.1819,0.1809,0.4152,0.3687
readmit30,93706389,157221516,2,0,0.2048,0.1632,0.2371,0.4076,0.3856
readmit30,93706389,166691208,3,0,0.1886,0.1732,0.2285,0.3514,0.3622
readmit30,93734766,260337504,0,0,0.083,0.0764,0.0787,0.4818,0.4446
readmit30,93734766,270863760,1,1,0.1019,0.0785,0.0805,0.3815,0.3459
readmit30,93734766,271536366,2,0,0.1369,0.1329,0.1114,0.4235,0.4046
readmit30,93766338,179275692,0,1,0.1169,0.0873,0.1686,0.4729,0.4376
readmit30,93766338,180981264,1,0,0.2228,0.1957,0.2484,0.3731,0.3442
readmit30,93796677,110212080,0,0,0.1011,0.0965,0.1384,0.4731,0.4442
readmit30,93796677,114377544,1,0,0.1331,0.1262,0.1759,0.3832,0.3453
readmit30,93796677,230441388,2,0,0.1318,0.1244,0.1511,0.486,0.4282
readmit30,93835629,131478150,0,1,0.1097,0.1713,0.1933,0.467,0.4354
readmit30,93835629,132600090,1,0,0.1664,0.2632,0.3114,0.3834,0.3506
readmit30,93942306,284632722,0,0,0.0807,0.0539,0.076,0.488,0.4471
readmit30,93942306,362530280,1,0,0.1143,0.0873,0.1092,0.3867,0.35
readmit30,94012839,149973720,0,0,0.1038,0.0589,0.1038,0.4874,0.4473
readmit30,94012839,153464970,1,1,0.1854,0.126,0.1839,0.3517,0.331
readmit30,94012839,154584210,2,1,0.2299,0.1796,0.2484,0.4647,0.4254
readmit30,94012839,155887242,3,0,0.2214,0.2034,0.2593,0.3929,0.3967
readmit30,94012839,240598590,4,0,0.1932,0.1461,0.1981,0.4558,0.3868
readmit30,94012947,363214598,0,1,0.0811,0.0342,0.0552,0.5008,0.4649
readmit30,94012947,424403450,1,0,0.0619,0.0469,0.0403,0.4353,0.4004
readmit30,94027644,136287474,0,0,0.0754,0.0609,0.0821,0.4847,0.4459
readmit30,94027644,278539968,1,0,0.095,0.08,0.0926,0.4235,0.3675
readmit30,94047408,148369380,0,0,0.0996,0.0435,0.0785,0.489,0.453
readmit30,94047408,157137198,1,0,0.1269,0.0593,0.0644,0.403,0.3684
readmit30,94047408,200418000,2,0,0.0937,0.06,0.05,0.4456,0.4184
readmit30,94062717,120174048,0,0,0.1522,0.2273,0.1857,0.4552,0.4308
readmit30,94062717,170145870,1,1,0.1567,0.1333,0.1733,0.3887,0.3523
readmit30,94062717,171303612,2,1,0.1163,0.1307,0.1425,0.4288,0.4056
readmit30,94062717,173752962,3,1,0.2353,0.1222,0.2817,0.3974,0.3942
readmit30,94062717,174465042,4,0,0.2119,0.1515,0.1674,0.4242,0.3806
readmit30,94062717,239540682,5,1,0.1724,0.1577,0.1687,0.492,0.4374
readmit30,94062717,245298102,6,1,0.1478,0.1378,0.1071,0.4022,0.3803
readmit30,94062717,248162040,7,0,0.2595,0.2145,0.2424,0.4306,0.3973
readmit30,94062717,256441668,8,0,0.2562,0.1597,0.2253,0.4159,0.3796
readmit30,94062717,324332432,9,0,0.3561,0.1886,0.3328,0.3552,0.3593
readmit30,94105899,179684622,0,0,0.0945,0.1023,0.0918,0.4667,0.4358
readmit30,94105899,202195104,1,0,0.1416,0.1444,0.1325,0.3796,0.3413
readmit30,94128309,156911964,0,0,0.103,0.088,0.1105,0.4778,0.4395
readmit30,94128309,166248528,1,0,0.1278,0.0984,0.1329,0.3846,0.3506
readmit30,94156767,157024644,0,0,0.1037,0.1096,0.1167,0.4626,0.4338
readmit30,94156767,198144198,1,0,0.1372,0.1175,0.1478,0.3772,0.3385
readmit30,94160412,131662524,0,0,0.0906,0.0794,0.0906,0.4883,0.4468
readmit30,94160412,161031522,1,0,0.1568,0.1116,0.1456,0.3678,0.3337
readmit30,94160412,221104578,2,0,0.146,0.097,0.1748,0.4957,0.4303
readmit30,94160412,267310170,3,0,0.1427,0.107,0.1145,0.3509,0.3612
readmit30,94188492,155284872,0,0,0.205,0.1659,0.2484,0.4515,0.4256
readmit30,94188492,163279584,1,0,0.1595,0.1642,0.1392,0.3809,0.3427
readmit30,94188492,166135116,2,1,0.2147,0.1759,0.178,0.3881,0.3726
readmit30,94188492,167416254,3,0,0.2501,0.2627,0.2273,0.4006,0.3974
readmit30,94188492,187163292,4,1,0.2167,0.2043,0.171,0.387,0.3568
readmit30,94188492,235149720,5,1,0.2796,0.374,0.2991,0.4697,0.4277
readmit30,94188492,239710968,6,0,0.2666,0.3998,0.2496,0.4877,0.4195
readmit30,94195755,141488586,0,0,0.1112,0.107,0.1235,0.4757,0.4409
readmit30,94195755,184387950,1,0,0.1303,0.1109,0.1569,0.3661,0.3442
readmit30,94195755,225718806,2,0,0.1498,0.1359,0.1449,0.4326,0.3941
readmit30,94195755,234920718,3,0,0.1488,0.1346,0.1449,0.3744,0.3724
readmit30,94201353,146747352,0,0,0.1225,0.1594,0.1524,0.4597,0.4305
readmit30,94201353,158370300,1,0,0.2344,0.2425,0.2304,0.344,0.3296
readmit30,94201353,178345476,2,0,0.2128,0.2439,0.2375,0.4177,0.3814
readmit30,94201353,188053260,3,1,0.1752,0.1889,0.1393,0.3723,0.3706
readmit30,94208634,133882116,0,1,0.0741,0.062,0.0775,0.4836,0.4455
readmit30,94208634,136854876,1,1,0.1243,0.1815,0.1548,0.3873,0.3565
readmit30,94245012,168921690,0,0,0.1021,0.1052,0.162,0.4786,0.4474
readmit30,94245012,211627860,1,0,0.1391,0.0679,0.128,0.3805,0.352
readmit30,94268277,142363170,0,0,0.0945,0.0717,0.0893,0.488,0.4519
readmit30,94268277,201877644,1,0,0.1421,0.1126,0.1357,0.3773,0.3383
readmit30,94306932,246907494,0,0,0.1316,0.1153,0.2059,0.4707,0.4401
readmit30,94306932,291496140,1,1,0.1615,0.1355,0.2112,0.3365,0.3193
readmit30,94306932,416634434,2,0,0.3515,0.2782,0.5443,0.3998,0.3977
readmit30,94312206,120288630,0,0,0.1502,0.2085,0.1915,0.4494,0.4282
readmit30,94312206,210578088,1,0,0.1039,0.2105,0.2334,0.4736,0.3935
readmit30,94333095,249601140,0,0,0.037,0.0296,0.0173,0.51,0.4748
readmit30,94333095,268867098,1,0,0.074,0.0507,0.0359,0.3737,0.3566
readmit30,94333095,340832606,2,0,0.075,0.0499,0.0411,0.446,0.422
readmit30,94367124,194976030,0,0,0.0818,0.088,0.0863,0.479,0.4434
readmit30,94367124,211088088,1,0,0.1232,0.0985,0.0928,0.3632,0.3375
readmit30,94380417,343719362,0,0,0.1118,0.1428,0.1238,0.4586,0.4292
readmit30,94380417,356626148,1,0,0.4587,0.6102,0.6205,0.5717,0.4458
readmit30,94422375,397319276,0,0,0.1182,0.1577,0.1396,0.4581,0.4337
readmit30,94422375,405545654,1,0,0.4186,0.5949,0.5061,0.5669,0.4339
readmit30,94431627,221318904,0,0,0.1091,0.0915,0.1122,0.4789,0.4441
readmit30,94431627,254644752,1,0,0.1032,0.0975,0.0858,0.3802,0.3437
readmit30,94431627,281598720,2,0,0.1652,0.1344,0.1613,0.3869,0.3741
readmit30,94456350,155506404,0,1,0.0675,0.0645,0.0691,0.4877,0.4477
readmit30,94456350,158057514,1,0,0.1425,0.1215,0.1766,0.3976,0.3663
readmit30,94456350,255312648,2,0,0.1312,0.1098,0.2091,0.4774,0.4201
readmit30,94466673,188353332,0,0,0.0537,0.0338,0.0465,0.5021,0.4643
readmit30,94466673,245650518,1,0,0.1033,0.0534,0.0809,0.3781,0.3621
readmit30,94466673,286817412,2,1,0.1215,0.1257,0.1203,0.3707,0.3637
readmit30,94466673,290587722,3,0,0.218,0.2441,0.26,0.3866,0.402
readmit30,94478211,242868150,0,1,0.098,0.0868,0.1041,0.4752,0.4372
readmit30,94478211,248428152,1,0,0.1962,0.1964,0.2069,0.3945,0.3606
readmit30,94478211,265339188,2,1,0.2043,0.1947,0.1933,0.4192,0.384
readmit30,94478211,267120234,3,1,0.2866,0.3228,0.3082,0.387,0.399
readmit30,94478211,268549890,4,0,0.2625,0.3495,0.2851,0.4505,0.394
readmit30,94482396,197662050,0,0,0.0438,0.0535,0.0499,0.4902,0.4569
readmit30,94482396,257782656,1,0,0.083,0.0835,0.0867,0.3805,0.3567
readmit30,94488111,207721872,0,0,0.0631,0.0411,0.0486,0.492,0.4549
readmit30,94488111,310709864,1,0,0.0808,0.0644,0.0701,0.3951,0.3584
readmit30,94488111,313094396,2,0,0.0804,0.1085,0.086,0.365,0.3613
readmit30,94497876,161966928,0,0,0.0661,0.0496,0.0751,0.4948,0.4535
readmit30,94497876,213727176,1,0,0.0799,0.0658,0.0741,0.4065,0.3672
readmit30,94504743,164442642,0,1,0.089,0.0413,0.0923,0.4937,0.4593
readmit30,94504743,166643694,1,0,0.1127,0.0906,0.1024,0.3736,0.3624
readmit30,94504743,280852818,2,0,0.1524,0.1307,0.1925,0.4336,0.3993
readmit30,94504743,296710940,3,0,0.1851,0.1544,0.2385,0.3247,0.3625
readmit30,94512843,332512058,0,0,0.1272,0.1466,0.1321,0.4554,0.4312
readmit30,94512843,343072274,1,1,0.1087,0.1391,0.1763,0.4681,0.3905
readmit30,94512843,415037984,2,0,0.2121,0.1843,0.1892,0.3769,0.3801
readmit30,94512843,443128670,3,1,0.4313,0.5553,0.4987,0.5486,0.4522
readmit30,94526757,165862542,0,0,0.1106,0.1134,0.1287,0.4714,0.4427
readmit30,94526757,229249950,1,0,0.1423,0.0859,0.1619,0.3713,0.3449
readmit30,94540572,199612116,0,1,0.0778,0.1279,0.0906,0.4663,0.4326
readmit30,94540572,254818116,1,1,0.1712,0.258,0.1695,0.3931,0.3526
readmit30,94676220,166328856,0,0,0.1017,0.0687,0.1084,0.4833,0.4445
readmit30,94676220,214217118,1,0,0.1152,0.1027,0.1261,0.375,0.3414
readmit30,94676220,368396846,2,0,0.1218,0.1207,0.1351,0.4472,0.4031
readmit30,94676220,395581664,3,0,0.1475,0.1112,0.1418,0.3541,0.3656
readmit30,94679568,142927890,0,0,0.088,0.0647,0.0766,0.4834,0.447
readmit30,94679568,316080842,1,1,0.0968,0.0708,0.082,0.4013,0.3558
readmit30,94679568,332548850,2,0,0.1491,0.1027,0.1301,0.4495,0.4168
readmit30,94742496,227156304,0,0,0.0713,0.1057,0.0903,0.4732,0.4369
readmit30,94742496,273931050,1,0,0.0923,0.1238,0.1026,0.3968,0.3485
readmit30,94742496,414880976,2,0,0.1313,0.1433,0.1597,0.4461,0.4096
readmit30,94771143,124566738,0,1,0.1179,0.127,0.1328,0.4735,0.4384
readmit30,94771143,126048174,1,0,0.1053,0.0735,0.0883,0.4479,0.3933
readmit30,94771143,237603906,2,0,0.1757,0.1247,0.1452,0.3986,0.3767
readmit30,94798998,157160172,0,1,0.1176,0.0889,0.1264,0.476,0.4399
readmit30,94798998,158373390,1,0,0.1473,0.1732,0.179,0.3786,0.3525
readmit30,94798998,206460702,2,0,0.1275,0.1037,0.1385,0.512,0.4423
readmit30,94801158,173732586,0,0,0.0809,0.0554,0.0891,0.4894,0.4487
readmit30,94801158,354989252,1,0,0.1087,0.09,0.0913,0.4018,0.3628
readmit30,94857075,147885234,0,1,0.1573,0.2593,0.196,0.4413,0.4261
readmit30,94857075,149602710,1,0,0.1442,0.4319,0.277,0.4181,0.3691
readmit30,94890006,280959840,0,1,0.0775,0.0758,0.0877,0.4829,0.4456
readmit30,94890006,287264772,1,0,0.1383,0.0847,0.1123,0.392,0.3644
readmit30,94992426,158719614,0,0,0.1014,0.0789,0.1072,0.4844,0.4481
readmit30,94992426,166209624,1,0,0.1129,0.0887,0.0981,0.364,0.3405
readmit30,94992426,201243252,2,0,0.1499,0.1642,0.1302,0.3623,0.36
readmit30,95041143,80337990,0,0,0.0706,0.0505,0.0671,0.4824,0.4491
readmit30,95041143,157997298,1,1,0.2569,0.1349,0.2203,0.3437,0.328
readmit30,95077098,234334272,0,0,0.0843,0.097,0.1033,0.4729,0.4406
readmit30,95077098,271478538,1,0,0.1085,0.107,0.1238,0.3728,0.3383
readmit30,95077098,428387036,2,0,0.1533,0.1572,0.166,0.3898,0.3756
readmit30,95128560,370773992,0,0,0.2496,0.2753,0.3237,0.447,0.4268
readmit30,95128560,403748318,1,1,0.6222,0.5578,0.7985,0.5645,0.4397
readmit30,95192055,194602596,0,0,0.0701,0.0537,0.0742,0.491,0.4511
readmit30,95192055,275344896,1,0,0.1134,0.0838,0.1116,0.4043,0.3586
readmit30,95235228,138344598,0,0,0.0635,0.0646,0.0641,0.4855,0.4468
readmit30,95235228,307185248,1,0,0.0994,0.0835,0.0852,0.3855,0.3473
readmit30,95243877,327904304,0,0,0.237,0.173,0.2289,0.4468,0.4266
readmit30,95243877,426185000,1,1,0.1701,0.1795,0.1618,0.3696,0.3304
readmit30,95278959,171237726,0,1,0.1694,0.2136,0.2128,0.4536,0.4306
readmit30,95278959,172783368,1,1,0.1914,0.2323,0.2776,0.4223,0.3692
readmit30,95278959,173165508,2,0,0.2256,0.2205,0.2572,0.4427,0.4036
readmit30,95320629,153198366,0,1,0.0556,0.0366,0.0628,0.4975,0.4586
readmit30,95320629,155527914,1,0,0.0867,0.0541,0.0675,0.4125,0.3786
readmit30,95320629,160547556,2,0,0.1405,0.1014,0.1229,0.3815,0.3742
readmit30,95321790,125535786,0,0,0.0476,0.0409,0.0408,0.4971,0.4581
readmit30,95321790,158700642,1,0,0.1185,0.1016,0.1008,0.3692,0.3464
readmit30,95321790,395506580,2,0,0.1587,0.1168,0.1379,0.4399,0.3971
readmit30,95323293,174079332,0,0,0.0783,0.0729,0.1038,0.4777,0.4405
readmit30,95323293,278153082,1,0,0.1073,0.0981,0.1222,0.4236,0.3789
readmit30,95368239,183544092,0,0,0.069,0.0623,0.0753,0.4833,0.4464
readmit30,95368239,261487650,1,0,0.1589,0.0942,0.2254,0.4097,0.3673
readmit30,95393196,388399292,0,0,0.071,0.0393,0.042,0.4936,0.4574
readmit30,95393196,425471630,1,1,0.4245,0.4088,0.4937,0.57,0.4517
readmit30,95427423,124095534,0,0,0.074,0.0601,0.0623,0.485,0.4485
readmit30,95427423,153579684,1,0,0.1464,0.114,0.1234,0.3708,0.337
readmit30,95427423,166306362,2,0,0.1304,0.1243,0.1233,0.4584,0.4103
readmit30,95467419,123912102,0,0,0.0499,0.0605,0.0543,0.4853,0.4472
readmit30,95467419,189387594,1,0,0.0933,0.057,0.0863,0.4366,0.3842
readmit30,95467419,285768468,2,0,0.1046,0.0805,0.0935,0.4415,0.408
readmit30,95504301,147110832,0,0,0.0945,0.0407,0.0573,0.4952,0.4583
readmit30,95504301,162654534,1,0,0.1027,0.0767,0.062,0.3515,0.3379
readmit30,95504301,182732628,2,0,0.1727,0.1196,0.1379,0.3713,0.372
readmit30,95504301,194534484,3,0,0.1481,0.166,0.1353,0.3356,0.3631
readmit30,95504301,205144704,4,1,0.1591,0.1909,0.1276,0.3584,0.3533
readmit30,95504301,207432756,5,0,0.277,0.3502,0.2383,0.4395,0.4221
readmit30,95524407,117106602,0,0,0.172,0.0952,0.1808,0.4805,0.4408
readmit30,95524407,217502040,1,0,0.108,0.086,0.1084,0.421,0.379
readmit30,95580126,238312860,0,1,0.065,0.0627,0.0784,0.4858,0.4463
readmit30,95580126,241464654,1,1,0.1396,0.1571,0.1995,0.3945,0.3616
readmit30,95580126,246190038,2,1,0.267,0.268,0.3245,0.461,0.4197
readmit30,95580126,251953668,3,1,0.3204,0.2949,0.295,0.3822,0.3935
readmit30,95580126,255751602,4,0,0.3202,0.3992,0.3848,0.4842,0.4044
readmit30,95580126,261708810,5,1,0.4258,0.346,0.4561,0.4235,0.3931
readmit30,95580126,262999050,6,1,0.4689,0.4759,0.5591,0.4791,0.4179
readmit30,95580126,265890276,7,1,0.4126,0.5305,0.5622,0.4855,0.425
readmit30,95580126,271187172,8,1,0.4798,0.5027,0.5258,0.5053,0.4254
readmit30,95580126,271853052,9,0,0.4594,0.503,0.4962,0.4615,0.409
readmit30,95583726,173921916,0,0,0.1337,0.0961,0.1254,0.478,0.442
readmit30,95583726,417824234,1,0,0.2052,0.21,0.2124,0.3965,0.3468
readmit30,95591799,156323412,0,0,0.1132,0.1319,0.1285,0.4709,0.438
readmit30,95591799,228864864,1,0,0.1666,0.1101,0.193,0.39,0.3448
readmit30,95591799,238883412,2,0,0.1422,0.1152,0.1434,0.4233,0.387
readmit30,95611320,220871514,0,0,0.0608,0.0365,0.0463,0.5011,0.4626
readmit30,95611320,405499634,1,0,0.0528,0.0433,0.0273,0.4327,0.3899
readmit30,95627403,116594928,0,0,0.0969,0.0939,0.1194,0.4735,0.4379
readmit30,95627403,122119962,1,1,0.1303,0.1162,0.1381,0.3839,0.3435
readmit30,95627403,122603574,2,1,0.1181,0.2257,0.1206,0.4838,0.4339
readmit30,95670153,134502552,0,1,0.0829,0.0711,0.0985,0.4839,0.4491
readmit30,95670153,134825232,1,0,0.1524,0.1047,0.1331,0.3846,0.3532
readmit30,95752350,129119322,0,0,0.0814,0.1083,0.0884,0.4705,0.4385
readmit30,95752350,162088770,1,0,0.1383,0.1119,0.1507,0.3728,0.337
readmit30,95752350,232097880,2,0,0.0992,0.1139,0.1003,0.5195,0.4527
readmit30,95752350,268945482,3,1,0.1326,0.1251,0.1009,0.3421,0.3491
readmit30,95752350,274586094,4,0,0.1684,0.1787,0.1575,0.4199,0.3883
readmit30,95824359,107603364,0,0,0.0813,0.0543,0.0816,0.4865,0.4464
readmit30,95824359,153057000,1,0,0.1443,0.119,0.1591,0.3449,0.3329
readmit30,95827671,328454108,0,0,0.1614,0.1656,0.1969,0.453,0.4302
readmit30,95827671,384336842,1,0,0.2592,0.5686,0.3946,0.5215,0.412
readmit30,95831775,256270362,0,1,0.023,0.0278,0.0098,0.5164,0.4831
readmit30,95831775,257035974,1,0,0.131,0.1003,0.1122,0.3825,0.3576
readmit30,95831775,341295260,2,0,0.1313,0.1075,0.1071,0.4378,0.4031
readmit30,95837517,248125110,0,1,0.0593,0.0464,0.0679,0.4935,0.4603
readmit30,95837517,249671304,1,1,0.1339,0.104,0.0922,0.3798,0.3482
readmit30,96010515,116802090,0,1,0.2811,0.2309,0.2704,0.4462,0.4306
readmit30,96010515,119423580,1,1,0.3484,0.4462,0.3914,0.4367,0.3737
readmit30,96027237,348429932,0,1,0.0647,0.0484,0.064,0.4921,0.4528
readmit30,96027237,413773040,1,0,0.1501,0.1374,0.1372,0.3659,0.3496
readmit30,96079563,173452818,0,0,0.115,0.1028,0.1384,0.4693,0.4379
readmit30,96079563,340271282,1,0,0.0968,0.0738,0.1202,0.4099,0.359
readmit30,96122169,40173510,0,0,0.0422,0.0376,0.0299,0.495,0.4565
readmit30,96122169,98284980,1,0,0.1117,0.1442,0.1089,0.3273,0.3233
readmit30,96136407,175564236,0,1,0.1087,0.0727,0.1527,0.4818,0.4441
readmit30,96136407,176908944,1,0,0.1229,0.0832,0.1004,0.4296,0.3837
readmit30,96170958,218339598,0,0,0.0729,0.0519,0.0672,0.4894,0.4505
readmit30,96170958,264446226,1,0,0.1231,0.1054,0.1011,0.359,0.3359
readmit30,96213753,221137320,0,0,0.0312,0.0277,0.0166,0.5162,0.4809
readmit30,96213753,264547650,1,0,0.1874,0.068,0.1225,0.3529,0.3437
readmit30,96214473,121880472,0,0,0.1494,0.0873,0.1646,0.4694,0.4423
readmit30,96214473,230530542,1,0,0.0795,0.0701,0.1106,0.4382,0.3801
readmit30,96232392,127717446,0,0,0.0528,0.0321,0.0362,0.5061,0.4692
readmit30,96232392,142391352,1,1,0.0863,0.0935,0.0744,0.3294,0.3227
readmit30,96232392,145049934,2,0,0.1774,0.2199,0.2061,0.405,0.4078
readmit30,96317541,117136170,0,0,0.0947,0.108,0.1138,0.4722,0.4445
readmit30,96317541,152799534,1,0,0.1277,0.0998,0.1265,0.3759,0.3338
readmit30,96317541,162582978,2,0,0.1412,0.1497,0.125,0.3898,0.3759
readmit30,96317541,175078728,3,0,0.1641,0.1563,0.1943,0.3769,0.3783
readmit30,96324048,186782496,0,0,0.0469,0.0395,0.0446,0.4975,0.4576
readmit30,96324048,399099692,1,0,0.0777,0.0691,0.0648,0.377,0.349
readmit30,96324048,441932798,2,0,0.6833,0.5453,0.8015,0.6209,0.4976
readmit30,96354792,128660844,0,0,0.115,0.0987,0.127,0.4767,0.4395
readmit30,96354792,143633016,1,0,0.1624,0.1431,0.1828,0.3519,0.3349
readmit30,96374124,241436238,0,1,0.0672,0.0599,0.0382,0.486,0.4496
readmit30,96374124,245417190,1,0,0.1642,0.1153,0.1163,0.3707,0.3527
readmit30,96387084,227578218,0,0,0.0502,0.0306,0.024,0.5128,0.4801
readmit30,96387084,396778808,1,0,0.0463,0.0361,0.0204,0.3916,0.3682
readmit30,96402087,154147278,0,0,0.08,0.0433,0.059,0.4921,0.4538
readmit30,96402087,227001528,1,0,0.1011,0.076,0.1027,0.3785,0.3501
readmit30,96419403,122337090,0,1,0.1645,0.17,0.1918,0.4682,0.4402
readmit30,96419403,122486100,1,0,0.0889,0.0659,0.064,0.4184,0.3748
readmit30,96421806,219938580,0,1,0.1098,0.119,0.1268,0.4752,0.4409
readmit30,96421806,220619442,1,0,0.0878,0.0978,0.0686,0.4096,0.3684
readmit30,96421806,289679886,2,0,0.1393,0.1141,0.1572,0.4059,0.3878
readmit30,96434307,205209630,0,1,0.1008,0.0937,0.1035,0.478,0.4422
readmit30,96434307,207935058,1,0,0.1317,0.151,0.138,0.3791,0.3511
readmit30,96452181,152443476,0,0,0.0775,0.0449,0.0685,0.4979,0.4594
readmit30,96452181,319036100,1,0,0.0971,0.0785,0.0792,0.3852,0.3558
readmit30,96522111,152243958,0,0,0.0948,0.0737,0.0949,0.4815,0.4461
readmit30,96522111,235053042,1,0,0.0833,0.072,0.0892,0.4217,0.3681
readmit30,96575418,9225600,0,0,0.0575,0.0484,0.0546,0.4898,0.4554
readmit30,96575418,30494976,1,0,0.1633,0.1198,0.1397,0.3217,0.3198
readmit30,96666615,201901596,0,0,0.0605,0.0616,0.0605,0.4861,0.4468
readmit30,96666615,260990934,1,0,0.1526,0.1399,0.1461,0.3565,0.3306
readmit30,96694794,40517988,0,0,0.1074,0.0816,0.1322,0.4767,0.4397
readmit30,96694794,129292956,1,0,0.0808,0.0545,0.0814,0.4431,0.3898
readmit30,96704928,260568408,0,0,0.1186,0.0946,0.1291,0.4768,0.4395
readmit30,96704928,279367128,1,0,0.1319,0.1316,0.1355,0.37,0.338
readmit30,96824394,38608548,0,0,0.0619,0.0439,0.0426,0.4928,0.4536
readmit30,96824394,223055448,1,0,0.0618,0.0456,0.0327,0.418,0.3837
readmit30,96982767,118808322,0,0,0.0549,0.0519,0.0482,0.4894,0.4524
readmit30,96982767,156445848,1,1,0.1454,0.0707,0.1232,0.436,0.3844
readmit30,96982767,158289522,2,0,0.2032,0.1116,0.1679,0.3957,0.376
readmit30,97017084,190489992,0,1,0.0809,0.1071,0.1033,0.4692,0.4313
readmit30,97017084,192665046,1,0,0.1283,0.2536,0.1685,0.3671,0.3452
readmit30,97019901,187666560,0,1,0.136,0.2062,0.1576,0.4476,0.4286
readmit30,97019901,191890092,1,0,0.1957,0.3451,0.1798,0.4491,0.3898
readmit30,97019901,200066760,2,1,0.1577,0.2313,0.1442,0.4163,0.385
readmit30,97019901,203908266,3,0,0.2503,0.3426,0.2754,0.4416,0.4179
readmit30,97019901,229858146,4,0,0.2577,0.2403,0.3139,0.4134,0.3742
readmit30,97019901,236164362,5,1,0.3223,0.2576,0.3947,0.4235,0.3951
readmit30,97019901,239118828,6,0,0.4598,0.3817,0.5242,0.469,0.4217
readmit30,97019901,282906990,7,0,0.298,0.2981,0.3601,0.4268,0.397
readmit30,97019901,296091098,8,1,0.285,0.3012,0.3731,0.4348,0.3878
readmit30,97019901,317245316,9,1,0.3721,0.3941,0.4617,0.4613,0.4162
readmit30,97019901,321388712,10,0,0.37,0.4125,0.4819,0.5006,0.4346
readmit30,97019901,360885014,11,1,0.3914,0.3257,0.5225,0.4653,0.4062
readmit30,97019901,367356026,12,1,0.4522,0.4422,0.5903,0.5222,0.4434
readmit30,97076124,398547602,0,1,0.2947,0.1399,0.3585,0.4775,0.4518
readmit30,97076124,425611298,1,0,0.0834,0.0511,0.0482,0.4089,0.3775
readmit30,97087608,143086476,0,0,0.1308,0.0792,0.1176,0.4793,0.4423
readmit30,97087608,211981164,1,0,0.1264,0.0727,0.0883,0.4046,0.366
readmit30,97100730,170680434,0,0,0.052,0.0406,0.0586,0.4901,0.4556
readmit30,97100730,221939448,1,0,0.1303,0.0806,0.1631,0.3624,0.3439
readmit30,97100730,257205366,2,0,0.1317,0.1142,0.143,0.4243,0.3914
readmit30,97100730,292046988,3,0,0.1734,0.1373,0.2001,0.3552,0.3726
readmit30,97101261,127028580,0,0,0.0316,0.0339,0.0266,0.5052,0.465
readmit30,97101261,152773152,1,0,0.0985,0.0759,0.082,0.3615,0.3468
readmit30,97101261,172130106,2,0,0.0651,0.056,0.0336,0.4642,0.4222
readmit30,97101261,218029596,3,1,0.2042,0.2194,0.2128,0.3179,0.3495
readmit30,97101261,221941746,4,0,0.2044,0.1467,0.1828,0.4277,0.4007
readmit30,97101684,219387492,0,1,0.046,0.0338,0.0439,0.5023,0.465
readmit30,97101684,219935196,1,1,0.0956,0.0879,0.0985,0.3954,0.3636
readmit30,97101684,223001376,2,0,0.1639,0.1296,0.1894,0.4212,0.4174
readmit30,97235640,160902708,0,0,0.1024,0.0645,0.0971,0.4881,0.4489
readmit30,97235640,179982894,1,0,0.1117,0.1148,0.0958,0.3764,0.3417
readmit30,97253667,199179000,0,0,0.1025,0.0947,0.1004,0.4846,0.4474
readmit30,97253667,251260074,1,0,0.1705,0.1854,0.1242,0.3535,0.3258
readmit30,97253667,370736942,2,0,0.0966,0.1102,0.0672,0.4364,0.401
readmit30,97286517,337191242,0,0,0.1387,0.1507,0.1546,0.4576,0.4302
readmit30,97286517,406190162,1,0,0.18,0.2163,0.2004,0.3441,0.3291
readmit30,97286517,436656014,2,1,0.186,0.2237,0.2845,0.4866,0.4171
readmit30,97286517,441450614,3,1,0.2729,0.1831,0.2871,0.3897,0.3903
readmit30,97360236,286357422,0,0,0.0783,0.0549,0.0669,0.4915,0.4537
readmit30,97360236,384388772,1,0,0.1133,0.1142,0.0889,0.3573,0.3335
readmit30,97365555,155080506,0,0,0.0676,0.086,0.0769,0.4751,0.4397
readmit30,97365555,162968724,1,0,0.1134,0.104,0.1194,0.3557,0.3325
readmit30,97365555,170317332,2,0,0.1324,0.2036,0.162,0.348,0.3584
readmit30,97365555,217248018,3,0,0.1341,0.1447,0.1807,0.3976,0.3886
readmit30,97365555,262788954,4,1,0.2147,0.1336,0.2359,0.3864,0.3511
readmit30,97365555,265892172,5,0,0.2449,0.2549,0.297,0.4231,0.4072
readmit30,97365555,274787154,6,0,0.2116,0.2636,0.208,0.3883,0.3653
readmit30,97389342,140564928,0,0,0.0608,0.0547,0.0497,0.4892,0.452
readmit30,97389342,160306854,1,0,0.1287,0.1187,0.1006,0.3541,0.3317
readmit30,97394715,55852584,0,0,0.1355,0.1483,0.1497,0.455,0.4297
readmit30,97394715,64473120,1,0,0.2076,0.231,0.2904,0.359,0.3358
readmit30,97406649,192714642,0,0,0.0451,0.0366,0.0397,0.4978,0.4608
readmit30,97406649,279267702,1,0,0.0628,0.0506,0.0437,0.3973,0.3626
readmit30,97476408,143664798,0,0,0.1817,0.0905,0.162,0.4851,0.4522
readmit30,97476408,158110338,1,0,0.145,0.1373,0.1254,0.343,0.3234
readmit30,97521327,159695568,0,0,0.0967,0.0627,0.0986,0.4842,0.4467
readmit30,97521327,193838412,1,0,0.103,0.1108,0.0827,0.3689,0.3415
readmit30,97521327,209232342,2,1,0.1001,0.1139,0.0872,0.4362,0.405
readmit30,97521327,210460434,3,1,0.1757,0.155,0.1727,0.4232,0.4051
readmit30,97521327,212713674,4,0,0.2115,0.1922,0.2261,0.4187,0.3819
readmit30,97521327,220318314,5,0,0.1602,0.1551,0.16,0.4574,0.4097
readmit30,97526565,120059088,0,0,0.0639,0.0631,0.0654,0.4854,0.4468
readmit30,97526565,132384432,1,0,0.102,0.0931,0.0882,0.3726,0.3448
readmit30,97526565,156439350,2,0,0.1296,0.1282,0.1552,0.3933,0.3756
readmit30,97526565,175451862,3,0,0.1641,0.1339,0.1686,0.3641,0.3696
readmit30,97540524,108604992,0,0,0.0595,0.039,0.0498,0.5001,0.4615
readmit30,97540524,192994320,1,0,0.1509,0.0647,0.1096,0.4083,0.3716
readmit30,97577100,148771104,0,0,0.0774,0.0786,0.0877,0.4784,0.4431
readmit30,97577100,182727144,1,0,0.1324,0.1088,0.1185,0.3657,0.3368
readmit30,97692417,117561588,0,0,0.0819,0.0446,0.076,0.4942,0.4528
readmit30,97692417,131382582,1,0,0.1088,0.0913,0.0897,0.368,0.3413
readmit30,97721037,122874168,0,1,0.1345,0.1579,0.1733,0.46,0.4284
readmit30,97721037,124490646,1,0,0.1809,0.2438,0.2919,0.3786,0.3531
readmit30,97747668,131207184,0,0,0.0692,0.0613,0.084,0.4846,0.4526
readmit30,97747668,153661158,1,0,0.1276,0.1553,0.1376,0.3198,0.3109
readmit30,97776648,181855632,0,0,0.0992,0.0845,0.0996,0.4788,0.4426
readmit30,97776648,281785122,1,0,0.239,0.1074,0.2305,0.381,0.3469
readmit30,97776648,429009218,2,0,0.1295,0.1276,0.1232,0.4085,0.3818
readmit30,97867053,162227088,0,1,0.042,0.0361,0.0339,0.4996,0.4601
readmit30,97867053,163580856,1,0,0.1298,0.1378,0.124,0.3643,0.3504
readmit30,97867053,200430552,2,0,0.1537,0.1301,0.1706,0.4483,0.4081
readmit30,97871427,144443238,0,0,0.048,0.0288,0.0336,0.5093,0.4742
readmit30,97871427,176535342,1,0,0.0755,0.0378,0.0226,0.3912,0.3696
readmit30,97909722,147830826,0,1,0.1071,0.0735,0.1138,0.4836,0.4436
readmit30,97909722,148984146,1,0,0.1728,0.1324,0.156,0.3805,0.355
readmit30,97954380,273628506,0,0,0.1007,0.0566,0.0821,0.4902,0.4515
readmit30,97954380,305582012,1,0,0.1396,0.0768,0.0935,0.3542,0.3317
readmit30,97959015,170309148,0,0,0.051,0.0418,0.05,0.492,0.4552
readmit30,97959015,399580874,1,0,0.0815,0.0706,0.0639,0.4046,0.3655
readmit30,97970004,152870568,0,0,0.0533,0.0356,0.0467,0.5035,0.4684
readmit30,97970004,201086730,1,0,0.1072,0.0472,0.0769,0.4026,0.3645
readmit30,98017713,146439954,0,1,0.0746,0.0655,0.0902,0.4824,0.4451
readmit30,98017713,148359648,1,0,0.1745,0.1301,0.2088,0.4023,0.3613
readmit30,98029332,233525172,0,0,0.0479,0.041,0.0421,0.4936,0.4556
readmit30,98029332,274870098,1,0,0.1145,0.0442,0.0411,0.4439,0.3941
readmit30,98036865,141678900,0,0,0.1012,0.1015,0.1159,0.4798,0.4443
readmit30,98036865,148130466,1,0,0.1108,0.1226,0.1432,0.3653,0.3431
readmit30,98036865,160918608,2,0,0.1717,0.1502,0.2016,0.3811,0.3778
readmit30,98094825,123529506,0,0,0.0804,0.0464,0.0545,0.4974,0.4653
readmit30,98094825,135713232,1,0,0.145,0.1178,0.0964,0.3086,0.3182
readmit30,98130825,128019066,0,0,0.118,0.1192,0.1305,0.4716,0.4422
readmit30,98130825,189910248,1,1,0.0685,0.0478,0.0576,0.4334,0.3805
readmit30,98130825,192589272,2,0,0.1413,0.1015,0.1058,0.4112,0.3952
readmit30,98148960,148257744,0,0,0.1447,0.1007,0.1106,0.4914,0.4634
readmit30,98148960,148708458,1,0,0.0432,0.0453,0.0138,0.3898,0.3595
readmit30,98148960,190107132,2,1,0.1737,0.0568,0.0833,0.4439,0.431
readmit30,98148960,190653876,3,0,0.0744,0.0356,0.0382,0.4313,0.4477
readmit30,98168040,215309016,0,1,0.092,0.0596,0.0653,0.4898,0.4541
readmit30,98168040,371309798,1,0,0.194,0.0813,0.1289,0.4081,0.3757
readmit30,98207514,165544356,0,1,0.1053,0.1336,0.1266,0.4721,0.4375
readmit30,98207514,167142528,1,0,0.1635,0.1516,0.1733,0.3966,0.3609
readmit30,98462151,123083742,0,0,0.116,0.0468,0.1399,0.5005,0.4691
readmit30,98462151,138760860,1,0,0.1082,0.0902,0.1076,0.3355,0.3284
readmit30,98462151,166878300,2,1,0.1448,0.1359,0.16,0.3742,0.3796
readmit30,98462151,167948304,3,0,0.2181,0.2117,0.2868,0.3646,0.3948
readmit30,98462151,178803150,4,0,0.1207,0.1474,0.1399,0.3813,0.3566
readmit30,98462151,264722304,5,0,0.1409,0.1551,0.1791,0.4659,0.4117
readmit30,98480781,182056710,0,0,0.1173,0.1138,0.0993,0.4655,0.434
readmit30,98480781,220754676,1,0,0.1153,0.1702,0.1026,0.3323,0.3211
readmit30,98480781,242844042,2,0,0.1523,0.1621,0.1978,0.4621,0.4046
readmit30,98480781,251961546,3,1,0.1307,0.154,0.1231,0.3456,0.3489
readmit30,98480781,252403158,4,0,0.1833,0.2623,0.1791,0.4265,0.3866
readmit30,98500293,163598706,0,0,0.0888,0.0532,0.0653,0.4896,0.4545
readmit30,98500293,202827402,1,0,0.0918,0.0947,0.0725,0.3595,0.3416
readmit30,98613918,204980436,0,0,0.0909,0.0862,0.0936,0.4764,0.441
readmit30,98613918,213553620,1,0,0.1617,0.1529,0.1998,0.3363,0.3244
readmit30,98635077,208033296,0,0,0.1177,0.0957,0.1128,0.4817,0.4449
readmit30,98635077,231424974,1,1,0.1384,0.1309,0.1215,0.3589,0.3369
readmit30,98635077,234825954,2,0,0.1696,0.1649,0.1441,0.4388,0.407
readmit30,98635077,245410404,3,0,0.159,0.1848,0.1501,0.3439,0.3553
readmit30,98766603,181206702,0,0,0.2163,0.2427,0.3395,0.4653,0.4374
readmit30,98766603,260313570,1,0,0.1206,0.0695,0.1253,0.4163,0.3678
readmit30,98766603,270363942,2,0,0.1188,0.1132,0.1249,0.3982,0.3797
readmit30,98766603,277179780,3,0,0.2561,0.2037,0.2847,0.3337,0.3582
readmit30,98788392,124713492,0,0,0.0956,0.0773,0.106,0.4815,0.4429
readmit30,98788392,129577914,1,0,0.1522,0.1357,0.1591,0.3683,0.3357
readmit30,98788392,164023482,2,0,0.1619,0.1407,0.1829,0.4393,0.4041
readmit30,98788392,207527346,3,0,0.1166,0.1295,0.1365,0.4018,0.4
readmit30,98788392,271582686,4,0,0.1755,0.1176,0.1606,0.406,0.3633
readmit30,98789760,160054494,0,0,0.1005,0.0893,0.1371,0.4749,0.4394
readmit30,98789760,242506314,1,0,0.1579,0.1212,0.1606,0.4006,0.355
readmit30,98789760,383818496,2,0,0.2082,0.0905,0.2479,0.4712,0.4139
readmit30,98818767,150470220,0,0,0.099,0.0937,0.1116,0.4796,0.4416
readmit30,98818767,210611904,1,0,0.1236,0.0887,0.1294,0.4171,0.3684
readmit30,98818767,333755864,2,0,0.1407,0.1326,0.129,0.3835,0.3694
readmit30,98818767,350205632,3,0,0.1335,0.1141,0.1258,0.4226,0.4015
readmit30,98818767,416078456,4,0,0.1862,0.1056,0.178,0.4119,0.3713
readmit30,98906499,176743314,0,0,0.0925,0.1146,0.1089,0.471,0.4425
readmit30,98906499,192308064,1,0,0.1259,0.1103,0.1421,0.3626,0.3421
readmit30,98984187,276279396,0,1,0.1385,0.1761,0.1739,0.4703,0.4358
readmit30,98984187,279508314,1,0,0.1631,0.167,0.1971,0.3821,0.3533
readmit30,98984187,292301808,2,0,0.2476,0.1524,0.2512,0.4078,0.3826
readmit30,98984187,329623286,3,1,0.2383,0.2882,0.3104,0.3243,0.3546
readmit30,98984187,334916546,4,1,0.252,0.271,0.2705,0.4619,0.4001
readmit30,98984187,343152272,5,0,0.3854,0.3381,0.4901,0.4129,0.4038
readmit30,99168156,133448142,0,0,0.0495,0.0361,0.0442,0.5092,0.4733
readmit30,99168156,261834582,1,0,0.0504,0.039,0.0233,0.3869,0.37
readmit30,99227628,161147268,0,0,0.0859,0.0729,0.0936,0.4836,0.4448
readmit30,99227628,278000220,1,1,0.1222,0.0784,0.1047,0.4071,0.3639
readmit30,99227628,283790886,2,0,0.2225,0.1329,0.2127,0.4149,0.3917
readmit30,99230121,248927574,0,0,0.0605,0.0441,0.066,0.4915,0.4545
readmit30,99230121,301358732,1,1,0.2349,0.1931,0.2468,0.3329,0.3216
readmit30,99230121,312559982,2,0,0.249,0.159,0.2451,0.4288,0.4161
readmit30,99237996,39844782,0,1,0.1268,0.1368,0.1993,0.4692,0.4345
readmit30,99237996,44818146,1,0,0.2237,0.3272,0.3665,0.3968,0.3586
readmit30,99256608,167628540,0,0,0.0409,0.0337,0.0312,0.501,0.4636
readmit30,99256608,175174848,1,0,0.0675,0.0608,0.0486,0.3818,0.3581
readmit30,99256608,279850224,2,0,0.0698,0.0854,0.0599,0.4259,0.399
readmit30,99379107,203432340,0,0,0.0651,0.0485,0.0713,0.4933,0.46
readmit30,99379107,214545228,1,0,0.1648,0.1173,0.1492,0.3454,0.3315
readmit30,99396279,150081600,0,0,0.1378,0.1077,0.1862,0.4706,0.4439
readmit30,99396279,152931582,1,0,0.1843,0.1416,0.1784,0.3575,0.3308
readmit30,99396279,156083280,2,0,0.2148,0.1547,0.2472,0.4066,0.3799
readmit30,99396279,162999180,3,1,0.2073,0.1858,0.1835,0.3491,0.3614
readmit30,99396279,163562826,4,0,0.2634,0.2362,0.245,0.4356,0.3977
readmit30,99396279,187177794,5,0,0.3323,0.232,0.2682,0.4095,0.3892
readmit30,99421578,189916368,0,0,0.0734,0.0328,0.0577,0.4995,0.4619
readmit30,99421578,257716662,1,1,0.1039,0.0663,0.0944,0.3935,0.3646
readmit30,99421578,261286236,2,0,0.1663,0.1186,0.1331,0.4022,0.3938
readmit30,99467199,252418338,0,0,0.0578,0.0444,0.0613,0.4921,0.4521
readmit30,99467199,286505400,1,0,0.0829,0.0748,0.0749,0.3867,0.3549
readmit30,99467199,347172632,2,0,0.1213,0.123,0.1391,0.3858,0.376
readmit30,99519660,115652100,0,0,0.0538,0.0354,0.0599,0.502,0.4728
readmit30,99519660,151294734,1,0,0.0875,0.0671,0.0748,0.3851,0.3454
readmit30,99519660,162672804,2,0,0.0815,0.0794,0.0661,0.4445,0.4164
readmit30,99519660,171781788,3,0,0.1529,0.1206,0.1351,0.3471,0.3641
readmit30,99519660,227545164,4,0,0.0776,0.1002,0.0756,0.4314,0.392
readmit30,99589725,136009470,0,0,0.0683,0.064,0.0577,0.485,0.4497
readmit30,99589725,182176074,1,1,0.1128,0.1083,0.112,0.3951,0.3473
readmit30,99589725,183331296,2,0,0.17,0.1215,0.1502,0.4412,0.4175
readmit30,99589725,239680506,3,0,0.1525,0.1463,0.1376,0.3435,0.3589
readmit30,99609876,177883206,0,1,0.122,0.0709,0.1188,0.4837,0.4446
readmit30,99609876,179695146,1,0,0.0934,0.1173,0.0699,0.3914,0.3649
readmit30,99609876,211387068,2,0,0.1394,0.1239,0.1156,0.3893,0.3719
readmit30,99627408,150288462,0,0,0.0584,0.0864,0.0798,0.4732,0.439
readmit30,99627408,242891916,1,0,0.0932,0.1254,0.1017,0.382,0.3393
readmit30,99627408,350723258,2,0,0.109,0.1061,0.0895,0.4403,0.4004
readmit30,99730422,117614970,0,0,0.0696,0.0319,0.0464,0.5017,0.4671
readmit30,99730422,127712454,1,0,0.1057,0.0833,0.0766,0.3487,0.3395
readmit30,99730422,157865562,2,0,0.1203,0.1204,0.1201,0.403,0.3755
readmit30,99730422,171357084,3,0,0.1088,0.1232,0.1091,0.3762,0.38
readmit30,99777834,203216322,0,0,0.0681,0.0509,0.0625,0.4884,0.4512
readmit30,99777834,215788818,1,0,0.0984,0.1119,0.0969,0.3709,0.3477
readmit30,99813330,158894568,0,0,0.0693,0.0871,0.0671,0.4775,0.4436
readmit30,99813330,205462962,1,0,0.1404,0.1196,0.1189,0.3652,0.3342
readmit30,99813330,290604144,2,0,0.1186,0.1035,0.1239,0.52,0.4586
readmit30,99834417,233426652,0,0,0.0704,0.0457,0.0759,0.4905,0.4529
readmit30,99834417,307801256,1,0,0.0882,0.109,0.0709,0.3333,0.3278
readmit30,99872181,84692448,0,0,0.1389,0.166,0.1477,0.4565,0.4299
readmit30,99872181,111762066,1,0,0.1966,0.2058,0.2103,0.3848,0.3421
readmit30,99923481,285060804,0,1,0.0439,0.0416,0.0429,0.498,0.4575
readmit30,99923481,286290582,1,0,0.082,0.0742,0.0655,0.406,0.3734
readmit30,99925569,127846416,0,0,0.1168,0.1318,0.1351,0.4734,0.4394
readmit30,99925569,187542024,1,0,0.0771,0.0607,0.0629,0.4417,0.3801
readmit30,99938439,133524168,0,0,0.0444,0.038,0.0309,0.5005,0.4661
readmit30,99938439,164982150,1,0,0.1025,0.0639,0.0692,0.3623,0.339
readmit30,99970974,110869296,0,0,0.0895,0.0755,0.0991,0.479,0.4409
readmit30,99970974,142539024,1,1,0.1312,0.0968,0.1523,0.4093,0.3628
readmit30,99970974,144141870,2,0,0.1302,0.1298,0.1244,0.4235,0.3936
readmit30,99970974,223907784,3,0,0.1618,0.09,0.1438,0.4016,0.3913
readmit30,99985500,162363714,0,1,0.3772,0.0741,0.3795,0.4797,0.4441
readmit30,99985500,163470498,1,0,0.1874,0.1702,0.2075,0.3503,0.3369
readmit30,99988533,194218818,0,0,0.0782,0.0746,0.0672,0.4815,0.4485
readmit30,99988533,228379680,1,0,0.094,0.077,0.0905,0.3793,0.3475
readmit30,100016433,73339632,0,0,0.1163,0.1045,0.1401,0.4688,0.4343
readmit30,100016433,82012074,1,0,0.3229,0.1724,0.3179,0.3467,0.3248
readmit30,100186704,117078936,0,0,0.1058,0.1206,0.1168,0.4684,0.4396
readmit30,100186704,147332490,1,1,0.2902,0.1553,0.2835,0.3446,0.3254
readmit30,100232856,156744708,0,1,0.1056,0.0723,0.1526,0.4816,0.4461
readmit30,100232856,159116388,1,1,0.1989,0.1308,0.2644,0.384,0.3601
readmit30,100232856,160120206,2,1,0.3745,0.1908,0.5974,0.4265,0.402
readmit30,100238166,216644316,0,0,0.0736,0.0687,0.0814,0.4836,0.4452
readmit30,100238166,348974732,1,0,0.0893,0.0757,0.1085,0.4219,0.3681
readmit30,100430694,234288432,0,0,0.0643,0.0354,0.0438,0.5018,0.4655
readmit30,100430694,249667494,1,0,0.1161,0.1086,0.0965,0.3176,0.3256
readmit30,100430694,268576446,2,0,0.1636,0.1289,0.1237,0.3922,0.3852
readmit30,100517895,165686682,0,0,0.0535,0.0417,0.043,0.4937,0.4555
readmit30,100517895,422011934,1,0,0.0941,0.0824,0.0865,0.3899,0.3531
readmit30,100533195,3783912,0,0,0.0708,0.0499,0.0754,0.4867,0.453
readmit30,100533195,160706226,1,0,0.0781,0.0613,0.0582,0.4065,0.3723
readmit30,100554930,170710278,0,0,0.1451,0.2797,0.1933,0.4563,0.4333
readmit30,100554930,187560012,1,0,0.1489,0.1536,0.1744,0.3774,0.3385
readmit30,100581894,224590002,0,0,0.0996,0.0896,0.1237,0.4783,0.4475
readmit30,100581894,378480020,1,1,0.1116,0.1123,0.1035,0.3672,0.3321
readmit30,100581894,392571404,2,1,0.1836,0.1508,0.1794,0.4945,0.4392
readmit30,100608624,259969596,0,1,0.0867,0.0733,0.0884,0.4853,0.4514
readmit30,100608624,264382488,1,0,0.1609,0.0963,0.0931,0.3715,0.3506
readmit30,100649880,51364992,0,1,0.0968,0.107,0.1118,0.4735,0.4378
readmit30,100649880,54381618,1,0,0.2703,0.2919,0.3253,0.3814,0.3581
readmit30,100653390,144795990,0,0,0.0785,0.0732,0.0774,0.4813,0.4436
readmit30,100653390,153138036,1,0,0.0909,0.1109,0.0827,0.362,0.334
readmit30,100653390,158566932,2,0,0.147,0.1393,0.1532,0.4058,0.3821
readmit30,100653390,165670350,3,0,0.1843,0.1805,0.1722,0.3456,0.3642
readmit30,100653390,168947556,4,0,0.2383,0.1827,0.2197,0.3948,0.3599
readmit30,100653390,182560338,5,0,0.1386,0.1622,0.1214,0.4109,0.388
readmit30,100653390,206730984,6,0,0.1589,0.166,0.1382,0.3909,0.3693
readmit30,100653390,220143018,7,1,0.1616,0.1912,0.144,0.401,0.3788
readmit30,100653390,223141308,8,0,0.254,0.2719,0.2111,0.474,0.4182
readmit30,100653390,241765182,9,0,0.191,0.1908,0.1614,0.3765,0.3683
readmit30,100653390,250690140,10,0,0.1755,0.2141,0.1485,0.4393,0.3888
readmit30,100657359,214160214,0,0,0.0622,0.046,0.0645,0.4931,0.4558
readmit30,100657359,222595338,1,0,0.08,0.0424,0.0304,0.3949,0.3602
readmit30,100657359,245688426,2,0,0.1297,0.0704,0.0828,0.3717,0.3894
readmit30,100677726,155925144,0,0,0.1094,0.0912,0.1176,0.4786,0.442
readmit30,100677726,165892704,1,0,0.1307,0.1303,0.1137,0.3619,0.338
readmit30,100677726,200879310,2,1,0.1565,0.1648,0.1647,0.4129,0.3909
readmit30,100677726,202909770,3,0,0.1982,0.2097,0.2276,0.3869,0.3918
readmit30,100677726,224410050,4,0,0.1368,0.1684,0.1342,0.3954,0.3586
readmit30,100677726,268687320,5,0,0.1415,0.1968,0.1205,0.4162,0.3848
readmit30,100677726,433852466,6,0,0.1657,0.1838,0.1424,0.4207,0.3849
readmit30,100677726,443207462,7,0,0.2033,0.1732,0.1989,0.4098,0.3813
readmit30,100724697,167562426,0,0,0.0608,0.0758,0.0671,0.479,0.4416
readmit30,100724697,197810688,1,0,0.1647,0.1916,0.219,0.3313,0.3289
readmit30,100724697,229638360,2,0,0.1286,0.1658,0.137,0.4615,0.4074
readmit30,100724697,239649918,3,0,0.1623,0.1441,0.1603,0.3474,0.3581
readmit30,100724697,273702270,4,0,0.1438,0.1676,0.1566,0.3966,0.3643
readmit30,100791306,279259734,0,1,0.125,0.1763,0.1569,0.4541,0.427
readmit30,100791306,281622750,1,0,0.1376,0.2903,0.2317,0.393,0.3612
readmit30,100917270,168480384,0,0,0.0911,0.0859,0.1157,0.4852,0.4469
readmit30,100917270,174504690,1,0,0.104,0.0874,0.0847,0.3967,0.3502
readmit30,100917270,195411906,2,0,0.1733,0.1104,0.153,0.4071,0.3781
readmit30,100917270,245589276,3,0,0.1649,0.1379,0.1557,0.3731,0.376
readmit30,101037321,15984510,0,0,0.1192,0.0905,0.1534,0.4757,0.4401
readmit30,101037321,215932686,1,0,0.1342,0.0916,0.1533,0.4019,0.3587
readmit30,101200482,40795218,0,1,0.1925,0.1687,0.2372,0.4516,0.4281
readmit30,101200482,41247096,1,0,0.2421,0.2698,0.3196,0.4054,0.3638
readmit30,101306601,282273990,0,0,0.1009,0.0856,0.1093,0.4856,0.4501
readmit30,101306601,317245292,1,0,0.1266,0.1232,0.0917,0.306,0.3114
readmit30,101372130,148286454,0,0,0.0631,0.0543,0.0686,0.4916,0.452
readmit30,101372130,187420632,1,0,0.0897,0.0665,0.0805,0.4216,0.3733
readmit30,101372130,314231636,2,0,0.0732,0.0597,0.0382,0.4137,0.3895
readmit30,101372130,318350714,3,1,0.4268,0.4828,0.517,0.5775,0.4822
readmit30,101512989,155552958,0,1,0.1832,0.1514,0.2086,0.4693,0.4346
readmit30,101512989,156536232,1,0,0.2291,0.2319,0.2939,0.4069,0.3608
readmit30,101570130,187540560,0,0,0.07,0.0702,0.0859,0.4765,0.4422
readmit30,101570130,255165966,1,0,0.0819,0.0785,0.1008,0.4035,0.354
readmit30,101570130,314886818,2,0,0.1536,0.1173,0.1612,0.3918,0.3752
readmit30,101601846,151632504,0,1,0.1472,0.205,0.1717,0.4484,0.4267
readmit30,101601846,180590844,1,0,0.3197,0.319,0.3919,0.4063,0.3653
readmit30,101624364,155092038,0,0,0.1492,0.1049,0.1681,0.4736,0.4378
readmit30,101624364,166253976,1,0,0.1211,0.116,0.125,0.3783,0.3428
readmit30,101707335,1079592,0,0,0.146,0.1588,0.1659,0.4608,0.4314
readmit30,101707335,10325892,1,0,0.1695,0.1438,0.1855,0.3869,0.3386
readmit30,101747565,123074400,0,0,0.0823,0.0564,0.0911,0.4909,0.451
readmit30,101747565,151659264,1,0,0.2045,0.0994,0.226,0.3359,0.3238
readmit30,101747565,229822404,2,0,0.1386,0.0979,0.1797,0.4811,0.4216
readmit30,101790378,170816088,0,1,0.0466,0.0389,0.0326,0.5013,0.4618
readmit30,101790378,171565170,1,0,0.0899,0.0701,0.0507,0.4095,0.3722
readmit30,101869326,144247188,0,0,0.0423,0.0273,0.0266,0.5116,0.4762
readmit30,101869326,227008842,1,0,0.1587,0.0546,0.1303,0.4022,0.3718
readmit30,101945061,208723476,0,0,0.1073,0.1016,0.102,0.4724,0.4382
readmit30,101945061,224448840,1,0,0.1004,0.1078,0.0859,0.3638,0.3329
readmit30,101945061,230983902,2,1,0.1301,0.1233,0.1095,0.4097,0.3827
readmit30,101945061,235627518,3,0,0.195,0.2341,0.207,0.3466,0.3789
readmit30,101962656,187499556,0,0,0.0507,0.0387,0.0313,0.5023,0.4643
readmit30,101962656,333153494,1,0,0.0725,0.0586,0.0623,0.4038,0.3631
readmit30,101965302,191453748,0,0,0.1271,0.0812,0.1377,0.4814,0.4425
readmit30,101965302,218841852,1,1,0.1058,0.1313,0.0993,0.3479,0.3291
readmit30,101965302,223919406,2,0,0.1412,0.2002,0.1548,0.491,0.4306
readmit30,101965302,244505148,3,0,0.1419,0.1369,0.1243,0.3427,0.3546
readmit30,102016638,255073632,0,0,0.0856,0.0717,0.0986,0.4846,0.4456
readmit30,102016638,280371972,1,1,0.2791,0.176,0.2777,0.3601,0.333
readmit30,102016638,282384192,2,1,0.1865,0.1577,0.2106,0.4772,0.4239
readmit30,102104748,189015018,0,0,0.0517,0.0534,0.0476,0.49,0.4516
readmit30,102104748,199423932,1,0,0.1134,0.086,0.0803,0.3632,0.3439
readmit30,102131946,124363224,0,0,0.0834,0.0474,0.0689,0.4946,0.4533
readmit30,102131946,144512886,1,0,0.1302,0.1,0.1264,0.3612,0.3367
readmit30,102156327,164670474,0,0,0.0967,0.0688,0.098,0.487,0.4491
readmit30,102156327,260694654,1,0,0.1308,0.0879,0.1261,0.3861,0.3507
readmit30,102187692,160567860,0,0,0.0767,0.0694,0.0767,0.485,0.4468
readmit30,102187692,171176994,1,0,0.1177,0.0883,0.0896,0.3653,0.3424
readmit30,102187692,204877044,2,0,0.1406,0.1477,0.1312,0.3747,0.3648
readmit30,102187692,303096422,3,1,0.1155,0.1128,0.1294,0.4522,0.4085
readmit30,102187692,327799994,4,0,0.1799,0.109,0.1497,0.4144,0.3808
readmit30,102187692,409122644,5,0,0.1567,0.1307,0.1187,0.4219,0.3906
readmit30,102224196,311356058,0,1,0.1274,0.1107,0.1611,0.4749,0.4382
readmit30,102224196,366679628,1,0,0.1211,0.1122,0.1429,0.419,0.3758
readmit30,102230775,184771950,0,1,0.0569,0.0307,0.0527,0.507,0.4704
readmit30,102230775,186432102,1,0,0.1143,0.0577,0.1176,0.4214,0.388
readmit30,102269079,119229750,0,0,0.1832,0.1197,0.1945,0.4662,0.4401
readmit30,102269079,124708818,1,0,0.2943,0.1966,0.2506,0.3289,0.312
readmit30,102316536,135803592,0,0,0.0637,0.0578,0.0697,0.4862,0.4485
readmit30,102316536,203664684,1,0,0.0701,0.0817,0.0738,0.3967,0.359
readmit30,102351636,225132174,0,0,0.0549,0.0322,0.044,0.5028,0.4669
readmit30,102351636,231776592,1,0,0.1517,0.0946,0.1257,0.3452,0.3332
readmit30,102440403,155387046,0,0,0.4644,0.1751,0.525,0.4632,0.4326
readmit30,102440403,156148260,1,0,0.2761,0.3344,0.3124,0.4663,0.3907
readmit30,102484719,70724400,0,0,0.11,0.0702,0.0936,0.4745,0.4404
readmit30,102484719,75593676,1,1,0.0908,0.1425,0.0849,0.3436,0.3238
readmit30,102573189,178925928,0,0,0.0851,0.1037,0.0904,0.4755,0.4409
readmit30,102573189,225638526,1,0,0.1054,0.0791,0.1005,0.3789,0.3461
readmit30,102573189,277353438,2,0,0.1498,0.0893,0.1647,0.4137,0.3892
readmit30,102582243,192579402,0,0,0.0377,0.0287,0.018,0.5097,0.4778
readmit30,102582243,269435388,1,0,0.0811,0.038,0.0461,0.4042,0.3806
readmit30,102583179,119922618,0,0,0.0955,0.0711,0.0995,0.482,0.4449
readmit30,102583179,138790368,1,1,0.2784,0.2031,0.3429,0.3226,0.3173
readmit30,102583179,140815890,2,0,0.1309,0.1534,0.1053,0.4398,0.4129
readmit30,102633444,160168830,0,0,0.1339,0.0976,0.1553,0.4798,0.4468
readmit30,102633444,228305106,1,0,0.1149,0.0574,0.1039,0.4097,0.364
readmit30,102736557,147867474,0,1,0.1311,0.1347,0.1506,0.4707,0.4376
readmit30,102736557,150448572,1,0,0.0961,0.1324,0.1069,0.3969,0.3588
readmit30,102869964,129866250,0,0,0.0798,0.0944,0.0926,0.4729,0.4406
readmit30,102869964,261239610,1,0,0.1294,0.132,0.1788,0.3972,0.35
readmit30,102872682,110918394,0,0,0.0637,0.0385,0.0526,0.5013,0.4616
readmit30,102872682,115620474,1,0,0.0915,0.0633,0.0651,0.3677,0.3487
readmit30,102872682,279559920,2,0,0.1035,0.0881,0.0979,0.4814,0.4342
readmit30,102872682,302508560,3,0,0.1269,0.1135,0.1244,0.3427,0.3633
readmit30,102901599,175411140,0,0,0.2022,0.1776,0.2443,0.4671,0.4434
readmit30,102901599,248663202,1,0,0.1288,0.0656,0.0927,0.4214,0.3746
readmit30,102901599,258741960,2,0,0.1224,0.0902,0.0837,0.4008,0.3821
readmit30,102910347,173973738,0,0,0.0727,0.0968,0.0856,0.4802,0.4404
readmit30,102910347,184529418,1,0,0.1288,0.1315,0.1156,0.3636,0.3318
readmit30,102910347,251663736,2,0,0.1045,0.1711,0.1304,0.4897,0.4282
readmit30,102910347,272989428,3,0,0.1259,0.127,0.1106,0.3576,0.3577
readmit30,102910347,284349474,4,0,0.1035,0.1345,0.0843,0.409,0.374
readmit30,102910347,334886828,5,0,0.2093,0.1785,0.1638,0.3969,0.3723
readmit30,102918168,201556332,0,0,0.19,0.1973,0.1697,0.4492,0.4288
readmit30,102918168,224466810,1,0,0.2131,0.2029,0.2133,0.3807,0.344
readmit30,102931317,243879774,0,0,0.0863,0.0709,0.0922,0.4835,0.4492
readmit30,102931317,297755690,1,0,0.1591,0.1145,0.16,0.3626,0.3364
readmit30,102940380,200122422,0,1,0.2172,0.2808,0.2309,0.4373,0.4231
readmit30,102940380,205116942,1,0,0.2822,0.4848,0.3787,0.4615,0.3875
readmit30,102940380,225655416,2,0,0.2626,0.3121,0.257,0.4397,0.388
readmit30,102960612,123090618,0,0,0.228,0.17,0.2369,0.4516,0.4291
readmit30,102960612,138765924,1,0,0.2137,0.1504,0.2058,0.3678,0.3359
readmit30,103026312,178003068,0,0,0.0668,0.0502,0.071,0.4887,0.4509
readmit30,103026312,209723730,1,0,0.1075,0.0835,0.094,0.3761,0.344
readmit30,103049865,153703968,0,0,0.0371,0.0301,0.0289,0.5015,0.465
readmit30,103049865,198206574,1,0,0.2467,0.0689,0.3112,0.3856,0.3585
readmit30,103090185,47741316,0,0,0.1204,0.1113,0.1404,0.471,0.4367
readmit30,103090185,62098998,1,0,0.2166,0.136,0.2177,0.3603,0.3358
readmit30,103137192,120498480,0,1,0.2277,0.2645,0.3761,0.4698,0.4461
readmit30,103137192,121743636,1,0,0.2448,0.3095,0.3199,0.3431,0.3479
readmit30,103284369,65484342,0,0,0.1277,0.1128,0.1807,0.4596,0.4328
readmit30,103284369,68257530,1,0,0.2131,0.1147,0.2234,0.3596,0.3328
readmit30,103290039,89866110,0,0,0.0606,0.089,0.061,0.4753,0.4409
readmit30,103290039,187346172,1,0,0.1398,0.143,0.1509,0.3569,0.3237
readmit30,103306500,168904734,0,0,0.0678,0.0466,0.0728,0.4936,0.4557
readmit30,103306500,277914342,1,0,0.0905,0.0678,0.0643,0.397,0.3571
readmit30,103306500,391483298,2,0,0.0945,0.0658,0.0656,0.4387,0.4054
readmit30,103310649,165760614,0,0,0.059,0.0517,0.06,0.4913,0.4518
readmit30,103310649,286864350,1,1,0.1348,0.128,0.1115,0.3268,0.3199
readmit30,103310649,430751654,2,0,0.2033,0.2091,0.1878,0.4125,0.397
readmit30,103318857,122786190,0,0,0.0426,0.032,0.0247,0.5047,0.4703
readmit30,103318857,128419116,1,0,0.1317,0.1047,0.1046,0.3516,0.3382
readmit30,103318857,152800932,2,0,0.1855,0.161,0.1585,0.3896,0.3775
readmit30,103333095,154694328,0,0,0.0454,0.0364,0.0293,0.5014,0.4631
readmit30,103333095,288030528,1,0,0.1141,0.089,0.0896,0.3778,0.3544
readmit30,103375377,326741174,0,0,0.1277,0.1492,0.1375,0.4572,0.4291
readmit30,103375377,353787620,1,1,0.1755,0.1709,0.2372,0.4513,0.3804
readmit30,103375377,423230108,2,1,0.0992,0.1101,0.0804,0.4445,0.4055
readmit30,103384863,156523320,0,1,0.0421,0.0581,0.0504,0.4857,0.4463
readmit30,103384863,158372142,1,0,0.0958,0.1488,0.1024,0.3806,0.3503
readmit30,103384863,163299606,2,0,0.0937,0.1718,0.1086,0.4056,0.3841
readmit30,103384863,169257288,3,1,0.1852,0.1992,0.1852,0.3511,0.3658
readmit30,103384863,172917264,4,0,0.2529,0.3289,0.2483,0.4583,0.3958
readmit30,103385304,229131372,0,0,0.1494,0.1296,0.1486,0.459,0.4299
readmit30,103385304,257372754,1,0,0.2847,0.1988,0.3085,0.3503,0.3293
readmit30,103412286,124690554,0,0,0.0509,0.0342,0.0443,0.5013,0.4641
readmit30,103412286,152559096,1,0,0.1302,0.1221,0.1124,0.337,0.3291
readmit30,103412286,161386914,2,0,0.0658,0.1081,0.0629,0.4295,0.3931
readmit30,103412286,201602262,3,1,0.075,0.0721,0.0507,0.3977,0.3984
readmit30,103412286,205125054,4,0,0.1512,0.1316,0.1199,0.4071,0.3805
readmit30,103412286,225775932,5,0,0.1352,0.0727,0.0824,0.4633,0.4161
readmit30,103412286,258018114,6,0,0.1622,0.1795,0.1572,0.3535,0.3603
readmit30,103473117,108105774,0,0,0.0827,0.077,0.0872,0.4704,0.4381
readmit30,103473117,296639438,1,0,0.1148,0.0859,0.1302,0.427,0.3745
readmit30,103508667,156529752,0,0,0.0962,0.0814,0.1356,0.4791,0.4424
readmit30,103508667,164114772,1,0,0.1355,0.1242,0.1276,0.3853,0.3411
readmit30,103517577,164902968,0,0,0.0647,0.0489,0.0608,0.489,0.4497
readmit30,103517577,205430052,1,0,0.1155,0.1033,0.125,0.364,0.3368
readmit30,103517577,259047978,2,0,0.118,0.1072,0.1244,0.4487,0.4045
readmit30,103517577,428976530,3,0,0.1306,0.1097,0.1362,0.3921,0.3863
readmit30,103533264,122226762,0,0,0.053,0.043,0.0546,0.4947,0.4553
readmit30,103533264,178078674,1,0,0.067,0.0501,0.054,0.4167,0.3752
readmit30,103533264,253697316,2,0,0.1187,0.0852,0.1083,0.434,0.4034
readmit30,103604427,182035764,0,0,0.1116,0.1033,0.1197,0.4673,0.4336
readmit30,103604427,441942500,1,0,0.1256,0.1188,0.1704,0.4313,0.371
readmit30,103624506,315476618,0,1,0.1034,0.1225,0.1319,0.4745,0.4377
readmit30,103624506,346681484,1,0,0.1429,0.1396,0.1198,0.4184,0.3723
readmit30,103695759,171405060,0,1,0.0877,0.0839,0.0955,0.4829,0.445
readmit30,103695759,174766788,1,0,0.1218,0.1453,0.1547,0.423,0.3699
readmit30,103787676,152235096,0,0,0.0676,0.0398,0.0565,0.4991,0.4572
readmit30,103787676,296650916,1,1,0.0756,0.045,0.0574,0.4262,0.3848
readmit30,103787676,344888414,2,0,0.1333,0.0858,0.0909,0.4168,0.4016
readmit30,103792869,249913998,0,0,0.1332,0.0591,0.1346,0.4889,0.4485
readmit30,103792869,394352090,1,0,0.2567,0.1152,0.2419,0.366,0.3354
readmit30,103802184,106631718,0,0,0.3647,0.2468,0.3596,0.4448,0.4247
readmit30,103802184,111600858,1,1,0.3833,0.3201,0.4531,0.3887,0.3512
readmit30,103805928,189597498,0,0,0.0668,0.0861,0.0749,0.4803,0.4422
readmit30,103805928,239987136,1,1,0.1684,0.1704,0.1726,0.3617,0.327
readmit30,103805928,245485242,2,0,0.1966,0.2467,0.204,0.4313,0.4081
readmit30,103930830,124477056,0,0,0.0402,0.0273,0.0189,0.5134,0.4789
readmit30,103930830,413151914,1,0,0.185,0.1023,0.1575,0.3523,0.3347
readmit30,103930830,416680280,2,1,0.113,0.0922,0.0919,0.4743,0.4287
readmit30,103930830,424402952,3,0,0.1944,0.1278,0.1646,0.3652,0.3799
readmit30,103963527,97372602,0,1,0.1205,0.0956,0.1365,0.4682,0.4323
readmit30,103963527,97784412,1,0,0.2173,0.2449,0.2266,0.373,0.3514
readmit30,103971366,303658202,0,1,0.084,0.0691,0.1019,0.4816,0.4521
readmit30,103971366,437235050,1,0,0.1101,0.1076,0.1099,0.4168,0.3735
readmit30,104103495,181622034,0,0,0.0461,0.0292,0.0249,0.5113,0.4795
readmit30,104103495,190469022,1,0,0.0826,0.0424,0.0378,0.4003,0.3792
readmit30,104126247,108508392,0,0,0.0686,0.0546,0.0798,0.4891,0.4498
readmit30,104126247,115395504,1,0,0.0874,0.0601,0.0706,0.3914,0.356
readmit30,104126247,136225482,2,0,0.094,0.085,0.0922,0.403,0.3851
readmit30,104126247,153404496,3,0,0.1266,0.1186,0.1116,0.3642,0.3704
readmit30,104126247,204228264,4,0,0.1535,0.1461,0.1608,0.4778,0.4236
readmit30,104126247,265758042,5,0,0.1967,0.1221,0.171,0.4086,0.3832
readmit30,104148621,166974846,0,0,0.1126,0.1109,0.1358,0.4756,0.4397
readmit30,104148621,171339948,1,1,0.114,0.0748,0.1267,0.3841,0.354
readmit30,104148621,175211226,2,1,0.1796,0.1323,0.2306,0.447,0.4107
readmit30,104148621,178369296,3,1,0.2313,0.204,0.308,0.3792,0.3945
readmit30,104236848,214943676,0,1,0.0566,0.0673,0.0497,0.4876,0.4487
readmit30,104236848,220153140,1,1,0.149,0.1205,0.1344,0.3865,0.3575
readmit30,104299164,107217612,0,0,0.0934,0.0519,0.089,0.491,0.4555
readmit30,104299164,119860164,1,0,0.0983,0.0825,0.0992,0.3739,0.3481
readmit30,104299164,183377676,2,0,0.116,0.086,0.1332,0.4761,0.4193
readmit30,104299164,337182440,3,0,0.1392,0.0819,0.1395,0.3878,0.3815
readmit30,104420196,182237514,0,0,0.11,0.0778,0.1208,0.4761,0.4389
readmit30,104420196,194541606,1,1,0.1415,0.1276,0.1558,0.358,0.3393
readmit30,104421573,363169004,0,0,0.1624,0.1593,0.2132,0.4633,0.4379
readmit30,104421573,392645600,1,0,0.2142,0.1435,0.2592,0.3703,0.3372
readmit30,104422851,18839532,0,0,0.1247,0.1172,0.1422,0.4638,0.433
readmit30,104422851,42205164,1,1,0.2527,0.2382,0.2669,0.3388,0.3251
readmit30,104501178,244229094,0,1,0.0806,0.0683,0.0914,0.4841,0.4447
readmit30,104501178,247618080,1,0,0.0966,0.1212,0.1236,0.4374,0.385
readmit30,104522652,246755706,0,0,0.0919,0.0789,0.096,0.4759,0.4414
readmit30,104522652,346006484,1,0,0.1384,0.149,0.1601,0.3701,0.3386
readmit30,104602014,184773660,0,0,0.0741,0.0672,0.085,0.4806,0.442
readmit30,104602014,270877896,1,0,0.0813,0.0668,0.0735,0.4325,0.3782
readmit30,104622570,115769742,0,0,0.0616,0.0387,0.0533,0.501,0.4649
readmit30,104622570,181724004,1,0,0.0833,0.0488,0.0557,0.4225,0.3804
readmit30,104622570,194091660,2,0,0.1015,0.058,0.0539,0.4264,0.4079
readmit30,104648238,167554374,0,0,0.0429,0.0334,0.0253,0.5101,0.4774
readmit30,104648238,247485138,1,0,0.0514,0.0371,0.0287,0.4125,0.3783
readmit30,104694696,17720826,0,0,0.0786,0.0856,0.0989,0.4768,0.4459
readmit30,104694696,35962728,1,0,0.1013,0.0927,0.1178,0.3803,0.3541
readmit30,104694696,70017684,2,0,0.2759,0.1714,0.3132,0.3643,0.3687
readmit30,104781735,157570080,0,0,0.0588,0.057,0.0572,0.4878,0.4491
readmit30,104781735,160806606,1,0,0.0953,0.117,0.09,0.341,0.3303
readmit30,104782833,136433076,0,0,0.0426,0.0375,0.0345,0.4997,0.4613
readmit30,104782833,188025426,1,0,0.0894,0.0919,0.083,0.3637,0.3467
readmit30,104835618,180889938,0,0,0.1186,0.0743,0.1207,0.4771,0.4396
readmit30,104835618,209286966,1,0,0.1086,0.0927,0.1288,0.3885,0.352
readmit30,104842395,246730008,0,0,0.0804,0.0699,0.0734,0.4821,0.4445
readmit30,104842395,269208960,1,0,0.1476,0.1364,0.1245,0.3626,0.3317
readmit30,104923647,123334332,0,0,0.1462,0.0869,0.1526,0.4809,0.4446
readmit30,104923647,150646782,1,0,0.1622,0.143,0.1596,0.3528,0.3308
readmit30,104923647,164492892,2,0,0.1495,0.1391,0.1603,0.411,0.3901
readmit30,104923647,170305374,3,0,0.1522,0.1312,0.1515,0.3508,0.3636
readmit30,104974767,157508538,0,0,0.0802,0.0808,0.0855,0.4806,0.4419
readmit30,104974767,163005726,1,0,0.238,0.1583,0.2262,0.3553,0.3323
readmit30,104992524,145829772,0,0,0.0794,0.0785,0.0745,0.4878,0.4478
readmit30,104992524,252552534,1,0,0.1691,0.0973,0.1423,0.4002,0.3508
readmit30,105080364,170542788,0,0,0.0705,0.0349,0.0485,0.4998,0.4629
readmit30,105080364,224140674,1,0,0.0913,0.0608,0.0686,0.367,0.3407
readmit30,105093999,196366386,0,0,0.2399,0.244,0.2931,0.4616,0.4379
readmit30,105093999,338975978,1,0,0.1697,0.0801,0.1927,0.4137,0.3673
readmit30,105125598,144294966,0,0,0.0504,0.0403,0.0429,0.4939,0.4545
readmit30,105125598,334886870,1,0,0.0686,0.0498,0.0465,0.4073,0.369
readmit30,105148818,49429344,0,1,0.0791,0.0868,0.0689,0.4737,0.4379
readmit30,105148818,51174210,1,0,0.1712,0.1906,0.151,0.4125,0.3669
readmit30,105161193,186467418,0,0,0.0957,0.1183,0.0976,0.4771,0.4395
readmit30,105161193,192947958,1,1,0.1618,0.1458,0.1759,0.3668,0.3352
readmit30,105161193,195904338,2,0,0.2001,0.2699,0.1866,0.4237,0.3958
readmit30,105161193,211362282,3,1,0.1483,0.179,0.1447,0.3569,0.3712
readmit30,105161193,212953542,4,1,0.2793,0.3345,0.2797,0.4479,0.396
readmit30,105161193,218028660,5,0,0.357,0.486,0.4787,0.4352,0.4182
readmit30,105199569,208537092,0,0,0.0898,0.0844,0.1121,0.4769,0.446
readmit30,105199569,269433444,1,0,0.1702,0.1147,0.2249,0.3705,0.3411
readmit30,105257421,139806054,0,0,0.0799,0.0616,0.086,0.4871,0.4453
readmit30,105257421,406172990,1,0,0.1463,0.1063,0.1557,0.4085,0.3652
readmit30,105264792,231598572,0,0,0.0801,0.0838,0.0849,0.4776,0.4399
readmit30,105264792,241401234,1,0,0.1103,0.1138,0.1036,0.3844,0.3478
readmit30,105275232,164037198,0,0,0.1457,0.2001,0.1536,0.4824,0.4576
readmit30,105275232,178923570,1,0,0.0706,0.0499,0.028,0.3881,0.353
readmit30,105310989,76734654,0,1,0.1059,0.0718,0.0975,0.4865,0.451
readmit30,105310989,78262008,1,0,0.1668,0.1106,0.1612,0.3636,0.3392
readmit30,105310989,84757632,2,1,0.1715,0.1131,0.1507,0.4355,0.4039
readmit30,105336801,244673298,0,1,0.094,0.0654,0.0972,0.4832,0.446
readmit30,105336801,246770226,1,0,0.1034,0.1344,0.1089,0.4046,0.3669
readmit30,105336801,410211842,2,0,0.135,0.1379,0.1212,0.4191,0.3901
readmit30,105356268,229511112,0,0,0.0736,0.0584,0.0834,0.4819,0.4443
readmit30,105356268,425463404,1,0,0.1148,0.0824,0.1445,0.3799,0.347
readmit30,105376239,166320558,0,0,0.3372,0.0584,0.3431,0.4901,0.451
readmit30,105376239,166883640,1,0,0.1032,0.0875,0.0905,0.3756,0.3426
readmit30,105376239,235846494,2,0,0.1335,0.1107,0.132,0.4399,0.4056
readmit30,105399054,248982612,0,0,0.0592,0.0436,0.0655,0.4958,0.456
readmit30,105399054,411443066,1,0,0.0929,0.0984,0.0849,0.3379,0.3327
readmit30,105428934,162872598,0,1,0.1224,0.0744,0.1346,0.482,0.444
readmit30,105428934,164580036,1,0,0.14,0.1393,0.1248,0.3869,0.3542
readmit30,105428934,232039230,2,0,0.1236,0.0961,0.1295,0.4827,0.4237
readmit30,105428934,287250882,3,0,0.1364,0.1146,0.1188,0.357,0.3708
readmit30,105436719,136441566,0,0,0.0272,0.0411,0.0228,0.4957,0.4558
readmit30,105436719,162873930,1,0,0.0668,0.0788,0.0653,0.3696,0.3461
readmit30,105481998,149368020,0,1,0.1149,0.0913,0.1159,0.4816,0.4438
readmit30,105481998,150231486,1,0,0.156,0.134,0.1584,0.4066,0.366
readmit30,105481998,174844596,2,0,0.1563,0.1315,0.1383,0.4043,0.3701
readmit30,105498297,204236670,0,0,0.0835,0.0585,0.0878,0.4902,0.45
readmit30,105498297,312613616,1,0,0.136,0.0871,0.1514,0.4059,0.3596
readmit30,105514101,188018124,0,0,0.0748,0.0693,0.0723,0.4808,0.4441
readmit30,105514101,202154370,1,1,0.1127,0.1054,0.0867,0.3735,0.3445
readmit30,105514101,205666122,2,0,0.1679,0.2025,0.1799,0.4575,0.4214
readmit30,105514101,211837806,3,0,0.1371,0.1723,0.1302,0.3732,0.3722
readmit30,105589584,2791716,0,1,0.065,0.0344,0.0496,0.4998,0.4642
readmit30,105589584,7765356,1,0,0.2326,0.1387,0.2209,0.3482,0.3477
readmit30,105589584,29175924,2,0,0.2726,0.1357,0.3282,0.4128,0.3982
readmit30,105649902,210643728,0,0,0.0678,0.0428,0.0572,0.4935,0.4553
readmit30,105649902,270056070,1,0,0.0861,0.0807,0.061,0.3714,0.3452
readmit30,105649902,309592028,2,0,0.095,0.1048,0.0801,0.4441,0.4081
readmit30,105740559,182358864,0,0,0.098,0.0987,0.1013,0.4812,0.4448
readmit30,105740559,244603824,1,0,0.1554,0.131,0.1312,0.3454,0.32
readmit30,105799356,162083496,0,0,0.0727,0.0686,0.078,0.4846,0.4441
readmit30,105799356,176316984,1,1,0.1078,0.1242,0.1097,0.3612,0.3334
readmit30,105799356,177916710,2,0,0.187,0.2412,0.1663,0.4674,0.4192
readmit30,105799356,215108724,3,0,0.2645,0.2323,0.2383,0.3818,0.3694
readmit30,105799356,217675926,4,0,0.1403,0.1743,0.121,0.3844,0.3571
readmit30,105799356,269156064,5,1,0.1907,0.1836,0.1822,0.4174,0.3771
readmit30,105799356,271969116,6,1,0.3081,0.3131,0.3677,0.4379,0.4046
readmit30,105799356,276236178,7,0,0.419,0.3521,0.4915,0.4233,0.3992
readmit30,105799356,304939526,8,0,0.2644,0.2979,0.3322,0.4649,0.4002
readmit30,105878223,147826404,0,0,0.1653,0.1859,0.1627,0.448,0.4273
readmit30,105878223,153374202,1,0,0.1386,0.1437,0.1347,0.3976,0.3492
readmit30,105957702,191323560,0,0,0.0629,0.0467,0.0587,0.4929,0.4517
readmit30,105957702,218895672,1,1,0.1551,0.157,0.1361,0.3178,0.3217
readmit30,105958782,181111686,0,0,0.1067,0.1108,0.1532,0.4713,0.4361
readmit30,105958782,206845542,1,1,0.1721,0.1558,0.2115,0.3673,0.3316
readmit30,105958782,209950434,2,0,0.2346,0.2546,0.3759,0.4756,0.428
readmit30,105958782,241496538,3,0,0.2395,0.2207,0.3494,0.3505,0.3541
readmit30,105961095,166007766,0,0,0.037,0.029,0.0246,0.5109,0.4796
readmit30,105961095,199893108,1,0,0.0653,0.0611,0.0479,0.3631,0.3516
readmit30,106028433,267320904,0,0,0.0954,0.063,0.0931,0.4857,0.447
readmit30,106028433,310782740,1,0,0.0737,0.0581,0.0502,0.3872,0.3552
readmit30,106053984,90203082,0,0,0.1673,0.1856,0.1626,0.4523,0.4345
readmit30,106053984,120846984,1,0,0.1306,0.1819,0.1185,0.3863,0.349
readmit30,106116984,84147558,0,0,0.0964,0.0563,0.1138,0.4839,0.4499
readmit30,106116984,240357282,1,0,0.1076,0.1255,0.1168,0.3469,0.3267
readmit30,106120017,203214816,0,0,0.1162,0.0673,0.1063,0.4881,0.4499
readmit30,106120017,225710460,1,0,0.1166,0.0933,0.0779,0.3492,0.3289
readmit30,106134390,160359360,0,0,0.0574,0.0374,0.0442,0.5015,0.4654
readmit30,106134390,259089360,1,0,0.2309,0.1612,0.1909,0.3531,0.3425
readmit30,106160481,157116228,0,1,0.3037,0.0746,0.3464,0.4892,0.4498
readmit30,106160481,157367766,1,0,0.1144,0.1447,0.1438,0.3601,0.34
readmit30,106160481,190243218,2,0,0.1195,0.1313,0.1339,0.45,0.4082
readmit30,106190577,142901916,0,0,0.0644,0.0367,0.0529,0.496,0.4589
readmit30,106190577,169731906,1,0,0.0938,0.0832,0.0747,0.3613,0.34
readmit30,106190757,230509302,0,0,0.0344,0.0329,0.0186,0.5045,0.4681
readmit30,106190757,239874168,1,1,0.147,0.1378,0.1064,0.3282,0.3142
readmit30,106190757,243157770,2,0,0.1911,0.1823,0.1652,0.4322,0.4203
readmit30,106286688,275666226,0,1,0.1339,0.0873,0.1436,0.48,0.4425
readmit30,106286688,279261186,1,0,0.1176,0.1077,0.0902,0.416,0.3693
readmit30,106290954,193376988,0,0,0.1112,0.0692,0.1092,0.4858,0.4475
readmit30,106290954,249229662,1,0,0.1331,0.1257,0.1232,0.3399,0.3257
readmit30,106322670,187608846,0,0,0.0472,0.0361,0.0414,0.5,0.4602
readmit30,106322670,269995560,1,0,0.1189,0.0716,0.1026,0.3918,0.361
readmit30,106322670,288949440,2,0,0.1327,0.1172,0.1106,0.378,0.37
readmit30,106343838,1195548,0,0,0.2017,0.2167,0.2452,0.4484,0.4261
readmit30,106343838,59081694,1,0,0.2191,0.2369,0.2562,0.3519,0.3311
readmit30,106343838,64532628,2,0,0.3197,0.2763,0.349,0.3995,0.3787
readmit30,106356357,155488644,0,0,0.0679,0.057,0.0755,0.4888,0.448
readmit30,106356357,412549274,1,0,0.0883,0.0579,0.1083,0.426,0.3843
readmit30,106356708,195415098,0,0,0.076,0.0658,0.0817,0.4791,0.4462
readmit30,106356708,204699126,1,0,0.2218,0.1274,0.2395,0.3304,0.3247
readmit30,106356708,276668406,2,0,0.1777,0.1492,0.2625,0.4342,0.4062
readmit30,106356708,359005154,3,1,0.2252,0.1247,0.2629,0.3415,0.3528
readmit30,106356708,384329102,4,0,0.2502,0.2333,0.2548,0.4073,0.3808
readmit30,106356708,386153312,5,0,0.1878,0.2129,0.1477,0.3785,0.3714
readmit30,106356708,399639038,6,1,0.1649,0.1871,0.2022,0.4021,0.3765
readmit30,106441713,134483538,0,0,0.0733,0.051,0.0659,0.4897,0.4491
readmit30,106441713,141895308,1,0,0.064,0.0505,0.0541,0.3938,0.366
readmit30,106475166,138400524,0,0,0.067,0.0481,0.061,0.4927,0.4532
readmit30,106475166,160979592,1,0,0.0848,0.0719,0.0577,0.39,0.3612
readmit30,106475166,166240608,2,0,0.108,0.0779,0.0871,0.4117,0.3891
readmit30,106475166,228571854,3,0,0.1139,0.0692,0.117,0.4201,0.4034
readmit30,106475166,334916732,4,0,0.0926,0.0502,0.0803,0.4526,0.4138
readmit30,106491483,158305686,0,1,0.0566,0.0577,0.0551,0.4834,0.4463
readmit30,106491483,158464794,1,0,0.1599,0.1441,0.1958,0.384,0.355
readmit30,106510113,37842486,0,0,0.1421,0.1092,0.1379,0.467,0.4404
readmit30,106510113,46092228,1,1,0.2146,0.2142,0.2023,0.3623,0.3305
readmit30,106510113,131373066,2,1,0.2401,0.3364,0.3062,0.524,0.4543
readmit30,106582491,201627798,0,0,0.0921,0.1036,0.0966,0.4703,0.4383
readmit30,106582491,291779406,1,0,0.1158,0.1086,0.1287,0.3826,0.3461
readmit30,106587603,179205384,0,0,0.0418,0.0375,0.0179,0.4994,0.4621
readmit30,106587603,342554120,1,1,0.07,0.0475,0.0277,0.3862,0.3558
readmit30,106587603,410291060,2,0,0.1403,0.1074,0.0927,0.4394,0.4143
readmit30,106587603,435547118,3,1,0.1311,0.0777,0.1391,0.4539,0.429
readmit30,106588170,121410384,0,0,0.0852,0.0756,0.0819,0.4799,0.4454
readmit30,106588170,137057634,1,0,0.1192,0.116,0.1321,0.3735,0.3404
readmit30,106588170,153934758,2,0,0.1564,0.124,0.1909,0.394,0.3839
readmit30,106598574,156376668,0,1,0.0598,0.0456,0.0564,0.493,0.4523
readmit30,106598574,158305512,1,0,0.0905,0.1138,0.1037,0.3919,0.3593
readmit30,106757334,230146896,0,0,0.128,0.1217,0.1571,0.4686,0.4369
readmit30,106757334,239657040,1,0,0.1206,0.1418,0.1471,0.3839,0.3419
readmit30,106779051,128969544,0,0,0.0572,0.0484,0.0546,0.4926,0.4507
readmit30,106779051,131175372,1,0,0.132,0.1112,0.1207,0.3611,0.3372
readmit30,106779051,177467520,2,0,0.1016,0.1316,0.1068,0.4831,0.4232
readmit30,106779051,184753884,3,0,0.1263,0.0917,0.1,0.3771,0.3762
readmit30,106890453,158605290,0,1,0.3824,0.1997,0.4379,0.458,0.4315
readmit30,106890453,159379980,1,0,0.1541,0.1194,0.1248,0.3897,0.3562
readmit30,107006427,157888728,0,0,0.1577,0.1475,0.1422,0.4748,0.4442
readmit30,107006427,163262544,1,1,0.1486,0.1098,0.1081,0.3316,0.3237
readmit30,107006427,163955766,2,0,0.2086,0.1604,0.1793,0.4599,0.4282
readmit30,107010801,178128228,0,1,0.0659,0.0601,0.0766,0.4866,0.4508
readmit30,107010801,180704940,1,0,0.1104,0.1265,0.1034,0.3762,0.3463
readmit30,107063217,193941288,0,0,0.1384,0.12,0.1648,0.4723,0.4389
readmit30,107063217,279915732,1,0,0.162,0.1271,0.181,0.4275,0.3615
readmit30,107063217,434897474,2,0,0.1366,0.1128,0.1325,0.42,0.3814
readmit30,107063217,443192912,3,0,0.1623,0.114,0.1401,0.3806,0.3727
readmit30,107120115,153060138,0,0,0.0947,0.0953,0.0999,0.4772,0.443
readmit30,107120115,161004042,1,0,0.1115,0.1332,0.1118,0.3795,0.3421
readmit30,107120115,327240758,2,0,0.1502,0.1274,0.1491,0.4568,0.4076
readmit30,107120115,403830632,3,0,0.1055,0.1028,0.0917,0.3797,0.3809
readmit30,107172828,188049582,0,0,0.1802,0.1918,0.2639,0.4479,0.4282
readmit30,107172828,198212574,1,0,0.1562,0.1967,0.2384,0.3635,0.3298
readmit30,107210547,143588970,0,0,0.1292,0.0929,0.1472,0.476,0.4379
readmit30,107210547,164325978,1,0,0.1041,0.1129,0.1228,0.3949,0.3469
readmit30,107210547,198670974,2,0,0.1194,0.1249,0.1268,0.4298,0.3899
readmit30,107211096,211388430,0,0,0.1143,0.0963,0.1192,0.4794,0.4429
readmit30,107211096,351942314,1,0,0.118,0.0975,0.1089,0.4068,0.3581
readmit30,107310078,162221262,0,0,0.1174,0.0862,0.1222,0.4839,0.4488
readmit30,107310078,165655860,1,0,0.1113,0.1025,0.0962,0.3877,0.3522
readmit30,107401644,120630882,0,0,0.1409,0.0759,0.1354,0.4841,0.4479
readmit30,107401644,126924396,1,0,0.128,0.1084,0.1136,0.3343,0.3275
readmit30,107401644,421401260,2,0,0.1569,0.1469,0.1725,0.4286,0.3975
readmit30,107402409,148604994,0,0,0.0641,0.0399,0.0548,0.4964,0.4591
readmit30,107402409,222304158,1,0,0.0856,0.0575,0.0549,0.3947,0.3615
readmit30,107413992,143694630,0,0,0.0612,0.0787,0.0746,0.4774,0.4405
readmit30,107413992,244257072,1,1,0.0781,0.0654,0.0688,0.4507,0.3937
readmit30,107413992,246903858,2,0,0.1592,0.091,0.1049,0.4406,0.4129
readmit30,107413992,262465782,3,1,0.2306,0.1525,0.3179,0.3264,0.3556
readmit30,107481564,125609292,0,0,0.0493,0.0372,0.0332,0.5023,0.4635
readmit30,107481564,141540990,1,0,0.1041,0.0668,0.0724,0.3547,0.3412
readmit30,107481564,180788316,2,0,0.1295,0.1169,0.1374,0.4152,0.3917
readmit30,107481564,241348452,3,0,0.2486,0.2108,0.2777,0.3363,0.3595
readmit30,107575722,106367130,0,0,0.0657,0.0412,0.0656,0.4962,0.4559
readmit30,107575722,238915290,1,0,0.093,0.0703,0.0842,0.379,0.3528
readmit30,107630685,172173462,0,0,0.1002,0.0878,0.1073,0.4803,0.4419
readmit30,107630685,281358276,1,0,0.1241,0.1016,0.1439,0.393,0.3528
readmit30,107661375,159027030,0,0,0.1202,0.096,0.131,0.4782,0.4428
readmit30,107661375,276694698,1,0,0.0997,0.0964,0.1325,0.4114,0.371
readmit30,107734131,170065110,0,0,0.0739,0.0599,0.0619,0.4872,0.4467
readmit30,107734131,234841332,1,0,0.1285,0.0999,0.1312,0.395,0.3552
readmit30,107734131,286422948,2,0,0.1845,0.1267,0.1589,0.3923,0.3741
readmit30,107738325,195412680,0,1,0.0655,0.0728,0.0873,0.4858,0.4475
readmit30,107738325,196881246,1,0,0.237,0.1523,0.2862,0.3943,0.3583
readmit30,107738325,298993394,2,0,0.1656,0.1702,0.2037,0.4292,0.3937
readmit30,107771580,179241084,0,0,0.0591,0.0714,0.0709,0.4888,0.4484
readmit30,107771580,229597386,1,0,0.1094,0.1108,0.1183,0.3888,0.3424
readmit30,107857836,94100508,0,0,0.0491,0.0311,0.0357,0.4988,0.4662
readmit30,107857836,117210444,1,0,0.0737,0.0733,0.0553,0.368,0.3588
readmit30,107903871,50835450,0,0,0.0876,0.0635,0.0806,0.486,0.4483
readmit30,107903871,149246070,1,0,0.1482,0.0994,0.1377,0.3852,0.3498
readmit30,107912718,209529030,0,0,0.1093,0.1239,0.1159,0.4748,0.4384
readmit30,107912718,437293286,1,0,0.2681,0.1204,0.2568,0.3994,0.3519
readmit30,107946783,41993052,0,0,0.191,0.1867,0.2924,0.4653,0.4347
readmit30,107946783,42449940,1,0,0.0775,0.1098,0.1005,0.3476,0.3318
readmit30,107946783,206715780,2,0,0.101,0.0881,0.1177,0.4732,0.4232
readmit30,108053397,204105024,0,0,0.0989,0.0977,0.1221,0.4789,0.4413
readmit30,108053397,220855578,1,0,0.0893,0.0808,0.0778,0.392,0.3445
readmit30,108053397,393148238,2,0,0.116,0.0901,0.138,0.4828,0.4238
readmit30,108152451,220906464,0,1,0.1178,0.0579,0.1607,0.4838,0.4464
readmit30,108152451,226227852,1,1,0.1921,0.1311,0.2309,0.3962,0.3647
readmit30,108152451,230951010,2,0,0.2172,0.1901,0.2623,0.4629,0.417
readmit30,108153495,67715946,0,0,0.1464,0.1214,0.2146,0.4588,0.4322
readmit30,108153495,146764008,1,0,0.1245,0.1349,0.1759,0.4337,0.3796
readmit30,108341001,28961514,0,1,0.1411,0.1698,0.1809,0.4525,0.4271
readmit30,108341001,29277630,1,1,0.1865,0.3739,0.2331,0.4086,0.3644
readmit30,108341001,94028148,2,0,0.2327,0.3563,0.3097,0.4775,0.4257
readmit30,108362673,269301480,0,1,0.087,0.0704,0.0949,0.4839,0.4449
readmit30,108362673,273456300,1,0,0.1763,0.146,0.1933,0.3983,0.3591
readmit30,108387207,2862930,0,1,0.0891,0.1141,0.1232,0.4663,0.4374
readmit30,108387207,13514256,1,0,0.3403,0.2491,0.4027,0.3518,0.3365
readmit30,108442350,256892016,0,1,0.0813,0.0569,0.1416,0.5001,0.4593
readmit30,108442350,263890416,1,0,0.1305,0.1619,0.1442,0.3595,0.3433
readmit30,108442350,286490688,2,0,0.2161,0.1745,0.1597,0.3633,0.3625
readmit30,108461025,148354440,0,0,0.0733,0.0609,0.07,0.4839,0.4463
readmit30,108461025,230874876,1,0,0.1036,0.0712,0.0903,0.3883,0.3466
readmit30,108461025,277188726,2,0,0.0858,0.0727,0.0753,0.4383,0.4041
readmit30,108461025,286890708,3,0,0.1365,0.0806,0.1282,0.3594,0.3711
readmit30,108482409,247007508,0,1,0.1332,0.0595,0.1247,0.4893,0.4518
readmit30,108482409,252475560,1,0,0.1673,0.091,0.1171,0.3804,0.3578
readmit30,108482409,266980578,2,0,0.2458,0.1207,0.2407,0.4149,0.3934
readmit30,108531126,304928144,0,1,0.1458,0.0842,0.121,0.4673,0.4335
readmit30,108531126,307808888,1,0,0.1285,0.1544,0.1204,0.4735,0.4002
readmit30,108531126,392051738,2,1,0.1557,0.1498,0.1313,0.3782,0.3592
readmit30,108531126,413249036,3,0,0.2358,0.2769,0.2065,0.4388,0.4181
readmit30,108564255,92321928,0,0,0.0935,0.0616,0.0905,0.4795,0.4431
readmit30,108564255,104223606,1,0,0.0913,0.0894,0.0691,0.3772,0.3466
readmit30,108564255,218694030,2,0,0.0886,0.0595,0.0546,0.477,0.4312
readmit30,108616572,136422114,0,0,0.0675,0.0726,0.0496,0.4831,0.4505
readmit30,108616572,160006314,1,0,0.0746,0.0405,0.0394,0.4244,0.3792
readmit30,108616572,200923446,2,0,0.0829,0.0777,0.0484,0.3747,0.3646
readmit30,108616572,320829062,3,0,0.0783,0.0686,0.0493,0.4047,0.4014
readmit30,108616572,329653148,4,1,0.3067,0.4795,0.2492,0.5862,0.4706
readmit30,108619974,181236222,0,0,0.1064,0.1108,0.1488,0.4768,0.4497
readmit30,108619974,195404904,1,0,0.1322,0.1266,0.1193,0.3352,0.3274
readmit30,108622782,201908196,0,0,0.1033,0.1099,0.1429,0.4709,0.4437
readmit30,108622782,350220836,1,0,0.0754,0.0494,0.0673,0.4482,0.3913
readmit30,108707976,269947086,0,0,0.0869,0.0816,0.0874,0.4793,0.4419
readmit30,108707976,284422140,1,0,0.1323,0.1615,0.1636,0.3792,0.3459
readmit30,108707976,323187416,2,0,0.1628,0.1771,0.1601,0.3913,0.3685
readmit30,108707976,421992932,3,0,0.2017,0.1942,0.1942,0.4006,0.3884
readmit30,108718002,163752210,0,0,0.1088,0.1205,0.1351,0.4704,0.4365
readmit30,108718002,420803210,1,0,0.1561,0.1559,0.1707,0.3881,0.3436
readmit30,108969606,182192238,0,0,0.0707,0.0498,0.0673,0.4955,0.4577
readmit30,108969606,245927082,1,0,0.1515,0.0722,0.1248,0.3859,0.3513
readmit30,108997623,146294742,0,0,0.1433,0.1075,0.1479,0.4773,0.4422
readmit30,108997623,181823916,1,0,0.1443,0.1137,0.1377,0.3567,0.3327
readmit30,109045449,135141540,0,0,0.1106,0.0942,0.1291,0.471,0.4373
readmit30,109045449,140294418,1,0,0.1185,0.1313,0.1864,0.384,0.3451
readmit30,109163565,238177722,0,0,0.1444,0.0705,0.1698,0.4747,0.4479
readmit30,109163565,419687000,1,0,0.1,0.0825,0.0922,0.3734,0.3456
readmit30,109176372,89750640,0,1,0.2082,0.1478,0.242,0.4673,0.4352
readmit30,109176372,102683604,1,0,0.2506,0.171,0.2503,0.384,0.3549
readmit30,109195812,173299242,0,0,0.1237,0.1247,0.1314,0.4682,0.4352
readmit30,109195812,184695654,1,0,0.1922,0.1527,0.2321,0.3571,0.3335
readmit30,109235934,107131914,0,0,0.0628,0.0456,0.0583,0.4924,0.4526
readmit30,109235934,126821952,1,0,0.1798,0.1234,0.1571,0.335,0.3293
readmit30,109275102,131095626,0,0,0.1047,0.0764,0.1074,0.483,0.443
readmit30,109275102,149714904,1,0,0.111,0.117,0.1178,0.3862,0.3431
readmit30,109275102,177462996,2,0,0.1737,0.1446,0.2041,0.4307,0.3954
readmit30,109275102,197074392,3,1,0.1683,0.1633,0.1755,0.3619,0.3633
readmit30,109275102,202547460,4,0,0.2173,0.2043,0.2294,0.4317,0.3942
readmit30,109275102,260742306,5,0,0.1709,0.1788,0.1763,0.4263,0.3866
readmit30,109275102,428454050,6,1,0.208,0.1975,0.1895,0.414,0.3812
readmit30,109275102,441373790,7,0,0.3151,0.3539,0.3361,0.4648,0.4152
readmit30,109275264,36813294,0,1,0.1204,0.1197,0.128,0.4595,0.4295
readmit30,109275264,70221294,1,1,0.3816,0.3774,0.514,0.4815,0.4068
readmit30,109307547,123093366,0,0,0.0523,0.0372,0.0571,0.5011,0.4631
readmit30,109307547,276605070,1,0,0.0989,0.1118,0.0846,0.363,0.3328
readmit30,109340271,190195416,0,0,0.054,0.042,0.0489,0.4946,0.4568
readmit30,109340271,246180192,1,0,0.1118,0.0857,0.1029,0.3752,0.3497
readmit30,109389519,4860744,0,0,0.0478,0.036,0.0301,0.5021,0.4672
readmit30,109389519,57368286,1,0,0.0813,0.0537,0.0399,0.3945,0.3668
readmit30,109408707,134001906,0,0,0.1064,0.0968,0.1231,0.4767,0.4423
readmit30,109408707,160789536,1,1,0.1292,0.102,0.1318,0.3666,0.3394
readmit30,109408707,163190820,2,0,0.1755,0.1901,0.2091,0.4674,0.4204
readmit30,109408707,167141208,3,0,0.1404,0.246,0.2077,0.3585,0.3712
readmit30,109423098,277917084,0,0,0.0883,0.062,0.065,0.4824,0.4432
readmit30,109423098,416697908,1,0,0.2159,0.148,0.1844,0.3424,0.3244
readmit30,109448541,124913850,0,0,0.1034,0.1224,0.1163,0.4717,0.4423
readmit30,109448541,142005108,1,1,0.1293,0.1604,0.1168,0.331,0.3142
readmit30,109448541,142317696,2,0,0.2065,0.293,0.2159,0.446,0.4195
readmit30,109448541,148351650,3,0,0.2532,0.258,0.2561,0.3866,0.376
readmit30,109448541,171227844,4,0,0.2411,0.235,0.2229,0.4057,0.3632
readmit30,109448541,185526690,5,1,0.1524,0.2904,0.1674,0.4891,0.4256
readmit30,109448541,186503358,6,0,0.2258,0.2582,0.214,0.4598,0.4092
readmit30,109448541,214954200,7,0,0.265,0.2635,0.2454,0.3933,0.3667
readmit30,109448541,229302984,8,0,0.3127,0.3299,0.3454,0.4543,0.3999
readmit30,109448541,239994552,9,1,0.3312,0.2775,0.2931,0.3912,0.3689
readmit30,109448541,242936328,10,1,0.4865,0.3903,0.4628,0.4887,0.4244
readmit30,109448541,245124822,11,0,0.362,0.434,0.3337,0.5045,0.433
readmit30,109448541,268862754,12,0,0.3868,0.4427,0.389,0.4581,0.4146
readmit30,109470600,59753346,0,1,0.3323,0.3004,0.3378,0.4375,0.4286
readmit30,109470600,64745430,1,1,0.3989,0.4781,0.4419,0.4414,0.3825
readmit30,109470600,91077828,2,0,0.2767,0.5091,0.3171,0.5188,0.4395
readmit30,109546515,163750830,0,1,0.069,0.0676,0.0707,0.4836,0.454
readmit30,109546515,165130668,1,0,0.0815,0.0561,0.0522,0.4405,0.3997
readmit30,109546515,173875554,2,0,0.1474,0.1005,0.1119,0.3892,0.3805
readmit30,109616400,229272354,0,0,0.0636,0.047,0.0579,0.4944,0.4539
readmit30,109616400,400851362,1,0,0.0998,0.0634,0.0657,0.4044,0.368
readmit30,109754091,122930844,0,0,0.0516,0.0521,0.0523,0.4947,0.4534
readmit30,109754091,130105902,1,1,0.0692,0.0484,0.0412,0.4035,0.3662
readmit30,109754091,130657920,2,0,0.126,0.1456,0.1209,0.4634,0.4292
readmit30,109816416,144793116,0,0,0.0749,0.0442,0.0574,0.4954,0.4595
readmit30,109816416,198333966,1,1,0.1546,0.1045,0.1562,0.3733,0.339
readmit30,109816416,201247968,2,0,0.1748,0.172,0.1667,0.3858,0.3867
readmit30,109821987,324956054,0,0,0.189,0.2763,0.2181,0.4429,0.43
readmit30,109821987,382541198,1,0,0.301,0.6022,0.4889,0.5399,0.4193
readmit30,109821987,387866210,2,1,0.1921,0.3072,0.3769,0.4768,0.4073
readmit30,109821987,437332010,3,0,0.2137,0.3825,0.4086,0.4406,0.4155
readmit30,109863612,222708756,0,1,0.0937,0.075,0.1101,0.4845,0.4496
readmit30,109863612,223657974,1,0,0.126,0.1163,0.1181,0.3787,0.3555
readmit30,109863612,274458834,2,0,0.1808,0.1683,0.2013,0.3757,0.3761
readmit30,109863612,437824232,3,0,0.2008,0.1973,0.2421,0.3492,0.3606
readmit30,109877742,204970092,0,0,0.0457,0.039,0.038,0.5061,0.4691
readmit30,109877742,213666150,1,0,0.084,0.0605,0.0464,0.3666,0.345
readmit30,109934172,138309402,0,0,0.0733,0.062,0.0843,0.4862,0.4459
readmit30,109934172,155107710,1,0,0.1518,0.1185,0.154,0.3741,0.3417
readmit30,109934172,162522042,2,0,0.1532,0.1539,0.1553,0.4143,0.3927
readmit30,109934172,173728278,3,0,0.2003,0.1864,0.2066,0.3636,0.3676
readmit30,109934172,178370316,4,0,0.2121,0.226,0.2569,0.3997,0.3683
readmit30,109934172,193614240,5,0,0.2538,0.2028,0.2822,0.4297,0.3857
readmit30,109934172,204695568,6,0,0.21,0.2008,0.205,0.3942,0.3754
readmit30,110055033,146336214,0,0,0.0422,0.0276,0.0187,0.5132,0.4769
readmit30,110055033,189026910,1,1,0.1354,0.0754,0.0973,0.3821,0.3555
readmit30,110078559,200591814,0,0,0.1063,0.0453,0.0923,0.4961,0.46
readmit30,110078559,250101804,1,0,0.1074,0.0813,0.0945,0.3369,0.3317
readmit30,110085957,145826370,0,1,0.0931,0.0356,0.0457,0.5072,0.4707
readmit30,110085957,146855538,1,1,0.1364,0.0734,0.0539,0.3719,0.3563
readmit30,110085957,149091924,2,0,0.2661,0.1218,0.1304,0.4721,0.4344
readmit30,110085957,157068930,3,0,0.2067,0.114,0.1786,0.3962,0.3942
readmit30,110274966,166104882,0,0,0.047,0.044,0.0424,0.4941,0.4548
readmit30,110274966,217656282,1,0,0.0663,0.0702,0.0516,0.3951,0.3591
readmit30,110314845,289668966,0,0,0.0895,0.0543,0.0892,0.4881,0.4499
readmit30,110314845,360884456,1,0,0.0866,0.047,0.0552,0.4065,0.3692
readmit30,110365344,198474030,0,1,0.0714,0.0823,0.079,0.478,0.4405
readmit30,110365344,199227678,1,0,0.1317,0.1619,0.1313,0.3997,0.361
readmit30,110365344,211996620,2,0,0.169,0.15,0.2094,0.4241,0.388
readmit30,110380761,207245136,0,0,0.084,0.0758,0.0831,0.4823,0.4459
readmit30,110380761,241707618,1,0,0.1037,0.081,0.087,0.3923,0.3594
readmit30,110380761,258521472,2,0,0.1091,0.0877,0.0832,0.4233,0.3963
readmit30,110380761,313650470,3,1,0.0885,0.0694,0.0644,0.3756,0.3808
readmit30,110380761,378418568,4,0,0.2142,0.1577,0.1751,0.3798,0.3617
readmit30,110513799,95759532,0,1,0.1363,0.1505,0.1511,0.4642,0.4305
readmit30,110513799,96215796,1,0,0.2039,0.2354,0.2413,0.408,0.3652
readmit30,110521260,269994186,0,0,0.1025,0.0471,0.075,0.5006,0.4652
readmit30,110521260,282526974,1,0,0.2306,0.1602,0.1764,0.3004,0.3188
readmit30,110576214,66310896,0,0,0.1077,0.1571,0.1363,0.4584,0.4318
readmit30,110576214,74922774,1,0,0.1409,0.1008,0.1344,0.3862,0.344
readmit30,110590911,124745226,0,0,0.0994,0.0683,0.0945,0.4893,0.4504
readmit30,110590911,137490714,1,1,0.0804,0.0559,0.0613,0.4006,0.3625
readmit30,110590911,137895378,2,1,0.1546,0.1279,0.1222,0.3953,0.3974
readmit30,110590911,139804626,3,0,0.2547,0.1892,0.2679,0.3989,0.3962
readmit30,110652039,168712434,0,1,0.0832,0.0812,0.0742,0.476,0.44
readmit30,110652039,171977244,1,0,0.1442,0.1597,0.1514,0.3805,0.3546
readmit30,110660049,88190610,0,0,0.29,0.2014,0.2803,0.4491,0.4304
readmit30,110660049,102677346,1,0,0.3787,0.2605,0.4512,0.3951,0.3474
readmit30,110660049,131378802,2,0,0.2213,0.2365,0.2574,0.4301,0.3904
readmit30,110697390,235397838,0,0,0.0952,0.0514,0.0758,0.4897,0.4522
readmit30,110697390,433104848,1,0,0.1754,0.1175,0.1295,0.3285,0.321
readmit30,110726712,100529478,0,0,0.0664,0.0789,0.0618,0.473,0.4393
readmit30,110726712,169303956,1,0,0.1596,0.1186,0.1421,0.3482,0.3295
readmit30,110735343,26338872,0,0,0.0709,0.0729,0.0748,0.4821,0.4425
readmit30,110735343,55833498,1,0,0.1247,0.1025,0.128,0.3619,0.3418
readmit30,110735343,60475992,2,0,0.1293,0.1136,0.1249,0.4406,0.4041
readmit30,110845152,166258296,0,1,0.0619,0.0487,0.0592,0.4926,0.4529
readmit30,110845152,166976604,1,0,0.1338,0.092,0.1052,0.3765,0.3596
readmit30,110845152,258585942,2,0,0.0668,0.059,0.0423,0.5024,0.443
readmit30,110875086,333634622,0,0,0.2398,0.1907,0.3294,0.4639,0.4459
readmit30,110875086,386018822,1,1,0.5333,0.4946,0.6193,0.6095,0.4883
readmit30,110957058,151419198,0,0,0.0885,0.0873,0.1101,0.4757,0.4415
readmit30,110957058,164376162,1,0,0.2053,0.136,0.2702,0.3576,0.3333
readmit30,110957058,170095518,2,0,0.1371,0.1514,0.1387,0.4095,0.3806
readmit30,111089538,234012804,0,0,0.0661,0.0412,0.0346,0.5037,0.4682
readmit30,111089538,256379178,1,0,0.1207,0.0686,0.0581,0.37,0.3416
readmit30,111255543,324252878,0,1,0.1031,0.0917,0.1209,0.4706,0.4403
readmit30,111255543,356185214,1,0,0.2398,0.1791,0.241,0.3725,0.3472
readmit30,111255543,356683622,2,1,0.2195,0.5834,0.2716,0.585,0.4839
readmit30,111255543,410190554,3,0,0.2,0.424,0.2807,0.5233,0.4517
readmit30,111255543,410867540,4,1,0.1758,0.2118,0.2633,0.4134,0.3681
readmit30,111255543,422031110,5,0,0.3558,0.485,0.5257,0.5239,0.4584
readmit30,111323358,151667256,0,0,0.083,0.0512,0.0791,0.4907,0.4515
readmit30,111323358,223054998,1,0,0.116,0.0635,0.1219,0.3953,0.3609
readmit30,111323655,156018720,0,0,0.1117,0.0742,0.1139,0.4842,0.4473
readmit30,111323655,170123064,1,0,0.1707,0.1513,0.1739,0.3308,0.3241
readmit30,111340854,60926526,0,0,0.1377,0.1621,0.1423,0.4545,0.427
readmit30,111340854,66554988,1,0,0.1216,0.1893,0.1361,0.3552,0.3249
readmit30,111340854,74031090,2,0,0.1631,0.1909,0.1688,0.3968,0.3795
readmit30,111343797,146753376,0,0,0.0666,0.0533,0.0721,0.4852,0.4496
readmit30,111343797,157626582,1,0,0.1032,0.0919,0.0905,0.3773,0.3426
readmit30,111431718,249164922,0,0,0.0946,0.0383,0.0874,0.4984,0.4609
readmit30,111431718,346123742,1,0,0.1254,0.1192,0.1969,0.3366,0.3286
readmit30,111468897,160707060,0,0,0.0613,0.0378,0.0649,0.4993,0.4659
readmit30,111468897,206933286,1,0,0.0956,0.0784,0.1144,0.373,0.3445
readmit30,111468897,328475732,2,0,0.128,0.0912,0.1269,0.4695,0.4208
readmit30,111514617,154124538,0,0,0.1039,0.0778,0.0985,0.4834,0.4466
readmit30,111514617,169263816,1,1,0.1322,0.1255,0.1134,0.3418,0.3288
readmit30,111514617,292107282,2,0,0.2284,0.257,0.1853,0.496,0.4433
readmit30,111552894,183957060,0,0,0.076,0.0504,0.0581,0.4924,0.4541
readmit30,111552894,252219360,1,0,0.094,0.0625,0.0742,0.3857,0.3469
readmit30,111559338,145215090,0,0,0.0889,0.0732,0.0791,0.4812,0.4479
readmit30,111559338,308406578,1,0,0.1248,0.1079,0.1097,0.3518,0.3302
readmit30,111614985,235641330,0,0,0.0902,0.0835,0.1052,0.4798,0.4428
readmit30,111614985,252046656,1,0,0.0877,0.1072,0.081,0.384,0.3494
readmit30,111642120,263318274,0,0,0.1919,0.2245,0.2258,0.4615,0.4343
readmit30,111642120,364301288,1,0,0.0994,0.0924,0.0988,0.3794,0.3491
readmit30,111671559,150039726,0,0,0.0353,0.0425,0.0318,0.4956,0.4547
readmit30,111671559,178984722,1,0,0.1085,0.0845,0.0934,0.382,0.3504
readmit30,111671559,217653510,2,0,0.1092,0.1145,0.0882,0.4105,0.3823
readmit30,111741156,160688814,0,0,0.1121,0.0695,0.1286,0.481,0.4452
readmit30,111741156,175143690,1,0,0.1114,0.1026,0.1328,0.3594,0.3327
readmit30,111750300,105911886,0,0,0.0898,0.0523,0.0832,0.4841,0.4446
readmit30,111750300,149425716,1,0,0.1467,0.1107,0.1246,0.3576,0.3398
readmit30,111750300,166549020,2,1,0.1385,0.1371,0.1453,0.3983,0.3787
readmit30,111773358,147718236,0,0,0.1007,0.0889,0.1034,0.4797,0.4415
readmit30,111773358,256166718,1,0,0.1476,0.104,0.143,0.4091,0.3612
readmit30,111890916,170492766,0,0,0.0927,0.0588,0.1035,0.4872,0.4473
readmit30,111890916,212760666,1,0,0.1146,0.0913,0.1103,0.3783,0.3468
readmit30,112108122,141497040,0,0,0.0315,0.0295,0.0109,0.5183,0.4874
readmit30,112108122,236096514,1,0,0.0892,0.0405,0.0452,0.3866,0.3603
readmit30,112108122,314857232,2,0,0.1025,0.0872,0.059,0.3925,0.384
readmit30,112197726,89849496,0,0,0.0967,0.081,0.0987,0.48,0.4431
readmit30,112197726,176909082,1,0,0.1377,0.1062,0.1493,0.3883,0.348
readmit30,112197726,232748436,2,0,0.1774,0.1582,0.2084,0.4022,0.3839
readmit30,112367826,194939328,0,0,0.0325,0.0396,0.0252,0.4978,0.459
readmit30,112367826,231667908,1,0,0.1021,0.1125,0.0796,0.3257,0.3262
readmit30,112367826,276057570,2,0,0.1101,0.1162,0.0935,0.4607,0.4103
readmit30,112367826,347289080,3,0,0.2322,0.1859,0.2651,0.317,0.3528
readmit30,112367826,414929708,4,0,0.1752,0.1613,0.1756,0.4088,0.3682
readmit30,112367826,416729120,5,1,0.1745,0.1618,0.2036,0.4075,0.3808
readmit30,112384098,166843776,0,1,0.1392,0.0856,0.1369,0.4828,0.4448
readmit30,112384098,170258580,1,1,0.1352,0.0976,0.1092,0.3831,0.3542
readmit30,112384098,174250536,2,0,0.1714,0.1076,0.1173,0.4455,0.416
readmit30,112402692,137667348,0,1,0.2105,0.2011,0.2173,0.4518,0.4266
readmit30,112402692,269183910,1,1,0.3687,0.367,0.4131,0.4535,0.3812
readmit30,112430484,157905888,0,0,0.0995,0.0746,0.1139,0.4854,0.4478
readmit30,112430484,177573366,1,0,0.135,0.1034,0.1096,0.3523,0.3276
readmit30,112430484,203948796,2,0,0.1512,0.1197,0.127,0.4015,0.3779
readmit30,112504149,390735962,0,0,0.2814,0.1945,0.2706,0.4512,0.4268
readmit30,112504149,397951706,1,0,0.3899,0.2689,0.4656,0.3703,0.3377
readmit30,112575942,119762634,0,0,0.0378,0.0304,0.0184,0.5199,0.4922
readmit30,112575942,246404436,1,0,0.0772,0.0343,0.0455,0.4354,0.4039
readmit30,112660551,112531890,0,1,0.1899,0.1425,0.2064,0.4592,0.4308
readmit30,112660551,113069142,1,0,0.196,0.1573,0.2125,0.3974,0.3618
readmit30,112667427,187489728,0,1,0.1094,0.1122,0.1198,0.4749,0.4392
readmit30,112667427,190036698,1,0,0.1598,0.1525,0.1447,0.4034,0.3649
readmit30,112735458,217674348,0,0,0.1071,0.058,0.0883,0.4933,0.4557
readmit30,112735458,235040274,1,0,0.0971,0.085,0.0775,0.3448,0.3319
readmit30,112750830,182745114,0,1,0.0823,0.0461,0.0858,0.4929,0.4537
readmit30,112750830,184454586,1,0,0.1533,0.1138,0.1623,0.385,0.3636
readmit30,112750830,192114012,2,0,0.1326,0.1367,0.2159,0.4248,0.4003
readmit30,112750830,386627708,3,0,0.1942,0.1042,0.2942,0.4329,0.4174
readmit30,112880682,154024554,0,0,0.0672,0.0433,0.0822,0.496,0.457
readmit30,112880682,164612382,1,0,0.1226,0.0557,0.1356,0.378,0.3456
readmit30,112904073,319632548,0,0,0.1187,0.0755,0.1399,0.47,0.4405
readmit30,112904073,322603784,1,0,0.1366,0.1606,0.1821,0.3423,0.332
readmit30,112904073,372041030,2,1,0.3049,0.602,0.4804,0.599,0.4733
readmit30,112904073,390783986,3,0,0.239,0.4348,0.5022,0.5392,0.4643
readmit30,112904811,159627810,0,0,0.0804,0.0605,0.0668,0.4825,0.4462
readmit30,112904811,164594400,1,1,0.1599,0.1232,0.169,0.3595,0.3311
readmit30,112904811,166669650,2,0,0.2138,0.1793,0.2173,0.4199,0.4017
readmit30,112959135,146113788,0,0,0.0514,0.06,0.0627,0.4856,0.4526
readmit30,112959135,151924554,1,0,0.0611,0.0615,0.0531,0.3931,0.3545
readmit30,112982949,294367640,0,1,0.2181,0.3191,0.2953,0.4376,0.4265
readmit30,112982949,423801560,1,1,0.1672,0.3622,0.3139,0.4958,0.4041
readmit30,112986414,348963548,0,0,0.0997,0.0903,0.1,0.4688,0.4335
readmit30,112986414,402542894,1,1,0.4407,0.5783,0.5114,0.5547,0.4379
readmit30,113017932,180219984,0,0,0.088,0.0507,0.0832,0.4928,0.4529
readmit30,113017932,186286956,1,0,0.135,0.0915,0.1101,0.3744,0.3406
readmit30,113028282,188329602,0,0,0.0703,0.0583,0.0939,0.4902,0.4515
readmit30,113028282,271411722,1,1,0.1199,0.0674,0.095,0.4068,0.3536
readmit30,113028282,276350910,2,0,0.1779,0.0817,0.1048,0.4383,0.4108
readmit30,113028282,291210678,3,0,0.191,0.155,0.1876,0.3359,0.3598
readmit30,113248782,95203980,0,0,0.1801,0.1972,0.2006,0.4504,0.4276
readmit30,113248782,131073180,1,0,0.1411,0.1561,0.2019,0.364,0.335
readmit30,113406444,186744252,0,0,0.0702,0.0372,0.0631,0.5019,0.4617
readmit30,113406444,197102160,1,0,0.0936,0.0803,0.0784,0.3409,0.3317
readmit30,113556177,240261162,0,0,0.1012,0.0946,0.1059,0.48,0.4433
readmit30,113556177,247268244,1,0,0.1192,0.0992,0.1022,0.3859,0.3476
readmit30,113600727,132892860,0,0,0.0684,0.0585,0.0735,0.4856,0.4474
readmit30,113600727,149491320,1,0,0.4598,0.2645,0.4932,0.3254,0.3151
readmit30,113610681,29584134,0,1,0.3202,0.2803,0.4139,0.4431,0.4239
readmit30,113610681,57872370,1,0,0.3366,0.3568,0.4705,0.4201,0.3702
readmit30,113637141,143529546,0,0,0.0578,0.0549,0.065,0.4885,0.449
readmit30,113637141,148537086,1,0,0.1511,0.1098,0.1206,0.3534,0.3328
readmit30,113656896,211943370,0,0,0.1059,0.1065,0.1231,0.4723,0.4376
readmit30,113656896,236196192,1,0,0.1517,0.1368,0.1626,0.3508,0.3292
readmit30,113686569,48362868,0,1,0.1779,0.2696,0.2223,0.4386,0.4239
readmit30,113686569,49645260,1,1,0.2158,0.4688,0.2964,0.4458,0.382
readmit30,113686569,51735216,2,0,0.3163,0.4436,0.3463,0.4998,0.4257
readmit30,113863122,80889678,0,0,0.0526,0.0321,0.0323,0.5055,0.4697
readmit30,113863122,177588714,1,0,0.0912,0.0686,0.0988,0.3808,0.351
readmit30,113879268,229762080,0,1,0.0581,0.0555,0.0468,0.4854,0.4475
readmit30,113879268,233667408,1,0,0.1704,0.1149,0.1369,0.3898,0.359
readmit30,113879268,266597082,2,0,0.1646,0.1435,0.1259,0.4111,0.3881
readmit30,113937246,248811186,0,1,0.2381,0.2152,0.2704,0.4678,0.4371
readmit30,113937246,250906428,1,0,0.1737,0.1732,0.1904,0.4018,0.3569
readmit30,113959818,15751200,0,0,0.1225,0.1007,0.1313,0.4734,0.4361
readmit30,113959818,46837728,1,0,0.2134,0.1837,0.3663,0.3395,0.332
readmit30,113975919,152835234,0,0,0.1139,0.1028,0.1423,0.4678,0.4383
readmit30,113975919,166784112,1,0,0.1473,0.1291,0.1905,0.3697,0.3348
readmit30,113975919,179365398,2,0,0.1324,0.1482,0.1531,0.4202,0.3907
readmit30,114103899,137027526,0,0,0.0462,0.0484,0.0598,0.491,0.4512
readmit30,114103899,175760622,1,0,0.099,0.0536,0.0581,0.4241,0.3785
readmit30,114221169,155670216,0,0,0.0578,0.0663,0.0745,0.4802,0.4413
readmit30,114221169,188883492,1,0,0.1014,0.1235,0.1106,0.3853,0.3466
readmit30,114250500,58978296,0,0,0.2364,0.1345,0.2588,0.4725,0.438
readmit30,114250500,118417710,1,0,0.1435,0.1023,0.1746,0.4012,0.3617
readmit30,114298911,144629628,0,0,0.1461,0.1214,0.1663,0.4668,0.4329
readmit30,114298911,148141368,1,0,0.1535,0.1366,0.1882,0.3847,0.346
readmit30,114298911,172862100,2,0,0.1131,0.1196,0.1062,0.4177,0.3884
readmit30,114319980,321448490,0,0,0.0421,0.0502,0.0351,0.4853,0.4475
readmit30,114319980,363097094,1,0,0.4536,0.5331,0.5484,0.5725,0.4558
readmit30,114322203,122504526,0,0,0.0444,0.0452,0.0417,0.49,0.4495
readmit30,114322203,256155810,1,0,0.0674,0.0675,0.068,0.4009,0.3606
readmit30,114487956,110230890,0,0,0.0629,0.0375,0.0379,0.4935,0.4557
readmit30,114487956,179669112,1,0,0.086,0.0637,0.0708,0.3996,0.3642
readmit30,114514479,145776252,0,0,0.0992,0.0906,0.1078,0.4778,0.4441
readmit30,114514479,216438330,1,0,0.1262,0.1436,0.1552,0.3504,0.3398
readmit30,114514479,285667380,2,0,0.1319,0.1349,0.1706,0.3949,0.382
readmit30,114514479,301893050,3,0,0.1145,0.1187,0.1198,0.3879,0.3827
readmit30,114514479,357853460,4,0,0.1113,0.1257,0.0903,0.3659,0.3529
readmit30,114560685,159105786,0,0,0.0862,0.054,0.0886,0.4903,0.4492
readmit30,114560685,391325798,1,0,0.1168,0.0576,0.0932,0.4359,0.386
readmit30,114713712,155219790,0,0,0.1023,0.1356,0.1232,0.4651,0.4333
readmit30,114713712,166025736,1,1,0.177,0.1545,0.2148,0.3664,0.3362
readmit30,114713712,168270846,2,0,0.1749,0.2114,0.1801,0.4459,0.4122
readmit30,114713712,340771478,3,1,0.1981,0.1613,0.2338,0.38,0.3812
readmit30,114713712,353135060,4,1,0.2503,0.196,0.2827,0.4244,0.3892
readmit30,114713712,425521298,5,0,0.2908,0.2896,0.2909,0.4323,0.4071
readmit30,114713712,439032440,6,0,0.2518,0.2376,0.2613,0.4767,0.4071
readmit30,114809661,167616330,0,0,0.189,0.0528,0.1714,0.4922,0.4547
readmit30,114809661,218929788,1,0,0.1161,0.111,0.0766,0.3369,0.3238
readmit30,114821802,164005722,0,1,0.0653,0.0562,0.0578,0.4877,0.4551
readmit30,114821802,165008730,1,0,0.1228,0.101,0.1318,0.3751,0.3531
readmit30,114821964,66057132,0,0,0.1543,0.166,0.1728,0.4538,0.4283
readmit30,114821964,77562894,1,0,0.2458,0.1922,0.2779,0.3789,0.3433
readmit30,115025139,148030656,0,0,0.1426,0.236,0.2166,0.474,0.4566
readmit30,115025139,151789716,1,0,0.1163,0.0641,0.0763,0.3657,0.3516
readmit30,115132176,344968100,0,1,0.1549,0.1782,0.1293,0.4576,0.4332
readmit30,115132176,424948184,1,0,0.131,0.3857,0.1607,0.5068,0.4082
readmit30,115164504,142928916,0,0,0.0916,0.0871,0.1048,0.4833,0.445
readmit30,115164504,231774828,1,0,0.1399,0.1341,0.1345,0.3849,0.3388
readmit30,115170372,61054140,0,0,0.0693,0.067,0.0656,0.4847,0.4476
readmit30,115170372,189767550,1,0,0.1716,0.1255,0.1794,0.3693,0.3434
readmit30,115171740,156671430,0,0,0.0701,0.0816,0.0854,0.4784,0.4459
readmit30,115171740,195685788,1,0,0.1662,0.1168,0.1861,0.346,0.3344
readmit30,115171740,230124120,2,0,0.1119,0.0994,0.1156,0.4482,0.4114
readmit30,120343568,332021780,0,1,0.1885,0.1337,0.212,0.4687,0.4348
readmit30,120343568,430307540,1,0,0.201,0.2435,0.2302,0.3877,0.3539
readmit30,120561287,379636292,0,0,0.113,0.1268,0.1117,0.4663,0.4338
readmit30,120561287,397857200,1,1,0.7891,0.5304,0.859,0.5351,0.4232
readmit30,120840161,379081970,0,0,0.1125,0.0809,0.1,0.4705,0.437
readmit30,120840161,416165642,1,1,0.4894,0.6055,0.5454,0.5569,0.4377
readmit30,120984278,350847482,0,0,0.1274,0.1421,0.1526,0.4555,0.4316
readmit30,120984278,438419840,1,0,0.4188,0.5694,0.5437,0.5833,0.4472
readmit30,122528102,373845032,0,0,0.1061,0.1385,0.1216,0.4602,0.4305
readmit30,122528102,383164628,1,0,0.4776,0.5677,0.5497,0.5463,0.428
readmit30,123026576,325578416,0,0,0.1479,0.1914,0.169,0.454,0.4264
readmit30,123026576,393730646,1,0,0.1268,0.1672,0.1759,0.4132,0.362
readmit30,123457910,316611854,0,1,0.06,0.0678,0.0615,0.4889,0.4494
readmit30,123457910,327224954,1,0,0.1833,0.173,0.2287,0.3962,0.3588
readmit30,123552824,293718482,0,0,0.149,0.1565,0.1581,0.4541,0.4286
readmit30,123552824,429658394,1,1,0.1069,0.1063,0.1746,0.4457,0.3786
readmit30,125613230,328988288,0,0,0.0486,0.0388,0.0447,0.4956,0.4589
readmit30,125613230,420827438,1,0,0.0782,0.0741,0.0911,0.3728,0.3482
readmit30,126169052,321933380,0,0,0.0755,0.0804,0.0812,0.4769,0.443
readmit30,126169052,424387166,1,0,0.1399,0.1369,0.167,0.3464,0.3295
readmit30,130640990,349643348,0,0,0.0915,0.0547,0.0598,0.4816,0.4446
readmit30,130640990,411956210,1,0,0.5453,0.6336,0.6259,0.5716,0.453
readmit30,130798688,373136282,0,0,0.105,0.1043,0.1173,0.4737,0.4393
readmit30,130798688,442045880,1,0,0.1394,0.1173,0.1578,0.3927,0.352
readmit30,131668241,359635712,0,0,0.0875,0.0922,0.0805,0.4623,0.4326
readmit30,131668241,378464582,1,1,0.1203,0.1158,0.1479,0.4254,0.3659
readmit30,132938510,378517388,0,0,0.1046,0.0823,0.1157,0.4725,0.4399
readmit30,132938510,411341138,1,0,0.3694,0.5409,0.3681,0.5675,0.4463
readmit30,133858193,361339928,0,0,0.0712,0.0425,0.0779,0.4941,0.4585
readmit30,133858193,422622920,1,0,0.1225,0.1137,0.1139,0.3613,0.3418
readmit30,137145308,310700186,0,0,0.0992,0.0833,0.0741,0.4706,0.4399
readmit30,137145308,313055738,1,1,0.1303,0.0883,0.1024,0.3979,0.3565
readmit30,137145308,390235286,2,0,0.1327,0.1088,0.0753,0.3998,0.4105
readmit30,137221097,296647862,0,0,0.098,0.1031,0.0941,0.4665,0.4338
readmit30,137221097,405534860,1,1,0.3871,0.6213,0.5483,0.5642,0.4438
readmit30,138008417,364433462,0,0,0.1592,0.1132,0.1783,0.4662,0.4335
readmit30,138008417,404438456,1,1,0.4103,0.5812,0.5227,0.5497,0.4302
readmit30,138008417,423214604,2,1,0.1463,0.3546,0.4538,0.5961,0.4944
readmit30,138148286,302046542,0,0,0.0975,0.073,0.1048,0.4768,0.4408
readmit30,138148286,428530622,1,1,0.3683,0.515,0.4112,0.5653,0.4504
readmit30,138701210,308443466,0,0,0.1567,0.1872,0.1906,0.4478,0.432
readmit30,138701210,334855238,1,0,0.4898,0.6331,0.6949,0.5632,0.4264
readmit30,138701210,385504208,2,1,0.1087,0.2129,0.2778,0.4913,0.4149
readmit30,141300419,431987894,0,0,0.1378,0.1314,0.1629,0.4678,0.4343
readmit30,141300419,434989274,1,0,0.1449,0.091,0.1489,0.4091,0.3618
readmit30,141422162,330760922,0,0,0.052,0.0329,0.0329,0.5127,0.4811
readmit30,141422162,407904680,1,0,0.1129,0.038,0.042,0.4241,0.4076
readmit30,141430235,311346176,0,0,0.1159,0.0945,0.1005,0.4722,0.44
readmit30,141430235,325464590,1,1,0.1376,0.0818,0.1341,0.441,0.3925
readmit30,142024253,328453286,0,1,0.0789,0.0534,0.1068,0.494,0.4561
readmit30,142024253,436152362,1,0,0.1625,0.1434,0.2129,0.4128,0.3716
readmit30,142813274,377370614,0,1,0.2105,0.091,0.2023,0.4774,0.4452
readmit30,142813274,429744488,1,0,0.1244,0.0827,0.0649,0.3743,0.3608
readmit30,143785463,341400236,0,0,0.0911,0.0632,0.1129,0.4843,0.4477
readmit30,143785463,438537176,1,0,0.1422,0.1266,0.1637,0.3446,0.3335
readmit30,152739959,321402500,0,0,0.0647,0.0684,0.0474,0.4807,0.4402
readmit30,152739959,420273020,1,1,0.3399,0.1726,0.3071,0.3673,0.3396
readmit30,158082323,356720006,0,0,0.1217,0.1191,0.1283,0.4637,0.4329
readmit30,158082323,394934978,1,1,0.4742,0.5828,0.5657,0.5598,0.4381
readmit30,172494644,365504966,0,0,0.0916,0.0679,0.0875,0.4793,0.4414
readmit30,172494644,383150174,1,1,0.4406,0.5071,0.473,0.5633,0.4415
readmit30,175187120,373667012,0,1,0.0745,0.0392,0.0686,0.4959,0.4575
readmit30,175187120,394283090,1,0,0.1272,0.0785,0.0937,0.4102,0.3791
readmit30,175638695,327867206,0,1,0.0777,0.052,0.0796,0.493,0.4536
readmit30,175638695,429120578,1,0,0.2573,0.1873,0.2131,0.3343,0.3334
readmit30,175765100,331947290,0,0,0.111,0.0589,0.1302,0.4733,0.4425
readmit30,175765100,335446412,1,0,0.1298,0.0968,0.1268,0.3941,0.3478
readmit30,175765100,352486574,2,1,0.2362,0.1014,0.2983,0.4303,0.3953
readmit30,176674532,320246078,0,0,0.0711,0.1345,0.0772,0.4603,0.4297
readmit30,176674532,428501294,1,0,0.2914,0.5799,0.2892,0.5826,0.4531
readmit30,180276017,305546216,0,1,0.071,0.039,0.0518,0.4964,0.4579
readmit30,180276017,350289782,1,0,0.176,0.1166,0.1578,0.3736,0.3547
readmit30,181970735,297903548,0,1,0.101,0.0486,0.0764,0.4876,0.4506
readmit30,181970735,353802014,1,0,0.1594,0.1381,0.1678,0.4061,0.367
readmit30,182331833,306669638,0,0,0.08,0.0454,0.0605,0.4896,0.4546
readmit30,182331833,370809542,1,1,0.0663,0.0454,0.048,0.4282,0.3853
readmit30,182346476,382546922,0,1,0.0613,0.0577,0.0582,0.4896,0.4506
readmit30,182346476,386761814,1,0,0.1279,0.0919,0.0821,0.3988,0.3681
readmit30,182346476,419654744,2,0,0.1597,0.1117,0.1505,0.444,0.4014
readmit30,182587685,371459312,0,0,0.1215,0.1489,0.1427,0.4627,0.4314
readmit30,182587685,379022006,1,0,0.1625,0.1731,0.2027,0.4211,0.3564
readmit30,182710562,330845978,0,0,0.2042,0.2238,0.256,0.4525,0.4306
readmit30,182710562,333724508,1,0,0.069,0.1607,0.1492,0.4824,0.403
readmit30,182710562,337345316,2,0,0.1932,0.2375,0.2038,0.3398,0.3508
readmit30,182710562,411488960,3,1,0.1649,0.2154,0.2402,0.4069,0.3819
readmit30,182801858,371362394,0,0,0.0853,0.0862,0.0938,0.4775,0.4408
readmit30,182801858,403132436,1,0,0.475,0.5545,0.5822,0.5769,0.4473
readmit30,188238020,372665912,0,0,0.1375,0.0946,0.1319,0.4731,0.4376
readmit30,188238020,410904182,1,1,0.5862,0.559,0.6479,0.5357,0.4272
readmit30,188634893,364338650,0,0,0.062,0.0792,0.0702,0.4823,0.4442
readmit30,188634893,414418886,1,0,0.066,0.0605,0.045,0.402,0.357
readmit30,188970179,330256946,0,1,0.1108,0.0572,0.0985,0.4805,0.4438
readmit30,188970179,441488168,1,0,0.2397,0.1781,0.234,0.374,0.3555
