patient_id,age_mean,age_std,hba1c_mean,hba1c_std,glucose_mean,glucose_std,bmi_mean,bmi_std,systolic_bp_mean,systolic_bp_std,diastolic_bp_mean,diastolic_bp_std,hba1c_slope,glucose_slope,hba1c_curvature,target,traj_cluster,traj_0,traj_1,traj_2,traj_3,traj_4
REAL-0001,50.0,0.0,5.147666666666667,0.09880452081424859,150.47,3.9957852795163973,33.54333333333333,0.20108041509140864,101.55,6.357011876660286,74.35666666666667,3.3768969977382137,0.08949999999999948,3.3750000000000027,-0.07249999999999993,1,3,False,False,False,True,False
REAL-0002,31.0,0.0,3.5596666666666668,0.10334569818494284,86.55666666666667,1.3966507556770702,27.156666666666666,0.48952357791360057,98.79333333333334,3.1885785756874956,65.20333333333333,0.7464806315861987,0.08949999999999962,-0.36500000000002725,0.08950000000000014,0,4,False,False,False,False,True
REAL-0003,32.0,0.0,6.775666666666666,0.09322195735626483,183.99666666666667,1.6404369336653326,23.186666666666667,0.1059874206372313,93.82666666666667,3.5191523600624746,64.26333333333334,1.1600143677271162,0.08699999999999919,-1.395000000000032,0.057999999999998504,1,4,False,False,False,False,True
REAL-0004,21.0,0.0,3.5606666666666666,0.05586889414811534,90.35666666666667,2.162090038211481,28.286666666666665,0.23459184413217293,99.16333333333334,0.5955109850652059,67.16000000000001,5.493013744748877,-0.019000000000000357,-1.8150000000000148,0.0909999999999994,0,0,True,False,False,False,False
REAL-0005,33.0,0.0,4.894333333333333,0.0959235806949119,137.06,1.7107892915259983,43.49333333333333,0.4473626418615343,76.72333333333334,3.310503486379878,39.306666666666665,0.6600252520421752,-0.03600000000000002,1.7099999999999655,-0.1540000000000016,1,3,False,False,False,True,False
REAL-0006,30.0,0.0,4.1306666666666665,0.0845004930952082,116.85666666666667,1.4407058455261843,25.546666666666667,0.17616280348965113,100.41666666666667,5.618810668934599,71.49666666666667,1.9011663086993078,0.06249999999999928,1.234999999999976,0.09849999999999892,0,4,False,False,False,False,True
REAL-0007,26.0,0.0,3.5,0.0,76.79333333333334,1.372637364103617,30.933333333333334,0.17009801096230923,80.82666666666667,4.764098375698531,48.096666666666664,2.360346019831273,-7.616747013915133e-16,0.8899999999999929,1.587642385995653e-17,1,4,False,False,False,False,True
REAL-0008,29.0,0.0,4.234666666666667,0.21148128364782848,118.49333333333334,4.197693811288928,35.52333333333333,0.7987698875980068,58.11666666666667,26.811031933391398,24.633333333333336,23.42689124346919,-0.20050000000000018,-2.9100000000000197,0.11650000000000214,0,0,True,False,False,False,False
REAL-0009,53.0,0.0,7.187666666666668,0.1391988984630746,198.1,2.1882413029645567,30.48,0.019999999999999574,96.14,0.9440868604106328,71.8,2.2358219964925614,0.12249999999999928,1.9699999999999847,-0.11450000000000124,1,3,False,False,False,True,False
REAL-0010,54.0,0.0,4.513,0.049568134925575026,124.46333333333332,0.47077949544700143,10.0,8.660254037844387,122.61333333333333,0.25890796305508734,96.08333333333333,0.7616648431779883,0.022499999999999083,0.07499999999998824,0.07649999999999994,1,4,False,False,False,False,True
REAL-0011,30.0,0.0,3.8706666666666667,0.2530243730025496,110.61333333333334,1.1411543862831837,37.86666666666667,0.4793050524805016,122.15333333333335,6.432731405346668,89.06666666666666,3.123480964138143,0.2439999999999994,1.0100000000000013,-0.11600000000000038,0,1,False,True,False,False,False
REAL-0012,34.0,0.0,5.936333333333334,0.16485245928809647,167.59,0.6337980750996243,37.53,0.8931405264570642,104.52333333333333,4.2254270001188425,70.52,0.7856207736561,-0.16400000000000134,0.5249999999999726,0.0290000000000011,1,0,True,False,False,False,False
REAL-0013,57.0,0.0,4.862,0.028354893757515723,138.16666666666666,3.9465470139519843,27.12,0.25059928172283463,110.45666666666666,0.5326662494783483,76.54333333333334,2.447781308314394,-0.02700000000000057,3.8799999999999715,-0.014999999999999097,0,4,False,False,False,False,True
REAL-0014,59.0,0.0,6.864,0.08983874442577666,188.63,1.7151967817134015,30.08666666666667,0.2003330560175569,94.58666666666666,6.064621450126412,54.11000000000001,3.175342501211486,-0.08599999999999992,-1.68500000000007,-0.04500000000000045,1,4,False,False,False,False,True
REAL-0015,51.0,0.0,6.015666666666667,0.09805270691486997,166.69333333333333,4.8175650834558885,25.973333333333333,0.37166292972710324,102.35000000000001,4.467896596833897,71.77,3.03481465661415,-0.09550000000000068,-4.780000000000038,0.03849999999999771,1,0,True,False,False,False,False
REAL-0016,32.0,0.0,3.5223333333333335,0.038682468035705055,100.39,4.098938887077972,29.916666666666668,0.3036994127971506,62.19666666666666,27.94355083616492,23.923333333333336,26.42104148842989,-5.825249413603037e-16,4.084999999999973,-0.06700000000000092,1,4,False,False,False,False,True
REAL-0017,31.0,0.0,4.489999999999999,0.08029321266458306,122.36666666666667,5.446763565029542,45.583333333333336,0.18929694486000687,115.18666666666667,4.857667478670536,84.62,1.276440362884221,-0.03000000000000049,-3.9200000000000177,0.12899999999999978,1,0,True,False,False,False,False
REAL-0018,31.0,0.0,3.9663333333333335,0.1131783253690094,108.01333333333334,1.0002666311205894,29.146666666666665,0.5394750534856383,105.60000000000001,2.8014460551650866,74.97000000000001,2.478648825469224,-0.09900000000000135,-0.4800000000000082,0.09500000000000013,1,0,True,False,False,False,False
REAL-0019,33.0,0.0,3.640333333333333,0.08696167738339293,100.25666666666666,2.3952939972649174,43.34,0.5211525688318178,67.12333333333333,11.838793575923743,34.696666666666665,6.582190618125044,0.07349999999999915,0.30499999999998323,-0.08050000000000068,0,3,False,False,False,True,False
REAL-0020,32.0,0.0,3.9819999999999998,0.02778488797889948,114.82333333333334,2.090605972758452,34.89,0.3439476704383983,100.38666666666667,3.8797723300901765,69.44666666666667,2.459884821151867,0.022999999999999226,-2.0850000000000097,-0.026999999999999892,1,4,False,False,False,False,True
REAL-0021,27.0,0.0,4.604,0.04686149805543991,123.79333333333334,2.108111319008872,38.87,0.6436614016701585,123.81666666666666,0.298384539367125,85.48333333333333,4.4212027021313265,0.04199999999999943,0.8899999999999836,-0.03600000000000035,0,4,False,False,False,False,True
REAL-0022,50.0,0.0,3.59,0.06777167549942964,98.17,0.7447818472546169,35.403333333333336,0.15502687938978363,115.66333333333334,6.479431559429681,82.83666666666666,1.8081574415225345,0.02849999999999908,-0.19500000000002768,0.1064999999999999,0,4,False,False,False,False,True
REAL-0023,41.0,0.0,7.059,0.31199999999999983,196.08333333333334,0.4113797920818702,39.946666666666665,0.4101625693957583,121.06333333333333,2.564455757725866,90.45,0.6114736298484186,-0.2640000000000012,-0.40500000000005637,0.28799999999999926,1,2,False,False,True,False,False
REAL-0024,29.0,0.0,4.341,0.05271622141238866,115.71333333333332,3.2035188985447487,29.383333333333336,0.716542624924249,113.68666666666667,4.804053843717133,81.51333333333334,4.196454853007872,0.051999999999999214,-1.470000000000025,0.014999999999999224,1,4,False,False,False,False,True
REAL-0025,51.0,0.0,4.966333333333333,0.08816083786655683,141.74,4.001649659827812,36.653333333333336,0.3431229128655422,121.3,4.092676385936225,94.44333333333334,1.8846838815391094,-0.07850000000000147,3.849999999999982,0.06950000000000038,1,0,True,False,False,False,False
REAL-0026,41.0,0.0,4.535333333333333,0.1791796119354357,125.3,1.3257073583562846,30.483333333333334,0.8844395588921464,98.82666666666667,4.050831190426641,69.58333333333333,0.35161532010613306,0.14299999999999896,1.2999999999999676,-0.1870000000000022,1,1,False,True,False,False,False
REAL-0027,43.0,0.0,5.527666666666666,0.0293995464817627,149.85666666666665,2.880283550856288,39.406666666666666,0.5500303021955555,104.11333333333334,4.596545804550772,75.05,4.063139180485946,-0.008000000000001345,-1.4750000000000156,0.04899999999999915,1,4,False,False,False,False,True
REAL-0028,22.0,0.0,3.5243333333333333,0.04214656965084265,97.56666666666666,1.361518759816896,23.290000000000003,0.32449961479175854,95.31666666666666,8.798081230207714,58.163333333333334,3.224226005312492,0.036499999999999824,-1.2700000000000164,0.0365,0,4,False,False,False,False,True
REAL-0029,57.0,0.0,5.293666666666667,0.02122105872319591,143.94000000000003,0.9754998718605663,21.873333333333335,0.5147167505855345,115.33666666666666,4.7141312384503395,85.95333333333333,2.2085591079555305,0.002499999999998876,-0.33000000000002344,-0.036500000000000095,0,4,False,False,False,False,True
REAL-0030,38.0,0.0,3.8539999999999996,0.14950250834016118,115.66000000000001,1.5189140857862846,33.93666666666667,0.1484362938547503,117.14666666666666,0.6603282012252129,92.28666666666668,2.782379077935518,0.1114999999999991,-0.9800000000000161,-0.17250000000000146,0,1,False,True,False,False,False
REAL-0031,60.0,0.0,3.9250000000000003,0.06077005841695401,111.62333333333333,2.73068367507724,36.03333333333333,0.14294521094927734,104.65333333333335,5.000973238613994,75.08333333333333,6.330831962177905,-0.043500000000000205,1.5149999999999848,-0.07350000000000027,0,4,False,False,False,False,True
REAL-0032,28.0,0.0,5.692,0.04592385001281976,160.18333333333334,4.061924831078652,31.583333333333332,0.3153305144341938,104.75666666666666,5.95227967532888,79.00333333333333,1.752322268686141,0.04049999999999876,-3.5950000000000255,-0.03749999999999979,1,4,False,False,False,False,True
REAL-0033,22.0,0.0,3.5,0.0,86.84333333333332,1.1043701070444312,25.3,0.6690291473471086,91.75,3.5089742090816243,58.946666666666665,3.6670742197743054,-7.616747013915133e-16,0.4649999999999877,1.587642385995653e-17,0,4,False,False,False,False,True
REAL-0034,28.0,0.0,3.5,0.0,89.80666666666667,2.080993352544246,19.583333333333332,0.36115555282084694,119.33,2.5847050121822357,91.05666666666667,1.8131280521059054,-7.616747013915133e-16,-0.8500000000000087,1.587642385995653e-17,0,4,False,False,False,False,True
REAL-0035,45.0,0.0,4.549666666666667,0.12605686547480585,122.37,0.8018104514160551,27.766666666666666,0.14977761292440583,100.72666666666667,5.781023554123729,74.47,5.027643583230622,-0.10550000000000088,-0.735000000000037,0.11950000000000115,0,0,True,False,False,False,False
REAL-0036,33.0,0.0,3.6686666666666667,0.06950059951779772,102.57,0.4203569911396757,23.7,0.7000000000000005,86.5,2.082378447833158,59.77666666666667,0.7755213300311828,0.06699999999999927,0.19499999999997572,-0.03200000000000013,0,3,False,False,False,True,False
REAL-0037,35.0,0.0,4.887666666666667,0.12650823425110805,139.38666666666666,6.128803580906601,32.97,0.26514147167126073,99.55333333333333,8.883025010284129,72.93666666666667,7.100037558586105,-0.09850000000000071,-6.010000000000015,0.13749999999999832,0,0,True,False,False,False,False
REAL-0038,46.0,0.0,3.6186666666666665,0.1290167947723603,104.88,5.911886331789546,32.85666666666666,0.44657959350303483,104.79333333333334,3.425453741233896,79.14999999999999,4.131113651305181,-0.07800000000000105,-5.36000000000004,0.1780000000000007,1,0,True,False,False,False,False
REAL-0039,27.0,0.0,3.5,0.0,91.09333333333332,1.0060483752451184,38.483333333333334,0.4481443219916242,94.13333333333333,5.036132775586181,65.73666666666666,3.8092693962666115,-7.616747013915133e-16,-0.34000000000000746,1.587642385995653e-17,1,4,False,False,False,False,True
REAL-0040,56.0,0.0,3.9913333333333334,0.11773841061154745,112.66333333333334,2.164077940678976,37.086666666666666,0.330201958403234,104.98333333333333,1.887891239805231,73.17,4.109355180560574,-0.08950000000000037,-1.6150000000000317,0.13249999999999815,1,0,True,False,False,False,False
REAL-0041,26.0,0.0,6.469333333333334,0.03850108223587139,179.14,1.9203124745728235,33.75666666666667,0.32316146634976917,94.70333333333333,2.657015869981452,61.096666666666664,4.1165195655229585,0.018999999999999004,1.7699999999999525,-0.058000000000000045,0,3,False,False,False,True,False
REAL-0042,37.0,0.0,4.911666666666666,0.04717343885422532,132.92,1.2119818480489113,39.906666666666666,0.4823207784590364,112.11666666666667,2.335044610565996,81.82333333333334,4.730214935215244,0.0269999999999994,-1.2100000000000344,0.0670000000000001,0,4,False,False,False,False,True
REAL-0043,48.0,0.0,3.7079999999999997,0.130587135660447,106.56333333333333,2.4343856172211864,22.736666666666668,0.27682726262659596,125.61333333333334,0.6995951210045299,90.82666666666667,0.5700292390161524,-0.09850000000000127,-2.3850000000000326,0.14849999999999974,0,0,True,False,False,False,False
REAL-0044,54.0,0.0,6.348,0.17554771431152255,170.91,1.9065938214522644,45.46666666666667,0.1422439219556824,140.39333333333335,2.257262353678292,114.36666666666667,4.306510575086661,0.17499999999999827,1.9049999999999958,-0.02400000000000139,1,3,False,False,False,True,False
REAL-0045,40.0,0.0,5.794999999999999,0.23963305281200217,158.29999999999998,3.090048543308031,27.456666666666667,0.48747649515985114,90.13,4.443523376781089,65.83,2.4219207253748,0.2259999999999986,3.0299999999999705,-0.13800000000000168,0,1,False,True,False,False,False
REAL-0046,25.0,0.0,6.337666666666666,0.16050025960518954,181.46666666666667,2.497165059288901,42.14333333333334,0.23965252624025274,100.64999999999999,2.5203769559333726,65.82666666666667,2.7112051440887543,-0.15750000000000114,-2.150000000000019,0.05349999999999983,1,0,True,False,False,False,False
REAL-0047,29.0,0.0,5.322333333333333,0.03453018003621384,144.53666666666666,3.6519355598549876,29.953333333333333,0.7335757175188778,89.30666666666667,1.8454899981667057,59.18666666666667,2.8225225124581974,0.023999999999999508,-3.4250000000000074,-0.04300000000000124,0,4,False,False,False,False,True
REAL-0048,22.0,0.0,3.531333333333333,0.05427092530382468,66.86666666666667,3.6861542742176883,27.876666666666665,0.10785793124908938,95.95,1.2211879462228543,71.86666666666666,5.454744112543997,0.04699999999999936,-0.880000000000021,0.046999999999999924,0,4,False,False,False,False,True
REAL-0049,31.0,0.0,3.669333333333333,0.1575066136177569,102.37,0.750266619276099,39.42333333333334,0.46800997140374345,97.17333333333333,1.833039370371888,68.25999999999999,2.851859042799975,-0.13250000000000073,0.5149999999999767,0.1475000000000005,1,0,True,False,False,False,False
REAL-0050,24.0,0.0,3.5946666666666665,0.16396747644985357,103.25666666666666,3.49763253263309,10.0,8.660254037844387,59.73666666666667,22.9273206749793,27.23,22.040392464745267,-0.14200000000000101,-3.1550000000000216,0.14200000000000065,0,0,True,False,False,False,False
REAL-0051,22.0,0.0,3.8153333333333332,0.08021429631514146,105.32000000000001,3.06151923070884,19.436666666666667,0.08144527815247096,113.18333333333334,1.7700941594540416,81.54333333333334,0.568887803818408,0.07949999999999922,-2.3100000000000187,0.018499999999999808,0,4,False,False,False,False,True
REAL-0052,26.0,0.0,3.5853333333333333,0.05996943666013003,99.45666666666666,2.2701615214194217,24.243333333333336,0.11150485789118603,86.07333333333334,1.4637395032359122,46.870000000000005,6.762240752886578,-0.014000000000000557,1.8349999999999873,0.10100000000000058,0,0,True,False,False,False,False
REAL-0053,30.0,0.0,3.501,0.001732050807569007,86.08,2.5779255225859394,24.593333333333334,0.17214335111567175,97.57,4.259448321085716,65.93333333333334,2.648137710417144,0.0014999999999993929,1.9699999999999938,0.0015000000000003429,0,4,False,False,False,False,True
REAL-0054,58.0,0.0,6.139333333333333,0.23737171974212434,177.01999999999998,2.548018838234916,33.53666666666667,0.2916047553338817,125.38999999999999,2.033027299374013,89.17666666666666,4.615087575911564,-0.22500000000000078,2.389999999999985,0.13100000000000292,1,2,False,False,True,False,False
REAL-0055,42.0,0.0,5.525333333333333,0.07239014665915043,149.57333333333335,1.0660831737408305,34.38666666666666,0.658508415537211,92.38,1.8542653531789945,61.71,1.4072668545801792,0.07199999999999954,0.9999999999999825,-0.013000000000000081,0,4,False,False,False,False,True
REAL-0056,21.0,0.0,3.5,0.0,70.52,2.3286906192107186,23.12,0.4911211663123456,75.83666666666666,3.6645645489380274,48.75666666666667,1.6680627486198876,-7.616747013915133e-16,-0.9000000000000118,1.587642385995653e-17,0,4,False,False,False,False,True
REAL-0057,41.0,0.0,6.643666666666667,0.19064714352261694,183.49333333333334,5.239793252918784,37.47,0.33955853692699584,101.86666666666667,2.4610837721079992,68.82333333333334,3.2294633197070555,0.1774999999999985,4.269999999999982,-0.12050000000000156,1,1,False,True,False,False,False
REAL-0058,31.0,0.0,3.581666666666667,0.14145081595145834,99.49666666666667,0.8717989064763326,46.89333333333334,0.29143323992525977,120.82333333333334,1.1251814668458324,90.53333333333335,4.986625445462422,-0.12250000000000073,0.7549999999999876,0.1224999999999998,0,0,True,False,False,False,False
REAL-0059,44.0,0.0,5.2059999999999995,0.2021187769604797,145.31,5.030616264435214,40.343333333333334,0.1365039681962882,112.46333333333332,1.3444081721461492,80.2,5.414065016233182,-0.18500000000000083,-4.99500000000002,0.14099999999999754,0,2,False,False,True,False,False
REAL-0060,22.0,0.0,3.643333333333333,0.12480918769599214,102.96333333333332,2.2928657469056715,41.21666666666667,0.46500896048714035,91.30666666666666,4.014091844157696,65.90666666666668,4.456369972672084,0.10099999999999877,1.4649999999999712,-0.12700000000000014,0,3,False,False,False,True,False
REAL-0061,21.0,0.0,3.5873333333333335,0.1512657705276819,83.62,1.3798188286872923,10.0,8.660254037844387,58.99666666666667,27.372651192994322,23.486666666666668,24.57067425475608,0.13099999999999987,-1.3400000000000134,0.13100000000000026,0,4,False,False,False,False,True
REAL-0062,39.0,0.0,4.7299999999999995,0.2570622492704836,130.69,2.6285166919766807,33.04333333333333,0.13203534880225623,101.83666666666666,3.6454400740285577,76.22333333333334,4.827632269895181,0.23549999999999938,1.7049999999999832,-0.17850000000000196,1,1,False,True,False,False,False
REAL-0063,36.0,0.0,3.501333333333333,0.002309401076758569,48.20666666666667,3.6562457977183827,25.099999999999998,0.3122498999199203,93.41333333333334,2.2091250153246893,59.906666666666666,1.7303275219834378,0.0019999999999997142,0.30999999999998684,0.0019999999999995564,0,4,False,False,False,False,True
REAL-0064,24.0,0.0,4.986666666666667,0.11217991501749919,141.75,0.929569792968761,25.203333333333333,0.5614564393907449,90.62333333333333,5.039348502865557,60.27,7.0446362574656805,0.07199999999999879,0.6649999999999566,-0.1490000000000019,0,3,False,False,False,True,False
REAL-0065,42.0,0.0,3.9273333333333333,0.1350715859584587,115.09666666666665,2.5115002156745563,32.74333333333333,0.08962886439832449,96.48666666666666,2.6133184523385906,64.59333333333333,1.6557274332852427,-0.1345000000000011,-2.3250000000000086,0.021500000000000043,1,0,True,False,False,False,False
REAL-0066,32.0,0.0,3.589,0.12040348832155973,100.99000000000001,1.7876520914316592,29.30666666666667,0.37166292972710213,99.68333333333332,2.933092793167876,75.12333333333333,1.7872418228469618,-0.11300000000000059,-0.4750000000000055,0.07200000000000045,0,0,True,False,False,False,False
REAL-0067,38.0,0.0,4.035666666666667,0.15824453650389736,109.86333333333334,3.9955767209920183,32.85666666666666,0.3942503434790311,116.92999999999999,2.8848396835872823,86.92,2.0485848774214874,0.13899999999999965,3.9249999999999683,-0.1309999999999995,1,3,False,False,False,True,False
REAL-0068,54.0,0.0,4.003,0.08884255736976485,109.44,1.3259336333316256,42.49666666666667,0.5442732157045099,119.31666666666666,0.343559795862862,94.43666666666667,2.8428389566300356,-0.03750000000000078,-1.2700000000000315,0.1395000000000003,0,0,True,False,False,False,False
REAL-0069,25.0,0.0,3.580666666666667,0.1115765805773477,98.59333333333332,3.2207038568197066,19.563333333333333,0.7756502648316013,96.66666666666667,7.375237849271936,70.96,3.2307429486110473,-0.08700000000000065,-0.8300000000000186,0.12099999999999927,0,0,True,False,False,False,False
REAL-0070,27.0,0.0,5.304,0.13218169313486683,146.47,4.2445612258512675,28.650000000000002,0.2722131517763238,110.89666666666666,0.6807593799084395,82.86333333333333,0.8955631375471653,0.11999999999999979,4.224999999999979,-0.09599999999999927,0,3,False,False,False,True,False
REAL-0071,28.0,0.0,3.6189999999999998,0.11225417586887329,96.82666666666667,4.061112327101202,32.97666666666667,0.2829016319029155,89.12666666666667,2.9055521563608755,62.75,2.2304035509297346,0.11149999999999936,2.989999999999977,-0.022500000000000984,1,3,False,False,False,True,False
REAL-0072,26.0,0.0,5.248666666666667,0.03156474826976015,139.95333333333335,0.8258530942808916,28.44666666666667,0.4025336424863553,93.89,3.061241578183599,64.63666666666667,0.7625177593560243,-0.017500000000000758,0.019999999999982927,-0.045499999999999825,0,4,False,False,False,False,True
REAL-0073,42.0,0.0,4.554,0.04596737973824476,125.09666666666668,2.4057500562887513,43.73,0.2893095228297895,120.32666666666667,2.6468534778739365,90.35666666666667,0.5394750534856413,-0.04100000000000078,2.2749999999999764,0.03599999999999912,1,4,False,False,False,False,True
REAL-0074,23.0,0.0,4.268,0.017058722109232132,127.62,3.3037403045639055,34.913333333333334,0.2571640202931481,116.96999999999998,3.781943944587227,86.85333333333334,1.3732200600534976,-0.016500000000000948,3.079999999999977,-0.007499999999999783,0,4,False,False,False,False,True
REAL-0075,22.0,0.0,3.526666666666667,0.046188021535170036,78.01666666666667,1.5001444374903754,31.796666666666667,0.6397134775298514,109.04666666666667,3.1598312191212585,75.33999999999999,1.2225792407856375,0.03999999999999896,-1.2350000000000187,0.04000000000000044,0,4,False,False,False,False,True
REAL-0076,22.0,0.0,3.5080000000000005,0.01385640646055103,33.333333333333336,28.867513459481287,24.69666666666667,0.08504900548115643,77.05333333333333,4.030698864134281,49.07333333333333,4.257150846908446,0.01199999999999905,-1.1490015437940192e-14,0.012000000000000486,0,4,False,False,False,False,True
REAL-0077,41.0,0.0,3.5,0.0,62.87,1.4723790272888269,32.60333333333333,0.20502032419575625,107.70333333333333,6.2844676252912155,76.82333333333334,2.259874627790954,-7.616747013915133e-16,1.2649999999999793,1.587642385995653e-17,0,4,False,False,False,False,True
REAL-0078,27.0,0.0,3.635666666666667,0.03429771615331441,96.57333333333334,2.7164376181560423,37.4,0.2749545416973529,103.01333333333334,2.5835311752199375,71.86,3.3605505501331177,0.003999999999999568,-2.3500000000000223,-0.05899999999999976,0,4,False,False,False,False,True
REAL-0079,26.0,0.0,4.616666666666666,0.07912226825194855,130.36333333333334,0.6301058112200935,43.07,0.3915354390090413,61.330000000000005,26.857302545117964,25.813333333333333,20.63595244550959,0.07799999999999964,-0.30500000000001415,-0.02300000000000123,1,3,False,False,False,True,False
REAL-0080,24.0,0.0,3.826333333333333,0.13012429954982782,110.63999999999999,1.8218946182477207,25.26,0.22869193252058528,95.16000000000001,4.738702354020572,67.07666666666667,7.1899258225195455,-0.11800000000000062,1.389999999999991,0.09499999999999825,0,0,True,False,False,False,False
REAL-0081,22.0,0.0,3.9026666666666667,0.00763762615825974,109.77666666666666,3.413741837534489,22.863333333333333,0.40203648258999314,72.47,6.543905561665756,41.88333333333333,3.5781606075375283,-0.0025000000000006068,1.9649999999999819,-0.012500000000000414,0,4,False,False,False,False,True
REAL-0082,22.0,0.0,3.5,0.0,73.56,3.0836342195532875,10.0,8.660254037844387,61.973333333333336,30.21551643333824,25.043333333333333,22.81781394729419,-7.616747013915133e-16,3.0599999999999965,1.587642385995653e-17,0,4,False,False,False,False,True
REAL-0083,36.0,0.0,3.517333333333333,0.03002221399786063,81.64999999999999,1.40822583416155,29.349999999999998,0.1609347693943135,110.02999999999999,5.259458146995761,78.79666666666667,2.1877461766240964,0.025999999999999693,-0.7850000000000082,0.025999999999999756,0,4,False,False,False,False,True
REAL-0084,22.0,0.0,3.728666666666667,0.12761008319616968,101.77333333333333,2.6268104867563857,25.023333333333337,0.7769384359994899,97.17666666666666,0.4473626418615327,62.43,3.003015151476929,0.12449999999999878,2.5399999999999694,-0.0485000000000005,0,3,False,False,False,True,False
REAL-0085,37.0,0.0,4.913333333333333,0.08972364979944428,138.66333333333333,4.378725080812142,48.81,0.06557438524302064,140.34,2.134221169419899,105.85000000000001,1.442116500148302,0.08699999999999904,4.134999999999955,0.03800000000000061,1,4,False,False,False,False,True
REAL-0086,27.0,0.0,3.8729999999999998,0.07202083032012338,109.81,0.48383881613611956,32.20333333333333,0.19502136635080125,105.12666666666667,7.760852616390383,78.92,7.302896685562515,-0.0045000000000006745,0.45499999999998186,0.12449999999999974,0,0,True,False,False,False,False
REAL-0087,45.0,0.0,3.577666666666667,0.0734461253799908,102.50333333333333,4.601764154466554,37.04333333333333,0.5161718060232798,101.40333333333332,4.3881697019752215,73.03666666666668,2.3001159391068406,0.043499999999999144,-3.4650000000000074,-0.10250000000000038,0,3,False,False,False,True,False
REAL-0088,26.0,0.0,3.582666666666667,0.14318286675902733,100.50999999999999,1.2459133196173873,38.64,0.16370705543744943,99.67333333333333,7.753253080696731,65.15333333333334,2.386259276217349,-0.12400000000000083,-1.1650000000000307,0.124000000000001,0,0,True,False,False,False,False
REAL-0089,43.0,0.0,4.840333333333334,0.08523692470598249,135.21,0.688258672302793,37.199999999999996,0.11135528725660014,97.73666666666666,2.2155435751375587,71.41,1.8213182039391107,0.08499999999999913,-0.0750000000000075,0.010999999999999161,1,4,False,False,False,False,True
REAL-0090,24.0,0.0,3.818,0.12742448744256332,104.39666666666666,2.906928505026112,26.72666666666667,0.26633312473917564,97.54,2.9363412608210253,68.66,2.397144134172993,0.11299999999999921,1.83499999999997,-0.10200000000000088,0,3,False,False,False,True,False
REAL-0091,21.0,0.0,3.531,0.053693575034635115,79.11666666666667,0.9815463989712035,18.76,0.3109662361093249,87.09333333333332,0.6700994951000435,54.903333333333336,2.455083162203134,0.04649999999999945,-0.6150000000000165,0.046499999999999944,0,4,False,False,False,False,True
REAL-0092,34.0,0.0,4.3999999999999995,0.15649920127591738,121.91333333333334,0.9436807369726984,32.160000000000004,0.35791060336346275,113.85666666666667,3.119764948410913,80.79666666666667,1.7496380578089086,-0.14700000000000088,0.06999999999996698,0.09300000000000014,0,0,True,False,False,False,False
REAL-0093,42.0,0.0,3.5276666666666667,0.04792007234273905,80.21,2.3278101297141904,46.583333333333336,0.23755701070129115,111.16000000000001,0.23388031127053163,78.56666666666666,0.5253887449625614,0.041499999999999065,2.224999999999993,0.041500000000000585,0,4,False,False,False,False,True
REAL-0094,60.0,0.0,4.740666666666667,0.22433085684616172,133.17666666666665,2.015349432067129,23.94,0.36097091295560163,106.40333333333335,6.180269681278751,72.2,0.865390085452801,-0.20200000000000035,-1.8850000000000435,0.16900000000000034,1,2,False,False,True,False,False
REAL-0095,21.0,0.0,5.076666666666667,0.19522380319349703,139.60999999999999,3.8826923648416973,24.36,0.6504613747179756,108.17666666666666,1.9784926922618027,83.39,1.1650321883965273,0.1604999999999992,3.2849999999999664,-0.19250000000000106,0,1,False,True,False,False,False
REAL-0096,40.0,0.0,4.855,0.03897435053981011,142.24666666666667,1.8292165900552384,33.626666666666665,0.4821134029803899,105.36333333333334,1.3355273615068128,67.29333333333334,4.107582419542339,-0.026500000000000502,1.0199999999999851,-0.04949999999999878,0,4,False,False,False,False,True
REAL-0097,24.0,0.0,3.5,0.0,91.94333333333333,1.3958629350095078,31.996666666666666,0.6357934675138857,89.35666666666667,0.3066485501895159,62.669999999999995,0.8335466393669898,-7.616747013915133e-16,1.3949999999999774,1.587642385995653e-17,0,4,False,False,False,False,True
REAL-0098,22.0,0.0,3.5073333333333334,0.012701705922171586,70.39,5.659708473057603,20.9,0.596322060635022,77.99333333333333,2.07837276091979,42.82333333333333,0.42003968066521286,0.010999999999999097,5.634999999999993,0.010999999999999899,0,4,False,False,False,False,True
REAL-0099,23.0,0.0,3.5226666666666664,0.03925981830489452,93.14,1.2061094477699765,28.666666666666668,0.04932882862316337,80.16666666666667,0.9411340676722667,53.42333333333334,2.2041854126487004,0.033999999999999905,1.199999999999974,0.03400000000000051,0,4,False,False,False,False,True
REAL-0100,31.0,0.0,4.354666666666667,0.15411143154657073,120.25333333333333,1.6464001133786772,49.81666666666666,0.15307950004273152,117.43,3.700040540318445,87.91666666666667,5.145506129948083,0.15299999999999905,-0.6500000000000172,-0.032000000000001666,1,3,False,False,False,True,False
REAL-0101,33.0,0.0,5.747666666666667,0.11063603993877112,163.27,0.5474486277268313,38.906666666666666,0.11372481406154557,101.64333333333333,1.569405407577438,74.65666666666667,2.3656147897181627,0.11049999999999897,-0.4950000000000319,-0.009499999999997805,1,3,False,False,False,True,False
REAL-0102,22.0,0.0,5.340333333333334,0.16960640711168112,148.80333333333334,2.3298140126055777,25.873333333333335,0.47268735262680206,86.63,8.572765014859554,60.53666666666667,0.6921223398600377,-0.16500000000000062,-1.3450000000000066,0.06799999999999934,0,0,True,False,False,False,False
REAL-0103,21.0,0.0,4.319,0.28769949600233935,127.05333333333334,1.8017306494960177,22.22666666666667,0.33005050118630874,126.04666666666667,4.7781621292431335,92.24666666666667,4.110186532668961,-0.26050000000000084,-0.2900000000000223,0.21150000000000116,0,2,False,False,True,False,False
REAL-0104,24.0,0.0,3.5376666666666665,0.06524058041842777,80.03333333333335,1.7090738232543785,26.64,0.37161808352124187,102.65666666666668,8.042041614747673,73.10000000000001,4.688240608159947,0.05649999999999918,1.4899999999999964,0.05649999999999942,0,4,False,False,False,False,True
REAL-0105,27.0,0.0,3.5,0.0,87.29,5.448733797865332,39.830000000000005,0.6274551776820377,95.12,3.7194488839073965,63.28666666666667,5.011330495320912,-7.616747013915133e-16,-5.075000000000011,1.587642385995653e-17,0,4,False,False,False,False,True
REAL-0106,21.0,0.0,4.582333333333334,0.26182500517202945,124.39666666666666,3.04946443385283,28.623333333333335,0.12423096769056188,85.19,5.0229572962548685,53.06999999999999,0.6636264009214837,0.24949999999999833,2.714999999999985,-0.1375000000000012,0,1,False,True,False,False,False
REAL-0107,27.0,0.0,3.5513333333333335,0.08891194145520226,95.41333333333334,0.6404946005497045,22.30666666666667,0.09504384952922004,154.37666666666667,1.668302530518178,121.59333333333332,2.791528852319695,0.07699999999999954,-0.3900000000000187,0.07700000000000026,0,4,False,False,False,False,True
REAL-0108,37.0,0.0,5.273,0.11505216208311791,146.49666666666667,2.2968746882085935,29.763333333333332,0.7982689605222866,91.48666666666666,0.8164149271867381,59.803333333333335,3.4841976599115814,-0.09250000000000154,-0.7750000000000357,0.11850000000000072,0,0,True,False,False,False,False
REAL-0109,25.0,0.0,3.5396666666666667,0.0687046820335656,83.37666666666667,1.7653989162037413,34.10666666666666,0.25324559884296466,83.59333333333333,2.9091980567388873,55.60333333333333,4.853260072707144,0.05949999999999933,-1.7350000000000216,0.05949999999999973,0,4,False,False,False,False,True
REAL-0110,24.0,0.0,3.5,0.0,96.39666666666666,1.9779366353180583,37.11333333333334,0.6034346139668607,112.27,9.275650920555384,86.24333333333334,5.86644980659797,-7.616747013915133e-16,-1.5650000000000124,1.587642385995653e-17,1,4,False,False,False,False,True
REAL-0111,24.0,0.0,6.0603333333333325,0.047982635748084236,168.26333333333332,2.9313193843956036,33.04666666666667,0.2454248017893303,101.5,1.3857849761055956,77.14,3.1411940404884224,-0.013000000000000294,1.7249999999999748,0.07999999999999997,1,4,False,False,False,False,True
REAL-0112,46.0,0.0,5.442333333333333,0.20188197872354374,152.36,2.511732469830336,33.84,0.8119113252073754,88.96666666666665,0.8364408725865421,64.39,2.795550035323998,0.16599999999999973,1.0400000000000027,-0.19900000000000265,1,1,False,True,False,False,False
REAL-0113,23.0,0.0,3.5210000000000004,0.036373066958946584,89.70333333333333,3.5772382270871055,31.563333333333333,0.37018013633004954,104.23666666666666,5.037185060461176,76.75666666666666,2.4771219859613964,0.03149999999999963,-3.525000000000026,0.031499999999999584,0,4,False,False,False,False,True
REAL-0114,25.0,0.0,3.5,0.0,75.78666666666668,4.33393970116491,34.160000000000004,0.2042057785666201,93.40666666666668,7.066939460143497,60.54,5.509909255151127,-7.616747013915133e-16,4.33000000000001,1.587642385995653e-17,0,4,False,False,False,False,True
REAL-0115,39.0,0.0,5.765333333333333,0.18909873963972695,161.62,1.6300920219423114,30.27333333333333,0.35019042438840625,92.79666666666667,1.9525453473180459,53.72333333333333,2.6685639084221546,0.16499999999999934,0.8299999999999659,-0.1600000000000016,1,1,False,True,False,False,False
REAL-0116,61.0,0.0,5.002,0.16423458831805166,144.64666666666668,1.255441489410533,30.866666666666664,0.4384442191811095,122.13,4.629611214778189,93.67,2.6008460162031892,-0.14850000000000058,0.4499999999999612,0.12149999999999911,1,0,True,False,False,False,False
REAL-0117,38.0,0.0,4.510666666666666,0.12067449330050382,124.13333333333333,0.7588368291888213,34.4,0.3736308338453904,106.96666666666665,2.757178509515356,77.28666666666666,1.2003471720020589,0.08549999999999906,0.7499999999999873,-0.14750000000000008,1,3,False,False,False,True,False
REAL-0118,25.0,0.0,3.5563333333333333,0.09757219549304677,79.18333333333334,2.163153562124831,33.70333333333334,0.17502380790433594,81.78333333333335,4.660604395712353,43.31666666666666,0.6803920438492302,0.08449999999999955,-1.9050000000000173,0.08450000000000002,0,4,False,False,False,False,True
REAL-0119,22.0,0.0,3.5,0.0,97.82333333333334,0.9750042734949125,28.323333333333334,0.1882374387132715,88.61,1.5777198737418527,61.169999999999995,2.6445982681685334,-7.616747013915133e-16,-0.6650000000000379,1.587642385995653e-17,0,4,False,False,False,False,True
REAL-0120,21.0,0.0,3.787333333333333,0.2546297966329418,99.47666666666667,0.557703624995692,23.183333333333334,0.4552288801617641,107.96999999999998,7.110084387684856,80.45333333333333,0.7997708005005796,0.24249999999999994,-0.37500000000000283,-0.13450000000000006,0,1,False,True,False,False,False
REAL-0121,25.0,0.0,5.941,0.17516849031718032,163.24333333333334,5.422972739497528,53.223333333333336,0.4754296302643874,108.10333333333334,6.859047552928419,76.62,1.7800000000000011,0.1560000000000001,5.3149999999999755,-0.13800000000000165,1,1,False,True,False,False,False
REAL-0122,24.0,0.0,3.936,0.2258849264559278,107.64,3.0151782700198666,34.083333333333336,0.1850225211517049,85.83999999999999,2.8969466684770007,65.55333333333334,5.794948950019613,0.2039999999999992,-0.7900000000000343,-0.16800000000000057,0,1,False,True,False,False,False
REAL-0123,23.0,0.0,3.8473333333333333,0.3275795068885314,112.99666666666667,5.677766579680201,34.01,0.38353617821530195,108.27,5.692978130996105,72.17,3.8212170836004606,-0.297500000000001,-2.295000000000038,0.23750000000000057,0,2,False,False,True,False,False
REAL-0124,69.0,0.0,4.813,0.18918509455028418,132.62,0.8201829064300291,26.583333333333332,0.2254624876411449,113.93666666666667,1.814230782820468,80.12666666666667,0.5532027958473587,0.14449999999999888,0.6199999999999931,-0.21150000000000133,0,1,False,True,False,False,False
REAL-0125,23.0,0.0,3.994666666666667,0.1202344931096453,113.27,0.5204805471869296,33.18,0.15874507866387405,109.43666666666667,0.6601010023726175,76.62,0.5452522352086253,-0.1200000000000011,0.4649999999999785,0.012999999999999155,1,0,True,False,False,False,False
REAL-0126,26.0,0.0,3.5116666666666667,0.020207259421636984,86.91333333333334,1.070389337266271,54.99,0.017320508075688915,70.77666666666666,9.165556902520075,35.99333333333333,6.96574714824859,0.017499999999999395,0.5099999999999879,0.017499999999999717,1,4,False,False,False,False,True
REAL-0127,30.0,0.0,4.399,0.11358256908522481,120.10000000000001,0.09539392014169049,42.54,0.6409368143584864,102.87666666666667,0.6853709457901894,71.03333333333333,3.6924833558640913,-0.0865000000000002,0.03999999999997606,0.12749999999999892,0,0,True,False,False,False,False
REAL-0128,23.0,0.0,4.047999999999999,0.011532562594670748,116.81,3.357096960172591,33.10666666666666,0.23158871590241933,87.61000000000001,2.481390739081614,56.666666666666664,4.636812842172234,-0.005000000000000802,3.1949999999999834,-0.01799999999999979,0,4,False,False,False,False,True
REAL-0129,40.0,0.0,4.056666666666667,0.020502032419575898,115.67333333333333,5.57957286298273,34.75666666666667,0.2829016319029178,115.61666666666667,5.508396620917323,87.84666666666668,1.499077494105402,0.010499999999999626,5.45999999999998,-0.03050000000000044,1,4,False,False,False,False,True
REAL-0130,62.0,0.0,3.594666666666667,0.12174289849241064,101.22666666666667,3.288682613651451,28.296666666666667,0.5464735431229356,114.94333333333333,2.9803579203399946,82.16666666666667,0.640104158190947,-0.11600000000000085,0.3699999999999768,0.06399999999999968,1,0,True,False,False,False,False
REAL-0131,33.0,0.0,6.092,0.00984885780179618,171.5,3.0413812651491097,29.72,0.062449979983981586,97.54666666666667,1.663139601276256,72.01333333333334,5.131718360679326,0.0069999999999980494,-2.7500000000000555,0.01199999999999793,1,4,False,False,False,False,True
REAL-0132,33.0,0.0,4.392666666666667,0.08354838917258295,123.69666666666667,3.6351937133161645,33.25666666666667,0.0404145188432736,82.70333333333333,1.2844194538130214,57.29,2.0750662640021886,-0.07450000000000104,-3.32500000000003,0.06549999999999945,1,0,True,False,False,False,False
REAL-0133,30.0,0.0,6.314333333333334,0.12876464318023534,172.07000000000002,1.8597580487794676,34.78,0.4849742261192876,89.45,1.4697959041989421,64.03333333333333,0.13868429375143057,-0.11050000000000113,-0.4950000000000274,0.11449999999999881,1,0,True,False,False,False,False
REAL-0134,39.0,0.0,3.516,0.02771281292110206,83.88333333333334,3.176607204760029,38.06,0.34073450074801426,99.31,3.7839661732103202,75.42,2.9395407804621425,0.02399999999999891,-3.1750000000000123,0.02400000000000064,0,4,False,False,False,False,True
REAL-0135,26.0,0.0,3.563333333333333,0.09948534230394597,94.00999999999999,1.8815153467351737,20.873333333333335,0.2802379940931187,93.60666666666667,2.1801911231204794,72.69,3.952201917918676,0.0829999999999994,-0.7550000000000109,0.09499999999999974,0,4,False,False,False,False,True
REAL-0136,31.0,0.0,4.355666666666667,0.14819356711184642,125.00666666666666,0.8700191568772068,33.82,0.14106735979665855,91.31666666666666,5.843204029754003,57.96666666666667,2.8201477502665235,-0.14600000000000077,-0.8700000000000184,-0.04400000000000038,0,0,True,False,False,False,False
REAL-0137,21.0,0.0,3.6750000000000003,0.03968626966596896,99.57333333333334,0.43003875794319973,30.566666666666666,0.2843120351538674,100.87333333333333,7.29970775670735,70.11,5.050029702882946,0.007499999999999649,-0.22000000000001568,-0.0675000000000004,0,3,False,False,False,True,False
REAL-0138,22.0,0.0,3.5,0.0,93.18666666666667,2.1760131739797273,29.00333333333333,0.3050136608962509,92.09666666666668,4.930419184342572,59.65,1.970685160039525,-7.616747013915133e-16,2.1699999999999755,1.587642385995653e-17,0,4,False,False,False,False,True
REAL-0139,29.0,0.0,4.335666666666667,0.1446801069025503,127.92,1.2178669878110688,31.293333333333333,0.33005050118630874,107.00333333333333,4.843401008933009,77.44333333333333,2.259520598121052,-0.13150000000000056,0.7799999999999774,0.10449999999999758,0,0,True,False,False,False,False
REAL-0140,28.0,0.0,3.5723333333333334,0.07459445913292322,106.09333333333332,3.761134580593114,37.12,0.47031904065219526,101.63666666666666,2.0698389631402083,72.87333333333333,1.994601046157691,0.07449999999999912,3.639999999999977,0.006499999999999887,0,4,False,False,False,False,True
REAL-0141,55.0,0.0,4.341666666666666,0.1506131911000278,126.60000000000001,3.96968512605219,21.083333333333332,0.09609023536933291,105.73,5.274741699837063,79.82333333333334,2.553122271520372,0.12049999999999977,3.7799999999999714,-0.15649999999999983,0,1,False,True,False,False,False
REAL-0142,38.0,0.0,3.7479999999999998,0.1535219853962289,103.89666666666666,1.9290498524748787,39.35666666666666,0.1833939293797177,109.27,4.281109669232967,82.68666666666667,4.480818377632966,0.14349999999999896,-0.6350000000000315,-0.09450000000000129,0,3,False,False,False,True,False
REAL-0143,22.0,0.0,3.7786666666666666,0.09721282494266559,108.57,1.0221056696839137,32.64333333333334,0.1250333288900724,82.73333333333333,0.4406056437828861,52.89000000000001,3.4817380717107347,-0.06700000000000063,-0.8950000000000254,-0.12200000000000129,0,3,False,False,False,True,False
REAL-0144,42.0,0.0,3.964,0.20396323198066824,109.02666666666666,1.1960490513910123,32.53,0.16093476939431262,99.32000000000001,3.9144859177163935,66.81,0.6928924880527937,0.1829999999999995,-0.8000000000000171,-0.15600000000000044,1,1,False,True,False,False,False
REAL-0145,23.0,0.0,5.555666666666667,0.06266046068561379,153.73,1.473668890897832,32.656666666666666,0.4045161719058106,85.12333333333333,1.9961546366284724,57.04666666666666,1.461175326007571,0.0015000000000002273,1.4549999999999843,-0.10850000000000216,0,3,False,False,False,True,False
REAL-0146,21.0,0.0,3.5846666666666667,0.07176582287783907,102.31333333333333,1.9291794456020208,10.0,8.660254037844387,103.20666666666666,3.7025171617878208,72.85333333333334,0.7405628490096853,0.06449999999999888,1.9099999999999786,-0.054500000000001006,0,3,False,False,False,True,False
REAL-0147,41.0,0.0,3.5073333333333334,0.012701705922171586,56.6,0.8443340571124689,33.11666666666667,0.3056686659331198,114.09666666666665,4.117819002012269,79.72666666666667,6.045116486332862,0.010999999999999097,0.7699999999999875,0.010999999999999899,0,4,False,False,False,False,True
REAL-0148,34.0,0.0,3.730333333333333,0.3257243210651198,106.06333333333333,2.9855038659049344,30.643333333333334,0.46198845584422904,98.10333333333334,3.035396734091502,64.58666666666666,0.9505963040814656,-0.3015000000000001,-2.9850000000000216,0.21350000000000047,0,2,False,False,True,False,False
REAL-0149,65.0,0.0,5.116,0.027404379212089613,146.99333333333334,4.390003796505561,33.65,0.3576310948449531,107.03000000000002,5.083768287402572,78.67666666666666,1.0060980734169656,-0.02600000000000168,4.3899999999999855,0.014999999999998253,0,4,False,False,False,False,True
REAL-0150,22.0,0.0,3.5239999999999996,0.03026549190084307,91.2,5.097067784520828,27.353333333333335,0.07571877794400317,99.91000000000001,6.929870128653209,72.23333333333333,1.8751622152052143,-0.022000000000000703,-4.990000000000019,0.03599999999999896,0,4,False,False,False,False,True
REAL-0151,24.0,0.0,4.882666666666666,0.16015721442799036,136.83333333333334,7.703877811422824,37.36666666666667,0.06658328118479237,100.19333333333334,1.1480563284670886,74.77333333333333,1.8391936639009279,-0.15300000000000083,-7.670000000000004,0.08199999999999949,0,0,True,False,False,False,False
REAL-0152,37.0,0.0,3.9146666666666667,0.049166384179979435,113.46,1.3627545633752278,21.94333333333333,0.3271594921950648,96.74000000000001,4.719925846875131,62.06666666666666,1.4522511261256907,0.04399999999999965,1.279999999999981,-0.0380000000000009,0,4,False,False,False,False,True
REAL-0153,42.0,0.0,5.682666666666667,0.06507175526550119,157.25333333333333,1.6404369336653424,34.24,0.05291502622128968,113.53666666666668,9.085880988287999,84.8,3.461343669732896,0.009499999999998258,-1.2300000000000118,-0.1115000000000002,1,3,False,False,False,True,False
REAL-0154,23.0,0.0,5.4623333333333335,0.1355003075027262,153.46,0.5935486500700614,40.336666666666666,0.7600219295081795,113.68666666666667,4.698992799880984,76.28666666666668,7.894664865168961,0.11449999999999892,0.4399999999999744,-0.12550000000000205,0,3,False,False,False,True,False
REAL-0155,43.0,0.0,6.846333333333334,0.13444081721461412,188.01666666666665,1.6150644981960645,47.85333333333333,0.056862407030772784,112.53000000000002,3.5129901793201834,77.04333333333334,0.3980368492154124,-0.13350000000000084,-1.6150000000000493,0.027499999999998886,1,0,True,False,False,False,False
REAL-0156,36.0,0.0,5.541666666666667,0.05746593193652472,150.92,1.1622822376686321,50.126666666666665,0.2548201980482187,117.07333333333334,4.113117228250777,86.89333333333333,2.360134176976666,-0.049000000000000106,0.6899999999999868,0.05199999999999991,1,0,True,False,False,False,False
REAL-0157,21.0,0.0,3.683666666666667,0.04051337227796958,98.46999999999998,1.1048529313895068,24.72,0.5008991914547294,86.00999999999999,1.7000882330043925,53.843333333333334,6.55561082839222,0.028999999999999686,-1.0050000000000057,0.04900000000000063,0,4,False,False,False,False,True
REAL-0158,23.0,0.0,3.8226666666666667,0.06831056531264629,110.40666666666668,1.2300135500608653,25.153333333333336,0.4418521623046935,83.34666666666668,2.526031142589762,57.94,2.4649340761975758,-0.056500000000000404,-0.1700000000000242,-0.06650000000000073,0,4,False,False,False,False,True
REAL-0159,22.0,0.0,3.5,0.0,86.56333333333333,2.2836885368485134,28.89,0.17349351572897456,101.42999999999999,8.021645716435007,73.21,0.8335466393669883,-7.616747013915133e-16,-1.9150000000000142,1.587642385995653e-17,0,4,False,False,False,False,True
REAL-0160,47.0,0.0,5.9046666666666665,0.041186567389542544,162.59666666666666,2.549045573020078,40.96666666666667,0.1069267662156421,107.03666666666668,3.130021299182057,72.08,8.223545464092723,0.03749999999999932,-2.525000000000019,0.02949999999999966,1,4,False,False,False,False,True
REAL-0161,36.0,0.0,5.4303333333333335,0.10576073625563187,152.42999999999998,5.398953602319625,29.55,0.4253234063627358,113.33,5.2014997837162325,92.53000000000002,0.9240670971309402,0.09699999999999884,5.254999999999992,-0.0730000000000008,0,3,False,False,False,True,False
REAL-0162,45.0,0.0,3.521333333333333,0.03695041722813605,102.22666666666667,1.3641969554772204,37.26333333333333,0.3690979996333392,106.02333333333333,0.6735230755759848,75.55333333333333,4.872087163971235,-9.859688265515736e-16,1.3499999999999708,-0.06400000000000099,0,4,False,False,False,False,True
REAL-0163,27.0,0.0,4.0873333333333335,0.23840581648385423,115.85333333333334,1.6081459303599692,44.24,0.18330302779823182,109.50999999999999,2.0944927786936827,82.75,2.8254380191396864,-0.21400000000000052,0.09999999999998986,0.18200000000000072,0,2,False,False,True,False,False
REAL-0164,21.0,0.0,3.6809999999999996,0.15741982086128814,99.10333333333334,3.2977315435513193,29.676666666666666,0.049328828623162325,90.06333333333333,1.3126436429333557,66.46666666666667,0.6792888438163311,0.14299999999999918,3.204999999999986,-0.11400000000000043,0,3,False,False,False,True,False
REAL-0165,32.0,0.0,4.559666666666667,0.11777237933120566,131.24333333333334,0.3464582706955087,31.213333333333335,0.3350124375800596,113.86666666666667,5.979843922154935,86.83999999999999,1.1297344820797546,-0.11500000000000063,0.27499999999998154,-0.04400000000000076,1,4,False,False,False,False,True
REAL-0166,41.0,0.0,3.8673333333333333,0.13679303101157378,108.00333333333333,4.741859691443152,29.61,0.3724244889907189,106.73666666666668,0.5953430383680791,74.20666666666666,1.176279445256662,-0.07600000000000057,-3.2350000000000216,0.19700000000000073,1,0,True,False,False,False,False
REAL-0167,22.0,0.0,5.22,0.18926964891392414,147.17333333333332,2.7643142609575486,32.52333333333333,0.28571547618799437,95.04,5.5937554469247255,69.32333333333334,1.620041151740692,-0.17400000000000088,2.6699999999999795,0.12900000000000106,0,0,True,False,False,False,False
REAL-0168,34.0,0.0,4.154,0.06743886120034931,118.89666666666666,0.9602256679204805,29.266666666666666,0.3754108860080293,91.87,4.231418201974362,65.69,2.798874773904694,0.020999999999999564,0.09499999999999059,-0.11100000000000028,0,3,False,False,False,True,False
REAL-0169,29.0,0.0,3.832666666666667,0.12192347326636228,110.08999999999999,0.7789094941005664,32.04333333333333,0.14502873278538106,92.43666666666667,3.2153123228285865,63.72,1.4537193676910232,0.10299999999999934,-0.7750000000000137,-0.11300000000000117,0,3,False,False,False,True,False
REAL-0170,29.0,0.0,3.8349999999999995,0.08183520025025906,110.10333333333334,1.0692209001573627,28.293333333333333,0.22941955743426168,115.33999999999999,1.2941020052530645,91.61666666666667,3.3329616459439366,0.0804999999999992,-0.7350000000000139,-0.025500000000001265,0,3,False,False,False,True,False
REAL-0171,36.0,0.0,3.6596666666666664,0.222643960918174,102.14,1.1961605243444593,31.0,0.8380930735902775,109.71333333333332,1.1552633177476603,81.16000000000001,7.121748380840205,-0.2070000000000006,-1.1900000000000406,0.14200000000000026,1,2,False,False,True,False,False
REAL-0172,29.0,0.0,4.8213333333333335,0.10619008114383029,135.89666666666668,3.0542811483773633,35.663333333333334,0.35725807665234577,96.49666666666667,8.105259609249618,71.12333333333333,3.70405633506475,0.10599999999999919,2.5749999999999584,0.010999999999998667,1,4,False,False,False,False,True
REAL-0173,25.0,0.0,3.5229999999999997,0.03983716857408418,89.66333333333334,5.221995148727483,28.87,0.09848857801796139,56.873333333333335,28.688388475711445,26.96666666666667,24.610927112429824,-0.03450000000000043,-4.685000000000014,0.03449999999999965,0,4,False,False,False,False,True
REAL-0174,23.0,0.0,3.5,0.0,76.2,2.8513154858766483,43.169999999999995,0.47148700936505245,92.22333333333331,2.370028129228284,60.419999999999995,0.3534119409414457,-7.616747013915133e-16,1.499999999999992,1.587642385995653e-17,0,4,False,False,False,False,True
REAL-0175,33.0,0.0,3.513666666666667,0.02367136103677468,73.88,1.2701181047445915,29.47666666666667,0.4130778780488401,92.95666666666666,3.037537379742566,64.33333333333333,1.2623126923759154,0.020499999999999654,-0.8200000000000163,0.020500000000000095,0,4,False,False,False,False,True
REAL-0176,36.0,0.0,6.574333333333333,0.013316656236959438,179.96333333333334,4.581597246958021,32.910000000000004,0.18248287590894488,100.94666666666667,0.32083225108042274,75.92333333333333,2.998038247476732,-0.009000000000002067,-4.505000000000033,0.016999999999999012,1,4,False,False,False,False,True
REAL-0177,42.0,0.0,3.5589999999999997,0.10219099764656372,87.62666666666667,3.6308997966527925,31.05666666666667,0.12503332889007346,104.39666666666666,1.5909221644484484,78.98333333333333,4.188667250251958,0.08849999999999948,-2.8300000000000125,0.08850000000000012,0,4,False,False,False,False,True
REAL-0178,26.0,0.0,4.521333333333334,0.0662595905007969,129.96333333333334,1.3686611462788467,59.03333333333333,6.985938257194468,141.21,2.2310759736055505,106.28000000000002,0.026457513110641987,0.05949999999999892,1.0849999999999609,-0.05050000000000238,1,3,False,False,False,True,False
REAL-0179,47.0,0.0,5.1723333333333334,0.25860072183451716,144.26333333333332,2.7702045652502494,45.23666666666667,0.28988503468329085,114.31333333333333,5.113729884666705,76.84333333333333,2.6568841399905465,-0.23350000000000082,-2.5450000000000315,0.19250000000000098,0,2,False,False,True,False,False
REAL-0180,37.0,0.0,4.859666666666667,0.10891433942935781,132.74333333333334,5.894949816014832,39.27,0.2364318083507368,108.78333333333335,2.62772398347568,85.06666666666666,2.883059717267981,-0.03350000000000143,-5.395000000000025,0.1794999999999991,1,0,True,False,False,False,False
REAL-0181,32.0,0.0,3.5109999999999997,0.019052558883257537,85.61666666666667,2.4133448434348037,23.376666666666665,0.5085600587279081,113.30666666666666,0.5167526810122385,79.04666666666667,1.3481221507464916,0.016499999999999515,2.094999999999983,0.016499999999999775,0,4,False,False,False,False,True
REAL-0182,23.0,0.0,4.3196666666666665,0.05192622972384302,121.41000000000001,2.1622442045245496,35.196666666666665,0.5052062285179563,90.03333333333335,3.426168900292773,60.75,1.914079413190582,-0.03150000000000055,0.5649999999999793,0.0715000000000007,0,4,False,False,False,False,True
REAL-0183,21.0,0.0,3.5083333333333333,0.014433756729740593,33.333333333333336,28.867513459481287,27.463333333333335,0.3118225991382504,104.92,2.4651369130334357,74.46,0.8838551917593758,0.012499999999999727,-1.1490015437940192e-14,0.012499999999999123,0,4,False,False,False,False,True
REAL-0184,27.0,0.0,3.5,0.0,72.50666666666667,1.3494196283341022,26.623333333333335,0.20404247923737198,89.0,5.216243859330192,61.32333333333333,5.8146911640544925,-7.616747013915133e-16,-1.2800000000000082,1.587642385995653e-17,0,4,False,False,False,False,True
REAL-0185,40.0,0.0,5.081666666666667,0.34594990003370907,142.36333333333334,4.967356775321599,27.84,0.6539113089708715,101.83666666666666,1.3827629346107526,71.97333333333334,2.42842198419742,-0.3040000000000012,-4.8250000000000215,0.28600000000000175,0,2,False,False,True,False,False
REAL-0186,41.0,0.0,6.867999999999999,0.1237052949553898,192.96333333333334,3.424767632020217,36.169999999999995,0.4504442251822095,101.50333333333333,4.349509550895738,64.67999999999999,1.8208789086592232,0.08999999999999941,3.304999999999968,-0.14700000000000102,1,3,False,False,False,True,False
REAL-0187,60.0,0.0,6.3276666666666666,0.07973915809270485,179.42666666666665,2.6819085244156446,29.623333333333335,0.452364160089341,98.06333333333333,4.529286183642334,61.910000000000004,0.7977468270071656,-0.007500000000001894,-2.3100000000000187,0.13749999999999923,1,0,True,False,False,False,False
REAL-0188,33.0,0.0,4.412333333333334,0.10844968111217891,125.94666666666666,2.646456750701468,32.06666666666667,0.09073771725877576,130.48,1.6891121928397752,96.88333333333333,3.7456285631831294,0.028999999999999252,1.9599999999999833,-0.181000000000003,1,3,False,False,False,True,False
REAL-0189,31.0,0.0,3.9299999999999997,0.3039753279462001,111.63333333333333,3.9703064533274124,28.05,0.14999999999999947,101.70666666666666,1.7294025943467695,70.30666666666667,2.699672819682659,-0.26350000000000073,-3.2500000000000204,0.2624999999999996,1,2,False,False,True,False,False
REAL-0190,25.0,0.0,5.010333333333333,0.15074592310684004,139.76333333333332,1.2619957738967935,31.816666666666666,0.3165964834506734,109.60333333333334,0.6101092798288968,84.80666666666667,2.9918110457268856,-0.1055000000000003,-1.07500000000003,0.1865000000000011,1,0,True,False,False,False,False
REAL-0191,21.0,0.0,3.861333333333333,0.043015501081974127,112.11333333333333,3.056081368899284,22.71666666666667,0.7419119444606161,87.40666666666668,0.8087232736439185,60.18333333333334,1.4854404509549788,0.022499999999999704,-2.9000000000000177,0.06349999999999958,0,4,False,False,False,False,True
REAL-0192,40.0,0.0,4.528333333333333,0.18128798452554243,124.90333333333335,1.967900742754407,33.26,0.21931712199460834,93.91666666666667,0.3470350606687062,66.54666666666667,3.596280485909484,0.16799999999999915,-1.0750000000000315,-0.11800000000000137,0,1,False,True,False,False,False
REAL-0193,36.0,0.0,5.729666666666667,0.08010826008180057,159.90666666666667,1.2247993032874251,30.060000000000002,0.2951270912674733,94.10333333333334,8.006786704623346,70.47,2.1924643668712136,0.05099999999999944,0.9399999999999958,-0.10700000000000154,1,3,False,False,False,True,False
REAL-0194,40.0,0.0,4.846333333333334,0.0845123265171023,133.65666666666667,1.1764494605946063,52.42666666666667,0.13012814197295583,61.223333333333336,27.554717079537095,24.590000000000003,23.518169571631205,0.06549999999999971,-0.1750000000000047,-0.09250000000000048,1,3,False,False,False,True,False
REAL-0195,42.0,0.0,3.5,0.0,83.91666666666667,1.0031118249394437,24.55333333333333,0.3189566323708213,87.57666666666667,3.4389581755719756,54.593333333333334,0.2858904218985547,-7.616747013915133e-16,0.3549999999999858,1.587642385995653e-17,0,4,False,False,False,False,True
REAL-0196,29.0,0.0,5.645333333333333,0.03611555528208498,156.13,1.7702824633374172,39.056666666666665,0.37898988552906426,117.76333333333332,1.6474323456012825,82.27333333333333,1.6500101009791812,-0.007999999999999976,0.7149999999999777,-0.06099999999999999,1,4,False,False,False,False,True
REAL-0197,21.0,0.0,3.7103333333333333,0.19460815330641537,100.69,6.92670917535882,24.243333333333336,0.5970203793283203,85.39,4.076186943701183,60.85999999999999,3.8165822406965115,0.12349999999999868,5.83499999999999,-0.2605000000000017,0,1,False,True,False,False,False
REAL-0198,23.0,0.0,3.861,0.07450503338701353,109.22333333333334,3.5353406247960506,22.909999999999997,0.5750652136931961,89.7,1.160474041071153,60.76666666666667,0.506392469664917,-0.03800000000000022,2.9649999999999856,0.1109999999999991,1,0,True,False,False,False,False
REAL-0199,26.0,0.0,3.8106666666666666,0.07613365440679518,108.91000000000001,1.8466456075814828,34.946666666666665,0.14502873278538378,91.03000000000002,0.5666568626602853,63.416666666666664,1.330613893409108,-0.05250000000000025,-1.8450000000000046,0.0954999999999988,1,0,True,False,False,False,False
REAL-0200,29.0,0.0,5.351666666666667,0.1735924345509714,150.38,2.061358775177189,31.133333333333336,0.3534590971149748,90.94,1.9681717404738814,62.13666666666666,3.7176919363138934,-0.11350000000000089,-0.03000000000001895,0.22749999999999967,1,2,False,False,True,False,False
REAL-0201,21.0,0.0,3.831,0.0754983443527074,110.94666666666666,1.9038207198508315,31.116666666666664,0.11060440015358053,110.24666666666667,2.627343398441347,79.19666666666666,1.2153326019379762,-0.07500000000000032,-0.6800000000000237,0.014999999999998728,0,4,False,False,False,False,True
REAL-0202,28.0,0.0,5.0680000000000005,0.09597395480024803,139.36666666666667,1.2771974527587053,40.18,0.2306512518934124,114.56333333333333,2.772405694218166,87.63666666666666,2.4148360882952935,-0.028000000000000448,0.4799999999999872,0.15900000000000136,0,0,True,False,False,False,False
REAL-0203,32.0,0.0,3.895666666666667,0.3527836919889199,110.82333333333334,5.169761438725524,27.546666666666667,0.41860880704224696,96.82666666666667,0.36501141534660964,67.7,1.0137060717979374,-0.3035000000000009,-4.55500000000002,0.3115000000000005,0,2,False,False,True,False,False
REAL-0204,27.0,0.0,3.6406666666666667,0.13325289240137847,96.78333333333335,3.148052307909339,20.516666666666666,0.16862186493255701,107.17333333333333,1.302088066658065,70.14,4.01018702805742,0.13249999999999915,2.494999999999967,-0.024500000000001194,0,3,False,False,False,True,False
REAL-0205,55.0,0.0,3.8136666666666663,0.06885734044626846,107.06666666666666,3.9150266069764252,37.92666666666667,0.3023794525647076,106.98666666666666,1.819349700671464,72.89999999999999,4.1508914705157105,-0.05400000000000042,-1.7100000000000075,-0.07400000000000095,0,4,False,False,False,False,True
REAL-0206,27.0,0.0,4.13,0.020784609690826676,110.62333333333333,1.0756548393110672,24.066666666666666,0.7932422916948721,105.16000000000001,3.723157262324548,74.24,2.3169592141425386,-0.01800000000000141,-1.025000000000024,-0.01800000000000063,0,4,False,False,False,False,True
REAL-0207,57.0,0.0,7.0,0.11526925001924841,197.4,4.650817132504786,37.71,0.7571657678474376,102.02333333333333,7.178135783985512,79.96666666666667,2.1742201667111174,-0.10200000000000012,-4.49000000000003,0.0929999999999982,1,0,True,False,False,False,False
REAL-0208,52.0,0.0,5.475666666666666,0.24761327374220757,157.36666666666667,4.600362304572682,38.123333333333335,0.3763420430052064,133.92666666666665,6.957652860939043,106.04333333333334,0.4660829682935609,0.2354999999999985,2.2499999999999836,-0.1324999999999991,1,1,False,True,False,False,False
REAL-0209,21.0,0.0,3.605,0.10977704678119185,96.72333333333331,1.9768746377384023,33.24,0.03999999999999915,93.52999999999999,2.3157936004747968,60.49333333333333,4.878620023462917,0.10949999999999942,1.8749999999999851,0.013499999999999422,0,4,False,False,False,False,True
REAL-0210,41.0,0.0,6.495333333333334,0.21984615833198723,184.71,2.202566684575071,35.51333333333333,0.26025628394591355,111.17,2.541475949128776,85.45333333333333,1.5406924849993073,-0.18600000000000166,2.114999999999984,0.2029999999999989,1,2,False,False,True,False,False
REAL-0211,25.0,0.0,3.5016666666666665,0.0028867513459481316,80.10000000000001,0.7918964578781716,27.576666666666664,0.21361959960016158,85.64999999999999,2.5741212092673424,59.406666666666666,3.7265310052827054,0.0024999999999993933,-0.14000000000000742,0.002499999999999583,0,4,False,False,False,False,True
REAL-0212,24.0,0.0,5.28,0.12941020052530652,147.72,2.19061635162345,42.78,0.05291502622129136,115.88333333333333,3.863383663750381,85.07333333333334,1.3922044868959955,-0.1280000000000011,-2.100000000000029,-0.032999999999999766,0,0,True,False,False,False,False
REAL-0213,60.0,0.0,6.241666666666667,0.1291523647996176,180.34,1.4384714109081285,33.663333333333334,0.478783179877212,128.71,4.571083022654487,96.50999999999999,0.8534635317340652,-0.1245000000000016,-0.8500000000000228,0.05949999999999906,0,0,True,False,False,False,False
REAL-0214,24.0,0.0,4.9816666666666665,0.1740038313754425,140.00333333333333,2.6550015693655062,42.68333333333334,0.10408329997330569,94.65333333333335,3.018216912902938,67.22333333333333,0.32715949219507073,0.17399999999999857,-2.655000000000026,-0.002000000000000296,1,3,False,False,False,True,False
REAL-0215,36.0,0.0,4.253,0.026057628441590996,113.63,4.8356281908351875,34.47666666666667,0.2577466456296437,116.25,8.007927322347527,81.22000000000001,1.3563554106501645,-0.021500000000000435,-4.62500000000002,0.025499999999999922,1,4,False,False,False,False,True
REAL-0216,38.0,0.0,5.3709999999999996,0.07789094941005649,150.40666666666667,1.3978674233750947,41.72,0.12165525060596472,100.13333333333333,3.9984538678510937,74.37,1.5230561381643146,0.04549999999999941,1.2999999999999605,-0.10950000000000054,1,3,False,False,False,True,False
REAL-0217,25.0,0.0,3.853,0.3109807067970616,110.36666666666667,1.2020537980195962,35.78333333333333,0.08621678104251779,97.7,2.2725096259421993,61.160000000000004,1.9719026345131765,-0.25100000000000067,0.20999999999999372,0.31800000000000156,1,2,False,False,True,False,False
REAL-0218,32.0,0.0,4.39,0.037161808352123585,124.25,1.6300000000000041,30.33666666666667,0.5744852768638483,95.93,1.5042938542718252,69.12666666666667,0.23115651263448178,0.03699999999999923,1.4949999999999706,-0.005999999999999295,0,4,False,False,False,False,True
REAL-0219,32.0,0.0,3.5,0.0,84.92,1.9512303810672853,29.23,0.30805843601498656,105.75,0.9978476837674156,74.34666666666666,1.478862175232476,-7.616747013915133e-16,1.9499999999999815,1.587642385995653e-17,1,4,False,False,False,False,True
REAL-0220,41.0,0.0,3.7680000000000002,0.16252999723128025,110.00666666666666,1.7428807570609453,37.78666666666667,0.07094598884597929,94.20333333333333,1.2097244865395296,61.09,0.41904653679513976,0.12199999999999911,-0.2399999999999981,-0.18600000000000114,1,1,False,True,False,False,False
REAL-0221,21.0,0.0,6.457333333333334,0.09676948554856174,175.49,1.6553851515583964,34.53333333333333,0.30550504633039016,81.10666666666667,1.9428415615621686,60.589999999999996,0.8618584570566078,0.041999999999999635,-1.0150000000000605,-0.15099999999999922,1,3,False,False,False,True,False
REAL-0222,66.0,0.0,5.665,0.061830413228442606,157.27333333333334,6.042858043453727,32.11333333333334,0.4455707949735177,120.39999999999999,1.7964409258308387,87.71666666666665,2.3872648226230315,0.049999999999998726,6.009999999999958,-0.06300000000000028,1,3,False,False,False,True,False
REAL-0223,37.0,0.0,4.205666666666667,0.14090540562140685,118.51666666666667,1.5140123293201246,25.070000000000004,0.33451457367355386,62.23666666666667,23.73515606296561,27.413333333333338,23.67822910044865,-0.08950000000000007,1.4549999999999927,0.18850000000000072,0,0,True,False,False,False,False
REAL-0224,61.0,0.0,5.033333333333334,0.07653975002136686,143.03666666666666,0.9976138197385515,28.709999999999997,0.40261644278394726,88.52999999999999,6.481072442119438,59.76,3.73979945986413,0.0649999999999989,-0.43500000000002204,-0.07000000000000017,0,3,False,False,False,True,False
REAL-0225,26.0,0.0,3.705,0.08221313763626846,102.11666666666667,4.277666809527526,23.72666666666667,0.14843629385474713,98.66000000000001,2.5007798783579474,69.99,3.0938487357981814,-0.07800000000000078,-3.8650000000000113,0.044999999999999936,0,0,True,False,False,False,False
REAL-0226,22.0,0.0,3.5,0.0,88.41333333333334,2.1355639380110687,34.41,0.5406477596365286,113.27333333333333,0.8132855177201445,73.35333333333334,1.472763841670934,-7.616747013915133e-16,-1.7500000000000244,1.587642385995653e-17,0,4,False,False,False,False,True
REAL-0227,26.0,0.0,3.581666666666667,0.07518200139217741,100.80333333333333,2.141782746529947,35.88,0.15716233645501557,105.35333333333334,0.639087891712343,76.08666666666666,2.110955549824137,0.07399999999999934,2.1349999999999927,-0.022999999999999906,0,3,False,False,False,True,False
REAL-0228,24.0,0.0,5.727666666666667,0.11126694627486325,161.51,1.708537386187356,37.50333333333333,0.30005555041247217,84.01333333333334,2.4804300702364817,56.46,3.857551036603405,-0.11000000000000122,-1.6550000000000058,-0.02899999999999988,1,4,False,False,False,False,True
REAL-0229,31.0,0.0,7.006666666666667,0.2145701128613517,194.15666666666667,3.4211158023857218,36.76,0.31432467291003263,100.41666666666667,4.181116278379894,69.92666666666666,1.553200995793316,0.21249999999999858,2.374999999999976,-0.0515000000000033,0,3,False,False,False,True,False
REAL-0230,24.0,0.0,4.220666666666666,0.18131280521058965,121.12333333333333,4.019382207918692,44.76,0.4849742261192883,103.64,3.7796957549517183,77.18666666666667,2.0010580534640536,-0.15850000000000086,-1.845000000000043,0.1525000000000011,0,0,True,False,False,False,False
REAL-0231,22.0,0.0,4.995333333333334,0.17310786617982812,142.53666666666666,1.883250735651872,43.5,0.6921704992268858,119.06333333333333,2.65292919870345,90.36666666666667,2.7412101950294328,0.1309999999999987,1.8249999999999909,-0.19600000000000103,1,1,False,True,False,False,False
REAL-0232,46.0,0.0,4.743666666666667,0.09885511283354737,131.62,2.0665913964787537,46.156666666666666,0.0929157324317776,103.91333333333334,2.3715255287121226,81.01,3.9803391815271225,0.07349999999999958,0.14999999999998098,-0.11450000000000138,1,3,False,False,False,True,False
REAL-0233,22.0,0.0,3.5,0.0,78.89333333333333,1.2733551481551995,25.41333333333333,0.2203028218914452,111.45,2.7951207487334004,81.29,1.1294689017409976,-7.616747013915133e-16,-1.2700000000000087,1.587642385995653e-17,0,4,False,False,False,False,True
REAL-0234,29.0,0.0,4.4623333333333335,0.028183919765237035,124.44,2.6265566812844527,35.04,0.045825756949561106,94.25666666666666,1.5466846263325107,63.723333333333336,0.5918051481132366,-0.006500000000000682,1.5599999999999774,-0.047500000000000736,0,4,False,False,False,False,True
REAL-0235,23.0,0.0,3.505333333333333,0.009237604307034084,76.58,2.383526798674602,29.69333333333333,0.21007935008784925,95.35666666666667,1.763245114365363,69.24,3.3453848806975834,0.007999999999999431,-0.8300000000000093,0.007999999999999763,0,4,False,False,False,False,True
REAL-0236,26.0,0.0,6.249666666666666,0.12028854198689642,171.01999999999998,5.220028735553093,43.70666666666667,0.3043572462310269,99.43666666666667,7.110114860769371,70.85666666666667,2.8858332130137607,-0.09400000000000071,-5.219999999999999,0.12999999999999864,1,0,True,False,False,False,False
REAL-0237,51.0,0.0,6.260333333333333,0.2775469930179991,178.48666666666668,6.9211656051082615,35.583333333333336,0.40278199231511247,113.04666666666667,5.10141483642855,83.68,4.538072277961199,0.2444999999999986,6.5699999999999825,-0.2275000000000012,1,1,False,True,False,False,False
REAL-0238,23.0,0.0,6.458000000000001,0.05141984052872972,178.71333333333334,0.8280901722236178,44.080000000000005,0.026457513110646015,122.54333333333334,0.22278539748675819,90.01666666666667,1.12855364663508,0.011000000000000586,-0.7900000000000295,0.08699999999999719,1,4,False,False,False,False,True
REAL-0239,32.0,0.0,5.801333333333333,0.03332166462428465,161.12,3.440595878623353,30.963333333333335,0.20256686138984742,108.92333333333333,5.915448700929905,86.12333333333333,2.2648914617114313,-0.03300000000000063,-2.370000000000028,0.007999999999999882,1,4,False,False,False,False,True
REAL-0240,27.0,0.0,3.581666666666667,0.14145081595145834,105.28666666666668,1.7581903575362248,18.576666666666668,0.18009256878986854,103.48333333333333,0.766963710571321,72.60333333333334,1.3461178749772733,-0.12250000000000073,1.3599999999999828,0.1224999999999998,0,0,True,False,False,False,False
REAL-0241,21.0,0.0,3.533333333333333,0.05773502691896269,87.71333333333332,3.0850823867983377,29.2,0.1299999999999999,98.64333333333333,4.214277320411335,65.04333333333334,1.797813486803717,0.049999999999999906,-1.1900000000000093,0.049999999999999864,0,4,False,False,False,False,True
REAL-0242,22.0,0.0,3.5,0.0,89.55666666666667,3.440121121898669,33.26,0.2946183972531251,92.17666666666666,2.42058532866192,71.63,0.2900000000000009,-7.616747013915133e-16,3.2050000000000054,1.587642385995653e-17,0,4,False,False,False,False,True
REAL-0243,22.0,0.0,5.141666666666667,0.07400225221797861,138.02,2.246486145071914,25.939999999999998,0.29512709126747305,86.27666666666666,2.5249620459193705,49.656666666666666,2.456426944432368,-0.010000000000000685,-2.080000000000029,0.12699999999999984,1,0,True,False,False,False,False
REAL-0244,33.0,0.0,4.385333333333333,0.05612783029240782,119.97000000000001,0.8696551040498771,27.05,0.20952326839756905,78.46666666666667,3.547285347041213,48.23666666666667,7.730745975216966,0.010499999999998897,0.2249999999999809,-0.09549999999999971,1,3,False,False,False,True,False
REAL-0245,29.0,0.0,5.104666666666667,0.04660829682935562,145.29666666666665,0.6180884510596556,38.43,0.4246174749112421,105.95333333333333,2.0850019984003234,79.02333333333333,2.378767187711589,0.03849999999999903,0.10499999999998594,-0.045500000000000165,0,3,False,False,False,True,False
REAL-0246,49.0,0.0,6.3373333333333335,0.09423552055002049,181.99333333333334,1.9524685230070467,30.03,0.15716233645501781,113.70666666666666,2.9769503410929454,86.99333333333334,1.2984734626989227,0.022499999999999177,0.8899999999999562,-0.1584999999999995,1,3,False,False,False,True,False
REAL-0247,41.0,0.0,4.186333333333334,0.1909301792104468,119.38333333333333,4.115146817956,31.156666666666666,0.10214368964029859,101.98,4.169976019115706,69.55333333333333,0.8979049689879914,0.17699999999999963,3.4349999999999716,-0.12400000000000037,0,1,False,True,False,False,False
REAL-0248,23.0,0.0,5.593,0.09337558567420094,162.42666666666665,3.1954081638084024,51.85333333333333,0.5858611894752319,119.02666666666666,2.2471389216809263,92.97333333333334,4.562283784831148,-0.07450000000000087,-2.2900000000000564,0.09750000000000021,0,0,True,False,False,False,False
REAL-0249,34.0,0.0,4.442666666666667,0.03225419869309035,123.39999999999999,1.873499399519518,35.473333333333336,0.23860706890897868,101.20333333333333,1.6297954881927172,70.8,1.707893439298837,0.031999999999999654,1.7999999999999898,0.007000000000001018,0,4,False,False,False,False,True
REAL-0250,23.0,0.0,4.047666666666667,0.06795096271086502,110.20666666666666,5.364180583587147,29.76,0.29461839725312594,117.71333333333332,2.863081090946141,84.61333333333333,2.1940905481163,-0.04700000000000116,-5.3200000000000145,0.0849999999999996,0,0,True,False,False,False,False
REAL-0251,42.0,0.0,3.856,0.1115168148756055,108.62666666666667,2.63503953164527,31.066666666666666,0.31214312956291757,86.66333333333334,4.1882733116802875,53.833333333333336,3.4051480633495723,-0.08300000000000043,1.3299999999999854,0.12900000000000078,0,0,True,False,False,False,False
REAL-0252,27.0,0.0,4.621666666666666,0.21091783550314894,129.20666666666668,4.004002164501576,27.923333333333332,0.13279056191361546,119.07,0.18734993995194937,83.30666666666667,0.5217598425840525,0.16099999999999956,3.9999999999999685,-0.2359999999999999,0,1,False,True,False,False,False
REAL-0253,24.0,0.0,3.5060000000000002,0.010392304845413208,90.20333333333333,3.0301210096848115,24.453333333333333,0.0757187779440033,110.27,0.42154477816715924,82.64666666666666,0.7150058274820819,0.008999999999999501,-3.025000000000001,0.008999999999999973,0,4,False,False,False,False,True
REAL-0254,25.0,0.0,3.5,0.0,86.19,0.3204684071792402,35.413333333333334,0.33545988334424026,93.98,1.3597426227047573,65.65,7.743048495263352,-7.616747013915133e-16,-0.27499999999999764,1.587642385995653e-17,0,4,False,False,False,False,True
REAL-0255,44.0,0.0,3.515333333333333,0.026558112382722616,93.66666666666667,1.4852048119142784,27.333333333333332,0.3055050463303899,90.94,8.92873451279631,66.71,2.5821696303689996,0.02299999999999969,-0.3500000000000049,0.023000000000000725,1,4,False,False,False,False,True
REAL-0256,21.0,0.0,3.97,0.22644204556574796,114.39333333333333,1.3612249385510578,33.81333333333333,0.26501572280401436,92.32666666666667,2.4538609034200234,62.68,5.559919064159121,-0.20700000000000138,0.6299999999999986,0.15900000000000053,1,2,False,False,True,False,False
REAL-0257,30.0,0.0,3.8860000000000006,0.0740810367098086,112.37666666666667,1.8274663699596065,30.02,0.16522711641858406,90.44,3.679904890075279,54.580000000000005,1.3692333621410153,-0.07000000000000095,1.3849999999999763,0.04199999999999881,0,0,True,False,False,False,False
REAL-0258,25.0,0.0,4.445666666666667,0.15681305217785055,114.20666666666666,6.072638086806535,28.543333333333333,0.26274195198584843,97.94,7.040873525351804,72.21666666666667,3.1895036186424597,0.14449999999999913,-6.070000000000024,-0.10550000000000022,0,3,False,False,False,True,False
REAL-0259,24.0,0.0,7.0056666666666665,0.04252450274057668,193.21666666666667,0.548117992163489,25.776666666666667,0.10785793124908917,79.56666666666666,9.051985049332187,49.50333333333333,2.039615976926378,-0.04000000000000089,0.5149999999999502,0.025000000000000494,0,4,False,False,False,False,True
REAL-0260,51.0,0.0,5.627333333333333,0.10205064102362753,154.25333333333333,1.1741095917048479,33.160000000000004,0.12124355652981832,106.60000000000001,0.3939543120718511,77.77,1.4091486791676708,-0.09100000000000139,-0.9800000000000149,0.0800000000000011,1,0,True,False,False,False,False
REAL-0261,34.0,0.0,6.745,0.27369325895973373,188.49,7.640726405257569,30.86,0.03999999999999915,90.46999999999998,2.0225726192154374,63.92666666666667,0.951122144276604,0.2199999999999978,7.324999999999985,-0.2820000000000016,0,1,False,True,False,False,False
REAL-0262,27.0,0.0,4.976,0.185913958593754,139.29999999999998,4.412833556797741,29.916666666666668,0.11150485789118603,56.833333333333336,28.913547574335,27.060000000000002,26.396831249223837,0.1329999999999996,4.1599999999999815,-0.2250000000000016,1,1,False,True,False,False,False
REAL-0263,24.0,0.0,3.5263333333333335,0.04561067126598048,96.49333333333334,1.6913406910889721,31.59,0.7410128204019149,101.95666666666666,1.971835016763157,66.89,5.4788228662733784,0.0394999999999997,1.0899999999999654,0.039500000000000264,0,4,False,False,False,False,True
REAL-0264,63.0,0.0,5.129666666666666,0.22655315785336846,141.23333333333332,1.495470940317248,32.76333333333333,0.3156474826976042,111.88333333333333,0.5763968540279628,78.55333333333334,0.7769384359994937,0.18099999999999905,1.3399999999999848,-0.2360000000000021,0,1,False,True,False,False,False
REAL-0265,35.0,0.0,4.395333333333333,0.08161699169494901,124.27333333333333,1.959702358352746,31.87,0.25159491250818355,94.92,6.17842212866684,66.76666666666667,3.684078356025195,0.07999999999999906,1.6199999999999724,-0.027999999999999574,1,3,False,False,False,True,False
REAL-0266,43.0,0.0,3.5749999999999997,0.08808518604169512,98.25666666666666,6.505492551170383,33.62,0.09165151389911369,112.11000000000001,6.0050562029010175,73.46,5.803283553299802,-0.059500000000000906,-6.205000000000024,0.11250000000000061,0,0,True,False,False,False,False
REAL-0267,25.0,0.0,4.899666666666667,0.26459276886062744,139.27,3.7690449718728414,36.38666666666666,0.10969655114603125,59.90333333333333,26.659801824719803,27.776666666666667,22.765795249306212,-0.1980000000000016,-3.605000000000019,0.304,1,2,False,False,True,False,False
REAL-0268,24.0,0.0,4.619,0.23642969356660828,129.09,1.2213517101965239,39.82666666666666,0.17009801096230937,90.14,4.305682292041529,62.85,3.6775943223797807,-0.20400000000000124,-0.775000000000032,0.2070000000000007,0,2,False,False,True,False,False
REAL-0269,21.0,0.0,3.8836666666666666,0.17164595344293246,101.44333333333333,2.2570851409136923,25.096666666666668,0.45500915741700565,84.14333333333333,0.32083225108042285,52.49333333333333,2.6554535080346127,0.12699999999999909,2.2049999999999876,-0.20000000000000043,0,1,False,True,False,False,False
REAL-0270,28.0,0.0,5.206333333333333,0.04822171018673372,146.19666666666666,0.6477911185971434,27.833333333333332,0.28936712552280924,59.29,27.061934520650958,27.49666666666667,22.24790402112822,0.019999999999998696,0.6249999999999705,-0.07600000000000008,1,3,False,False,False,True,False
REAL-0271,38.0,0.0,3.6453333333333333,0.13842808000305934,102.81,2.0654539452623975,45.550000000000004,0.26851443164195266,110.06,8.365291387632597,89.06333333333333,4.273807825971281,-0.12300000000000003,-1.3450000000000173,0.11000000000000133,1,0,True,False,False,False,False
REAL-0272,21.0,0.0,3.8296666666666668,0.21926316000033702,105.35000000000001,4.383731287385204,25.173333333333332,0.45059220292114893,88.91666666666667,0.8418036192208489,60.623333333333335,0.1721433511156727,0.19649999999999906,3.7349999999999803,-0.16850000000000157,0,1,False,True,False,False,False
REAL-0273,40.0,0.0,4.621666666666667,0.4309574611644787,120.99333333333334,0.8991292083640356,23.0,0.10999999999999943,106.88,1.4117011015083916,79.27666666666666,1.041649333189121,0.4019999999999992,-0.22000000000003023,-0.26900000000000057,0,1,False,True,False,False,False
REAL-0274,21.0,0.0,3.5026666666666664,0.0046188021535169465,72.33,1.242135258335417,33.053333333333335,0.15567059238447614,107.22666666666667,3.5932204682336577,80.12,1.0359054010864126,0.003999999999999548,0.46499999999998587,0.004000000000000475,0,4,False,False,False,False,True
REAL-0275,52.0,0.0,3.8463333333333334,0.13811710007574515,105.03000000000002,1.1497391008398343,34.07333333333333,0.1101514109457226,97.81,6.402874354537966,66.25666666666667,2.5163730513048685,0.12249999999999932,-0.7850000000000151,-0.11050000000000114,0,3,False,False,False,True,False
REAL-0276,25.0,0.0,3.6776666666666666,0.07018784320189153,100.68333333333334,1.2009301950293878,40.46666666666667,0.5307855813163419,92.93333333333334,5.391255265087467,70.04333333333334,0.881608378665572,-0.0475000000000004,-1.0450000000000161,0.0895000000000004,0,0,True,False,False,False,False
REAL-0277,29.0,0.0,3.8930000000000002,0.17189240820932158,107.27333333333333,5.139691949264409,26.546666666666667,0.372200662725543,89.2,1.2984991336154215,59.98333333333333,1.8277946638868725,-0.14250000000000076,-5.020000000000033,0.16650000000000062,1,0,True,False,False,False,False
REAL-0278,23.0,0.0,3.7663333333333333,0.05834666514320518,103.85666666666667,0.5394750534856413,28.169999999999998,0.6934695379034307,98.77,3.5528720776295883,68.20666666666666,1.2996281519470636,-0.023500000000000364,0.5249999999999849,-0.0925000000000008,0,3,False,False,False,True,False
REAL-0279,57.0,0.0,3.986,0.20188858313436145,110.43666666666667,3.090345180288662,24.66333333333333,0.418608807042248,103.74000000000001,2.79329554469268,74.58333333333333,4.365802713514819,0.1714999999999992,-0.16500000000003223,-0.18450000000000136,0,1,False,True,False,False,False
REAL-0280,22.0,0.0,4.057666666666667,0.12300541993478718,107.36666666666667,3.4735764470259416,25.27,0.06082762530298236,92.14333333333333,0.16072751268322005,64.04333333333334,2.3275380412215187,-0.11950000000000094,-3.430000000000027,0.050499999999999254,0,0,True,False,False,False,False
REAL-0281,28.0,0.0,5.197,0.1775415444339718,144.11333333333334,1.7146525401180661,37.9,0.1499999999999968,100.63,1.8951780918953285,65.29333333333334,2.976866361349353,0.1769999999999992,-0.5200000000000149,-0.02400000000000042,1,3,False,False,False,True,False
REAL-0282,39.0,0.0,4.6370000000000005,0.09806120537704997,127.32666666666667,3.769672841684453,36.04666666666666,0.3817503547258775,101.64999999999999,1.8954946583939485,77.86,2.1003095010021706,0.04599999999999907,3.479999999999986,-0.1499999999999998,0,3,False,False,False,True,False
REAL-0283,37.0,0.0,4.71,0.0410731055558253,133.64333333333335,4.013855170946413,32.553333333333335,0.47878317987721397,116.38666666666667,3.2430900902277386,87.08999999999999,1.8160121144970316,0.03799999999999872,3.974999999999976,0.02699999999999937,0,4,False,False,False,False,True
REAL-0284,47.0,0.0,5.851666666666667,0.12932646029847622,161.24,2.1699769584030113,30.419999999999998,0.2206807649071376,113.14,6.2404166527564495,87.86,0.3340658617697999,-0.11200000000000075,-2.160000000000039,0.11199999999999977,1,0,True,False,False,False,False
REAL-0285,52.0,0.0,3.824,0.1275735082217309,107.22000000000001,0.6919537556802438,26.833333333333332,0.3239341496868353,104.41666666666667,2.116278179572172,78.46,1.9570130301048152,-0.1275000000000003,0.14999999999997976,-0.007500000000000102,1,0,True,False,False,False,False
REAL-0286,51.0,0.0,5.069333333333334,0.3756864827663266,140.78666666666666,6.192263990927164,25.923333333333332,0.09291573243177667,102.91666666666667,2.05733646575697,77.96666666666667,1.6500101009791897,-0.3300000000000017,-4.600000000000035,0.3110000000000019,0,2,False,False,True,False,False
REAL-0287,34.0,0.0,5.428333333333334,0.10818656724997483,154.82666666666668,0.4933896364267738,38.803333333333335,0.5030241876225576,116.73,1.2050311199301074,86.52666666666666,3.354419969731485,-0.0765000000000012,0.46999999999995157,0.13250000000000053,0,0,True,False,False,False,False
REAL-0288,29.0,0.0,4.077,0.12052800504447077,117.58999999999999,3.188118567431267,45.660000000000004,0.35383612025908134,119.66000000000001,1.7753591186010826,83.44,1.0172511980823582,0.11749999999999965,2.944999999999966,0.04649999999999976,1,4,False,False,False,False,True
REAL-0289,26.0,0.0,3.510666666666667,0.018475208614067977,94.58,1.2963024338479068,20.61,0.2551470164434604,86.92999999999999,1.4763468427168436,56.076666666666675,4.715022092560472,0.01599999999999948,-0.41000000000001297,0.015999999999999504,0,4,False,False,False,False,True
REAL-0290,33.0,0.0,3.7206666666666663,0.19880224680152236,107.85000000000001,1.3413053343664973,35.946666666666665,0.4691836882643402,103.87333333333333,2.9566422396585867,73.64,1.1784311604841422,-0.16100000000000095,-1.3350000000000286,0.20199999999999999,0,2,False,False,True,False,False
REAL-0291,21.0,0.0,3.5,0.0,78.86,0.7458552138317436,36.52333333333333,0.48211340298039196,120.81333333333333,2.2969182252168516,82.38,1.991406538103159,-7.616747013915133e-16,-0.04000000000000939,1.587642385995653e-17,0,4,False,False,False,False,True
REAL-0292,25.0,0.0,3.849,0.02151743479135015,104.64999999999999,2.0944927786936827,36.77,0.3843175770115162,88.75333333333333,5.7476632933161,62.56666666666666,2.417236714377256,-0.011500000000000659,0.49499999999998384,-0.031499999999999424,1,4,False,False,False,False,True
REAL-0293,31.0,0.0,4.538333333333333,0.13719450912238967,123.80333333333334,4.131613889672331,43.54666666666666,0.7318697516179553,115.01666666666667,4.061481667240822,80.11,3.439171411837456,0.1164999999999995,1.9649999999999723,-0.12550000000000142,1,3,False,False,False,True,False
REAL-0294,24.0,0.0,4.509333333333333,0.10288990880224042,130.13666666666666,1.8512248197702306,40.693333333333335,0.2764657905299155,77.46666666666667,3.0231991884977276,51.00666666666666,4.483350681502991,-0.09850000000000089,0.05499999999998227,0.05150000000000049,1,0,True,False,False,False,False
REAL-0295,65.0,0.0,5.760666666666666,0.0907322067037576,160.51333333333332,1.2060403531115096,22.233333333333334,0.6211548384528054,80.54666666666667,4.147111444527779,49.84,5.020388431187373,0.08049999999999885,-1.1300000000000228,-0.0724999999999994,0,3,False,False,False,True,False
REAL-0296,28.0,0.0,5.493333333333333,0.1424230786541752,150.15,1.2700787377166793,35.443333333333335,0.05131601439446977,87.52333333333333,5.273066786352451,63.75333333333333,0.24440403706431169,-0.061500000000000124,1.035000000000001,0.22250000000000128,0,0,True,False,False,False,False
REAL-0297,29.0,0.0,5.474666666666667,0.3605001155801936,147.96666666666667,2.2961779838099132,27.78333333333333,0.19857828011475329,98.02333333333333,4.62214596625132,69.13666666666667,4.564036955737036,-0.3480000000000006,-1.540000000000021,0.16299999999999928,1,2,False,False,True,False,False
REAL-0298,24.0,0.0,4.397666666666667,0.004725815626252205,125.16666666666667,1.4781519994010655,30.55666666666667,0.23115651263447892,110.08333333333333,1.4419546918448423,79.57333333333334,2.7004135485760963,0.0009999999999992057,1.2900000000000071,-0.008000000000000115,0,4,False,False,False,False,True
REAL-0299,46.0,0.0,3.6513333333333335,0.10075878787149688,100.68666666666667,2.6184219166003984,36.38666666666666,0.19425069712444598,108.14333333333333,6.757931142985504,78.87,9.786950495430121,-0.09950000000000081,2.5499999999999785,0.02749999999999944,1,0,True,False,False,False,False
REAL-0300,58.0,0.0,3.9416666666666664,0.09166424239218526,111.96,1.8103314613628085,23.53,0.24269322199023244,95.02666666666666,1.5998229068660463,71.85333333333334,2.186923257303127,0.08899999999999963,-1.8100000000000058,-0.03800000000000074,0,3,False,False,False,True,False
REAL-0301,30.0,0.0,6.251,0.08271033792700892,171.87,5.535331968364673,32.44,0.14525839046334257,62.89000000000001,22.95735829750453,29.24,26.76455305063023,-0.06700000000000086,-3.5850000000000186,0.08400000000000021,1,0,True,False,False,False,False
REAL-0302,25.0,0.0,5.071666666666666,0.0958453615639964,142.45000000000002,1.4450259513240635,31.683333333333334,0.07234178138070138,87.72333333333334,10.544734863112174,63.21666666666667,0.8247625921035279,0.09349999999999943,0.5349999999999868,-0.03650000000000071,1,3,False,False,False,True,False
REAL-0303,35.0,0.0,3.5,0.0,74.61666666666666,4.337560758460149,35.66,0.31432467291003674,110.13,4.551186658444149,82.03,4.427448475137796,-7.616747013915133e-16,-3.815000000000008,1.587642385995653e-17,0,4,False,False,False,False,True
REAL-0304,28.0,0.0,4.133,0.00458257569495582,117.49666666666667,2.310678111146886,53.093333333333334,0.1686218649325572,134.53333333333333,4.848838348855665,97.06,1.045322916614761,-0.0015000000000000987,-0.8150000000000015,0.0074999999999985825,1,4,False,False,False,False,True
REAL-0305,37.0,0.0,5.368333333333333,0.12273684586681091,150.78333333333333,0.7179368588764132,21.363333333333333,0.31659648345067487,107.56333333333333,1.6358585920956994,75.67666666666666,3.5946117082841313,-0.11950000000000083,0.23499999999996254,0.04849999999999952,0,0,True,False,False,False,False
REAL-0306,29.0,0.0,4.386666666666667,0.10628891444235072,117.17666666666666,2.6831759788231055,39.669999999999995,0.17691806012953976,103.33999999999999,1.6096272860510286,74.59666666666666,2.828786547856405,0.07099999999999984,-1.1050000000000335,-0.1370000000000012,0,3,False,False,False,True,False
REAL-0307,47.0,0.0,5.466333333333334,0.1667103276144986,160.81666666666666,2.0312147432837713,25.52,0.5502726596879032,104.24333333333334,3.024505469218614,74.48,0.7154718722633245,0.15849999999999975,2.0249999999999737,-0.08950000000000168,1,3,False,False,False,True,False
REAL-0308,21.0,0.0,4.790333333333333,0.12067034985170653,136.26,1.7607668783799888,25.01,0.321403173599763,98.82333333333332,4.961414448857646,65.05666666666667,5.346413127820684,0.10399999999999937,1.6399999999999684,-0.10599999999999932,0,3,False,False,False,True,False
REAL-0309,25.0,0.0,4.29,0.05647123161398202,128.62666666666667,0.668306316993452,30.5,0.23000000000000131,102.87333333333333,1.655183776301995,66.00333333333333,7.133304517075746,0.05099999999999947,-0.3900000000000309,-0.04199999999999955,1,3,False,False,False,True,False
REAL-0310,30.0,0.0,4.523333333333333,0.08545369116271867,123.60000000000001,5.361203223158025,33.01333333333333,0.44105933085395177,97.29333333333334,1.378489511506465,72.91333333333334,0.9451631252505229,0.07349999999999926,-5.350000000000032,0.07550000000000084,1,4,False,False,False,False,True
REAL-0311,41.0,0.0,3.5,0.0,80.23,0.30805843601498095,25.866666666666664,0.3690979996333396,95.63999999999999,2.787956240689581,65.46666666666667,3.15236947919074,-7.616747013915133e-16,-0.23500000000001786,1.587642385995653e-17,0,4,False,False,False,False,True
REAL-0312,22.0,0.0,3.795666666666667,0.02466441431158122,105.71333333333332,2.880717503215711,39.4,0.33999999999999897,94.84666666666668,5.457850614787232,68.44333333333334,2.3087947793888732,-0.022500000000000502,2.8699999999999712,0.017500000000001174,0,4,False,False,False,False,True
REAL-0313,27.0,0.0,5.629333333333332,0.05822656896411912,155.70666666666668,1.0231976022906404,26.373333333333335,0.2250185177565037,111.38,2.8948747814024705,78.28333333333333,0.9608503178608703,0.009499999999998348,0.8199999999999599,0.09949999999999899,1,4,False,False,False,False,True
REAL-0314,25.0,0.0,4.064666666666667,0.11018318080965615,111.39666666666666,2.5468084602759955,29.636666666666667,0.11930353445448842,78.57666666666667,5.222550462497544,53.73666666666667,1.4461097238222715,0.06049999999999869,-2.135000000000037,-0.1595000000000003,0,3,False,False,False,True,False
REAL-0315,43.0,0.0,3.9043333333333337,0.350291783137049,107.19,4.572100173880706,35.443333333333335,0.39576929306520625,113.48666666666666,1.9325199438384384,82.37666666666667,1.0640175437150101,0.29849999999999993,4.294999999999981,-0.31749999999999995,1,1,False,True,False,False,False
REAL-0316,26.0,0.0,3.755333333333333,0.061403040098462036,112.16000000000001,0.5574943945906585,33.99666666666667,0.5325723737984623,98.21333333333332,0.9272180613714001,70.17,4.91171049635461,-0.005000000000000859,0.5399999999999793,-0.10600000000000062,0,3,False,False,False,True,False
REAL-0317,30.0,0.0,3.5416666666666665,0.061256292193809375,98.44666666666667,3.008410432991696,19.213333333333335,0.1767295485574859,106.50999999999999,3.8134629931336685,81.55,0.3798683982644513,0.05599999999999964,-2.970000000000009,0.04300000000000031,0,4,False,False,False,False,True
REAL-0318,29.0,0.0,6.391666666666667,0.09188217092196543,181.74666666666667,2.270623996467335,30.36,0.37040518354904167,99.32000000000001,5.098744943611116,68.45333333333333,1.7338492821849631,-0.07350000000000192,2.259999999999937,0.0954999999999999,1,0,True,False,False,False,False
REAL-0319,28.0,0.0,4.017333333333333,0.08035131195776049,113.43333333333334,1.8046975739257156,38.23666666666667,0.3458805188693554,98.19,0.5546169849544803,59.839999999999996,2.314497785697793,0.046499999999999805,1.1899999999999946,-0.11350000000000156,0,3,False,False,False,True,False
REAL-0320,59.0,0.0,7.045333333333333,0.04162130864513215,195.97,1.8310925700247926,23.546666666666667,0.07234178138070092,105.38333333333333,2.0558291109266222,75.74,3.5476330137149157,-0.041500000000001355,0.6649999999999582,-0.0055000000000025575,1,4,False,False,False,False,True
REAL-0321,31.0,0.0,4.6739999999999995,0.16196604582442564,129.33666666666667,2.9494462757157187,27.656666666666666,0.6005275458572523,93.37333333333333,1.03234361204656,60.67333333333334,1.9353638762086416,-0.12350000000000104,2.934999999999983,0.1815000000000005,0,0,True,False,False,False,False
REAL-0322,25.0,0.0,4.064666666666667,0.07130451131122996,112.24000000000001,1.326386067478102,31.993333333333336,0.4539089482851531,104.06,3.898704913173093,72.62333333333333,2.2701174712629553,0.044499999999999804,-1.3100000000000163,-0.09650000000000027,1,3,False,False,False,True,False
REAL-0323,36.0,0.0,4.251,0.2303388807822068,123.59666666666665,2.6778785135501124,27.5,0.12489995996796872,101.96,1.141358839278865,67.28333333333333,4.679469343134258,-0.21200000000000047,-2.655000000000036,0.15599999999999947,1,2,False,False,True,False,False
REAL-0324,43.0,0.0,5.641333333333333,0.08488423489278389,152.75,1.6391766225760989,27.016666666666666,0.8363213098644173,118.32000000000001,1.030582359639443,92.73333333333333,3.2515586006303767,-0.06000000000000154,-1.505000000000024,0.10399999999999916,1,0,True,False,False,False,False
REAL-0325,21.0,0.0,4.14,0.16555663683464936,111.71333333333332,2.7412649148401083,36.10333333333333,0.5348208422764865,101.66000000000001,2.062328780771875,77.61333333333333,2.426547616127354,0.16549999999999868,-2.730000000000023,0.0074999999999991445,0,3,False,False,False,True,False
REAL-0326,24.0,0.0,5.556333333333334,0.16101035163409014,156.82333333333335,1.8812318659148102,25.49666666666667,0.09609023536933091,102.45333333333333,9.249634227002348,71.72333333333334,12.24790730424317,-0.15450000000000086,1.87499999999996,0.07849999999999943,0,0,True,False,False,False,False
REAL-0327,30.0,0.0,4.381,0.24515301344262536,121.63666666666667,2.822593370171008,35.11,0.00999999999999801,90.69333333333334,5.20193553721433,64.03333333333333,1.2108812218105156,0.12999999999999867,2.804999999999995,-0.3600000000000022,1,1,False,True,False,False,False
REAL-0328,37.0,0.0,6.343,0.26084669827314294,179.66,1.1692305161942955,35.25666666666667,0.5036202272877179,101.65666666666668,2.4233104079612504,66.52,0.8646964785403013,-0.23050000000000154,1.019999999999954,0.2115000000000008,0,2,False,False,True,False,False
REAL-0329,23.0,0.0,3.5886666666666667,0.011015141094572032,100.63,1.3014991356124685,45.34,0.21931712199461284,113.40666666666668,1.7568532475233456,86.47333333333334,3.370168146151372,0.008999999999998834,0.5349999999999911,-0.010999999999999694,1,4,False,False,False,False,True
REAL-0330,37.0,0.0,3.653,0.0880965379569483,106.31333333333333,1.4691947908066307,30.69333333333333,0.0945163125250525,101.11333333333334,1.982481609834835,73.69,1.9335718243706355,-0.055500000000001,-0.9300000000000165,0.11850000000000048,0,0,True,False,False,False,False
REAL-0331,46.0,0.0,4.308333333333334,0.024090108620206913,119.92333333333333,3.4795737286819097,22.823333333333334,0.6321655901212375,100.46333333333332,2.5160551133338327,74.29,2.2002727103702426,0.021999999999999457,-3.0550000000000184,0.017000000000000726,0,4,False,False,False,False,True
REAL-0332,25.0,0.0,3.531,0.053693575034635115,86.73,0.4676537180435972,32.53,0.3567912554982307,89.28000000000002,6.085564887502226,60.93333333333334,2.738874464690435,0.04649999999999945,0.4049999999999789,0.046499999999999944,0,4,False,False,False,False,True
REAL-0333,41.0,0.0,6.56,0.1750000000000003,178.5533333333333,3.1407058654597773,42.846666666666664,0.7679409699536388,61.43,24.987983111888,26.51,20.11531008958102,-0.137500000000001,-2.8800000000000536,0.18750000000000047,1,2,False,False,True,False,False
REAL-0334,44.0,0.0,3.909666666666667,0.33421899008484446,105.58666666666666,1.7568532475233487,23.459999999999997,0.7696102909914848,111.92666666666666,5.255019822353996,81.93,2.3843447737271464,0.31099999999999933,1.7199999999999795,-0.21200000000000097,0,1,False,True,False,False,False
REAL-0335,22.0,0.0,3.5976666666666666,0.09293187468965262,95.49000000000001,0.43278170016764783,23.953333333333333,0.224796204001163,89.55333333333334,1.2067449330050404,59.79333333333333,0.9704294581953591,0.09249999999999951,0.08499999999997529,-0.015499999999999844,0,3,False,False,False,True,False
REAL-0336,26.0,0.0,5.896666666666666,0.10375130521267341,167.31,2.7555580197121685,48.00666666666666,0.2112660250332148,99.96,1.856555951217197,73.12666666666667,4.22367533474501,0.0784999999999985,1.8949999999999643,-0.11749999999999937,0,3,False,False,False,True,False
REAL-0337,44.0,0.0,3.993,0.07654410493303851,114.48333333333333,3.481584888141224,33.836666666666666,0.16802777548171716,57.35666666666666,28.86037133048245,26.886666666666667,24.191304911751523,-0.05850000000000066,2.7149999999999763,-0.08549999999999983,0,4,False,False,False,False,True
REAL-0338,44.0,0.0,4.080666666666667,0.013796134724383494,114.50666666666666,3.1094908479256427,31.116666666666664,0.20792626898334338,106.36333333333334,2.9960362703634447,74.32000000000001,2.5300395253829477,0.012999999999998863,-3.0800000000000174,-0.008000000000000222,1,4,False,False,False,False,True
REAL-0339,33.0,0.0,5.471666666666667,0.16166116829137842,152.03,2.8851169820303766,34.53333333333333,0.29022979401386795,104.95333333333333,0.7409678355592252,82.24333333333334,2.0450509366109437,0.1394999999999992,2.8849999999999842,-0.14150000000000168,1,1,False,True,False,False,False
REAL-0340,41.0,0.0,6.440666666666666,0.0231156512634478,175.26333333333332,4.347761876337439,40.23666666666667,0.3350124375800605,108.73666666666666,1.8188549511528818,82.14333333333333,1.577001373916113,-0.009500000000000137,-3.645000000000034,-0.03649999999999932,1,4,False,False,False,False,True
REAL-0341,22.0,0.0,4.863,0.06907242575731663,131.48666666666665,3.237056275898412,25.75,0.28618176042508225,101.25,5.929747043508686,63.96333333333333,4.026230660721429,-0.0680000000000012,-2.9700000000000375,-0.02099999999999886,0,4,False,False,False,False,True
REAL-0342,36.0,0.0,3.6750000000000003,0.173034678605186,96.63666666666666,3.938861933773932,26.183333333333334,0.2478574859336175,103.43333333333334,0.7358215363342789,72.66333333333334,1.3550768735881165,-0.0835000000000007,-3.6750000000000203,0.26250000000000134,0,2,False,False,True,False,False
REAL-0343,22.0,0.0,3.5016666666666665,0.0028867513459481316,33.333333333333336,28.867513459481287,32.18666666666667,0.2730079363925764,100.28000000000002,6.193246321599036,69.73333333333333,1.6505251689487574,0.0024999999999993933,-1.1490015437940192e-14,0.002499999999999583,0,4,False,False,False,False,True
REAL-0344,33.0,0.0,4.2860000000000005,0.14898657657654946,123.67999999999999,5.226585883729448,34.910000000000004,0.2523885892824766,113.37666666666667,3.135479761269922,87.7,1.0912378292562936,-0.14700000000000127,-5.020000000000022,0.042000000000000016,0,0,True,False,False,False,False
REAL-0345,57.0,0.0,3.5756666666666668,0.13105851110604513,95.79666666666667,2.234196350666909,36.98,0.16703293088490442,105.90333333333335,1.332378825009362,68.71333333333332,2.5377220756681136,-0.11350000000000088,-2.12500000000001,0.11350000000000009,0,0,True,False,False,False,False
REAL-0346,49.0,0.0,4.708666666666667,0.2011003066465428,125.82666666666667,2.664232222110785,39.04333333333333,0.5400308633155446,117.24,2.2999347816840396,89.95333333333333,1.6323704644881685,0.20099999999999912,2.6599999999999757,-0.01100000000000131,0,3,False,False,False,True,False
REAL-0347,22.0,0.0,4.955666666666667,0.0869501773047833,139.01,0.5150728103870407,28.673333333333332,0.2311565126344796,77.83333333333333,5.36492621881544,47.73,0.8146164741766526,0.0844999999999992,0.5149999999999798,0.03549999999999926,0,4,False,False,False,False,True
REAL-0348,23.0,0.0,4.264666666666667,0.1728187875589152,114.85333333333334,1.9515463953832466,23.08,0.6102458520956959,56.65,28.501299970352232,24.906666666666666,22.89752242783776,0.1684999999999988,1.6799999999999795,-0.06650000000000182,0,3,False,False,False,True,False
REAL-0349,26.0,0.0,3.6346666666666665,0.1355076873588112,100.22666666666667,2.9947509634915046,22.00333333333333,0.27024680078279006,91.12333333333333,1.7458617738335844,63.47666666666667,1.8346207600845814,-0.06900000000000076,2.799999999999964,0.20200000000000032,0,0,True,False,False,False,False
REAL-0350,37.0,0.0,3.5003333333333333,0.0005773502691895622,33.333333333333336,28.867513459481287,40.81333333333333,0.35851545759329856,111.40333333333335,3.7478571655458466,80.19333333333333,1.8418559480408188,0.0004999999999992039,-1.1490015437940192e-14,0.0004999999999998958,1,4,False,False,False,False,True
REAL-0351,29.0,0.0,3.5193333333333334,0.033486315612998134,90.42,3.6279332959689397,42.23666666666667,0.22722969289539127,108.89666666666666,1.7204747406844838,85.21,1.255029880122388,0.02899999999999948,3.359999999999983,0.028999999999999988,0,4,False,False,False,False,True
REAL-0352,30.0,0.0,4.712,0.374941328743578,134.14,6.132438340497184,31.173333333333332,0.7203702751594704,116.36000000000001,2.283834494879174,83.60666666666667,5.3870987862979955,0.35449999999999937,5.60999999999997,-0.21149999999999977,0,1,False,True,False,False,False
REAL-0353,46.0,0.0,3.5033333333333334,0.005773502691896071,62.866666666666674,2.353175159934624,34.47666666666667,0.17785762095938765,117.02,2.6395643579954613,86.20333333333333,0.6951498639382258,0.004999999999999668,-1.7100000000000064,0.004999999999999257,0,4,False,False,False,False,True
REAL-0354,24.0,0.0,3.5,0.0,89.57000000000001,0.7534586916347897,26.72666666666667,0.5262445565830899,89.78333333333335,9.387743782897648,61.81666666666666,2.995168331385286,-7.616747013915133e-16,0.6549999999999888,1.587642385995653e-17,0,4,False,False,False,False,True
REAL-0355,21.0,0.0,3.5,0.0,88.48,1.4636939570825631,42.77,0.39962482405376354,111.77666666666669,3.549314487803718,77.25,3.08121729191565,-7.616747013915133e-16,0.6399999999999708,1.587642385995653e-17,0,4,False,False,False,False,True
REAL-0356,49.0,0.0,5.926666666666667,0.15176736583776243,166.34666666666666,1.8221233035481639,30.290000000000003,0.1905255888325755,119.98666666666666,0.8409716602438728,86.05,3.77063655103486,-0.09500000000000058,-1.400000000000016,0.20499999999999965,1,0,True,False,False,False,False
REAL-0357,28.0,0.0,4.585333333333334,0.1464661508108049,125.69666666666666,1.3119578245253594,33.193333333333335,0.11590225767142132,82.61333333333333,4.965735930688758,54.29333333333333,3.18653939773751,0.10349999999999877,-1.165000000000013,-0.179500000000001,1,1,False,True,False,False,False
REAL-0358,44.0,0.0,4.625666666666667,0.09122682354074033,128.98,1.9000789457283105,40.11333333333334,0.3354598833442473,59.50333333333333,23.70751427993524,28.75333333333333,23.366712077939702,-0.0785000000000011,-1.9000000000000208,0.08049999999999881,1,0,True,False,False,False,False
REAL-0359,48.0,0.0,3.5273333333333334,0.047342722073549164,90.63666666666666,3.181231417758432,35.56666666666666,0.6057502235520318,103.26333333333334,4.803595875313965,72.99333333333333,3.7166158441966117,0.04099999999999962,2.2149999999999954,0.040999999999999745,0,4,False,False,False,False,True
REAL-0360,29.0,0.0,6.889666666666667,0.09052255704150969,195.64666666666668,1.325795358768963,36.413333333333334,0.2898850346832894,109.75,3.448347430291797,78.64666666666666,1.988525416818535,-0.07550000000000015,-1.29000000000003,0.0864999999999988,1,0,True,False,False,False,False
REAL-0361,29.0,0.0,6.843666666666667,0.16767925731387728,191.47,2.5321334877924597,31.286666666666665,0.11718930554164836,96.19666666666667,2.95845117136202,62.29333333333333,1.9346920512922305,0.1034999999999991,-1.3550000000000328,-0.22850000000000137,1,1,False,True,False,False,False
REAL-0362,63.0,0.0,5.501666666666666,0.10075878787149695,157.47666666666666,1.362583330785068,29.77,0.08888194417315634,104.75999999999999,2.9174132377844573,70.97333333333334,2.755382611060263,0.06349999999999947,1.2849999999999893,-0.1355000000000002,0,3,False,False,False,True,False
REAL-0363,65.0,0.0,3.7096666666666667,0.05818361739642312,102.08999999999999,2.2009316209278356,39.45666666666667,0.27682726262659285,131.22,4.897213493406219,111.63666666666666,1.680902535346216,0.032999999999999155,2.054999999999984,-0.08300000000000043,0,3,False,False,False,True,False
REAL-0364,67.0,0.0,5.210666666666667,0.024172987679087963,146.99,1.3210223313782483,38.39,0.25357444666212064,108.81666666666666,0.18502252115170778,74.93,2.4873077815179907,0.009499999999998256,-1.0050000000000376,0.03849999999999856,1,4,False,False,False,False,True
REAL-0365,30.0,0.0,5.082999999999999,0.17577542490348294,147.44,0.8591274643497403,34.81666666666667,0.16196707484341602,105.27333333333333,5.000503308001433,68.06333333333333,3.603017254098757,-0.1725000000000007,-0.7700000000000417,0.05849999999999987,0,0,True,False,False,False,False
REAL-0366,30.0,0.0,3.6809999999999996,0.12673989111562314,99.04,1.9703045449879069,33.88666666666666,0.1474222959166391,85.10666666666667,3.6858151518128652,57.01666666666667,1.955232296514493,-0.056500000000000765,-1.9700000000000137,0.1965000000000014,0,0,True,False,False,False,False
REAL-0367,29.0,0.0,4.502,0.039962482405376615,122.07666666666667,1.7934975141698213,27.91,0.46936126810805157,101.26333333333332,4.980063587278119,74.14999999999999,3.287445817043986,0.014499999999999392,-0.6650000000000172,0.06450000000000204,1,4,False,False,False,False,True
REAL-0368,21.0,0.0,3.683666666666667,0.05029247790011292,101.57333333333334,0.49652123150307886,21.153333333333332,0.3837099599089582,95.05333333333333,9.267153464431967,64.66,2.5181143738917013,-0.008000000000000984,-1.6670413091312478e-14,-0.08600000000000121,0,3,False,False,False,True,False
REAL-0369,22.0,0.0,3.5,0.0,80.65666666666667,3.517589136515708,27.363333333333333,0.5674798087450655,116.52333333333333,4.973392537627946,89.34333333333332,3.977453121450118,-7.616747013915133e-16,-3.5050000000000154,1.587642385995653e-17,0,4,False,False,False,False,True
REAL-0370,45.0,0.0,4.621666666666667,0.13605268587328007,132.67666666666665,1.5701698421932908,32.75666666666667,0.2577466456296437,128.92,4.257123441949969,102.56666666666666,1.4682756326158009,-0.13250000000000134,1.5449999999999835,0.05349999999999839,1,0,True,False,False,False,False
REAL-0371,25.0,0.0,6.266333333333333,0.18810723891794634,173.38666666666668,1.7522937348896004,38.44,0.4014971979976906,113.39333333333333,4.486539126468563,82.51,6.562461428458076,-0.12400000000000098,-1.7200000000000468,0.2450000000000002,1,2,False,False,True,False,False
REAL-0372,21.0,0.0,4.123666666666667,0.08631531343471627,118.55333333333334,2.5848081811487105,10.0,8.660254037844387,92.83,4.224795853056093,65.24000000000001,2.6700561791842525,-0.05300000000000051,2.5399999999999845,0.11799999999999937,0,0,True,False,False,False,False
REAL-0373,21.0,0.0,3.530666666666667,0.05311622476544555,85.23,1.723571872594813,35.35333333333333,0.49571497186723124,98.36,1.602903615318148,66.19666666666667,1.4347938295564735,0.04599999999999948,-1.355000000000026,0.04599999999999937,0,4,False,False,False,False,True
REAL-0374,25.0,0.0,3.8153333333333332,0.10119947298940508,106.99333333333334,3.2978983206480676,35.14,0.5507267925205767,86.33,5.535313902571376,58.00666666666666,0.6763381797099229,0.10099999999999988,-2.8100000000000316,0.010999999999998912,0,4,False,False,False,False,True
REAL-0375,28.0,0.0,4.308,0.06559725604017326,118.85666666666667,2.7908123070771573,36.45666666666667,0.2458319208998946,79.94,3.1104340533115304,55.423333333333325,1.3021648641141146,0.017499999999999863,-0.6150000000000104,-0.10950000000000075,0,3,False,False,False,True,False
REAL-0376,58.0,0.0,4.953666666666667,0.05437217425607802,138.81,2.588957319076547,39.51333333333333,0.28589042189855085,110.64333333333333,3.353227301173195,81.61,4.44494094448958,-0.04350000000000115,-2.3750000000000187,0.05649999999999982,1,4,False,False,False,False,True
REAL-0377,22.0,0.0,3.547,0.07291776189653648,96.21333333333332,2.0017575610781013,25.096666666666664,0.5424327915358097,115.54666666666667,4.025634525554123,85.13000000000001,1.6553851515583926,0.004999999999999593,-1.270000000000019,-0.12600000000000117,0,3,False,False,False,True,False
REAL-0378,22.0,0.0,3.5,0.0,90.56666666666666,4.433196739750373,36.77333333333333,0.5300314456080284,90.14333333333333,3.2642354898709938,61.47333333333333,5.0906417408155225,-7.616747013915133e-16,-3.1800000000000153,1.587642385995653e-17,0,4,False,False,False,False,True
REAL-0379,32.0,0.0,5.514333333333333,0.11971772355559294,154.97,1.1007724560507492,47.94333333333333,0.448367408866137,107.14999999999999,1.2360016181219242,79.36333333333333,2.567884992232583,-0.09350000000000125,-0.6450000000000414,0.12950000000000012,1,0,True,False,False,False,False
REAL-0380,35.0,0.0,3.5,0.0,92.12666666666667,2.2226410716382774,43.576666666666675,0.4895235779136029,136.39666666666668,3.4745407370375356,101.82,4.446358060255597,-7.616747013915133e-16,-2.0900000000000083,1.587642385995653e-17,0,4,False,False,False,False,True
REAL-0381,24.0,0.0,3.858,0.07969943538068518,107.58666666666666,1.6311447922650377,30.893333333333334,0.0901849950564573,105.56,0.6366317616958812,72.40666666666667,2.101007694734441,-0.07000000000000062,-1.550000000000017,0.0660000000000006,0,0,True,False,False,False,False
REAL-0382,22.0,0.0,3.929,0.2897913042173624,107.46,4.037771662687232,20.30333333333333,0.2627419519858472,101.76333333333334,6.475108750695489,66.69,3.0984996369210713,-0.23550000000000068,-3.4300000000000357,0.2925000000000001,0,2,False,False,True,False,False
REAL-0383,21.0,0.0,3.8106666666666666,0.22199174158813537,110.25999999999999,1.8630083198955445,25.173333333333332,0.32578111260988174,94.60333333333334,3.4481347614809517,67.67333333333333,4.086396130251367,-0.1920000000000006,-1.5100000000000433,0.1930000000000003,0,2,False,False,True,False,False
REAL-0384,25.0,0.0,3.5,0.0,91.29666666666667,1.1234915813362105,25.123333333333335,0.20599352740640323,92.93333333333334,3.467886003508957,61.02666666666667,2.8319839924218058,-7.616747013915133e-16,-0.03500000000001643,1.587642385995653e-17,0,4,False,False,False,False,True
REAL-0385,25.0,0.0,4.452333333333333,0.07657893531078441,123.07333333333334,2.8658215808618195,24.363333333333333,0.15502687938977983,98.53333333333335,1.6540959262791648,74.80666666666667,1.2695012143882765,0.07149999999999926,-2.3300000000000254,-0.04750000000000008,0,3,False,False,False,True,False
REAL-0386,24.0,0.0,4.203333333333333,0.06351640208114245,118.71,0.6274551776820363,22.066666666666666,0.6141932377789043,82.54333333333334,4.430737335177223,55.629999999999995,3.882048428342955,0.013499999999999839,0.5749999999999685,-0.10750000000000093,0,3,False,False,False,True,False
REAL-0387,35.0,0.0,4.104666666666667,0.05711683931498082,115.37,2.1842389979120944,32.32666666666666,0.05507570547286291,102.83333333333333,6.6469566971158525,74.13333333333334,2.8202895832402235,0.020999999999998645,-2.1150000000000286,-0.09200000000000137,1,3,False,False,False,True,False
REAL-0388,45.0,0.0,3.6173333333333333,0.20322729475474832,106.07333333333334,2.9218030962632167,43.586666666666666,0.2608320021265308,130.20666666666668,1.6678529111805243,103.27,3.5226836360933693,-0.17600000000000093,-2.770000000000004,0.1759999999999997,1,2,False,False,True,False,False
REAL-0389,58.0,0.0,5.052666666666666,0.3249835893292669,145.36666666666667,5.4110288608852795,32.25333333333334,0.2602562839459119,111.04666666666667,2.8834412311218256,82.10333333333334,1.550172033463803,-0.29950000000000165,-5.280000000000033,0.2184999999999998,1,2,False,False,True,False,False
REAL-0390,28.0,0.0,3.6893333333333334,0.15127568652408524,101.28333333333335,1.1195683692090164,31.573333333333334,0.09291573243177643,97.34999999999998,2.260464554024234,71.59333333333333,3.1964720135382616,0.13549999999999962,0.13499999999997903,-0.11650000000000181,0,3,False,False,False,True,False
REAL-0391,42.0,0.0,3.6366666666666667,0.13093637131574004,96.65333333333335,4.050806504059816,31.98,0.16093476939431176,96.40666666666668,2.364494308162599,67.18666666666667,1.5450674203196875,0.13049999999999976,2.8299999999999903,-0.018500000000000225,0,3,False,False,False,True,False
REAL-0392,27.0,0.0,5.736,0.09116468614545867,165.1966666666667,1.7768605272596345,46.01,0.3204684071792417,104.18666666666667,0.7433258594542065,72.70666666666666,1.57738179694497,0.07549999999999965,1.6349999999999827,-0.08849999999999948,1,3,False,False,False,True,False
REAL-0393,21.0,0.0,4.604666666666667,0.17003038944063315,131.17999999999998,0.1571623364550125,23.516666666666666,0.2592939130279246,95.34333333333332,4.161998718564591,63.86333333333334,1.669201405862496,-0.1475000000000005,-0.02000000000002773,0.14650000000000102,0,0,True,False,False,False,False
REAL-0394,37.0,0.0,3.985333333333333,0.046500896048714185,116.27333333333333,1.1447416011193605,21.993333333333336,0.09712534856222357,100.03333333333335,1.6050649000377908,71.91,2.5974410484166897,0.04099999999999914,1.1199999999999855,0.03799999999999867,0,4,False,False,False,False,True
REAL-0395,31.0,0.0,5.5683333333333325,0.04366157731155997,160.03333333333333,2.0815699203565865,32.82333333333333,0.06658328118479237,109.16666666666667,4.94950839309657,81.36,0.8241965784932633,0.03649999999999873,1.1099999999999746,-0.041500000000000405,1,4,False,False,False,False,True
REAL-0396,25.0,0.0,4.6066666666666665,0.1090015290412632,127.13666666666666,5.136363824081534,27.593333333333334,0.4691836882643437,87.68666666666667,2.257638884616699,55.833333333333336,0.652559065015063,-0.08900000000000066,-5.135000000000031,0.1090000000000022,0,0,True,False,False,False,False
REAL-0397,39.0,0.0,3.5,0.0,94.64999999999999,1.3118307817702732,24.493333333333336,0.3842308333974945,84.16666666666667,2.6182882448907967,57.71666666666667,1.9802104265287932,-7.616747013915133e-16,0.5949999999999845,1.587642385995653e-17,0,4,False,False,False,False,True
REAL-0398,22.0,0.0,4.678333333333334,0.0739211291400056,130.60333333333332,0.8660446485795672,34.379999999999995,0.09165151389911737,99.74666666666667,7.440647373268895,63.336666666666666,1.478456402243009,0.07149999999999873,-0.79500000000003,-0.03250000000000159,1,3,False,False,False,True,False
REAL-0399,25.0,0.0,3.514666666666667,0.02540341184434349,79.87333333333333,1.853681022542266,21.439999999999998,0.2986636904613609,105.62,1.660451745760776,70.84333333333333,0.5442732157045046,0.02199999999999955,-0.21000000000000682,0.021999999999999142,0,4,False,False,False,False,True
REAL-0400,25.0,0.0,7.005333333333334,0.2007892759420516,193.48000000000002,1.073731810090418,34.973333333333336,0.10214368964029859,98.84666666666665,4.125534308829985,71.83333333333333,3.2621669689538133,-0.15850000000000095,-0.9900000000000871,0.2134999999999984,1,2,False,False,True,False,False
REAL-0401,31.0,0.0,3.5523333333333333,0.09064399226277126,95.32666666666667,1.4773399518503931,31.95,0.506853035898969,91.2,3.0678494096027595,66.02,0.2253885533916925,-0.07850000000000038,-1.4500000000000097,0.07850000000000033,1,0,True,False,False,False,False
REAL-0402,55.0,0.0,5.052,0.17860291151042282,140.19000000000003,4.42369754843163,24.310000000000002,0.329089653438085,94.18333333333334,4.2234622448097445,58.59,1.3236691429507608,-0.14400000000000074,-3.4550000000000267,0.18299999999999983,0,2,False,False,True,False,False
REAL-0403,35.0,0.0,4.729,0.06337980750996329,134.37666666666667,2.6828405344584576,35.13333333333333,0.5131601439446881,112.74000000000001,1.1941105476462386,86.06666666666668,3.228720076645441,0.05699999999999845,-2.285000000000013,-0.04799999999999994,1,3,False,False,False,True,False
REAL-0404,38.0,0.0,3.5,0.0,70.59666666666666,3.6436565882823513,31.150000000000002,0.40632499307820297,106.34333333333332,7.1774252579412705,76.86666666666667,1.6087365643054568,-7.616747013915133e-16,3.434999999999996,1.587642385995653e-17,0,4,False,False,False,False,True
REAL-0405,41.0,0.0,6.0263333333333335,0.0803264174063144,167.1,2.081441807978298,32.583333333333336,0.5398456569551449,98.24333333333334,2.9904904837389696,65.20666666666666,3.4818433815054566,0.07549999999999873,1.930000000000001,-0.04749999999999995,1,3,False,False,False,True,False
REAL-0406,26.0,0.0,4.331333333333333,0.1845977609109421,123.45,1.1059385154699952,42.18,0.2884441020371214,72.78,8.749325688303072,46.93333333333334,5.20667200170448,-0.17850000000000096,-1.0350000000000021,0.0814999999999987,0,0,True,False,False,False,False
REAL-0407,46.0,0.0,4.174333333333333,0.058286647985051517,116.31,2.850491185743256,28.906666666666666,0.3700450423034121,100.17333333333333,3.3633961011652094,68.60333333333334,1.6484639314626695,0.04599999999999914,2.614999999999992,0.062000000000000596,1,4,False,False,False,False,True
REAL-0408,25.0,0.0,3.5720000000000005,0.12470765814495928,101.64,3.6127690211249357,22.106666666666666,0.3239341496868347,91.66000000000001,8.051453284966623,61.45000000000001,6.271993303567857,-0.10800000000000101,3.569999999999986,0.10800000000000003,0,0,True,False,False,False,False
REAL-0409,39.0,0.0,6.827000000000001,0.16802083204174387,194.80666666666664,3.7557467078243367,25.919999999999998,0.18083141320025062,105.69333333333333,3.5998101801807945,76.66333333333334,1.5750026455004211,-0.14450000000000215,-3.2400000000000118,0.1485000000000002,1,0,True,False,False,False,False
REAL-0410,28.0,0.0,6.307666666666667,0.17336185662749834,174.52333333333334,2.3253888563707776,42.64333333333333,0.3010537050649489,97.62333333333333,7.252519102583142,67.68666666666667,1.002862569514554,-0.13700000000000098,-0.795000000000022,0.18400000000000108,1,2,False,False,True,False,False
REAL-0411,28.0,0.0,3.737666666666667,0.15024091764008002,103.87333333333333,1.7162847471597888,35.86666666666667,0.36018513757973686,115.06333333333333,1.251492442379632,91.32,0.8399999999999928,-0.11350000000000089,-0.560000000000026,0.17050000000000146,0,0,True,False,False,False,False
REAL-0412,25.0,0.0,4.074000000000001,0.12055289295574799,113.96666666666665,1.7089275389358494,34.24,0.385746030439724,103.07000000000001,1.7905027227010881,71.14333333333333,3.683806907715627,0.1074999999999995,-0.14000000000002136,-0.09449999999999892,0,3,False,False,False,True,False
REAL-0413,22.0,0.0,5.001666666666666,0.12814965209993087,141.99,4.500811038024151,42.61666666666667,0.27790885796126263,116.70666666666666,1.515332746736945,82.67,2.6384844134464744,0.10149999999999852,4.415000000000001,-0.1355000000000008,0,3,False,False,False,True,False
REAL-0414,21.0,0.0,5.24,0.16314717282257718,144.58333333333334,1.6709977059629326,26.083333333333332,0.16862186493255546,98.17666666666666,2.379208551878825,75.90333333333332,5.904424894376535,0.1629999999999984,-0.955000000000048,-0.012000000000000373,0,3,False,False,False,True,False
REAL-0415,21.0,0.0,4.887333333333333,0.19024282728485012,139.39666666666668,7.177648175644511,34.13,0.5086255990411817,87.39333333333333,1.8277399523272855,57.27333333333333,4.1644247301798245,-0.1655000000000014,-7.075000000000016,0.16250000000000128,1,2,False,False,True,False,False
REAL-0416,22.0,0.0,6.376,0.10736386729249214,173.65333333333334,0.8174554014338178,36.01666666666667,0.6101092798288925,110.66000000000001,4.505629811691148,80.05666666666667,3.1098606614016195,0.10549999999999837,0.5899999999999518,-0.034500000000001606,1,3,False,False,False,True,False
REAL-0417,22.0,0.0,3.6536666666666666,0.13323788250093652,98.18666666666667,1.9864876876873294,27.400000000000002,0.4267317658670397,103.74000000000001,1.9219001014620893,66.19666666666667,5.206057369385527,0.11849999999999987,1.699999999999986,-0.10550000000000133,0,3,False,False,False,True,False
REAL-0418,37.0,0.0,4.868666666666667,0.054683940360340466,142.28333333333333,3.7062424817236894,38.71666666666667,0.3752776749732585,113.89,3.4942953509971013,79.31666666666666,2.9264369689664207,-0.03950000000000049,3.3949999999999805,0.065499999999999,1,0,True,False,False,False,False
REAL-0419,27.0,0.0,3.5,0.0,83.75666666666667,0.7977677189090397,18.03333333333333,0.3510460558578229,99.74666666666667,6.794529662407357,67.79,1.8885973631242812,-7.616747013915133e-16,0.4549999999999882,1.587642385995653e-17,0,4,False,False,False,False,True
REAL-0420,28.0,0.0,4.502,0.1345362404707375,127.78666666666668,1.2681613987712035,26.78333333333333,0.6988800564713034,88.13666666666667,1.016923464835646,62.43,4.708216222732339,-0.13000000000000073,0.7099999999999865,0.060000000000000504,1,0,True,False,False,False,False
REAL-0421,26.0,0.0,4.2410000000000005,0.10250365847129578,118.83999999999999,2.433947411099921,45.39666666666667,0.4233595792388925,114.38666666666667,10.239186165576507,92.49000000000001,1.291046087480996,-0.10000000000000082,-2.430000000000028,-0.03899999999999929,0,4,False,False,False,False,True
REAL-0422,21.0,0.0,3.5,0.0,92.35333333333334,1.4984102686959104,26.026666666666667,0.2510644007686735,102.52333333333333,4.572103819177042,72.75333333333333,4.252638396728944,-7.616747013915133e-16,-0.4600000000000109,1.587642385995653e-17,0,4,False,False,False,False,True
REAL-0423,21.0,0.0,3.605,0.0979846926820715,103.10333333333334,2.9538167399710695,40.89666666666667,0.25929391302792293,93.75999999999999,1.5591343752223554,61.38333333333333,5.504510271889166,-0.036500000000000206,2.7949999999999724,0.15749999999999978,0,0,True,False,False,False,False
REAL-0424,21.0,0.0,4.024,0.17334647386087806,113.86,3.6943605671347197,30.76,0.11532562594671039,94.62,3.6676559271556615,60.830000000000005,6.224122428101811,-0.11950000000000052,-3.5600000000000085,0.2175000000000007,0,2,False,False,True,False,False
REAL-0425,36.0,0.0,5.372,0.1556952150838297,149.02333333333334,2.0934262187460315,42.75666666666667,0.1504437879519555,110.39333333333333,2.3461955019421006,78.87,4.364951317025195,-0.1270000000000014,-1.2050000000000303,0.1560000000000001,1,0,True,False,False,False,False
REAL-0426,31.0,0.0,6.564666666666667,0.12606479815290786,185.41666666666666,1.5069284433354309,37.050000000000004,0.23895606290696916,106.97333333333331,1.6248794827104347,76.42333333333333,1.8246186816245529,0.11549999999999842,0.8749999999999581,-0.0875000000000012,1,3,False,False,False,True,False
REAL-0427,25.0,0.0,3.5033333333333334,0.005773502691896071,92.83999999999999,2.000524931111834,10.0,8.660254037844387,58.29333333333333,27.15055493601067,27.436666666666667,25.006063931241425,0.004999999999999668,-1.7300000000000018,0.004999999999999257,0,4,False,False,False,False,True
REAL-0428,38.0,0.0,6.3563333333333345,0.15033407242981675,180.34666666666666,4.594968262494662,33.803333333333335,0.6115826463637871,99.26333333333334,1.2402553500522966,65.24,1.4685707337408074,0.10549999999999864,4.55999999999998,-0.18550000000000136,1,1,False,True,False,False,False
REAL-0429,26.0,0.0,4.737333333333333,0.15947518093212285,133.23,1.9747658088998752,40.42,0.20297783130184163,124.33666666666666,2.443610716405816,96.76666666666667,1.6904831656462416,-0.09450000000000044,1.2449999999999863,0.22250000000000011,0,2,False,False,True,False,False
REAL-0430,43.0,0.0,3.6029999999999998,0.08931405264570604,96.0,2.721470190907844,35.050000000000004,0.09539392014169142,110.36666666666667,0.6469415223444326,84.58666666666666,1.138083183837347,0.07949999999999954,2.579999999999979,-0.07050000000000084,1,3,False,False,False,True,False
REAL-0431,23.0,0.0,3.7886666666666664,0.28507075145186944,98.05666666666667,0.8181890572070332,22.02,0.4667976006793534,56.88333333333333,29.527821344171894,26.436666666666667,21.322172340859957,0.2849999999999994,-0.0450000000000139,-0.01100000000000003,0,1,False,True,False,False,False
REAL-0432,38.0,0.0,3.546666666666667,0.08082903768654762,87.79666666666667,1.5855703495377724,30.173333333333332,0.31785741037977067,103.93333333333334,2.0353459984320406,76.25,3.103916880330405,0.06999999999999987,1.1949999999999887,0.0700000000000003,0,4,False,False,False,False,True
REAL-0433,22.0,0.0,3.514666666666667,0.02540341184434349,81.57333333333334,1.6440600151251583,30.25666666666667,0.5153962876596354,109.36666666666667,5.850866032762446,70.34666666666668,0.9412934363594194,0.02199999999999955,-0.9200000000000186,0.021999999999999142,0,4,False,False,False,False,True
REAL-0434,29.0,0.0,5.045,0.027221315177632485,139.91666666666666,3.1758201040570992,25.903333333333336,0.395010548382362,97.64333333333333,3.8126674826600517,74.61333333333333,1.0179063480170216,0.026999999999999705,-3.075000000000016,0.005999999999998402,0,4,False,False,False,False,True
REAL-0435,36.0,0.0,3.5716666666666668,0.07356856212631409,91.00666666666666,4.279735194300382,24.493333333333336,0.2900574655707604,99.38333333333333,12.3117843277623,67.11666666666666,8.35526979416783,-0.03950000000000118,-4.1900000000000075,0.10749999999999924,0,0,True,False,False,False,False
REAL-0436,29.0,0.0,4.934666666666666,0.23612779026055655,143.0533333333333,3.019227274209962,41.90333333333333,0.4950084174368478,60.38666666666668,25.45572103345991,28.383333333333336,20.008179160866522,-0.2100000000000005,-2.440000000000025,0.18700000000000083,1,2,False,False,True,False,False
REAL-0437,41.0,0.0,4.676,0.1638078142214226,136.66,3.1277467928206657,37.306666666666665,0.1365039681962882,114.82333333333334,3.1937491030657625,86.87333333333333,4.8143985432589,0.1384999999999996,1.1899999999999613,-0.15150000000000174,0,1,False,True,False,False,False
REAL-0438,28.0,0.0,5.375666666666667,0.08177000264970834,144.98666666666668,1.7443145740758241,29.863333333333333,0.28676354952004296,101.75999999999999,0.9277391874875194,77.55666666666666,3.159372300526378,0.06899999999999938,-0.05000000000002018,0.07600000000000033,0,4,False,False,False,False,True
REAL-0439,21.0,0.0,3.608333333333333,0.10619008114383062,97.54,0.7765951326141622,17.883333333333336,0.46457866215887894,105.91666666666667,8.865214793412132,70.41666666666667,4.79271669654417,0.04749999999999903,-0.6200000000000145,-0.16450000000000026,0,3,False,False,False,True,False
REAL-0440,31.0,0.0,3.7723333333333335,0.06516389593427732,107.23666666666666,2.234420133576794,36.843333333333334,0.426653645634645,114.12333333333333,1.3982965827510794,87.44,2.555601690404823,-0.03650000000000081,2.2249999999999903,0.09350000000000003,0,0,True,False,False,False,False
REAL-0441,41.0,0.0,6.890666666666667,0.1413694922298771,188.97333333333333,1.4201877810111374,34.4,0.4680811895387356,132.49333333333334,2.1625525041795624,106.70333333333333,5.802864235300826,-0.08700000000000145,-1.4200000000000164,0.19299999999999964,1,0,True,False,False,False,False
REAL-0442,22.0,0.0,3.5,0.0,83.46666666666665,0.8431686268673284,31.87,0.3351119216023216,97.43666666666667,3.3458083228621085,66.62666666666667,3.6617664225525552,-7.616747013915133e-16,-0.7400000000000171,1.587642385995653e-17,0,4,False,False,False,False,True
REAL-0443,24.0,0.0,4.175666666666666,0.09023487869628516,118.08333333333333,1.4880300176183723,33.083333333333336,0.168621864932556,90.53333333333335,7.0366350859862905,63.596666666666664,3.222954131434905,0.05949999999999948,-1.1550000000000427,-0.11750000000000123,0,3,False,False,False,True,False
REAL-0444,33.0,0.0,3.5593333333333335,0.013203534880225748,106.88666666666667,1.418179584302822,30.263333333333332,0.25696951829610737,98.00333333333333,1.5695009822658066,75.89333333333333,0.6870468203356606,0.004499999999999733,-1.0400000000000393,0.021500000000000262,1,4,False,False,False,False,True
REAL-0445,30.0,0.0,3.9583333333333335,0.24899062900706426,118.02666666666666,1.3232283753507226,29.763333333333332,0.4483674088661348,88.19333333333333,1.6584430449470784,64.68333333333334,3.8565831163522657,-0.23750000000000088,-0.9800000000000083,0.1295000000000008,1,2,False,False,True,False,False
REAL-0446,25.0,0.0,6.356999999999999,0.18662261384944698,179.38,1.030873416089481,56.46666666666667,2.540341184434352,107.50333333333333,2.9250868932962177,80.10000000000001,2.513085752615694,0.11899999999999841,0.8799999999999595,-0.24900000000000164,1,1,False,True,False,False,False
REAL-0447,28.0,0.0,3.6186666666666665,0.06591914238924304,101.02,2.177245966812192,25.47,0.2858321185591301,103.74333333333334,4.333039733643503,73.00333333333333,1.9665790940954653,0.06499999999999939,-1.9900000000000104,0.018999999999999465,0,4,False,False,False,False,True
REAL-0448,26.0,0.0,3.5493333333333332,0.04387862045841153,96.80333333333333,2.114150735717139,36.47666666666667,0.08736894948053844,106.16666666666667,2.404294768395365,80.20333333333333,4.734367257969473,-0.010000000000000979,-1.4250000000000156,0.07399999999999954,0,4,False,False,False,False,True
REAL-0449,22.0,0.0,3.721666666666667,0.10922606526527137,103.05,1.4262187770464958,33.47666666666667,0.18823743871327503,90.83333333333333,0.7746827307571412,64.98333333333333,0.5272886622461475,0.07049999999999947,1.1649999999999774,-0.1445,1,3,False,False,False,True,False
REAL-0450,26.0,0.0,4.288,0.12600396819148227,120.87333333333333,3.414810878120968,30.560000000000002,0.206639783197718,106.54666666666667,5.123322489687081,76.05333333333333,0.7847504911328953,-0.12550000000000106,-3.3300000000000116,-0.01949999999999888,0,0,True,False,False,False,False
REAL-0451,23.0,0.0,3.5043333333333333,0.007505553499465078,83.33333333333333,1.1562583333033047,21.47666666666667,0.2409010862020632,96.76333333333334,1.1038719732529447,67.01666666666667,0.9187128677303559,0.006499999999999584,0.059999999999990276,0.006499999999999507,0,4,False,False,False,False,True
REAL-0452,23.0,0.0,4.531333333333333,0.11757692517383397,135.28333333333333,1.1761944283719974,29.24333333333333,0.7375861531599769,96.00333333333333,1.8917276054795436,73.72333333333334,0.4816983841921538,-0.0995000000000008,0.38499999999999546,0.10849999999999943,1,0,True,False,False,False,False
REAL-0453,25.0,0.0,3.5210000000000004,0.03637306695894671,92.38333333333333,2.3013981257777574,39.15,0.6677574409918622,103.47333333333334,2.0557318242741065,69.59,4.086281928599638,-0.03150000000000021,-1.9650000000000083,0.03149999999999994,0,4,False,False,False,False,True
REAL-0454,72.0,0.0,4.3180000000000005,0.2829293197955981,116.38666666666666,2.279261576329786,19.276666666666667,0.5089531740085053,60.43333333333334,28.899289495303055,25.513333333333332,21.54873623517939,0.21149999999999927,-0.270000000000016,-0.32550000000000096,0,1,False,True,False,False,False
REAL-0455,24.0,0.0,3.6006666666666667,0.013012814197295214,100.72333333333334,3.265644397869035,37.78333333333333,0.4352393977265074,87.44666666666667,7.990183560678273,55.72,2.933121204450986,0.012999999999999115,-3.2050000000000325,0.000999999999999475,0,4,False,False,False,False,True
REAL-0456,38.0,0.0,6.242999999999999,0.19608416560242703,177.21333333333334,2.615823643392912,33.85333333333333,0.26025628394590633,96.13,8.088980158215248,63.876666666666665,3.7887376965598065,-0.1930000000000005,-1.7800000000000606,0.06000000000000072,1,0,True,False,False,False,False
REAL-0457,62.0,0.0,4.883,0.19779787663167647,139.95666666666668,5.010851557702873,26.473333333333333,0.49095145720664957,81.60666666666667,1.9248203379363304,51.16,2.1411212016137693,-0.13400000000000148,-2.585000000000033,0.2520000000000014,0,2,False,False,True,False,False
REAL-0458,24.0,0.0,3.514333333333333,0.024826061575153928,87.55,1.682884428592767,29.87,0.5802585630561605,96.46999999999998,5.595149685218449,70.33666666666666,2.4753652929079726,0.021499999999999585,-1.015000000000009,0.021499999999999866,0,4,False,False,False,False,True
REAL-0459,51.0,0.0,5.139666666666667,0.1187490350837983,146.39,3.6055096727092617,37.61666666666667,0.2055075018906448,115.61333333333333,1.7729166177046636,85.39666666666666,3.0274466689494846,0.11599999999999927,3.3249999999999726,-0.04399999999999985,1,3,False,False,False,True,False
REAL-0460,81.0,0.0,4.609666666666667,0.04428694314731281,134.10666666666665,5.030848172359546,25.863333333333333,0.1289702808143545,105.07,0.5428627819255953,75.54,5.484623961585694,-0.03500000000000011,5.0299999999999745,-0.04700000000000048,0,4,False,False,False,False,True
REAL-0461,48.0,0.0,4.312,0.110435501538228,120.01666666666667,2.1650481133991755,20.823333333333334,0.08736894948054091,105.39333333333333,1.0945470905051717,73.73,3.861074979846935,-0.08600000000000073,-2.1650000000000174,0.1200000000000011,0,0,True,False,False,False,False
REAL-0462,26.0,0.0,3.5,0.0,69.58666666666666,1.9437678187822025,21.74,0.12165525060596254,95.21666666666665,1.9231311274412204,65.24,1.9749430371532248,-7.616747013915133e-16,1.5099999999999887,1.587642385995653e-17,0,4,False,False,False,False,True
REAL-0463,39.0,0.0,3.5,0.0,71.83,10.691459208171725,35.07333333333333,0.22501851775650186,105.10000000000001,2.2983689869122386,72.02,0.697208720542127,-7.616747013915133e-16,10.52499999999999,1.587642385995653e-17,0,4,False,False,False,False,True
REAL-0464,37.0,0.0,3.5446666666666666,0.07736493607140979,85.84333333333332,2.4954825852594804,27.28333333333333,0.5484827557301458,108.47333333333334,2.416657471246871,77.63,0.6298412498399931,0.06699999999999963,-1.6550000000000102,0.06699999999999959,0,4,False,False,False,False,True
REAL-0465,34.0,0.0,4.293333333333334,0.019139836293274086,114.49000000000001,0.48280430818293074,24.25,0.305122926047848,121.52666666666666,0.3579571668975719,99.60333333333334,0.5330415868704186,0.004999999999998891,-0.19500000000003337,0.0319999999999998,0,4,False,False,False,False,True
REAL-0466,21.0,0.0,4.496333333333333,0.06744874597302292,126.67,4.025381969453344,21.74666666666667,0.3035347316755259,94.05,0.715052445628999,60.88666666666666,1.0488724104166962,0.061999999999999354,3.2949999999999724,-0.04600000000000102,0,3,False,False,False,True,False
REAL-0467,22.0,0.0,3.5,0.0,71.29666666666667,4.595980127604272,27.833333333333332,0.07571877794400571,79.06333333333333,1.9243267220857663,51.19,2.562869485557158,-7.616747013915133e-16,-3.9550000000000205,1.587642385995653e-17,0,4,False,False,False,False,True
REAL-0468,25.0,0.0,3.5,0.0,97.27666666666669,2.3870553687196603,37.026666666666664,0.2354428451521385,87.66666666666667,4.788343485312365,69.23666666666666,5.136899194390849,-7.616747013915133e-16,-2.3750000000000138,1.587642385995653e-17,0,4,False,False,False,False,True
REAL-0469,38.0,0.0,4.310666666666666,0.07404278042681285,120.48666666666666,0.45081407845511007,29.72,0.43405068828421534,62.47,26.282935528589647,25.296666666666667,26.521712488701276,0.0734999999999992,-0.1600000000000084,-0.015500000000000127,1,4,False,False,False,False,True
REAL-0470,27.0,0.0,5.491666666666667,0.08069902932088617,152.04333333333332,2.999505514802942,46.13333333333333,0.27153882472555124,112.56333333333333,4.771921346096698,78.36,1.797748591989443,-0.07600000000000037,-2.4750000000000036,-0.04700000000000015,0,4,False,False,False,False,True
REAL-0471,28.0,0.0,5.178333333333334,0.03400490160746418,144.79,0.7574298647399635,41.166666666666664,0.3875994496040132,112.67,0.2338803112705266,82.64,1.7779763777958333,0.01749999999999919,0.32499999999996115,-0.050499999999998504,0,4,False,False,False,False,True
REAL-0472,22.0,0.0,5.091666666666666,0.10325373278159611,136.67333333333332,0.3775358702604786,33.13666666666666,0.1096965511460327,103.45666666666666,1.297009380588024,73.51,3.241542842536553,0.0939999999999987,0.24999999999996492,-0.07400000000000058,0,3,False,False,False,True,False
REAL-0473,22.0,0.0,4.400333333333333,0.03594903800289147,119.72000000000001,1.3612126946219725,38.74333333333333,0.08144527815247289,94.92333333333333,10.4668349243376,60.92666666666667,3.810017497772595,-0.008500000000000393,1.2099999999999924,0.06050000000000206,0,4,False,False,False,False,True
REAL-0474,50.0,0.0,4.886,0.12277214667830787,136.82,1.0328601066940222,29.703333333333333,0.46715450691749927,120.98,4.2290779136828425,89.25999999999999,2.851438233593704,0.07849999999999874,0.7499999999999727,-0.16350000000000114,0,3,False,False,False,True,False
REAL-0475,24.0,0.0,4.155333333333333,0.11150037369145155,114.00999999999999,1.9950187969039406,29.03333333333333,0.4645786621588814,94.64666666666666,1.82110772150725,68.52666666666666,0.7419119444606146,0.07649999999999871,1.9949999999999752,-0.14049999999999924,0,3,False,False,False,True,False
REAL-0476,59.0,0.0,4.723333333333334,0.10438550346352413,135.41666666666666,3.059482527051498,27.153333333333336,0.5742241142039703,112.71333333333332,1.4147202314709875,85.33666666666666,0.9235980366660179,0.10349999999999884,2.734999999999992,-0.02350000000000102,0,3,False,False,False,True,False
REAL-0477,29.0,0.0,3.821,0.14549570440394455,107.37333333333333,3.6118462499576767,33.78,0.4750789408087887,109.74000000000001,3.6417578173184393,81.14333333333333,1.7839936472233644,-0.12650000000000147,-2.9700000000000237,0.12450000000000014,1,0,True,False,False,False,False
REAL-0478,31.0,0.0,3.8689999999999998,0.1332328788250107,110.87,4.220533141677724,23.47666666666667,0.7031595361888612,109.30666666666667,6.527551863703057,78.62666666666667,3.1608279506061914,0.12599999999999956,3.2350000000000025,-0.07500000000000084,0,3,False,False,False,True,False
REAL-0479,39.0,0.0,4.559,0.04557411546042314,123.02999999999999,3.473888311388268,25.583333333333332,0.4329357150124418,99.05333333333333,4.9666118565208395,72.89666666666666,2.398214613693548,0.04249999999999871,-2.335000000000019,-0.02850000000000066,0,4,False,False,False,False,True
REAL-0480,63.0,0.0,4.690666666666666,0.0489523577913602,132.09,2.5561885689439907,27.84,0.15524174696260054,113.40666666666668,4.461315202194679,87.02,4.981847047029846,0.04649999999999937,2.5549999999999615,0.026499999999999902,0,4,False,False,False,False,True
REAL-0481,35.0,0.0,5.464333333333333,0.22512292938155687,156.58,2.179977064099531,35.23333333333333,0.32593455375785585,97.03000000000002,2.34697677875176,68.13333333333334,1.3102035465275401,-0.1895000000000008,1.7999999999999658,0.2104999999999996,1,2,False,False,True,False,False
REAL-0482,29.0,0.0,4.185,0.07882258559575406,122.39666666666666,1.3134052433781982,35.61333333333334,0.6646302230062504,118.01666666666667,2.210346880770827,86.31666666666666,2.17277088836659,-0.06900000000000038,1.2049999999999748,0.06599999999999943,0,0,True,False,False,False,False
REAL-0483,28.0,0.0,3.5163333333333333,0.028290163190291623,85.43333333333334,0.3817503547258761,27.916666666666668,0.9404431579491314,94.66000000000001,3.1121053966728085,56.800000000000004,6.9078433682300515,0.024499999999998995,-0.07000000000000285,0.024500000000000518,0,4,False,False,False,False,True
REAL-0484,23.0,0.0,3.5,0.0,83.09666666666668,2.3774005412074124,38.24,0.1345362404707345,110.38333333333333,1.4759855464513743,86.54666666666667,2.4975254419791897,-7.616747013915133e-16,-2.2450000000000188,1.587642385995653e-17,0,4,False,False,False,False,True
REAL-0485,31.0,0.0,5.088666666666667,0.055581771592252395,145.04999999999998,0.8061637550770896,44.376666666666665,0.16258331197676074,62.29666666666666,31.585506697429018,25.243333333333336,26.701824531917914,-0.04300000000000037,-0.8050000000000151,0.061000000000001234,1,0,True,False,False,False,False
REAL-0486,24.0,0.0,4.829666666666667,0.13563308347646352,135.91333333333333,3.715176083758788,42.42666666666667,0.2730079363925748,95.69333333333333,0.6694276162015789,62.00666666666667,4.122381997502578,-0.09850000000000056,-3.6300000000000376,0.16150000000000025,1,0,True,False,False,False,False
REAL-0487,21.0,0.0,4.754666666666666,0.08690416177222664,137.58333333333334,5.854983632200302,40.843333333333334,0.14502873278537837,89.47666666666667,0.9947026356320463,64.43333333333334,3.254478964954815,0.035999999999999754,5.724999999999983,-0.13700000000000198,0,3,False,False,False,True,False
REAL-0488,58.0,0.0,6.299666666666667,0.037447741364911476,172.88666666666666,1.0744921280927688,46.57,0.48877397639399883,111.51333333333334,1.520405647626097,79.89999999999999,1.540681667314831,0.03699999999999868,-1.0700000000000591,0.009999999999998607,0,4,False,False,False,False,True
REAL-0489,28.0,0.0,3.592333333333334,0.11275785264598348,100.46333333333332,1.5067293497285226,25.683333333333334,0.21733231083604024,103.29333333333334,0.663802179367732,73.0,3.881507439127226,-0.10900000000000026,0.8149999999999912,0.050000000000000384,0,0,True,False,False,False,False
REAL-0490,67.0,0.0,6.91,0.03996248240537654,194.10999999999999,2.0072618165052454,25.94666666666667,0.6047589051294183,107.69,1.0112863096077145,81.19,2.696238120048014,-0.025000000000002423,-2.005000000000018,0.05400000000000074,0,4,False,False,False,False,True
REAL-0491,24.0,0.0,3.5,0.0,83.3,1.848350616089924,36.346666666666664,0.7170309151865997,100.43333333333334,6.578064558312981,67.11666666666666,0.7602850342689425,-7.616747013915133e-16,1.8299999999999865,1.587642385995653e-17,0,4,False,False,False,False,True
REAL-0492,42.0,0.0,3.5,0.0,88.58,0.693108938046534,33.29666666666666,0.2779088579612649,119.8,1.350111106539007,87.80666666666667,5.424484614535589,-7.616747013915133e-16,-0.5900000000000094,1.587642385995653e-17,0,4,False,False,False,False,True
REAL-0493,33.0,0.0,3.6526666666666667,0.0873231546231202,100.45666666666666,3.5188966073661936,33.00333333333333,0.18770544300401548,101.06,2.475015151468775,70.26,0.5565069631190639,0.07299999999999948,-3.2850000000000197,-0.08300000000000043,0,3,False,False,False,True,False
REAL-0494,45.0,0.0,4.435666666666667,0.34163479526145096,123.35666666666667,2.5575443951832684,28.810000000000002,0.1915724406066817,103.67,3.345011210743545,69.10000000000001,2.0876062847194223,-0.2910000000000013,-2.1250000000000115,0.310000000000001,1,2,False,False,True,False,False
REAL-0495,22.0,0.0,3.5,0.0,79.36333333333333,0.7023057263993655,10.0,8.660254037844387,59.843333333333334,24.502784195542624,26.040000000000003,22.596223135736643,-7.616747013915133e-16,-0.4350000000000263,1.587642385995653e-17,0,4,False,False,False,False,True
REAL-0496,66.0,0.0,5.8823333333333325,0.12514924423796317,166.23666666666668,0.6198655768255972,26.75,0.15524174696259962,97.34333333333332,5.199089663905916,72.93666666666667,0.5430776494510958,-0.1145000000000018,-0.585000000000012,0.08749999999999969,0,0,True,False,False,False,False
REAL-0497,30.0,0.0,3.924666666666667,0.2361659021394352,111.92666666666666,7.244759025208034,25.95,0.04358898943540591,97.12666666666667,4.136427605232961,72.10333333333334,2.091347253168,-0.22900000000000098,-7.050000000000018,0.09999999999999974,0,2,False,False,True,False,False
REAL-0498,25.0,0.0,3.5,0.0,80.57000000000001,1.2421352583354157,30.376666666666665,0.2750151510977751,97.81333333333333,4.523365266406561,71.20666666666666,2.9192864424946916,-7.616747013915133e-16,1.1849999999999983,1.587642385995653e-17,0,4,False,False,False,False,True
REAL-0499,55.0,0.0,6.728666666666666,0.2809027115094001,194.74666666666667,1.1903920922676303,25.593333333333334,0.47606022028030626,102.09333333333332,3.468808633138087,70.97333333333334,1.1541808061709162,-0.2415000000000015,-1.1700000000000448,0.24849999999999967,1,2,False,False,True,False,False
REAL-0500,39.0,0.0,5.3613333333333335,0.0427707064862545,155.43333333333334,1.353674012948957,29.459999999999997,0.5866003750425004,105.43,1.6271447384913291,76.37666666666667,2.8728615235220367,-0.02800000000000108,-0.5400000000000263,0.05600000000000091,0,4,False,False,False,False,True
REAL-0501,21.0,0.0,4.2540000000000004,0.05225897052181582,117.81666666666666,2.708954287789535,25.293333333333333,0.595510985065206,120.63,7.720498688556317,90.09333333333332,7.149442868736928,0.021499999999999,2.6149999999999918,0.08249999999999899,0,4,False,False,False,False,True
REAL-0502,28.0,0.0,3.5,0.0,83.38333333333333,2.473344564215299,36.89333333333334,0.6379132647416399,104.21666666666665,0.9984654893051282,69.38333333333334,3.2675577016073274,-7.616747013915133e-16,-2.41500000000002,1.587642385995653e-17,0,4,False,False,False,False,True
REAL-0503,41.0,0.0,3.5036666666666663,0.006350852961085953,33.333333333333336,28.867513459481287,39.14333333333334,0.3017173069834329,94.80666666666667,7.118218410061143,70.66333333333334,4.191232913276643,0.005499999999999276,-1.1490015437940192e-14,0.0054999999999995304,1,4,False,False,False,False,True
REAL-0504,41.0,0.0,3.5,0.0,93.39666666666666,2.1882946175808518,33.20333333333333,0.1504437879519555,93.03666666666668,6.1032477692891804,64.19,3.3047390214659913,-7.616747013915133e-16,-2.12500000000001,1.587642385995653e-17,0,4,False,False,False,False,True
REAL-0505,40.0,0.0,3.5483333333333333,0.029670411748631637,96.86333333333334,1.1509271624795907,37.53,0.24637369989509833,104.52,2.7702165980298386,75.99,1.8237050200073484,-0.029500000000000953,0.8749999999999686,-0.005500000000000541,0,4,False,False,False,False,True
REAL-0506,38.0,0.0,3.5046666666666666,0.008082903768654639,76.08,1.9930880562584237,33.55,0.25,112.89666666666666,1.5805484280253297,84.42666666666666,1.38399181115111,0.0069999999999991935,1.7599999999999916,0.0070000000000001086,0,4,False,False,False,False,True
REAL-0507,35.0,0.0,6.362333333333333,0.08590886644190678,178.42999999999998,1.443571958719071,36.39666666666667,0.3758102358017098,118.71999999999998,3.9755880068236515,90.34333333333332,0.9794045810252947,0.06199999999999899,-0.48500000000003607,-0.10300000000000058,1,3,False,False,False,True,False
REAL-0508,21.0,0.0,4.820666666666667,0.14743247041725036,129.89000000000001,3.2264066699658267,28.7,0.2645751311064584,88.37333333333333,6.736485235887724,63.81333333333333,4.024193500980456,0.13649999999999887,-3.225000000000024,-0.09650000000000068,0,3,False,False,False,True,False
REAL-0509,21.0,0.0,3.5276666666666667,0.04792007234273905,82.20666666666666,3.088840127512814,30.14,0.225388553391692,76.64999999999999,3.5902785407263393,50.72666666666667,3.6752460235109923,0.041499999999999065,-2.670000000000009,0.041500000000000585,0,4,False,False,False,False,True
REAL-0510,64.0,0.0,4.245333333333334,0.0347754702819866,117.82000000000001,2.7141849605360355,24.98,0.062449979983985354,107.89333333333333,2.727459135043704,79.02333333333333,1.476493594071213,-0.0070000000000004035,1.9499999999999642,0.0589999999999999,0,4,False,False,False,False,True
REAL-0511,46.0,0.0,3.532666666666666,0.056580326380583246,83.0,0.926768579527809,30.013333333333332,0.5084617324178227,105.56,5.949159604515587,71.06333333333333,5.597645338294789,0.04899999999999901,0.3299999999999759,0.04900000000000012,1,4,False,False,False,False,True
REAL-0512,21.0,0.0,4.993666666666667,0.08047566920090458,137.56333333333333,2.68116268311592,22.213333333333335,0.2685764943797834,98.25333333333333,0.20502032419575747,64.74,1.936285102974248,0.07249999999999907,-2.3750000000000084,-0.06050000000000067,0,3,False,False,False,True,False
REAL-0513,58.0,0.0,3.5,0.0,90.32333333333334,1.0781620162727625,24.183333333333334,0.07637626158259744,95.40666666666668,3.0634022480460033,66.66333333333334,2.133221351227604,-7.616747013915133e-16,0.904999999999997,1.587642385995653e-17,0,4,False,False,False,False,True
REAL-0514,22.0,0.0,3.5,0.0,90.87666666666667,0.10692676621563736,27.456666666666667,0.816353681521271,89.45666666666666,5.221545109767165,61.28666666666667,1.528735861204717,-7.616747013915133e-16,0.004999999999987294,1.587642385995653e-17,0,4,False,False,False,False,True
REAL-0515,24.0,0.0,3.5,0.0,97.04666666666667,2.0123949247931705,25.723333333333333,0.10785793124908867,84.03,1.7067805951556851,52.73666666666667,2.419304307716027,-7.616747013915133e-16,1.0899999999999848,1.587642385995653e-17,0,4,False,False,False,False,True
REAL-0516,28.0,0.0,6.091333333333334,0.21711133856464818,165.92,5.953729923333766,31.583333333333332,0.4352393977265071,103.31333333333333,4.231800247333671,69.81666666666666,1.4050029655959222,-0.21600000000000244,-5.390000000000031,0.03799999999999885,1,0,True,False,False,False,False
REAL-0517,53.0,0.0,5.064,0.1420598465436314,147.78666666666666,2.4843979820739954,30.343333333333334,0.30730007050655495,115.56,2.1786922683114307,89.08999999999999,3.0524088847990174,-0.1410000000000012,0.5899999999999599,0.03000000000000015,1,0,True,False,False,False,False
REAL-0518,51.0,0.0,4.448333333333333,0.2505779985021298,122.43666666666667,3.4684626757878423,37.156666666666666,1.150927162479597,118.97333333333334,5.578757328772536,90.57333333333334,2.4615103764423485,0.21599999999999955,-2.665000000000026,-0.21999999999999906,0,1,False,True,False,False,False
REAL-0519,41.0,0.0,3.5346666666666664,0.060044427995721066,73.29,4.955935834935728,32.71666666666667,0.13576941236277493,89.59666666666668,5.632515719759087,59.71,1.0989085494252904,0.05199999999999925,-4.365000000000018,0.052000000000000095,0,4,False,False,False,False,True
REAL-0520,60.0,0.0,4.745666666666667,0.015695009822658517,129.0,0.19999999999998863,19.673333333333332,0.22898325994127447,121.46666666666665,3.2602505016230534,96.05666666666667,4.203823656307826,0.014999999999999087,0.19999999999997062,-0.00800000000000182,0,4,False,False,False,False,True
REAL-0521,25.0,0.0,3.5,0.0,67.54333333333334,2.0828906196277734,24.853333333333335,0.16165807537309534,96.57666666666667,3.226644283668924,70.16666666666667,2.533324561388319,-7.616747013915133e-16,2.044999999999989,1.587642385995653e-17,0,4,False,False,False,False,True
REAL-0522,26.0,0.0,4.253333333333334,0.09784852238707184,124.18666666666667,2.435371292705349,32.949999999999996,0.47696960070847755,108.69333333333333,2.392829566294546,77.86333333333333,3.277107464416353,-0.07900000000000086,2.4299999999999926,-0.10000000000000152,0,4,False,False,False,False,True
REAL-0523,26.0,0.0,3.965666666666667,0.0660176744011278,114.31333333333333,4.138904847098239,10.0,8.660254037844387,57.45666666666667,25.75312472950289,25.679999999999996,24.010630978797703,0.04249999999999922,4.129999999999971,-0.08750000000000037,0,3,False,False,False,True,False
REAL-0524,45.0,0.0,4.477,0.05864298764558355,126.85333333333334,2.7969685971303524,34.00666666666667,0.2532455988429697,103.74666666666667,2.9689111359778546,77.03333333333333,3.0020048856278345,0.03649999999999918,-0.6300000000000372,-0.07950000000000036,1,3,False,False,False,True,False
REAL-0525,24.0,0.0,4.366666666666666,0.042723919920032355,126.21,3.572156211589848,31.72666666666667,0.39551653989856417,87.97333333333334,0.6815668223537199,59.31666666666666,3.8510820990123498,-0.04000000000000068,-3.4150000000000174,-0.026000000000000276,0,4,False,False,False,False,True
REAL-0526,21.0,0.0,3.5,0.0,85.10666666666667,1.6901577835614459,21.709999999999997,0.47148700936505183,87.06333333333333,2.8007558503613477,59.376666666666665,0.6069870948655611,-7.616747013915133e-16,0.40999999999997166,1.587642385995653e-17,0,4,False,False,False,False,True
REAL-0527,21.0,0.0,3.5,0.0,96.42666666666666,6.23978632112777,18.016666666666666,0.19035055380359028,99.04666666666667,3.6386994013429232,61.42333333333334,1.1759818592705125,-7.616747013915133e-16,6.21999999999999,1.587642385995653e-17,0,4,False,False,False,False,True
REAL-0528,24.0,0.0,4.184666666666667,0.14550028636856113,117.79666666666667,3.743665761434011,26.296666666666667,0.255016339345803,97.13,6.334769135493409,72.46,1.8945184084616362,-0.11450000000000103,-3.405000000000025,0.15549999999999942,0,0,True,False,False,False,False
REAL-0529,22.0,0.0,4.3660000000000005,0.15864425612041508,114.52666666666666,2.1421795754169013,30.596666666666664,0.18175074506954209,94.64333333333333,1.4972085136457591,64.8,2.306512518934158,0.15399999999999928,0.029999999999986458,-0.0660000000000002,0,3,False,False,False,True,False
REAL-0530,31.0,0.0,3.9023333333333334,0.09272180613714003,112.13,2.5872185837304085,24.69333333333333,0.08144527815246985,97.14666666666666,1.942738616832771,65.15666666666667,0.32470499431535427,-0.0920000000000005,2.3949999999999814,0.020000000000000344,0,0,True,False,False,False,False
REAL-0531,22.0,0.0,4.317666666666667,0.19113433321445206,120.31333333333333,1.8165993871333728,29.64,0.5092150822589598,88.79,4.331281565541538,58.82333333333333,2.6557359306477264,0.15549999999999906,1.079999999999985,-0.19250000000000206,0,1,False,True,False,False,False
REAL-0532,24.0,0.0,3.752333333333333,0.24538609034200246,110.16666666666667,3.751590773702983,45.330000000000005,0.03605551275463913,104.46666666666665,0.8483120495037983,74.45,2.886052667572098,-0.22050000000000072,-2.5600000000000276,0.18649999999999964,0,2,False,False,True,False,False
REAL-0533,29.0,0.0,3.5180000000000002,0.031176914536239754,85.47666666666667,0.6711433031278257,41.24333333333333,0.6468642309892627,96.73666666666666,4.489524844939972,63.583333333333336,1.324474738654284,0.026999999999999524,-0.49500000000000344,0.026999999999999663,0,4,False,False,False,False,True
REAL-0534,31.0,0.0,3.5276666666666667,0.04792007234273905,92.38333333333333,2.9675635348435807,29.689999999999998,0.31953090617341245,59.923333333333325,25.268095166302768,27.823333333333334,24.31115861766636,0.041499999999999065,2.714999999999993,0.041500000000000585,0,4,False,False,False,False,True
REAL-0535,24.0,0.0,3.5083333333333333,0.014433756729740593,76.73333333333333,2.640119946770098,33.379999999999995,0.27874719729532604,88.94333333333334,0.7343250869562725,54.78,0.6421059102671466,0.012499999999999727,2.6299999999999955,0.012499999999999123,0,4,False,False,False,False,True
REAL-0536,23.0,0.0,4.540666666666667,0.20946917036483736,134.05666666666664,2.719454602182825,33.15333333333333,0.4387862045841175,58.879999999999995,22.608956189970378,25.46666666666667,23.427994650275412,-0.17400000000000018,2.0549999999999624,0.20200000000000118,1,2,False,False,True,False,False
REAL-0537,46.0,0.0,3.795666666666667,0.07459445913292298,106.58,3.197561570947457,29.48,0.3843175770115112,113.52666666666666,2.960951423669983,90.07000000000001,2.6881406213217347,0.07449999999999948,2.889999999999977,-0.006500000000000353,0,4,False,False,False,False,True
REAL-0538,67.0,0.0,3.5,0.0,56.81333333333333,0.1761628034896499,21.646666666666665,0.18583146486355137,86.37666666666667,5.897197074317026,64.19333333333333,4.421044371337311,-7.616747013915133e-16,0.06999999999999533,1.587642385995653e-17,0,4,False,False,False,False,True
REAL-0539,23.0,0.0,4.5680000000000005,0.16139082997494028,123.71666666666665,2.9607150037336134,36.57666666666666,0.6137045977775759,108.03666666666668,1.6991272269413245,81.85333333333334,0.7617304860206936,0.15249999999999944,0.824999999999979,-0.09150000000000118,0,3,False,False,False,True,False
REAL-0540,32.0,0.0,4.664333333333333,0.16961525088662702,131.93333333333334,2.6984131139122014,36.32333333333333,0.08020806277010473,126.41000000000001,3.7412832023251017,92.21666666666665,2.8614914526053226,0.16899999999999957,-0.9100000000000084,-0.024999999999999963,1,3,False,False,False,True,False
REAL-0541,43.0,0.0,3.5976666666666666,0.08834213792598251,100.55,2.1387145672108723,39.449999999999996,0.05567764362829776,103.90333333333332,7.343203206594065,73.72666666666667,2.641312804900873,0.06049999999999959,2.0849999999999826,-0.11150000000000067,1,3,False,False,False,True,False
REAL-0542,27.0,0.0,4.591,0.019697715603592385,128.21,0.6030754513325696,32.04333333333333,0.7696969100453307,106.07666666666667,1.0567087268180035,75.21333333333332,6.5107782432926875,0.004999999999998837,0.5749999999999882,0.032999999999999016,1,4,False,False,False,False,True
REAL-0543,56.0,0.0,3.515,0.025980762113533153,90.63333333333333,1.2921816177818557,34.556666666666665,0.34501207708329945,117.39666666666666,3.152718403748315,83.95666666666666,0.6250066666311115,-0.022500000000000478,1.1699999999999922,0.022499999999999916,1,4,False,False,False,False,True
REAL-0544,25.0,0.0,3.5109999999999997,0.019052558883257537,80.79666666666667,4.322641939061499,40.03666666666667,0.786913802988187,119.01333333333332,3.6318911510855187,88.11333333333334,1.8250022831035957,0.016499999999999515,-3.3150000000000257,0.016499999999999775,0,4,False,False,False,False,True
REAL-0545,29.0,0.0,3.533333333333333,0.05773502691896269,85.22,5.112377137888014,31.936666666666667,0.26083200212652724,106.92666666666666,3.536443599625664,75.64333333333333,1.7622239736575238,0.049999999999999906,4.509999999999991,0.049999999999999864,0,4,False,False,False,False,True
REAL-0546,37.0,0.0,6.671333333333333,0.09581405603215684,187.28,1.3163965967746925,34.6,0.19974984355438175,114.08333333333333,2.6204070930550722,89.99000000000001,3.6344325554342074,-0.09050000000000069,0.7099999999999441,0.05449999999999865,1,0,True,False,False,False,False
REAL-0547,53.0,0.0,6.512333333333333,0.07200231477760496,187.9,1.7438749955200477,43.60333333333333,0.14502873278538106,103.57666666666667,0.7617304860207055,75.44666666666667,2.146213720330143,-0.03550000000000067,1.5599999999999674,0.10850000000000118,1,0,True,False,False,False,False
REAL-0548,28.0,0.0,4.790666666666667,0.07952567719506272,129.27333333333334,5.825198136830466,33.21333333333333,0.1150362261782496,98.51333333333334,3.79955699172066,64.17333333333333,2.1664794790935256,0.03799999999999836,-5.630000000000014,0.1210000000000007,0,4,False,False,False,False,True
REAL-0549,50.0,0.0,5.836333333333333,0.11750035460939418,164.79333333333332,1.7504666044610362,32.96666666666667,0.15275252316519608,111.85666666666667,2.1213282002871003,79.03,1.2164292005702604,-0.10100000000000041,-1.6100000000000336,0.10400000000000165,0,0,True,False,False,False,False
REAL-0550,37.0,0.0,6.623,0.09659710140578756,187.57333333333335,3.3743345022883027,28.569999999999997,0.1479864858694853,142.0666666666667,6.19241740625851,104.82333333333334,2.7522596776709376,0.0445000000000001,3.13999999999998,-0.14849999999999977,0,3,False,False,False,True,False
REAL-0551,21.0,0.0,4.183666666666666,0.04343193909248513,114.95333333333333,2.435001711156139,27.45,0.1228820572744455,96.01666666666667,5.306734714806578,70.51666666666667,1.5975084767641548,0.013499999999999679,-2.2600000000000224,0.0714999999999994,0,4,False,False,False,False,True
REAL-0552,25.0,0.0,3.5,0.0,83.76666666666667,1.5135499110810113,32.12,0.23065125189341715,99.47666666666667,3.285183911645347,63.85,3.6003749804707805,-7.616747013915133e-16,1.4999999999999862,1.587642385995653e-17,0,4,False,False,False,False,True
REAL-0553,66.0,0.0,3.9953333333333334,0.2465082824842473,113.59333333333332,1.126469410740177,27.92,0.24331050121192718,118.63,4.587886223523859,83.29,1.2704723531033637,-0.24650000000000094,-1.070000000000009,0.003500000000000101,0,0,True,False,False,False,False
REAL-0554,23.0,0.0,3.5,0.0,89.94333333333333,3.575812262036877,29.99,0.07810249675906766,91.21666666666665,3.527156550726568,62.31999999999999,8.01616491846319,-7.616747013915133e-16,-3.155000000000005,1.587642385995653e-17,0,4,False,False,False,False,True
REAL-0555,28.0,0.0,3.519666666666667,0.03406366588218802,83.16,2.8155994033242764,36.943333333333335,0.0450924975282308,96.58333333333333,0.39425034347902965,67.64,0.9920181449953407,0.029499999999999207,2.7199999999999895,0.02949999999999944,0,4,False,False,False,False,True
REAL-0556,37.0,0.0,4.214333333333333,0.13008202540448585,121.23333333333333,3.692821865908681,25.63,0.25159491250818355,100.58666666666666,3.3089172448602198,70.56,3.409384108603786,0.10499999999999937,2.8099999999999783,-0.13300000000000087,0,3,False,False,False,True,False
REAL-0557,30.0,0.0,3.5283333333333338,0.04907477288111817,96.04666666666667,3.6057916375372163,38.06333333333333,0.19756855350316696,97.55666666666667,3.1142628876402387,68.22666666666667,2.3246791893363157,0.042499999999999497,3.509999999999977,0.04249999999999934,0,4,False,False,False,False,True
REAL-0558,58.0,0.0,3.8526666666666665,0.07579797710581292,109.81666666666666,4.357893221882946,27.763333333333335,0.10969655114603045,100.29666666666667,2.0915624144006166,72.32666666666667,1.8569957817220082,-0.005000000000000475,4.35499999999999,-0.1310000000000015,0,3,False,False,False,True,False
REAL-0559,42.0,0.0,3.5956666666666663,0.1545779199411525,102.71,1.3191285001848847,46.24666666666667,0.591382560897203,96.94666666666667,5.1770100766111415,67.39,4.5959873803134,-0.13700000000000026,-1.2950000000000392,0.12399999999999951,0,0,True,False,False,False,False
REAL-0560,35.0,0.0,3.5,0.0,84.58333333333333,2.0568989604094225,30.03,0.16643316977093275,105.40333333333335,1.8562417227649355,73.41,6.819626089456806,-7.616747013915133e-16,2.02499999999999,1.587642385995653e-17,0,4,False,False,False,False,True
REAL-0561,54.0,0.0,4.342333333333333,0.24168229834502405,126.44333333333333,2.998004892146324,33.75666666666667,0.10214368964029491,106.54,3.5505070060485706,76.11333333333333,6.956502952873186,-0.20250000000000146,-2.725000000000016,0.22849999999999987,1,2,False,False,True,False,False
REAL-0562,28.0,0.0,6.8950000000000005,0.1311602073801347,195.96,7.588517641805934,41.166666666666664,0.2309401076758495,88.18,1.9519221295943145,61.61666666666667,2.125237241658759,0.09999999999999812,7.379999999999964,-0.14700000000000102,1,3,False,False,False,True,False
REAL-0563,24.0,0.0,3.5,0.0,87.24666666666667,2.280029239578588,37.47,0.16093476939431134,100.74000000000001,2.4522030910999186,66.97333333333333,2.1720113566308346,-7.616747013915133e-16,-2.270000000000034,1.587642385995653e-17,0,4,False,False,False,False,True
REAL-0564,32.0,0.0,3.514333333333333,0.024826061575153928,97.75,4.672140836918345,26.666666666666668,0.25774664562964367,93.10666666666667,6.508374092915472,55.083333333333336,2.900781503893964,0.021499999999999585,4.544999999999985,0.021499999999999866,0,4,False,False,False,False,True
REAL-0565,27.0,0.0,3.5090000000000003,0.015588457268120037,91.25666666666666,1.6104140254398291,32.483333333333334,0.09712534856222547,112.77,6.026250907488003,78.38666666666667,4.4265825795226394,0.013499999999999372,1.5949999999999738,0.0135,0,4,False,False,False,False,True
REAL-0566,22.0,0.0,3.5,0.0,96.23,2.403892676472893,25.820000000000004,0.4423799272118951,82.71,1.8423626136024265,52.076666666666675,2.1619744062623245,-7.616747013915133e-16,-2.155000000000021,1.587642385995653e-17,0,4,False,False,False,False,True
REAL-0567,21.0,0.0,3.5476666666666667,0.06697263122599681,99.89333333333333,0.9914299437344625,38.29333333333333,0.33246553706111154,103.94,4.349724129183369,73.60000000000001,0.8853812738024236,-0.05800000000000078,-0.6200000000000038,0.057999999999999816,0,0,True,False,False,False,False
REAL-0568,46.0,0.0,3.5,0.0,90.77333333333333,2.6246015570622014,32.07666666666666,0.1327905619136111,90.2,1.8377975949489134,64.89999999999999,5.145590345140191,-7.616747013915133e-16,-2.400000000000013,1.587642385995653e-17,0,4,False,False,False,False,True
REAL-0569,37.0,0.0,5.438666666666666,0.2809810195250447,154.48666666666668,4.818467944620279,31.276666666666667,0.26576932353703503,99.61666666666667,2.154096871854501,67.42,4.720794424670487,-0.2470000000000011,-4.800000000000036,0.23199999999999962,0,2,False,False,True,False,False
REAL-0570,33.0,0.0,4.315333333333333,0.23439781000114596,119.56666666666666,3.099424677796404,34.31666666666666,0.028867513459484774,96.71999999999998,0.9696906723280297,68.24333333333334,1.1650894100168228,0.2084999999999993,2.8399999999999728,-0.1855000000000011,1,1,False,True,False,False,False
REAL-0571,39.0,0.0,3.5,0.0,77.62333333333333,1.9524429142316386,32.73333333333333,0.825126252965774,107.74333333333334,1.7905958040086363,72.35000000000001,1.6145587632539113,-7.616747013915133e-16,-1.925000000000008,1.587642385995653e-17,0,4,False,False,False,False,True
REAL-0572,21.0,0.0,4.6610000000000005,0.2663813056503778,125.63666666666666,7.6703737414374595,22.49,0.12767145334803673,128.56666666666666,4.427644219371442,100.80666666666667,3.967950772544097,0.22199999999999864,6.674999999999976,-0.2550000000000018,0,1,False,True,False,False,False
REAL-0573,22.0,0.0,3.8966666666666665,0.03442867022313421,111.23666666666666,0.2970409623828533,29.593333333333334,0.08621678104251779,90.75666666666666,5.232994681187185,58.61333333333334,5.69589618351084,0.024999999999999155,0.2149999999999764,-0.04100000000000079,0,4,False,False,False,False,True
REAL-0574,22.0,0.0,3.5050000000000003,0.008660254037844458,96.18,6.843968147208166,34.916666666666664,0.2254624876411437,88.32666666666667,7.603317258495354,57.76666666666667,1.6563010998406438,-7.537135644512876e-16,6.660000000000002,-0.01500000000000049,0,4,False,False,False,False,True
REAL-0575,23.0,0.0,5.062666666666666,0.03622614157391479,143.14333333333332,3.2074028953864295,30.003333333333334,0.19399312702601945,116.40666666666668,1.4093024279172104,88.36666666666667,1.8661814845650233,-0.021500000000000293,-3.205000000000035,0.050499999999999434,0,4,False,False,False,False,True
REAL-0576,25.0,0.0,4.21,0.06710439627923077,120.60333333333334,4.031653920332609,35.29333333333333,0.33231511150312554,72.49666666666667,6.51007168419314,47.53333333333333,1.0956885202160935,0.06599999999999948,3.7849999999999806,0.020999999999999425,0,4,False,False,False,False,True
REAL-0577,35.0,0.0,3.980333333333333,0.12868695867621285,108.62,2.1966337883224907,24.12,0.14422205101855995,75.10333333333334,5.644345252846716,43.46333333333333,2.2406323512199284,-0.12800000000000078,-2.1300000000000305,0.022999999999998678,0,0,True,False,False,False,False
REAL-0578,21.0,0.0,4.139333333333333,0.24604945302384504,118.21,4.338813201786862,42.60666666666666,0.4406056437828865,111.72333333333334,4.5259400496839755,78.85333333333334,1.039054056983244,-0.1595000000000003,4.334999999999972,0.3245000000000009,1,2,False,False,True,False,False
REAL-0579,36.0,0.0,4.758666666666667,0.3132671916006105,133.67333333333332,4.636812842172245,27.136666666666667,0.12662279942148388,99.26666666666667,2.0605177342923655,70.64333333333333,1.8614600004655872,-0.25150000000000106,-4.600000000000035,0.3235000000000007,0,2,False,False,True,False,False
REAL-0580,62.0,0.0,7.136666666666667,0.13352652670287402,199.7733333333333,5.746036315003008,34.77333333333333,0.12701705922171805,103.15333333333332,1.5467492794028763,71.12333333333333,2.392745981781886,-0.10800000000000187,-5.220000000000005,0.13600000000000148,1,0,True,False,False,False,False
REAL-0581,21.0,0.0,5.477,0.3155439747483701,149.92999999999998,5.2277815562626495,42.199999999999996,0.576541412215984,125.40666666666668,3.3579209837834667,89.06333333333333,1.9001666593573618,0.27999999999999964,5.144999999999975,-0.25200000000000145,1,1,False,True,False,False,False
REAL-0582,27.0,0.0,3.7716666666666665,0.07836027905344227,106.78000000000002,2.731281750387529,24.703333333333333,0.25735837529276845,85.27666666666667,9.072278287912761,63.346666666666664,2.690916820218215,-0.0105000000000003,1.9399999999999684,0.1345000000000009,0,0,True,False,False,False,False
REAL-0583,62.0,0.0,4.380333333333334,0.15357517160444056,123.68666666666667,4.236181456610814,26.756666666666664,0.4619884558442267,110.00666666666666,2.025866069939799,76.25,2.7681582324715484,-0.09500000000000114,-3.540000000000025,0.2090000000000001,0,0,True,False,False,False,False
REAL-0584,42.0,0.0,3.5,0.0,97.95333333333333,2.959481936645892,38.76666666666667,0.2956912804486029,104.27666666666669,4.690483272897721,74.13000000000001,6.014141667769391,-7.616747013915133e-16,2.369999999999983,1.587642385995653e-17,0,4,False,False,False,False,True
REAL-0585,52.0,0.0,4.655,0.29744075040249657,124.61,3.7919783754657637,28.543333333333333,0.13576941236277448,109.62,3.2798628020086427,75.51,1.3517766087634464,-0.2380000000000009,-3.7550000000000177,0.30900000000000016,1,2,False,False,True,False,False
REAL-0586,22.0,0.0,3.5403333333333333,0.04771093515467213,93.74000000000001,0.6559725604017302,22.80333333333333,0.3394603560555107,87.88,2.615358484032353,56.26333333333333,1.5664077800283445,0.03249999999999939,0.1399999999999742,0.06050000000000022,0,4,False,False,False,False,True
REAL-0587,41.0,0.0,5.088,0.26387118069239746,147.54,3.9530747526450876,35.0,0.1479864858694869,99.48666666666668,2.118969875513411,67.16333333333334,3.988888734138029,-0.19600000000000128,-0.410000000000022,0.3060000000000007,1,2,False,False,True,False,False
REAL-0588,29.0,0.0,3.7143333333333337,0.06822267462752636,104.10666666666667,3.4651743582875243,24.05,0.29137604568666947,94.65333333333335,1.9824816098348403,64.24,0.6179805822192207,-0.0645000000000003,-3.330000000000022,-0.038500000000001214,0,4,False,False,False,False,True
REAL-0589,52.0,0.0,6.520333333333333,0.23252168357667982,172.08333333333334,3.4624028265546074,33.35666666666666,0.2596792893808279,112.06,0.07000000000000206,83.44666666666666,3.994675623042916,0.2324999999999991,0.6949999999999845,-0.005499999999999701,1,3,False,False,False,True,False
REAL-0590,25.0,0.0,3.5,0.0,73.28333333333333,0.2494660965609008,21.05333333333333,0.08962886439832612,59.75666666666666,30.350371222331585,27.576666666666664,23.698051256028066,-7.616747013915133e-16,0.044999999999991484,1.587642385995653e-17,0,4,False,False,False,False,True
REAL-0591,45.0,0.0,3.8976666666666664,0.1266859634424167,109.85000000000001,1.2318684994754916,46.54,0.22715633383200892,109.39999999999999,2.363725872431062,82.14333333333333,2.3465790703347964,0.12099999999999943,-0.7250000000000145,-0.06500000000000083,1,3,False,False,False,True,False
REAL-0592,24.0,0.0,3.9196666666666666,0.17103313519120592,111.07,3.7524525313453343,39.56666666666666,0.5204164998665325,109.06,4.379737435052474,78.97333333333334,2.067470273869322,0.12849999999999895,3.6649999999999756,-0.19550000000000028,0,1,False,True,False,False,False
REAL-0593,44.0,0.0,4.625666666666667,0.07000952316173402,133.26,2.3577107541002595,34.050000000000004,0.3080584360149857,110.59666666666668,2.0698389631402123,80.71666666666665,1.8309105202967568,0.03599999999999934,-2.0900000000000154,-0.1040000000000003,1,3,False,False,False,True,False
REAL-0594,25.0,0.0,3.5,0.0,82.75333333333333,1.0715098381878487,28.763333333333332,0.30005555041247617,82.01,2.8071159577046383,50.376666666666665,3.7442533746173368,-7.616747013915133e-16,-0.8500000000000056,1.587642385995653e-17,0,4,False,False,False,False,True
REAL-0595,34.0,0.0,4.300666666666667,0.19593451286930894,119.55333333333333,2.9869270719810577,33.59666666666667,0.4650089604871393,105.3,2.534423011259174,73.94333333333334,4.251556577694022,0.15299999999999936,0.10999999999998843,-0.21200000000000072,0,1,False,True,False,False,False
REAL-0596,22.0,0.0,6.811333333333333,0.10835281876044262,190.14333333333335,1.869768256585112,32.39666666666667,0.3435597958628651,113.00999999999999,0.4011234224026349,84.90333333333332,6.400018229140705,-0.042000000000000974,0.2249999999999411,0.1730000000000004,1,0,True,False,False,False,False
REAL-0597,46.0,0.0,3.5,0.0,71.44666666666666,3.8515624535158866,45.00333333333333,0.9311462470167275,102.35333333333334,3.7475369689081606,72.82666666666667,3.615416066420751,-7.616747013915133e-16,0.06999999999999167,1.587642385995653e-17,0,4,False,False,False,False,True
REAL-0598,21.0,0.0,3.528,0.04849742261192861,86.18,3.3342465415742732,28.05,0.5678908345800276,67.97,12.438356000693984,32.553333333333335,10.353725577459223,0.04199999999999953,2.269999999999996,0.042000000000000676,0,4,False,False,False,False,True
REAL-0599,38.0,0.0,6.345,0.11361778029868433,172.61666666666667,0.5960145412096174,36.876666666666665,0.1871719352182206,104.16333333333334,2.364874908601583,70.88666666666667,4.916221448768691,0.10949999999999936,-0.4950000000000207,-0.052500000000000324,1,3,False,False,False,True,False
REAL-0600,26.0,0.0,3.987,0.04899999999999982,110.83333333333333,1.5938736880108573,23.26,0.17691806012954137,73.33,6.421425075479739,38.663333333333334,1.310813996466825,-0.02450000000000021,0.13999999999998056,0.07349999999999866,0,4,False,False,False,False,True
REAL-0601,24.0,0.0,3.86,0.06824221567329122,109.81333333333333,1.5806749613166353,27.30333333333333,0.3696394639825846,116.19666666666667,1.2583057392117918,92.05,0.2722131517763286,0.0649999999999993,-0.18000000000001748,0.036000000000000504,0,4,False,False,False,False,True
REAL-0602,28.0,0.0,3.5056666666666665,0.009814954576223615,97.74333333333334,5.998119149644611,23.51,0.5026927491022712,60.95666666666667,24.490353883383012,26.583333333333332,23.09128046110335,-8.0803973527332715e-16,-5.805000000000016,-0.01699999999999965,0,4,False,False,False,False,True
REAL-0603,30.0,0.0,4.484,0.03517101079013785,122.57,1.2685818854137876,27.866666666666664,0.10692676621563497,99.89666666666666,1.6766136505866023,71.46,5.360979388134232,0.034999999999999705,-0.27500000000001884,0.0059999999999997096,0,4,False,False,False,False,True
REAL-0604,54.0,0.0,5.603000000000001,0.12752646784099342,152.55666666666664,4.28189599749146,35.13333333333333,0.12423096769055925,107.72333333333331,5.004571243706436,80.81,2.4087963799375007,-0.06150000000000055,-3.6650000000000515,0.1935000000000004,1,0,True,False,False,False,False
REAL-0605,36.0,0.0,6.463666666666666,0.21709291405601702,182.43666666666664,1.937429568612331,28.14,0.792653770570732,60.29,27.88090923911916,25.939999999999998,19.50692953798726,0.188999999999999,1.8749999999999518,-0.1850000000000019,1,1,False,True,False,False,False
REAL-0606,21.0,0.0,4.689333333333334,0.16190841032303877,124.39999999999999,4.104643711700199,35.593333333333334,0.19604421270043504,88.71666666666665,5.06454670561279,61.32,4.396009554129745,-0.13550000000000093,-4.090000000000019,0.15350000000000028,0,0,True,False,False,False,False
REAL-0607,22.0,0.0,6.565,0.17769355643916807,181.88666666666666,2.0307716103327382,40.083333333333336,0.22678918257565625,114.08333333333333,0.31659648345067093,77.92,2.729688626931646,-0.15750000000000058,-1.8800000000000399,0.14250000000000176,1,0,True,False,False,False,False
REAL-0608,25.0,0.0,3.5033333333333334,0.005773502691896167,90.35333333333334,2.7831157599592165,19.64,0.1352774925846858,94.41666666666667,2.3822328461620432,61.77666666666667,4.269664311551124,-3.4640775120603184e-17,2.3899999999999877,-0.009999999999999913,0,4,False,False,False,False,True
REAL-0609,27.0,0.0,5.314333333333333,0.040216083018281897,151.73333333333335,1.9040570719737608,41.376666666666665,0.12503332889007374,115.32,5.2946482413848885,80.33666666666666,0.6014427099344731,-0.011000000000000874,1.8899999999999797,-0.06700000000000067,0,4,False,False,False,False,True
REAL-0610,23.0,0.0,3.917333333333333,0.08727160668472506,110.93333333333334,3.370494523557822,23.936666666666667,0.07094598884597676,93.63,3.925162417021751,59.46666666666667,3.0667626796564043,-0.07350000000000086,-3.3700000000000023,0.08149999999999895,0,0,True,False,False,False,False
REAL-0611,24.0,0.0,3.7449999999999997,0.15131754690054972,103.23666666666666,3.6266559436115995,30.706666666666667,0.22479620400116399,80.04,1.440416606402465,54.74333333333334,0.9493330992509048,-0.1475000000000006,-2.7250000000000147,-0.05850000000000013,0,0,True,False,False,False,False
REAL-0612,36.0,0.0,6.303,0.13402984742213228,176.84666666666666,2.7077727624993386,32.800000000000004,0.5173006862551012,89.75666666666666,2.063354873339368,56.06666666666666,3.673041428208146,-0.09600000000000036,-1.1200000000000236,-0.1620000000000013,1,3,False,False,False,True,False
REAL-0613,40.0,0.0,5.9926666666666675,0.12386417292071733,169.14333333333335,1.0814958776312333,37.99333333333333,0.19604421270043448,115.71666666666665,2.1943639928993877,90.60666666666667,3.2212626923821817,-0.09650000000000057,0.4349999999999585,0.13449999999999993,1,0,True,False,False,False,False
REAL-0614,26.0,0.0,3.6603333333333334,0.05661566332149865,104.03333333333335,2.645927688606268,32.45333333333333,0.14571661996262847,113.62,4.218044570651193,84.77333333333333,2.6488550985913424,-0.05000000000000111,-2.5100000000000082,-0.046000000000000714,0,4,False,False,False,False,True
REAL-0615,50.0,0.0,5.148666666666666,0.12035918466545638,139.63666666666666,2.852127860621498,35.843333333333334,0.2550163393458029,107.37666666666667,7.399340060663063,78.24333333333333,3.452902160984773,0.11849999999999945,-2.4750000000000365,-0.036500000000000345,1,3,False,False,False,True,False
REAL-0616,27.0,0.0,3.5400000000000005,0.05919459434779495,103.08999999999999,2.7094464379278684,25.816666666666666,0.06658328118479213,106.60000000000001,5.517580991702793,71.45333333333333,0.7825811991949102,0.005999999999999713,0.9949999999999796,-0.10200000000000037,0,3,False,False,False,True,False
REAL-0617,30.0,0.0,4.258,0.32177165816771364,118.71,2.4926090748450656,28.55,0.17349351572897362,126.82333333333334,1.1874482444861993,98.64,2.124452870741079,-0.26950000000000107,-2.0050000000000217,0.3045000000000014,0,2,False,False,True,False,False
REAL-0618,23.0,0.0,3.5,0.0,68.01333333333334,1.3400497503202347,20.416666666666668,0.5834666514320518,93.42999999999999,5.205218535277843,62.35333333333333,3.7683993065137535,-7.616747013915133e-16,1.3399999999999852,1.587642385995653e-17,0,4,False,False,False,False,True
REAL-0619,50.0,0.0,3.7720000000000002,0.08128345465099276,109.37,3.430291532800097,28.006666666666664,0.23158871590242183,112.82333333333334,3.3216913362522598,76.51,3.008138959556222,0.030499999999999455,-2.5650000000000155,0.13050000000000095,1,4,False,False,False,False,True
REAL-0620,24.0,0.0,4.425666666666667,0.11898039054118638,120.39666666666666,3.2207504301533976,32.72666666666667,0.28919428302325395,59.54333333333333,27.53967380586294,29.996666666666666,21.287508856917317,0.11849999999999952,-2.9850000000000163,-0.018500000000000145,1,3,False,False,False,True,False
REAL-0621,28.0,0.0,3.985333333333333,0.03061590000854646,111.37333333333333,1.9759892037491817,38.093333333333334,0.46360903068569514,118.29,1.9445565047074418,92.22666666666667,2.48020832458351,-0.0010000000000004844,1.8999999999999764,0.05299999999999947,0,4,False,False,False,False,True
REAL-0622,28.0,0.0,3.5606666666666666,0.052690922684399115,92.47666666666667,0.7159841711471985,24.323333333333334,0.20502032419575783,107.06333333333333,5.935556699529823,75.66333333333334,4.754937784380929,0.04349999999999971,-0.5850000000000338,-0.05150000000000054,0,3,False,False,False,True,False
REAL-0623,45.0,0.0,6.390000000000001,0.20147208243327475,179.26999999999998,6.058077252726325,40.97,0.2286919325205835,122.93333333333334,1.972418143633169,94.02,0.6898550572402883,0.189499999999999,5.124999999999981,-0.11850000000000008,0,1,False,True,False,False,False
REAL-0624,21.0,0.0,3.514333333333333,0.024826061575153928,96.87,2.5862907802488078,43.42333333333334,0.18717193521821646,95.11666666666667,0.7899578047803146,72.85666666666667,7.606801780862527,0.021499999999999585,0.7149999999999884,0.021499999999999866,0,4,False,False,False,False,True
REAL-0625,21.0,0.0,3.8676666666666666,0.05063924696649173,111.0,3.04078937119952,30.643333333333334,0.4652239604033024,99.72666666666667,3.8204362752614194,61.95333333333334,5.84484673309175,-0.015500000000000222,-1.580000000000021,0.08349999999999978,0,4,False,False,False,False,True
REAL-0626,29.0,0.0,3.5336666666666665,0.058312377188152256,88.55333333333334,2.6366708807383104,37.77,0.2042057785666218,118.60333333333334,2.9945673031897875,86.94,2.8009105662266243,0.050499999999999,-2.3200000000000123,0.05050000000000054,0,4,False,False,False,False,True
REAL-0627,21.0,0.0,4.4943333333333335,0.09091937820582231,124.61,4.158737789281746,24.78,0.12999999999999834,96.01333333333332,0.9400177303292309,67.92333333333333,2.7141174133285655,0.018999999999999278,-4.14500000000003,-0.15400000000000152,0,3,False,False,False,True,False
REAL-0628,21.0,0.0,4.733,0.27211578418018995,134.20666666666668,3.0679037359952193,32.50666666666667,0.13613718571108172,112.35333333333334,0.8818919056966876,77.81,3.3074612620558312,-0.24050000000000127,-2.4000000000000257,0.2204999999999987,0,2,False,False,True,False,False
REAL-0629,45.0,0.0,4.697333333333333,0.045214304521172415,125.94666666666667,2.385420997084858,34.14666666666667,0.46014490471299807,112.62333333333333,1.9367584602457075,80.27999999999999,3.3226044001656234,-0.03550000000000087,-1.5900000000000083,0.04849999999999927,0,4,False,False,False,False,True
REAL-0630,21.0,0.0,3.517,0.029444863728671066,93.26333333333332,1.0587886159821156,24.74,0.24248711305964482,97.44,3.1023700617431165,63.57333333333333,4.636532468702586,0.025499999999999252,0.8449999999999824,0.02549999999999975,0,4,False,False,False,False,True
REAL-0631,34.0,0.0,4.193333333333334,0.026083200212652903,114.82333333333334,2.6815356296967803,28.060000000000002,1.057733425774189,91.02,2.1851544567833128,66.31666666666666,1.5775402794646172,-0.017500000000001088,-2.5850000000000115,0.03350000000000118,1,4,False,False,False,False,True
REAL-0632,24.0,0.0,3.798,0.07366817494685214,103.27666666666666,2.0404983051532595,34.666666666666664,0.18770544300401515,109.38333333333333,0.8489012506371618,78.51666666666667,0.8846091415610302,-0.04950000000000068,-1.7150000000000092,0.09449999999999963,0,0,True,False,False,False,False
REAL-0633,23.0,0.0,3.9546666666666668,0.058586118947522886,110.78000000000002,0.6869497798238242,26.650000000000002,0.6144102863722256,91.70333333333333,2.00535117456602,56.99,8.717379193312631,0.05849999999999911,0.6599999999999754,0.005500000000000277,0,4,False,False,False,False,True
REAL-0634,22.0,0.0,4.529,0.2373246721266041,124.66333333333334,5.4280782357417525,27.363333333333333,0.1234233905438237,119.03333333333335,1.6824486123900877,85.22333333333334,0.6539367961304255,0.1534999999999995,4.594999999999977,-0.3135000000000021,0,1,False,True,False,False,False
REAL-0635,31.0,0.0,3.5526666666666666,0.09122134253196082,94.32,2.130938760265061,26.233333333333334,0.6211548384528054,91.67,3.2552572862985762,60.82333333333333,1.4419546918448376,0.07899999999999936,-0.7099999999999963,0.07900000000000068,0,4,False,False,False,False,True
REAL-0636,38.0,0.0,3.8633333333333333,0.13662113062529285,103.33333333333333,2.3325808310395857,31.820000000000004,0.8430895563343215,97.21,0.9159148432032379,71.95,1.1369696565871972,0.12299999999999926,2.259999999999972,-0.10300000000000097,1,3,False,False,False,True,False
REAL-0637,48.0,0.0,3.8093333333333335,0.057492028432934356,105.16333333333334,1.0555725144836494,28.736666666666668,0.05686240703077284,106.31,2.1970662256745963,76.57333333333334,1.2060403531115,0.05499999999999945,0.31499999999997397,0.02899999999999989,0,4,False,False,False,False,True
REAL-0638,23.0,0.0,3.5,0.0,94.19666666666666,1.236783462588873,31.820000000000004,0.8515867542417488,100.78000000000002,3.284828762660246,82.13333333333334,2.0539311900191057,-7.616747013915133e-16,-1.225000000000017,1.587642385995653e-17,0,4,False,False,False,False,True
REAL-0639,32.0,0.0,3.547333333333333,0.0819837382249266,96.32,3.5393360959366382,40.93333333333333,0.5507570547286118,101.80333333333333,7.580714566143051,75.11,1.2801171821360684,-0.07100000000000077,-3.490000000000025,0.07100000000000037,1,0,True,False,False,False,False
REAL-0640,28.0,0.0,3.578333333333333,0.1356773132595618,98.81333333333333,2.555725598207552,19.826666666666668,0.46576102599222813,102.96666666666665,1.1499710141274602,75.59,3.4901146112986043,-0.11750000000000033,-2.3400000000000127,0.11750000000000056,0,0,True,False,False,False,False
REAL-0641,27.0,0.0,3.693,0.058999999999999886,101.31333333333333,0.6087144924620514,29.55666666666667,0.3234707611722163,114.25666666666666,2.450904594906405,86.02666666666666,2.1709982342999092,0.05899999999999935,-0.1300000000000221,-8.724222751015169e-16,0,4,False,False,False,False,True
REAL-0642,24.0,0.0,4.575,0.22948420424944285,125.27,3.4227620425615295,34.373333333333335,0.35571524191877696,97.86333333333334,1.9001666593573572,67.72333333333334,5.236070409508777,0.2184999999999996,2.4749999999999868,-0.1215000000000012,0,1,False,True,False,False,False
REAL-0643,50.0,0.0,5.303999999999999,0.2961874406520306,146.5533333333333,4.925214039342197,29.736666666666668,0.409918691124635,109.74,1.6597288935244818,79.11,1.748256274120017,-0.2555000000000006,-4.910000000000034,0.259500000000001,1,2,False,False,True,False,False
REAL-0644,31.0,0.0,3.5,0.0,88.69666666666666,3.5966975593359667,27.86,0.3609709129555999,58.64000000000001,25.09639017866912,28.23,24.097030937441232,-7.616747013915133e-16,-3.415000000000007,1.587642385995653e-17,0,4,False,False,False,False,True
REAL-0645,27.0,0.0,3.763666666666667,0.026857649437978085,103.93,0.8418432158068379,27.613333333333333,0.18036999011291371,103.03333333333335,4.744442362736997,72.28,0.556506963119065,-0.02500000000000039,-0.24500000000002417,-0.01699999999999924,0,4,False,False,False,False,True
REAL-0646,30.0,0.0,5.639666666666667,0.15724291186992567,157.92666666666665,3.2118738040796915,39.71666666666667,0.30138568866708776,109.83666666666666,2.0108290164341,72.81333333333333,3.773716117215672,-0.1320000000000016,-3.110000000000045,0.14799999999999952,0,0,True,False,False,False,False
REAL-0647,33.0,0.0,6.046666666666667,0.028378395538390232,165.62,1.280585803450901,23.396666666666665,0.25501633934580076,102.52,3.9485566983392797,70.20666666666666,3.502803638991673,0.027999999999999445,0.4599999999999933,-0.0079999999999995,1,4,False,False,False,False,True
REAL-0648,22.0,0.0,6.335333333333334,0.2615192790853733,177.9,5.463689229815312,37.93333333333333,0.1159022576714265,82.52666666666666,2.74029803731881,47.196666666666665,1.1815385450053375,0.24399999999999936,5.379999999999962,-0.16300000000000203,1,1,False,True,False,False,False
REAL-0649,42.0,0.0,4.803333333333334,0.11204612145600254,135.44,3.444314155241937,28.213333333333335,0.2419366308216526,116.62,6.596885628840326,81.83333333333333,3.0003555344880883,0.09849999999999874,3.4099999999999775,-0.09250000000000123,1,3,False,False,False,True,False
REAL-0650,23.0,0.0,3.7373333333333334,0.08809275414773533,106.10666666666667,1.232936873215061,26.810000000000002,0.4150903516103452,88.18333333333334,1.07518990570658,55.656666666666666,1.8503062809527884,0.08249999999999928,-0.9600000000000237,-0.05350000000000021,0,3,False,False,False,True,False
REAL-0651,23.0,0.0,3.5229999999999997,0.039837168574084085,91.46,2.3638104830971463,24.853333333333335,0.5918051481132374,85.12666666666667,7.734664396942717,54.13666666666666,1.3850030084203184,0.03449999999999928,-2.3300000000000076,0.034500000000000024,0,4,False,False,False,False,True
REAL-0652,27.0,0.0,4.015333333333333,0.09743886972524564,117.21333333333332,3.724584988066907,33.78666666666667,0.11060440015357875,90.07666666666667,2.7646579052991993,58.93666666666667,1.1150934191059199,0.05649999999999924,3.719999999999982,-0.13750000000000134,0,3,False,False,False,True,False
REAL-0653,28.0,0.0,4.3693333333333335,0.134113136319054,126.45333333333333,3.3192971143501673,34.303333333333335,0.18175074506954195,104.3,1.0113357503816423,73.90333333333334,5.213197994833245,-0.12850000000000067,1.439999999999966,0.0664999999999993,0,0,True,False,False,False,False
REAL-0654,27.0,0.0,4.4430000000000005,0.02690724809414726,122.52333333333333,2.275661076112467,26.706666666666667,0.5064911976859355,84.84666666666668,4.059511464860436,56.60333333333333,1.5174100742163705,-0.01900000000000083,-0.6350000000000257,0.03299999999999926,0,4,False,False,False,False,True
REAL-0655,22.0,0.0,3.6526666666666667,0.20221111080584409,102.32000000000001,3.2307429486110455,34.22,0.35042830935870156,99.26666666666667,0.6304231383232438,70.23666666666666,0.19756855350316202,-0.19100000000000092,0.5299999999999836,0.11500000000000077,0,0,True,False,False,False,False
REAL-0656,25.0,0.0,5.721666666666667,0.05014312847572768,153.62,1.3750272724568047,38.32333333333333,0.38004385711827426,82.04333333333334,1.2396101537714685,51.906666666666666,0.9279188182881812,0.040999999999998885,0.6799999999999923,-0.04999999999999916,1,3,False,False,False,True,False
REAL-0657,22.0,0.0,3.513666666666667,0.023671361036774613,100.8,6.062474742215434,22.060000000000002,0.43312815655415304,90.64333333333333,1.8374257354607089,57.60999999999999,2.7848339268258018,-7.274631697780131e-16,6.059999999999999,-0.0410000000000001,0,4,False,False,False,False,True
REAL-0658,41.0,0.0,4.164666666666666,0.048757905341937,120.33,2.1540427108114586,39.20333333333333,0.28676354952004357,109.17999999999999,1.301844844825985,80.30666666666667,1.612027708612141,-0.0370000000000009,2.1349999999999705,0.05499999999999934,0,4,False,False,False,False,True
REAL-0659,51.0,0.0,4.535333333333333,0.05601190349678652,129.37,2.7070094200057726,38.696666666666665,0.7899578047803157,138.84666666666666,1.345560601880626,107.52333333333333,1.9365519185741804,0.055999999999998884,-1.765000000000019,0.0020000000000002117,0,4,False,False,False,False,True
REAL-0660,27.0,0.0,3.5,0.0,80.74333333333333,1.8787318417840633,34.11333333333334,0.15885003409924947,114.85000000000001,9.96105918062933,83.44,3.3074612620558375,-7.616747013915133e-16,1.7649999999999915,1.587642385995653e-17,1,4,False,False,False,False,True
REAL-0661,54.0,0.0,5.82,0.09165696918401792,160.65666666666667,1.7707719597207647,27.766666666666666,0.32516662395352536,114.36,1.7263545406433745,84.80333333333334,1.5626046631612598,0.06949999999999892,-1.3349999999999969,-0.10350000000000006,0,3,False,False,False,True,False
REAL-0662,22.0,0.0,7.022666666666666,0.1383485935357976,196.24333333333334,2.7017833616582423,42.93666666666667,0.11930353445448753,106.55,3.2261277098093837,75.88,2.733184955322265,0.13799999999999937,1.264999999999943,-0.017000000000001434,1,3,False,False,False,True,False
REAL-0663,43.0,0.0,5.803,0.04059556626036852,166.46,1.9567064164048926,37.663333333333334,0.3295957119462192,133.40666666666667,1.0152011294976597,105.92,0.3119294792096412,0.03999999999999887,1.8999999999999557,0.011999999999998961,1,4,False,False,False,False,True
REAL-0664,40.0,0.0,5.328333333333333,0.21012932525788325,147.16333333333333,2.3782836948802797,38.15333333333333,0.25006665778014564,109.33,2.0632740971572323,78.22333333333334,7.649583866677541,0.18699999999999908,-1.4650000000000136,-0.16599999999999934,1,1,False,True,False,False,False
REAL-0665,40.0,0.0,3.9676666666666662,0.24789581144773976,114.16333333333334,1.06828523032631,33.46,0.32511536414017733,88.69666666666667,1.7150024295415194,58.653333333333336,2.18195630875903,0.22649999999999954,-0.7850000000000338,-0.17450000000000113,1,1,False,True,False,False,False
REAL-0666,24.0,0.0,4.082333333333334,0.0748420559133253,112.70666666666666,2.564104782050328,34.873333333333335,0.07505553499465428,108.15333333333335,1.1102402142479493,78.75333333333333,2.9388149539114123,-0.056000000000000306,-2.490000000000029,0.08600000000000076,0,0,True,False,False,False,False
REAL-0667,70.0,0.0,5.375333333333334,0.17758753710025194,148.61,3.6050104022041434,32.50666666666667,0.12013880860626654,117.92,1.671436507917659,78.0,0.6750555532695076,-0.12700000000000106,-1.7950000000000192,0.21499999999999925,1,2,False,False,True,False,False
REAL-0668,40.0,0.0,4.0889999999999995,0.1001798382909458,111.66000000000001,1.7745703705404372,27.786666666666665,0.33171272711991723,100.29,3.5597893196086736,72.09666666666666,1.8941048897390333,-0.07700000000000079,-1.6800000000000135,0.11100000000000078,1,0,True,False,False,False,False
REAL-0669,43.0,0.0,3.528,0.04849742261192867,95.24666666666667,2.9936154284298655,34.093333333333334,0.2437895267096861,90.58666666666666,6.660062562268711,57.85333333333333,4.497169480165648,-9.849534764754225e-16,1.8099999999999794,-0.08399999999999998,0,3,False,False,False,True,False
REAL-0670,45.0,0.0,5.347333333333334,0.09897642817021247,151.89666666666668,2.12533134671593,31.066666666666666,0.5493025881363868,111.64333333333333,2.5640657817874595,76.46,4.573707467689637,0.06349999999999915,-1.095000000000022,-0.13150000000000125,0,3,False,False,False,True,False
REAL-0671,49.0,0.0,5.9559999999999995,0.12826534995859143,165.0,1.5600000000000023,33.193333333333335,0.7657893531078477,99.86666666666667,0.20256686138985466,68.83666666666666,3.0715034320888113,-0.12300000000000091,-1.5600000000000107,0.06299999999999988,0,0,True,False,False,False,False
REAL-0672,21.0,0.0,3.515,0.014106735979666109,98.27666666666669,1.6117175104010402,25.26,0.35156791662493914,88.18333333333334,2.310418432521115,59.946666666666665,1.6074928719385788,0.013999999999999312,1.4849999999999857,-0.00299999999999908,0,4,False,False,False,False,True
REAL-0673,47.0,0.0,3.5,0.0,66.40666666666667,1.777198169404113,35.43,0.2042057785666201,137.29999999999998,4.3909793896123,105.42333333333333,5.263576097420206,-7.616747013915133e-16,1.1199999999999837,1.587642385995653e-17,0,4,False,False,False,False,True
REAL-0674,22.0,0.0,4.233333333333333,0.08064944719793991,123.12,1.6033714479184251,55.76666666666667,1.3279056191361376,130.07000000000002,1.8423626136024258,101.79666666666667,2.388311816604631,-0.03600000000000081,1.5999999999999726,0.1249999999999988,0,0,True,False,False,False,False
REAL-0675,68.0,0.0,3.560333333333334,0.10450039872332229,91.05333333333333,0.9910768554119906,35.42333333333333,0.323470761172216,109.89666666666666,1.9515720159228895,79.05666666666667,1.0355835713902315,0.09049999999999933,-0.9900000000000055,0.09049999999999961,0,4,False,False,False,False,True
REAL-0676,31.0,0.0,6.857333333333333,0.12906329196690056,193.67666666666665,1.146051191410461,30.756666666666664,0.2746512940681929,99.86666666666667,1.1779784944273646,67.47000000000001,1.3682470537150808,-0.09300000000000162,0.0049999999999609515,0.1549999999999995,1,0,True,False,False,False,False
REAL-0677,53.0,0.0,5.473,0.23160958529387338,156.9466666666667,2.413510582809469,24.94333333333333,0.18339392937971932,114.67333333333333,1.790232759540881,89.98333333333333,0.6460908088909276,-0.18750000000000075,-2.27000000000004,0.23550000000000046,1,2,False,False,True,False,False
REAL-0678,25.0,0.0,3.5,0.0,92.62333333333333,0.8964559851623083,35.413333333333334,0.12662279942148372,90.61,5.716791057927518,63.64666666666667,3.282260399988599,-7.616747013915133e-16,-0.8350000000000191,1.587642385995653e-17,0,4,False,False,False,False,True
REAL-0679,25.0,0.0,4.306333333333334,0.0702376916856853,121.62666666666667,1.6895364255716263,35.96333333333333,0.3564173583501938,81.21333333333332,1.9141926061223082,54.93666666666667,1.1071735786828238,0.0699999999999995,1.5999999999999848,-0.01000000000000077,1,4,False,False,False,False,True
REAL-0680,23.0,0.0,3.7123333333333335,0.0937247743840087,99.34333333333332,2.433029661416672,24.349999999999998,0.350000000000001,85.58666666666666,3.7502844336574497,57.343333333333334,0.26576932353703486,0.07449999999999937,1.9649999999999925,-0.09849999999999984,0,3,False,False,False,True,False
REAL-0681,22.0,0.0,3.5556666666666668,0.09641749495466734,55.50333333333333,2.0017575610781027,24.02333333333333,0.3501904243884073,82.22000000000001,2.8031946061592024,59.53333333333333,2.9369428549655705,0.08349999999999928,-1.9550000000000096,0.08350000000000003,0,4,False,False,False,False,True
REAL-0682,26.0,0.0,5.837,0.09753460924205325,161.50666666666666,4.679544137342146,49.446666666666665,0.3464582706955236,102.11,3.3223335172736657,76.11,2.7293039405679913,0.016499999999999116,-4.660000000000014,0.16650000000000056,1,0,True,False,False,False,False
REAL-0683,22.0,0.0,3.5229999999999997,0.039837168574084085,92.98333333333333,1.762223973657531,44.56333333333333,0.4162130864513192,100.62666666666667,1.0661300733650325,59.00333333333333,2.4408263627987394,0.03449999999999928,0.23499999999999946,0.034500000000000024,0,4,False,False,False,False,True
REAL-0684,27.0,0.0,4.385333333333333,0.29594312516653193,127.35000000000001,6.010066555371916,32.20333333333333,0.14224392195567734,108.25333333333333,1.3823651230168303,79.56333333333333,0.9493330992509056,-0.2535000000000009,-5.6550000000000304,0.2645000000000001,1,2,False,False,True,False,False
REAL-0685,69.0,0.0,4.737,0.09627045237247003,135.59666666666666,4.518521144504401,10.0,8.660254037844387,111.53333333333335,2.5874762478781026,81.85000000000001,1.2735383779062146,-0.06500000000000085,-4.505000000000047,0.12300000000000094,0,0,True,False,False,False,False
REAL-0686,25.0,0.0,4.646333333333334,0.22206830780940692,126.24000000000001,2.5987689393249243,33.29333333333333,0.5559076661940674,100.35666666666667,2.6684327485123873,74.32000000000001,2.832437113158924,0.20899999999999985,1.0199999999999718,-0.13000000000000028,0,1,False,True,False,False,False
REAL-0687,22.0,0.0,4.753333333333333,0.19376360167310464,133.50333333333333,4.781007564659699,23.150000000000002,0.2783882181414999,93.88333333333333,3.4445947995857678,66.23333333333333,2.3366928196349095,-0.14950000000000144,3.69499999999998,0.21350000000000033,0,2,False,False,True,False,False
REAL-0688,29.0,0.0,3.69,0.1568725597419763,105.83,1.6839536810732039,27.826666666666668,0.6161439225808645,78.33999999999999,1.6123275101541936,51.080000000000005,0.4757099956906528,0.15149999999999933,1.3449999999999753,-0.07050000000000062,0,3,False,False,False,True,False
REAL-0689,23.0,0.0,5.072333333333334,0.1501543650159175,137.58333333333334,2.096624270901523,23.973333333333333,0.33827996294982443,104.51333333333334,3.0631574124313827,69.28,3.002315772866002,0.12099999999999925,-0.12500000000005285,-0.15400000000000025,0,1,False,True,False,False,False
REAL-0690,46.0,0.0,5.402666666666666,0.15757643647872335,145.36,1.2406852945046165,46.14000000000001,0.4912229636326038,113.26333333333332,1.3202398771940407,76.23333333333333,7.347763832169157,-0.14250000000000113,-0.3900000000000213,0.11650000000000021,1,0,True,False,False,False,False
REAL-0691,34.0,0.0,3.8360000000000003,0.19959208401136594,108.83666666666666,1.752208130712025,24.863333333333333,0.34961884007206206,110.74666666666667,3.245771608313402,79.93,0.6158733636065093,-0.18300000000000113,0.7349999999999863,0.13800000000000107,0,0,True,False,False,False,False
REAL-0692,44.0,0.0,5.825333333333333,0.34976754185220404,160.70000000000002,2.7619558287561343,42.196666666666665,0.14571661996262797,141.29,4.170803279945023,111.63666666666666,1.7712801397106375,-0.2710000000000007,-1.4699999999999962,0.3830000000000021,1,2,False,False,True,False,False
REAL-0693,23.0,0.0,4.512333333333333,0.1256436760578635,121.17999999999999,1.75692913915161,39.22,0.2986636904613599,98.87333333333333,3.09115404555213,68.11999999999999,1.543502510525976,0.12499999999999897,1.749999999999988,-0.022000000000000332,0,3,False,False,False,True,False
REAL-0694,43.0,0.0,4.645333333333333,0.2810432944109025,130.17333333333332,1.6421429089252129,38.53333333333333,0.03055050463304022,95.69,3.7912135260362207,61.696666666666665,1.7482658074026773,-0.2570000000000018,-1.2900000000000365,0.1969999999999993,1,2,False,False,True,False,False
REAL-0695,25.0,0.0,3.5193333333333334,0.033486315612998224,91.05333333333333,2.5862198926876525,23.540000000000003,0.19313207915827746,92.39333333333333,2.544490780752273,57.29666666666666,4.572202241079603,-0.029000000000000865,-2.420000000000014,0.028999999999999363,0,4,False,False,False,False,True
REAL-0696,43.0,0.0,5.045000000000001,0.19608926538696622,141.67999999999998,0.386910842443051,30.633333333333336,0.2212088003071606,120.86333333333334,9.395181389059678,91.56333333333333,4.23042945022528,0.13049999999999906,-0.2700000000000036,-0.2535000000000007,1,1,False,True,False,False,False
REAL-0697,31.0,0.0,5.993333333333333,0.03234707611722157,167.95000000000002,4.243571608916237,30.08,0.4107310555582597,102.44666666666666,3.2353722093962123,75.5,0.6409368143584782,-0.007500000000000763,-4.145000000000024,0.054500000000000076,1,4,False,False,False,False,True
REAL-0698,22.0,0.0,3.531,0.053693575034635115,99.46666666666665,1.5921473968616555,24.643333333333334,0.38811510320178516,58.379999999999995,26.4623940715877,25.46666666666667,24.08099319657172,0.04649999999999945,-1.5400000000000214,0.046499999999999944,0,4,False,False,False,False,True
REAL-0699,28.0,0.0,4.402333333333333,0.25204232448803804,128.94333333333333,3.245463500539379,34.03,0.7542545989253245,121.70666666666666,6.033840678484422,88.18666666666667,0.2853652630109955,-0.24200000000000124,-2.7750000000000346,0.12200000000000101,0,2,False,False,True,False,False
REAL-0700,26.0,0.0,4.0809999999999995,0.14822955170950178,116.83999999999999,1.5726728839780983,44.98,0.6053098380168599,99.08,2.1495115724275555,66.76666666666667,5.258491545427576,0.08999999999999918,1.2099999999999753,-0.2040000000000019,0,1,False,True,False,False,False
REAL-0701,26.0,0.0,4.468,0.2387613871630005,120.37666666666667,2.4651639566838734,36.10333333333333,0.21594752448994028,106.03000000000002,2.7094464379278644,75.2,3.7774197542767265,0.22999999999999945,2.0249999999999755,-0.11100000000000056,0,1,False,True,False,False,False
REAL-0702,49.0,0.0,4.456666666666666,0.1249973333048885,125.56,1.2204917041913834,27.52,0.2022374841615686,106.21333333333332,5.666871564923036,77.41000000000001,2.544778968790811,0.09149999999999917,1.1199999999999748,-0.1475000000000017,1,3,False,False,False,True,False
REAL-0703,52.0,0.0,5.977333333333333,0.11645313792823823,168.43333333333334,0.7766809726865709,34.86333333333334,0.43154760262725883,113.05,2.641382213917556,83.95,2.7017956991600984,-0.025000000000000626,-0.680000000000048,0.19699999999999956,1,0,True,False,False,False,False
REAL-0704,41.0,0.0,4.593333333333334,0.12371472561232699,131.35333333333332,2.396087088011062,38.31,0.17349351572897606,62.38666666666666,24.978401336621474,25.076666666666664,24.20424824970471,0.09699999999999918,1.2599999999999658,-0.13300000000000156,0,3,False,False,False,True,False
REAL-0705,27.0,0.0,3.9126666666666665,0.05254839039716958,111.17,1.7977485919894391,28.813333333333333,0.3614323357605595,110.27,0.4232020793899785,80.14999999999999,2.0823784478331544,0.0009999999999997363,-1.4850000000000392,0.09100000000000132,0,4,False,False,False,False,True
REAL-0706,28.0,0.0,3.5,0.0,79.45,1.040432602334241,39.806666666666665,0.17009801096230584,107.36666666666667,1.5941873582905266,81.17,2.776976773399444,-7.616747013915133e-16,-0.9250000000000067,1.587642385995653e-17,0,4,False,False,False,False,True
REAL-0707,30.0,0.0,4.142333333333333,0.14587780274371234,116.33,2.5054540506662666,10.0,8.660254037844387,61.20666666666667,28.216919274317192,25.436666666666667,23.059727520795498,-0.10550000000000108,-2.2250000000000187,0.17449999999999988,1,0,True,False,False,False,False
REAL-0708,22.0,0.0,4.518999999999999,0.18114082919099175,126.95333333333333,3.090264282117842,34.276666666666664,0.12013880860626654,79.09333333333333,7.805858910673015,43.800000000000004,1.825897039813582,-0.17300000000000063,-3.0900000000000087,0.09300000000000075,0,0,True,False,False,False,False
REAL-0709,45.0,0.0,5.8500000000000005,0.25053742235442594,162.60333333333332,2.3931638751521516,32.86333333333334,0.16441816606851117,107.21333333333332,0.9074322747915328,74.03666666666668,3.699680166356722,-0.2490000000000018,2.0649999999999964,0.04799999999999923,1,0,True,False,False,False,False
REAL-0710,23.0,0.0,3.5,0.0,94.60666666666667,2.2045710089115635,38.15,0.16703293088489995,98.78333333333335,0.7219649114280607,67.32666666666667,2.6492325932868472,-7.616747013915133e-16,1.7099999999999729,1.587642385995653e-17,1,4,False,False,False,False,True
REAL-0711,24.0,0.0,5.487333333333333,0.06978777352325653,157.51333333333332,0.8953956295031475,31.426666666666666,0.41884762543594883,96.11,5.13923146005314,63.080000000000005,2.0642916460616676,0.06299999999999868,-0.7900000000000118,-0.052000000000001094,0,3,False,False,False,True,False
REAL-0712,40.0,0.0,4.577333333333333,0.053379146989563094,125.11333333333334,1.4755450970178237,29.38,0.479478883789476,104.58666666666666,2.3371849163755316,78.31666666666666,1.590607850267733,-0.05300000000000135,-1.2600000000000195,0.010999999999999337,0,4,False,False,False,False,True
REAL-0713,38.0,0.0,4.4976666666666665,0.049903239707792195,127.95333333333333,1.030404451336142,41.169999999999995,0.14730919862656341,87.03333333333335,3.739817286089425,58.63666666666666,2.8335901844362272,0.03699999999999909,-0.4900000000000218,0.057999999999999836,1,4,False,False,False,False,True
REAL-0714,21.0,0.0,5.007333333333333,0.07046512139586071,135.98,2.026499444855596,25.87,0.6750555532695067,90.45666666666666,1.0123899117105728,57.51333333333333,1.4928607883300207,-0.05000000000000157,1.0799999999999992,0.08599999999999944,0,0,True,False,False,False,False
REAL-0715,32.0,0.0,3.8089999999999997,0.0843267454607375,101.16333333333334,1.9079395518027573,29.386666666666667,0.20502032419575889,104.10666666666667,1.7106236679449212,77.33999999999999,3.024367702512377,0.018499999999998937,-1.7650000000000061,0.14250000000000076,0,0,True,False,False,False,False
REAL-0716,34.0,0.0,6.687333333333334,0.3003087300318343,189.76333333333332,4.244058592118316,33.32,0.9193475947648958,81.62333333333333,0.7602850342689534,50.163333333333334,3.434098620210744,-0.24200000000000071,-3.505000000000068,0.30799999999999994,1,2,False,False,True,False,False
REAL-0717,31.0,0.0,6.301666666666667,0.10231976022906451,172.66666666666666,1.684913449804852,33.413333333333334,0.49903239707791525,104.62666666666667,1.656572767291958,77.74666666666667,1.5914249380141399,0.08199999999999862,-1.6600000000000512,0.10599999999999993,1,4,False,False,False,False,True
REAL-0718,56.0,0.0,3.5956666666666663,0.08364408725865398,97.01666666666667,2.864582575757473,22.86,0.2954657340538822,101.68333333333334,6.102215444683451,72.38666666666667,4.087056805738488,-0.011500000000000616,-1.1750000000000373,0.1435000000000001,0,0,True,False,False,False,False
REAL-0719,24.0,0.0,3.7616666666666667,0.15157946210926254,110.20666666666666,1.9111340437900577,35.72666666666667,0.20840665376454034,84.64333333333333,2.3871600979685748,56.51666666666667,2.1337838066058463,-0.14250000000000096,0.019999999999961594,0.08949999999999998,0,0,True,False,False,False,False
REAL-0720,52.0,0.0,3.5093333333333336,0.0161658075373096,96.66333333333334,3.1087028377336607,35.446666666666665,0.20792626898334113,105.3,2.4750151514687775,74.60666666666667,1.3724552208845862,0.013999999999999714,3.094999999999982,0.014000000000000203,1,4,False,False,False,False,True
REAL-0721,34.0,0.0,3.5,0.0,82.75,0.4504442251822027,29.393333333333334,0.5262445565830909,117.68666666666667,6.031519985321553,90.94666666666667,1.174620506092654,-7.616747013915133e-16,-0.395000000000006,1.587642385995653e-17,0,4,False,False,False,False,True
REAL-0722,21.0,0.0,4.115666666666667,0.1012784939329833,113.53333333333335,1.8448125469362258,37.580000000000005,0.7264296249465632,96.83999999999999,3.2478146498838267,65.86666666666666,1.2909040759612382,0.08399999999999912,1.799999999999977,-0.09800000000000218,0,3,False,False,False,True,False
REAL-0723,42.0,0.0,5.409,0.1060801583709222,148.99333333333334,2.0100082918568547,29.263333333333332,0.18770544300401687,96.67999999999999,5.752634179226078,65.24333333333333,1.055667245552944,-0.09900000000000168,2.0099999999999687,-0.06599999999999982,1,4,False,False,False,False,True
REAL-0724,42.0,0.0,4.2250000000000005,0.1770762547604847,119.92333333333333,4.788907321439133,39.04333333333333,0.06658328118479784,113.86,2.9404591478202833,88.78333333333335,5.196848403920723,-0.15900000000000086,-4.065000000000022,0.13500000000000106,0,0,True,False,False,False,False
REAL-0725,45.0,0.0,3.91,0.11529527310345378,110.90333333333332,0.7795083920865397,32.75,0.06999999999999826,127.82333333333334,5.23103558899511,94.99666666666667,2.7742085958581604,0.09149999999999922,0.7749999999999639,-0.12150000000000008,0,3,False,False,False,True,False
REAL-0726,38.0,0.0,3.8230000000000004,0.038935844667863435,109.52333333333333,2.9021428864432846,39.29,0.12767145334803726,108.42333333333333,4.5264702952006,77.43,0.24515301344262452,-0.03700000000000054,1.9549999999999932,0.021000000000000178,0,4,False,False,False,False,True
REAL-0727,25.0,0.0,4.193666666666666,0.08157409719594397,118.39666666666666,2.7638077598366655,35.99333333333333,0.25716402029314306,110.70666666666666,2.3418013009931697,79.94333333333333,1.4222986090597636,-0.06450000000000049,-1.8250000000000188,0.08649999999999887,0,0,True,False,False,False,False
REAL-0728,22.0,0.0,4.943,0.20264994448555887,140.79,3.7194488839073885,32.343333333333334,0.318799832705936,111.13666666666666,2.7435803857975993,80.74333333333334,2.0494958729729866,0.1754999999999997,3.7149999999999643,-0.17550000000000004,0,1,False,True,False,False,False
REAL-0729,22.0,0.0,6.295333333333335,0.0911281149444746,174.59666666666666,1.701244642411352,22.623333333333335,0.29670411748631653,117.67,1.842199772011709,92.07,1.36073509545392,0.09049999999999972,1.6649999999999598,0.018500000000000957,0,4,False,False,False,False,True
REAL-0730,22.0,0.0,3.5353333333333334,0.06119912853410019,91.64999999999999,0.6946221994724928,29.97666666666667,0.22233608194203144,84.21666666666665,1.8058331410552102,50.18333333333334,6.462014649730635,0.052999999999999145,0.6249999999999912,0.05299999999999883,0,4,False,False,False,False,True
REAL-0731,34.0,0.0,4.405,0.14495861478366817,131.14666666666665,4.131129788972187,28.123333333333335,0.5953430383680748,105.96,7.022912501234801,78.62333333333333,2.4277012446619852,-0.1375000000000009,4.0099999999999545,0.07949999999999868,1,0,True,False,False,False,False
REAL-0732,22.0,0.0,4.133666666666667,0.16863076034144348,118.64999999999999,2.495776432295179,28.686666666666667,0.5139390365922158,119.38,3.008604327591111,86.38999999999999,1.886769726278227,0.1364999999999994,2.204999999999986,-0.17150000000000043,1,1,False,True,False,False,False
REAL-0733,24.0,0.0,6.071666666666666,0.05858611894752322,173.59333333333333,3.736633957632656,44.406666666666666,0.23437861108329167,110.38666666666666,2.5457677296511836,84.55,4.779152644559483,0.04399999999999933,3.7200000000000024,0.06699999999999859,1,4,False,False,False,False,True
REAL-0734,22.0,0.0,3.744666666666667,0.1726914396643139,107.08333333333333,1.0103629710818454,28.486666666666668,0.49601747281051684,84.25333333333333,1.766701257522996,54.18666666666667,5.408256034373126,-0.16850000000000123,-0.37500000000003453,0.0654999999999997,0,0,True,False,False,False,False
REAL-0735,53.0,0.0,4.175333333333334,0.03421013495052787,107.36666666666667,2.0537120862801923,23.41,0.2722131517763219,104.22333333333331,2.032297550392989,74.55,0.4422668877499203,-0.02550000000000119,-0.13000000000002834,0.03949999999999935,0,4,False,False,False,False,True
REAL-0736,28.0,0.0,3.5,0.0,93.76666666666667,3.774285804405029,35.46333333333333,0.11846237095944889,89.44666666666667,3.222255938520921,64.27666666666667,2.1756454980840365,-7.616747013915133e-16,3.619999999999987,1.587642385995653e-17,0,4,False,False,False,False,True
REAL-0737,21.0,0.0,4.592666666666666,0.2096051844142533,123.38333333333333,3.9007477915565496,27.30666666666667,0.18823743871327245,117.04333333333334,1.2351653060758119,85.94333333333333,0.9453747052536028,0.17549999999999957,3.174999999999982,-0.19850000000000112,0,1,False,True,False,False,False
REAL-0738,42.0,0.0,3.53,0.0519615242270663,64.28333333333333,2.7363174767072156,32.1,0.09539392014169337,105.40333333333335,5.348199073831617,73.03333333333335,4.548014218681968,0.04499999999999929,-2.6650000000000107,0.04499999999999896,0,4,False,False,False,False,True
REAL-0739,21.0,0.0,3.5839999999999996,0.13355148819837226,99.58,1.8495134495320658,36.48,0.1442220510185602,93.56666666666666,5.065296963982794,57.85333333333333,1.4258447788358064,-0.11200000000000085,-1.7800000000000302,0.12599999999999967,0,0,True,False,False,False,False
REAL-0740,42.0,0.0,3.8473333333333333,0.1273040978654392,100.39666666666666,2.777054794802102,39.376666666666665,0.46736851983561706,109.03333333333335,1.8519269244042376,78.07333333333334,3.8237982861721886,0.08849999999999988,2.4049999999999834,-0.15850000000000045,1,3,False,False,False,True,False
REAL-0741,48.0,0.0,4.417333333333333,0.13592031979558225,118.49666666666667,2.058891287400411,42.20666666666667,0.22501851775649684,107.8,0.9353608929178109,79.42666666666666,0.7519530127164429,0.10049999999999892,1.5949999999999627,-0.15849999999999984,1,3,False,False,False,True,False
REAL-0742,26.0,0.0,3.842,0.17317909804592455,104.39,2.847121353226803,30.713333333333335,0.2136195996001632,72.82333333333334,6.533653903699928,45.68666666666667,4.243846525657278,-0.11550000000000066,1.9549999999999936,0.22350000000000012,0,2,False,False,True,False,False
REAL-0743,22.0,0.0,3.8840000000000003,0.11065260954898473,110.57,1.5650239614779042,28.569999999999997,0.5483611948342063,84.98,1.3883803513446793,58.160000000000004,1.2612295588036289,-0.038000000000000735,-0.7750000000000176,0.1800000000000012,0,0,True,False,False,False,False
REAL-0744,45.0,0.0,4.984333333333333,0.060781027741667305,140.27,2.924363178539898,32.53,0.6323764701504974,122.90333333333332,3.661206540654782,96.95,6.178575887694508,-0.04050000000000075,-2.9150000000000156,0.07850000000000004,1,0,True,False,False,False,False
REAL-0745,39.0,0.0,5.447666666666667,0.13910547556920033,151.04666666666665,1.7406129188689137,40.32333333333333,0.3647373484212125,119.76333333333334,2.6703620228975216,91.19666666666667,1.8286971682958615,0.0869999999999994,0.40999999999996184,-0.1880000000000023,0,1,False,True,False,False,False
REAL-0746,46.0,0.0,3.6503333333333337,0.06213158080504104,100.77333333333333,1.4269314396050519,29.823333333333334,0.23245071162148145,115.58,1.2634872377669681,84.68333333333334,3.459050929566284,0.0604999999999991,-1.2600000000000358,0.024499999999999755,0,4,False,False,False,False,True
REAL-0747,27.0,0.0,5.224333333333333,0.21852764889901993,145.28333333333333,1.7200096898951847,49.52,0.25534290669607507,118.51666666666667,0.9108969938106795,90.95666666666666,2.5211174770988602,0.18949999999999914,0.8649999999999722,-0.18849999999999997,1,1,False,True,False,False,False
REAL-0748,32.0,0.0,3.5063333333333335,0.0109696551146029,81.04666666666667,1.3006280534162502,46.47666666666667,0.48003472096644617,104.68,0.6986415389883501,74.44,2.5810656713845965,0.00949999999999923,-1.3000000000000054,0.009500000000000428,0,4,False,False,False,False,True
REAL-0749,36.0,0.0,6.8340000000000005,0.12657408897558767,187.35999999999999,1.4440567855870485,36.22333333333333,0.247857485933615,97.05333333333333,1.6379967439935117,67.13333333333333,2.291382406612503,0.12649999999999834,1.4099999999999655,-0.007500000000000934,1,3,False,False,False,True,False
REAL-0750,50.0,0.0,5.903666666666666,0.060351746729761964,166.0,3.7709547862577226,24.186666666666667,0.23180451534284863,95.06666666666666,2.3016153747603685,65.33999999999999,2.479758052714006,-0.03850000000000111,1.4899999999999702,0.08050000000000007,1,0,True,False,False,False,False
REAL-0751,22.0,0.0,4.851333333333334,0.12151680267902584,137.43666666666667,2.325775856210858,30.933333333333334,0.23115651263447792,97.84333333333332,3.1037128303587207,70.92,2.719338154772224,-0.11500000000000034,-1.9650000000000285,0.06799999999999805,1,0,True,False,False,False,False
REAL-0752,28.0,0.0,4.28,0.19487175269905077,122.37,1.3801086913718073,39.01333333333333,0.04163331998932859,113.12333333333333,3.8687250268445488,75.65666666666668,5.673749495116374,-0.1675000000000011,0.7049999999999894,0.17250000000000032,0,2,False,False,True,False,False
REAL-0753,25.0,0.0,3.653,0.01609347693943091,106.82,2.7936177261751505,26.036666666666665,0.28676354952004296,91.05,0.07211102550928317,60.47,1.9774478501341042,0.011499999999999436,2.5999999999999743,0.01949999999999985,0,4,False,False,False,False,True
REAL-0754,26.0,0.0,6.464666666666666,0.1747006964305905,181.89666666666668,3.2977315435513224,43.11333333333334,0.1628905563049397,117.39666666666666,3.1731582584758273,84.06666666666666,1.3400497503202384,0.12549999999999892,3.2049999999999748,-0.21050000000000166,1,1,False,True,False,False,False
REAL-0755,45.0,0.0,5.554333333333333,0.23461102560053199,155.88333333333333,3.115964270227335,32.49333333333333,0.2532455988429717,105.49666666666667,5.734538632996842,79.69333333333333,2.088284782622642,-0.13650000000000187,-2.655000000000052,0.3305000000000005,1,2,False,False,True,False,False
REAL-0756,37.0,0.0,4.770333333333333,0.08696167738339308,127.17,0.8154140052758454,36.38333333333333,0.22854612955229245,123.11,0.40632499307820474,89.83999999999999,2.6766957242092304,-0.07700000000000104,0.3849999999999846,-0.07000000000000123,1,4,False,False,False,False,True
REAL-0757,39.0,0.0,4.954666666666667,0.05577036249956934,139.83666666666667,2.70614732291745,31.87,0.12124355652982059,116.66000000000001,0.8560957890329836,89.48333333333333,1.46660605935382,0.054499999999999785,1.1349999999999618,0.02049999999999991,0,4,False,False,False,False,True
REAL-0758,52.0,0.0,4.358666666666667,0.22429073394443494,126.14,5.020268917099965,36.20333333333333,0.4626373669877212,101.74000000000001,5.303989064845429,72.26666666666667,0.728308542674965,-0.1590000000000005,-4.2200000000000255,0.2740000000000009,1,2,False,False,True,False,False
REAL-0759,26.0,0.0,3.676,0.16531182655817467,104.23333333333333,2.5419939679970414,37.27333333333333,0.26633312473917986,104.12,0.8842510955605302,77.95666666666666,1.110375311925356,0.0999999999999999,2.029999999999972,-0.22800000000000065,0,1,False,True,False,False,False
REAL-0760,66.0,0.0,7.011,0.13852436608770283,190.59666666666666,2.002806364413046,35.63333333333333,0.12583057392117908,124.88,4.480770023109865,92.13333333333333,4.850663184898882,0.13099999999999934,-1.9350000000000591,-0.0780000000000003,1,3,False,False,False,True,False
REAL-0761,22.0,0.0,3.5336666666666665,0.058312377188152256,87.69666666666667,1.4293471703310276,28.26,0.25119713374161,93.85666666666667,1.924612515113968,59.51333333333333,0.937514444333167,0.050499999999999,-1.40500000000002,0.05050000000000054,0,4,False,False,False,False,True
REAL-0762,43.0,0.0,6.069,0.1905019684937665,169.0533333333333,4.014602512495276,44.20666666666667,0.7516204716034082,102.74666666666667,4.18110431983386,74.18333333333334,2.44733188050442,0.1904999999999985,3.929999999999962,0.0014999999999994163,1,3,False,False,False,True,False
REAL-0763,33.0,0.0,3.514333333333333,0.024826061575153928,87.73666666666668,3.3676747665612528,22.463333333333335,0.22722969289539205,94.50999999999999,2.766965847277495,64.45,1.6597288935244798,0.021499999999999585,-3.1850000000000156,0.021499999999999866,0,4,False,False,False,False,True
REAL-0764,63.0,0.0,3.7520000000000002,0.08626123115281868,103.13666666666667,3.7877477916742706,32.93,0.09848857801796021,105.50333333333333,0.9451102228488163,75.51,2.327853088147963,-0.07900000000000026,-3.305000000000016,0.06000000000000027,0,0,True,False,False,False,False
REAL-0765,27.0,0.0,4.316333333333334,0.14876939649448565,120.78000000000002,1.4478950238190569,36.94333333333333,0.19087517736293805,102.19666666666667,4.552464534000609,70.76333333333334,4.144651171489988,-0.13150000000000095,-0.9900000000000075,0.12050000000000047,0,0,True,False,False,False,False
REAL-0766,30.0,0.0,4.445,0.08792610533851695,121.14999999999999,0.5117616632769586,26.156666666666666,0.2478574859336156,100.52999999999999,1.101090368680065,70.35000000000001,4.969788727903823,-0.019500000000000923,-0.49500000000001326,0.14849999999999977,0,0,True,False,False,False,False
REAL-0767,47.0,0.0,4.402333333333334,0.1147272126974825,123.90666666666668,2.8584319710871737,30.413333333333338,0.4669403959107964,88.67333333333333,3.9409178287974167,61.196666666666665,0.6000277771348014,0.05099999999999971,2.2099999999999786,-0.1780000000000019,1,3,False,False,False,True,False
REAL-0768,23.0,0.0,3.5,0.0,93.62333333333333,2.5429575956616635,30.14,0.2357965224510312,107.11,1.7447349368886946,73.36,5.319013066349801,-7.616747013915133e-16,2.484999999999978,1.587642385995653e-17,0,4,False,False,False,False,True
